tag,date,run,source_or_public,channel_id,unit_mask,feature_index,feature,T_source_normalized,raw_coefficient_reconstructed
Run1_20201019,2020-10-19,Run1,source_held_in,0,True,0,m_cos_phi,-0.001007432583719492,-0.012765959833396644
Run1_20201019,2020-10-19,Run1,source_held_in,0,True,1,m_sin_phi,0.008086580783128738,0.010673499693139077
Run1_20201019,2020-10-19,Run1,source_held_in,0,True,2,modulation_magnitude,-0.3767632842063904,0.016640113207598173
Run1_20201019,2020-10-19,Run1,source_held_in,0,True,3,baseline_rate,-0.41586631536483765,0.024807508464116168
Run1_20201019,2020-10-19,Run1,source_held_in,1,True,0,m_cos_phi,0.06004231050610542,-0.007928868874507888
Run1_20201019,2020-10-19,Run1,source_held_in,1,True,1,m_sin_phi,-0.12074945867061615,-0.0015600857695374781
Run1_20201019,2020-10-19,Run1,source_held_in,1,True,2,modulation_magnitude,-0.45436230301856995,0.008080893097702324
Run1_20201019,2020-10-19,Run1,source_held_in,1,True,3,baseline_rate,-0.4815828502178192,0.00617821137537522
Run1_20201019,2020-10-19,Run1,source_held_in,2,True,0,m_cos_phi,-0.23571501672267914,-0.031362302352820004
Run1_20201019,2020-10-19,Run1,source_held_in,2,True,1,m_sin_phi,0.41670697927474976,0.04947392066179912
Run1_20201019,2020-10-19,Run1,source_held_in,2,True,2,modulation_magnitude,0.0034418718423694372,0.05857697874213843
Run1_20201019,2020-10-19,Run1,source_held_in,2,True,3,baseline_rate,-0.27993130683898926,0.06334231046263739
Run1_20201019,2020-10-19,Run1,source_held_in,3,True,0,m_cos_phi,0.014384339563548565,-0.01154643951886751
Run1_20201019,2020-10-19,Run1,source_held_in,3,True,1,m_sin_phi,1.8500639200210571,0.18557787656954083
Run1_20201019,2020-10-19,Run1,source_held_in,3,True,2,modulation_magnitude,1.1581021547317505,0.18593672716016396
Run1_20201019,2020-10-19,Run1,source_held_in,3,True,3,baseline_rate,0.9321656823158264,0.40694708149704617
Run1_20201019,2020-10-19,Run1,source_held_in,4,True,0,m_cos_phi,0.1163201630115509,-0.003469864171748771
Run1_20201019,2020-10-19,Run1,source_held_in,4,True,1,m_sin_phi,-0.07577776163816452,0.0027101875280642895
Run1_20201019,2020-10-19,Run1,source_held_in,4,True,2,modulation_magnitude,-0.4877079427242279,0.004402848267820891
Run1_20201019,2020-10-19,Run1,source_held_in,4,True,3,baseline_rate,-0.45054104924201965,0.014977928734810853
Run1_20201019,2020-10-19,Run1,source_held_in,5,True,0,m_cos_phi,0.1358267068862915,-0.0019243224177589724
Run1_20201019,2020-10-19,Run1,source_held_in,5,True,1,m_sin_phi,-0.011122257448732853,0.008849530521589252
Run1_20201019,2020-10-19,Run1,source_held_in,5,True,2,modulation_magnitude,-0.44551882147789,0.00905633462007116
Run1_20201019,2020-10-19,Run1,source_held_in,5,True,3,baseline_rate,-0.43697524070739746,0.01882355872741215
Run1_20201019,2020-10-19,Run1,source_held_in,6,True,0,m_cos_phi,-1.9625495672225952,-0.16818279280811943
Run1_20201019,2020-10-19,Run1,source_held_in,6,True,1,m_sin_phi,1.4562879800796509,0.1481870064772597
Run1_20201019,2020-10-19,Run1,source_held_in,6,True,2,modulation_magnitude,1.5045814514160156,0.2241536093996217
Run1_20201019,2020-10-19,Run1,source_held_in,6,True,3,baseline_rate,2.420163869857788,0.8287642142056129
Run1_20201019,2020-10-19,Run1,source_held_in,7,True,0,m_cos_phi,-0.12121614813804626,-0.02229033228377597
Run1_20201019,2020-10-19,Run1,source_held_in,7,True,1,m_sin_phi,0.1903480738401413,0.02798008224039683
Run1_20201019,2020-10-19,Run1,source_held_in,7,True,2,modulation_magnitude,-0.20329740643501282,0.035773507574286656
Run1_20201019,2020-10-19,Run1,source_held_in,7,True,3,baseline_rate,-0.3863201439380646,0.03318324535553341
Run1_20201019,2020-10-19,Run1,source_held_in,8,True,0,m_cos_phi,0.0927843227982521,-0.005334654982384834
Run1_20201019,2020-10-19,Run1,source_held_in,8,True,1,m_sin_phi,-0.13456469774246216,-0.0028719074351934992
Run1_20201019,2020-10-19,Run1,source_held_in,8,True,2,modulation_magnitude,-0.47269684076309204,0.006058582164256254
Run1_20201019,2020-10-19,Run1,source_held_in,8,True,3,baseline_rate,-0.44664812088012695,0.01608149451412544
Run1_20201019,2020-10-19,Run1,source_held_in,9,True,0,m_cos_phi,0.0003220935177523643,-0.012660618871100145
Run1_20201019,2020-10-19,Run1,source_held_in,9,True,1,m_sin_phi,-0.16635289788246155,-0.00589034594639104
Run1_20201019,2020-10-19,Run1,source_held_in,9,True,2,modulation_magnitude,-0.40102720260620117,0.013963787894578417
Run1_20201019,2020-10-19,Run1,source_held_in,9,True,3,baseline_rate,-0.4331073760986328,0.019920019443986803
Run1_20201019,2020-10-19,Run1,source_held_in,10,True,0,m_cos_phi,0.07562242448329926,-0.006694425867161291
Run1_20201019,2020-10-19,Run1,source_held_in,10,True,1,m_sin_phi,0.21245433390140533,0.030079175187263774
Run1_20201019,2020-10-19,Run1,source_held_in,10,True,2,modulation_magnitude,-0.24825070798397064,0.030815130412903513
Run1_20201019,2020-10-19,Run1,source_held_in,10,True,3,baseline_rate,-0.4027723968029022,0.028519367275475993
Run1_20201019,2020-10-19,Run1,source_held_in,11,True,0,m_cos_phi,0.10942668467760086,-0.004016047989023552
Run1_20201019,2020-10-19,Run1,source_held_in,11,True,1,m_sin_phi,-0.09299606084823608,0.0010752293610680752
Run1_20201019,2020-10-19,Run1,source_held_in,11,True,2,modulation_magnitude,-0.4899323582649231,0.004157493848137239
Run1_20201019,2020-10-19,Run1,source_held_in,11,True,3,baseline_rate,-0.44940078258514404,0.015301171071900654
Run1_20201019,2020-10-19,Run1,source_held_in,12,True,0,m_cos_phi,0.1387263536453247,-0.0016945777143053675
Run1_20201019,2020-10-19,Run1,source_held_in,12,True,1,m_sin_phi,-0.10744303464889526,-0.00029657847637221124
Run1_20201019,2020-10-19,Run1,source_held_in,12,True,2,modulation_magnitude,-0.5120279788970947,0.0017203331294783908
Run1_20201019,2020-10-19,Run1,source_held_in,12,True,3,baseline_rate,-0.476052463054657,0.0077459633225647195
Run1_20201019,2020-10-19,Run1,source_held_in,13,True,0,m_cos_phi,0.06536567211151123,-0.007507088487086477
Run1_20201019,2020-10-19,Run1,source_held_in,13,True,1,m_sin_phi,-0.181649848818779,-0.007342863094475183
Run1_20201019,2020-10-19,Run1,source_held_in,13,True,2,modulation_magnitude,-0.432420015335083,0.010501141096613154
Run1_20201019,2020-10-19,Run1,source_held_in,13,True,3,baseline_rate,-0.4608869254589081,0.012045083871353945
Run1_20201019,2020-10-19,Run1,source_held_in,14,True,0,m_cos_phi,0.15769018232822418,-0.00019203635007714048
Run1_20201019,2020-10-19,Run1,source_held_in,14,True,1,m_sin_phi,-0.13974006474018097,-0.0033633327749955644
Run1_20201019,2020-10-19,Run1,source_held_in,14,True,2,modulation_magnitude,-0.4970826804637909,0.003368808855806149
Run1_20201019,2020-10-19,Run1,source_held_in,14,True,3,baseline_rate,-0.4220465421676636,0.02305554023506673
Run1_20201019,2020-10-19,Run1,source_held_in,15,True,0,m_cos_phi,0.1568092703819275,-0.00026183273242619265
Run1_20201019,2020-10-19,Run1,source_held_in,15,True,1,m_sin_phi,-0.11507299542427063,-0.001021078993604707
Run1_20201019,2020-10-19,Run1,source_held_in,15,True,2,modulation_magnitude,-0.5180680155754089,0.001054113321639516
Run1_20201019,2020-10-19,Run1,source_held_in,15,True,3,baseline_rate,-0.4762408435344696,0.007692561299283973
Run1_20201019,2020-10-19,Run1,source_held_in,16,True,0,m_cos_phi,0.3404478132724762,0.01428820942274589
Run1_20201019,2020-10-19,Run1,source_held_in,16,True,1,m_sin_phi,-0.1339036375284195,-0.0028091366712150734
Run1_20201019,2020-10-19,Run1,source_held_in,16,True,2,modulation_magnitude,-0.3956061005592346,0.014561738827057358
Run1_20201019,2020-10-19,Run1,source_held_in,16,True,3,baseline_rate,-0.42835408449172974,0.021267480652836568
Run1_20201019,2020-10-19,Run1,source_held_in,17,True,0,m_cos_phi,0.10884851962327957,-0.004061857140961966
Run1_20201019,2020-10-19,Run1,source_held_in,17,True,1,m_sin_phi,-0.07054093480110168,0.0032074487675131103
Run1_20201019,2020-10-19,Run1,source_held_in,17,True,2,modulation_magnitude,-0.4807024300098419,0.0051755606838146395
Run1_20201019,2020-10-19,Run1,source_held_in,17,True,3,baseline_rate,-0.4946686923503876,0.0024686420669910447
Run1_20201019,2020-10-19,Run1,source_held_in,18,True,0,m_cos_phi,0.19531510770320892,0.0027890603286169213
Run1_20201019,2020-10-19,Run1,source_held_in,18,True,1,m_sin_phi,-0.20212216675281525,-0.00928680558236139
Run1_20201019,2020-10-19,Run1,source_held_in,18,True,2,modulation_magnitude,-0.43971431255340576,0.009696575569956956
Run1_20201019,2020-10-19,Run1,source_held_in,18,True,3,baseline_rate,-0.4640648663043976,0.011144202468012843
Run1_20201019,2020-10-19,Run1,source_held_in,19,True,0,m_cos_phi,0.16543728113174438,0.0004217814922844454
Run1_20201019,2020-10-19,Run1,source_held_in,19,True,1,m_sin_phi,-0.16522005200386047,-0.005782776923541011
Run1_20201019,2020-10-19,Run1,source_held_in,19,True,2,modulation_magnitude,-0.47505804896354675,0.005798139428995652
Run1_20201019,2020-10-19,Run1,source_held_in,19,True,3,baseline_rate,-0.48268112540245056,0.005866872764088704
Run1_20201019,2020-10-19,Run1,source_held_in,20,True,0,m_cos_phi,0.14633572101593018,-0.0010916726036800384
Run1_20201019,2020-10-19,Run1,source_held_in,20,True,1,m_sin_phi,-0.12280145287513733,-0.0017549322315706384
Run1_20201019,2020-10-19,Run1,source_held_in,20,True,2,modulation_magnitude,-0.5088871717453003,0.0020667661146687166
Run1_20201019,2020-10-19,Run1,source_held_in,20,True,3,baseline_rate,-0.48430585861206055,0.00540629404186177
Run1_20201019,2020-10-19,Run1,source_held_in,21,True,0,m_cos_phi,0.11386098712682724,-0.003664709503379604
Run1_20201019,2020-10-19,Run1,source_held_in,21,True,1,m_sin_phi,0.00820949487388134,0.010685170961831941
Run1_20201019,2020-10-19,Run1,source_held_in,21,True,2,modulation_magnitude,-0.4252123534679413,0.011296150690070617
Run1_20201019,2020-10-19,Run1,source_held_in,21,True,3,baseline_rate,-0.4549185037612915,0.013737009673658207
Run1_20201019,2020-10-19,Run1,source_held_in,22,True,0,m_cos_phi,0.2406434863805771,0.006380516730960517
Run1_20201019,2020-10-19,Run1,source_held_in,22,True,1,m_sin_phi,-0.0331377312541008,0.006759058154996667
Run1_20201019,2020-10-19,Run1,source_held_in,22,True,2,modulation_magnitude,-0.44335561990737915,0.009294937100714495
Run1_20201019,2020-10-19,Run1,source_held_in,22,True,3,baseline_rate,-0.48334139585494995,0.005679699559566487
Run1_20201019,2020-10-19,Run1,source_held_in,23,True,0,m_cos_phi,0.14919990301132202,-0.0008647378430515218
Run1_20201019,2020-10-19,Run1,source_held_in,23,True,1,m_sin_phi,-0.09971459209918976,0.000437273346658662
Run1_20201019,2020-10-19,Run1,source_held_in,23,True,2,modulation_magnitude,-0.5188395380973816,0.0009690139068996295
Run1_20201019,2020-10-19,Run1,source_held_in,23,True,3,baseline_rate,-0.46798741817474365,0.010032239028337386
Run1_20201019,2020-10-19,Run1,source_held_in,24,True,0,m_cos_phi,0.08476995676755905,-0.005969648931683724
Run1_20201019,2020-10-19,Run1,source_held_in,24,True,1,m_sin_phi,-0.22628040611743927,-0.011580743576326435
Run1_20201019,2020-10-19,Run1,source_held_in,24,True,2,modulation_magnitude,-0.409503698348999,0.013028825134304256
Run1_20201019,2020-10-19,Run1,source_held_in,24,True,3,baseline_rate,-0.45033565163612366,0.015036154766206344
Run1_20201019,2020-10-19,Run1,source_held_in,25,True,0,m_cos_phi,0.1568092703819275,-0.00026183273242619265
Run1_20201019,2020-10-19,Run1,source_held_in,25,True,1,m_sin_phi,-0.11507299542427063,-0.001021078993604707
Run1_20201019,2020-10-19,Run1,source_held_in,25,True,2,modulation_magnitude,-0.5180680155754089,0.001054113321639516
Run1_20201019,2020-10-19,Run1,source_held_in,25,True,3,baseline_rate,-0.4762408435344696,0.007692561299283973
Run1_20201019,2020-10-19,Run1,source_held_in,26,True,0,m_cos_phi,0.008776913397014141,-0.011990726898961343
Run1_20201019,2020-10-19,Run1,source_held_in,26,True,1,m_sin_phi,-0.0869707241654396,0.0016473633040464675
Run1_20201019,2020-10-19,Run1,source_held_in,26,True,2,modulation_magnitude,-0.4178940951824188,0.012103359137363823
Run1_20201019,2020-10-19,Run1,source_held_in,26,True,3,baseline_rate,-0.4728744626045227,0.00864686162260675
Run1_20201019,2020-10-19,Run1,source_held_in,27,True,0,m_cos_phi,0.2406434863805771,0.006380516730960517
Run1_20201019,2020-10-19,Run1,source_held_in,27,True,1,m_sin_phi,-0.0331377312541008,0.006759058154996667
Run1_20201019,2020-10-19,Run1,source_held_in,27,True,2,modulation_magnitude,-0.44335561990737915,0.009294937100714495
Run1_20201019,2020-10-19,Run1,source_held_in,27,True,3,baseline_rate,-0.48334139585494995,0.005679699559566487
Run1_20201019,2020-10-19,Run1,source_held_in,28,True,0,m_cos_phi,0.21424348652362823,0.004288792930668306
Run1_20201019,2020-10-19,Run1,source_held_in,28,True,1,m_sin_phi,-0.1150115355849266,-0.0010152430939579515
Run1_20201019,2020-10-19,Run1,source_held_in,28,True,2,modulation_magnitude,-0.48766741156578064,0.004407318879843691
Run1_20201019,2020-10-19,Run1,source_held_in,28,True,3,baseline_rate,-0.4957669675350189,0.002157303455704529
Run1_20201019,2020-10-19,Run1,source_held_in,29,True,0,m_cos_phi,0.0927843227982521,-0.005334654982384834
Run1_20201019,2020-10-19,Run1,source_held_in,29,True,1,m_sin_phi,-0.13456469774246216,-0.0028719074351934992
Run1_20201019,2020-10-19,Run1,source_held_in,29,True,2,modulation_magnitude,-0.47269684076309204,0.006058582164256254
Run1_20201019,2020-10-19,Run1,source_held_in,29,True,3,baseline_rate,-0.44664812088012695,0.01608149451412544
Run1_20201019,2020-10-19,Run1,source_held_in,30,True,0,m_cos_phi,0.11130769550800323,-0.0038670118093311334
Run1_20201019,2020-10-19,Run1,source_held_in,30,True,1,m_sin_phi,-0.1545281857252121,-0.004767534135653895
Run1_20201019,2020-10-19,Run1,source_held_in,30,True,2,modulation_magnitude,-0.4719708561897278,0.006138658714899936
Run1_20201019,2020-10-19,Run1,source_held_in,30,True,3,baseline_rate,-0.49029120802879333,0.003709569576494154
Run1_20201019,2020-10-19,Run1,source_held_in,31,True,0,m_cos_phi,0.16011390089988708,-3.7094727289854745e-10
Run1_20201019,2020-10-19,Run1,source_held_in,31,True,1,m_sin_phi,-0.10431966930627823,-3.060708353430641e-10
Run1_20201019,2020-10-19,Run1,source_held_in,31,True,2,modulation_magnitude,-0.5276247262954712,2.176528290931401e-09
Run1_20201019,2020-10-19,Run1,source_held_in,31,True,3,baseline_rate,-0.5033770799636841,-8.180240484989554e-09
Run1_20201019,2020-10-19,Run1,source_held_in,32,True,0,m_cos_phi,-0.5548941493034363,-0.056651491435904866
Run1_20201019,2020-10-19,Run1,source_held_in,32,True,1,m_sin_phi,-1.7559022903442383,-0.1568255068088007
Run1_20201019,2020-10-19,Run1,source_held_in,32,True,2,modulation_magnitude,0.984100341796875,0.16674421881111812
Run1_20201019,2020-10-19,Run1,source_held_in,32,True,3,baseline_rate,2.7296745777130127,0.9165041862184538
Run1_20201019,2020-10-19,Run1,source_held_in,33,True,0,m_cos_phi,0.15435008704662323,-0.0004566786543811485
Run1_20201019,2020-10-19,Run1,source_held_in,33,True,1,m_sin_phi,-0.03108573891222477,0.006953904440162945
Run1_20201019,2020-10-19,Run1,source_held_in,33,True,2,modulation_magnitude,-0.46444395184516907,0.006968880952466394
Run1_20201019,2020-10-19,Run1,source_held_in,33,True,3,baseline_rate,-0.48061832785606384,0.006451633789780864
Run1_20201019,2020-10-19,Run1,source_held_in,34,True,0,m_cos_phi,-0.3757125437259674,-0.042454581171062156
Run1_20201019,2020-10-19,Run1,source_held_in,34,True,1,m_sin_phi,-0.20586182177066803,-0.009641903344259406
Run1_20201019,2020-10-19,Run1,source_held_in,34,True,2,modulation_magnitude,-0.13292425870895386,0.043535709602529504
Run1_20201019,2020-10-19,Run1,source_held_in,34,True,3,baseline_rate,-0.21583302319049835,0.08151286634537724
Run1_20201019,2020-10-19,Run1,source_held_in,35,True,0,m_cos_phi,0.21424348652362823,0.004288792930668306
Run1_20201019,2020-10-19,Run1,source_held_in,35,True,1,m_sin_phi,-0.1150115355849266,-0.0010152430939579515
Run1_20201019,2020-10-19,Run1,source_held_in,35,True,2,modulation_magnitude,-0.48766741156578064,0.004407318879843691
Run1_20201019,2020-10-19,Run1,source_held_in,35,True,3,baseline_rate,-0.4957669675350189,0.002157303455704529
Run1_20201019,2020-10-19,Run1,source_held_in,36,True,0,m_cos_phi,-0.4061500132083893,-0.04486620161356347
Run1_20201019,2020-10-19,Run1,source_held_in,36,True,1,m_sin_phi,-0.14442819356918335,-0.0038084925682708715
Run1_20201019,2020-10-19,Run1,source_held_in,36,True,2,modulation_magnitude,-0.11939896643161774,0.04502755776535994
Run1_20201019,2020-10-19,Run1,source_held_in,36,True,3,baseline_rate,-0.3239228427410126,0.05087160741138508
Run1_20201019,2020-10-19,Run1,source_held_in,37,True,0,m_cos_phi,-1.6301259994506836,-0.14184422113181938
Run1_20201019,2020-10-19,Run1,source_held_in,37,True,1,m_sin_phi,2.1785101890563965,0.21676538838050163
Run1_20201019,2020-10-19,Run1,source_held_in,37,True,2,modulation_magnitude,1.8209587335586548,0.25905022068518146
Run1_20201019,2020-10-19,Run1,source_held_in,37,True,3,baseline_rate,0.5630277395248413,0.30230400470724916
Run1_20201019,2020-10-19,Run1,source_held_in,38,True,0,m_cos_phi,0.23549330234527588,0.005972457542290144
Run1_20201019,2020-10-19,Run1,source_held_in,38,True,1,m_sin_phi,-0.10176657885313034,0.00024242759209303077
Run1_20201019,2020-10-19,Run1,source_held_in,38,True,2,modulation_magnitude,-0.4734330475330353,0.0059773780989627046
Run1_20201019,2020-10-19,Run1,source_held_in,38,True,3,baseline_rate,-0.4707104563713074,0.009260313246473473
Run1_20201019,2020-10-19,Run1,source_held_in,39,True,0,m_cos_phi,0.47447019815444946,0.024907066004131728
Run1_20201019,2020-10-19,Run1,source_held_in,39,True,1,m_sin_phi,-0.4170910120010376,-0.02969910443373358
Run1_20201019,2020-10-19,Run1,source_held_in,39,True,2,modulation_magnitude,-0.1762143224477768,0.03876078860760257
Run1_20201019,2020-10-19,Run1,source_held_in,39,True,3,baseline_rate,0.4553583264350891,0.2717819224290725
Run1_20201019,2020-10-19,Run1,source_held_in,40,True,0,m_cos_phi,0.05489211902022362,-0.008336928653502385
Run1_20201019,2020-10-19,Run1,source_held_in,40,True,1,m_sin_phi,-0.1893782913684845,-0.008076714917506056
Run1_20201019,2020-10-19,Run1,source_held_in,40,True,2,modulation_magnitude,-0.4223881959915161,0.011607657018832818
Run1_20201019,2020-10-19,Run1,source_held_in,40,True,3,baseline_rate,-0.46895188093185425,0.00975883351063267
Run1_20201019,2020-10-19,Run1,source_held_in,41,True,0,m_cos_phi,0.15165908634662628,-0.0006698919210965659
Run1_20201019,2020-10-19,Run1,source_held_in,41,True,1,m_sin_phi,-0.18370182812213898,-0.007537708141573285
Run1_20201019,2020-10-19,Run1,source_held_in,41,True,2,modulation_magnitude,-0.4590175449848175,0.0075674170091659665
Run1_20201019,2020-10-19,Run1,source_held_in,41,True,3,baseline_rate,-0.4636099636554718,0.011273158089490032
Run1_20201019,2020-10-19,Run1,source_held_in,42,True,0,m_cos_phi,0.1880166381597519,0.0022107882629927023
Run1_20201019,2020-10-19,Run1,source_held_in,42,True,1,m_sin_phi,-0.326414555311203,-0.021088950108351323
Run1_20201019,2020-10-19,Run1,source_held_in,42,True,2,modulation_magnitude,-0.3353818356990814,0.021204512753649984
Run1_20201019,2020-10-19,Run1,source_held_in,42,True,3,baseline_rate,-0.3337620496749878,0.048082392954160724
Run1_20201019,2020-10-19,Run1,source_held_in,43,True,0,m_cos_phi,0.17375436425209045,0.0010807603106974817
Run1_20201019,2020-10-19,Run1,source_held_in,43,True,1,m_sin_phi,-0.0757163017988205,0.002716023427711045
Run1_20201019,2020-10-19,Run1,source_held_in,43,True,2,modulation_magnitude,-0.5011230707168579,0.0029231512942127225
Run1_20201019,2020-10-19,Run1,source_held_in,43,True,3,baseline_rate,-0.4700671136379242,0.009442687787932336
Run1_20201019,2020-10-19,Run1,source_held_in,44,True,0,m_cos_phi,0.13542170822620392,-0.001956411256432533
Run1_20201019,2020-10-19,Run1,source_held_in,44,True,1,m_sin_phi,-0.11819636821746826,-0.001317657871373612
Run1_20201019,2020-10-19,Run1,source_held_in,44,True,2,modulation_magnitude,-0.5062398910522461,0.0023587628240520075
Run1_20201019,2020-10-19,Run1,source_held_in,44,True,3,baseline_rate,-0.4489162564277649,0.015438524353738714
Run1_20201019,2020-10-19,Run1,source_held_in,45,True,0,m_cos_phi,0.1568092703819275,-0.00026183273242619265
Run1_20201019,2020-10-19,Run1,source_held_in,45,True,1,m_sin_phi,-0.11507299542427063,-0.001021078993604707
Run1_20201019,2020-10-19,Run1,source_held_in,45,True,2,modulation_magnitude,-0.5180680155754089,0.001054113321639516
Run1_20201019,2020-10-19,Run1,source_held_in,45,True,3,baseline_rate,-0.4762408435344696,0.007692561299283973
Run1_20201019,2020-10-19,Run1,source_held_in,46,True,0,m_cos_phi,0.2406434863805771,0.006380516730960517
Run1_20201019,2020-10-19,Run1,source_held_in,46,True,1,m_sin_phi,-0.0331377312541008,0.006759058154996667
Run1_20201019,2020-10-19,Run1,source_held_in,46,True,2,modulation_magnitude,-0.44335561990737915,0.009294937100714495
Run1_20201019,2020-10-19,Run1,source_held_in,46,True,3,baseline_rate,-0.48334139585494995,0.005679699559566487
Run1_20201019,2020-10-19,Run1,source_held_in,47,True,0,m_cos_phi,0.30340105295181274,0.011352921895990242
Run1_20201019,2020-10-19,Run1,source_held_in,47,True,1,m_sin_phi,-0.09397666156291962,0.0009821167297057176
Run1_20201019,2020-10-19,Run1,source_held_in,47,True,2,modulation_magnitude,-0.4243132472038269,0.011395322671038155
Run1_20201019,2020-10-19,Run1,source_held_in,47,True,3,baseline_rate,-0.48217150568962097,0.006011339557017159
Run1_20201019,2020-10-19,Run1,source_held_in,48,True,0,m_cos_phi,0.06536567211151123,-0.007507088487086477
Run1_20201019,2020-10-19,Run1,source_held_in,48,True,1,m_sin_phi,-0.181649848818779,-0.007342863094475183
Run1_20201019,2020-10-19,Run1,source_held_in,48,True,2,modulation_magnitude,-0.432420015335083,0.010501141096613154
Run1_20201019,2020-10-19,Run1,source_held_in,48,True,3,baseline_rate,-0.4608869254589081,0.012045083871353945
Run1_20201019,2020-10-19,Run1,source_held_in,49,True,0,m_cos_phi,0.16025161743164062,1.0911180140737997e-05
Run1_20201019,2020-10-19,Run1,source_held_in,49,True,1,m_sin_phi,-0.11444124579429626,-0.0009610914068853837
Run1_20201019,2020-10-19,Run1,source_held_in,49,True,2,modulation_magnitude,-0.5189107656478882,0.0009611574637125031
Run1_20201019,2020-10-19,Run1,source_held_in,49,True,3,baseline_rate,-0.41465455293655396,0.025151018393968272
Run1_20201019,2020-10-19,Run1,source_held_in,50,True,0,m_cos_phi,-0.060936279594898224,-0.017514239996146652
Run1_20201019,2020-10-19,Run1,source_held_in,50,True,1,m_sin_phi,0.21142001450061798,0.029980961715017296
Run1_20201019,2020-10-19,Run1,source_held_in,50,True,2,modulation_magnitude,-0.21283189952373505,0.034721847047751164
Run1_20201019,2020-10-19,Run1,source_held_in,50,True,3,baseline_rate,0.6424033641815186,0.32480537512554264
Run1_20201019,2020-10-19,Run1,source_held_in,51,True,0,m_cos_phi,0.10884851962327957,-0.004061857140961966
Run1_20201019,2020-10-19,Run1,source_held_in,51,True,1,m_sin_phi,-0.07054093480110168,0.0032074487675131103
Run1_20201019,2020-10-19,Run1,source_held_in,51,True,2,modulation_magnitude,-0.4807024300098419,0.0051755606838146395
Run1_20201019,2020-10-19,Run1,source_held_in,51,True,3,baseline_rate,-0.4946686923503876,0.0024686420669910447
Run1_20201019,2020-10-19,Run1,source_held_in,52,True,0,m_cos_phi,0.7968736886978149,0.050451727296595195
Run1_20201019,2020-10-19,Run1,source_held_in,52,True,1,m_sin_phi,-0.16648487746715546,-0.00590287802619982
Run1_20201019,2020-10-19,Run1,source_held_in,52,True,2,modulation_magnitude,-0.06710263341665268,0.05079587587127449
Run1_20201019,2020-10-19,Run1,source_held_in,52,True,3,baseline_rate,-0.19467224180698395,0.08751151621188802
Run1_20201019,2020-10-19,Run1,source_held_in,53,True,0,m_cos_phi,0.18999174237251282,0.002367279646033449
Run1_20201019,2020-10-19,Run1,source_held_in,53,True,1,m_sin_phi,-0.1412217766046524,-0.003504028257423686
Run1_20201019,2020-10-19,Run1,source_held_in,53,True,2,modulation_magnitude,-0.4892864525318146,0.004228737652821168
Run1_20201019,2020-10-19,Run1,source_held_in,53,True,3,baseline_rate,-0.4847608208656311,0.0052773215236836535
Run1_20201019,2020-10-19,Run1,source_held_in,54,True,0,m_cos_phi,0.3766321837902069,0.01715516811292206
Run1_20201019,2020-10-19,Run1,source_held_in,54,True,1,m_sin_phi,-0.14708714187145233,-0.004060972165086829
Run1_20201019,2020-10-19,Run1,source_held_in,54,True,2,modulation_magnitude,-0.3677954375743866,0.017629272277004615
Run1_20201019,2020-10-19,Run1,source_held_in,54,True,3,baseline_rate,-0.4729366600513458,0.008629229915189107
Run1_20201019,2020-10-19,Run1,source_held_in,55,True,0,m_cos_phi,0.19800609350204468,0.003002272414684093
Run1_20201019,2020-10-19,Run1,source_held_in,55,True,1,m_sin_phi,-0.04950606822967529,0.00520480788370925
Run1_20201019,2020-10-19,Run1,source_held_in,55,True,2,modulation_magnitude,-0.47314968705177307,0.006008632936545633
Run1_20201019,2020-10-19,Run1,source_held_in,55,True,3,baseline_rate,-0.481073260307312,0.006322669719953211
Run1_20201019,2020-10-19,Run1,source_held_in,56,True,0,m_cos_phi,0.048955123871564865,-0.00880732843084936
Run1_20201019,2020-10-19,Run1,source_held_in,56,True,1,m_sin_phi,0.01338485348969698,0.011176595505733036
Run1_20201019,2020-10-19,Run1,source_held_in,56,True,2,modulation_magnitude,-0.39861610531806946,0.01422973342728473
Run1_20201019,2020-10-19,Run1,source_held_in,56,True,3,baseline_rate,-0.4795200824737549,0.006762963952716916
Run1_20201019,2020-10-19,Run1,source_held_in,57,True,0,m_cos_phi,0.1444547027349472,-0.0012407093736965802
Run1_20201019,2020-10-19,Run1,source_held_in,57,True,1,m_sin_phi,-0.06126931682229042,0.004087832326352625
Run1_20201019,2020-10-19,Run1,source_held_in,57,True,2,modulation_magnitude,-0.488894522190094,0.0042719678136387
Run1_20201019,2020-10-19,Run1,source_held_in,57,True,3,baseline_rate,-0.4434155225753784,0.01699787019221688
Run1_20201019,2020-10-19,Run1,source_held_in,58,True,0,m_cos_phi,0.20046530663967133,0.0031971206979355404
Run1_20201019,2020-10-19,Run1,source_held_in,58,True,1,m_sin_phi,-0.1334933042526245,-0.0027701736045226966
Run1_20201019,2020-10-19,Run1,source_held_in,58,True,2,modulation_magnitude,-0.48927226662635803,0.004230302367029148
Run1_20201019,2020-10-19,Run1,source_held_in,58,True,3,baseline_rate,-0.47669580578804016,0.007563588781105857
Run1_20201019,2020-10-19,Run1,source_held_in,59,True,0,m_cos_phi,0.2139762043952942,0.004267615643082756
Run1_20201019,2020-10-19,Run1,source_held_in,59,True,1,m_sin_phi,-0.23220723867416382,-0.012143524091103863
Run1_20201019,2020-10-19,Run1,source_held_in,59,True,2,modulation_magnitude,-0.41092926263809204,0.012871584505261158
Run1_20201019,2020-10-19,Run1,source_held_in,59,True,3,baseline_rate,-0.41898542642593384,0.023923304104590315
Run1_20201019,2020-10-19,Run1,source_held_in,60,True,0,m_cos_phi,0.08661551028490067,-0.005823422104492271
Run1_20201019,2020-10-19,Run1,source_held_in,60,True,1,m_sin_phi,-0.16840489208698273,-0.0060851924084242
Run1_20201019,2020-10-19,Run1,source_held_in,60,True,2,modulation_magnitude,-0.4512634873390198,0.00842269439734844
Run1_20201019,2020-10-19,Run1,source_held_in,60,True,3,baseline_rate,-0.43583041429519653,0.01914809366212289
Run1_20201019,2020-10-19,Run1,source_held_in,61,True,0,m_cos_phi,0.3221917450428009,0.012841745308250108
Run1_20201019,2020-10-19,Run1,source_held_in,61,True,1,m_sin_phi,0.0032555449288338423,0.010214770208381903
Run1_20201019,2020-10-19,Run1,source_held_in,61,True,2,modulation_magnitude,-0.3788595199584961,0.016408897098436626
Run1_20201019,2020-10-19,Run1,source_held_in,61,True,3,baseline_rate,-0.46149253845214844,0.011873404941582066
Run1_20201019,2020-10-19,Run1,source_held_in,62,True,0,m_cos_phi,0.15782789885997772,-0.0001811247989891296
Run1_20201019,2020-10-19,Run1,source_held_in,62,True,1,m_sin_phi,-0.1498616486787796,-0.004324424583277642
Run1_20201019,2020-10-19,Run1,source_held_in,62,True,2,modulation_magnitude,-0.48838454484939575,0.004328218631972636
Run1_20201019,2020-10-19,Run1,source_held_in,62,True,3,baseline_rate,-0.4744276702404022,0.008206558941492581
Run1_20201019,2020-10-19,Run1,source_held_in,63,True,0,m_cos_phi,0.19716066122055054,0.002935287155808375
Run1_20201019,2020-10-19,Run1,source_held_in,63,True,1,m_sin_phi,-0.1442466378211975,-0.0037912529995240973
Run1_20201019,2020-10-19,Run1,source_held_in,63,True,2,modulation_magnitude,-0.4841550290584564,0.00479473685819598
Run1_20201019,2020-10-19,Run1,source_held_in,63,True,3,baseline_rate,-0.44955959916114807,0.015256149812279851
Run1_20201019,2020-10-19,Run1,source_held_in,64,True,0,m_cos_phi,-0.9713810682296753,-0.08965056740366784
Run1_20201019,2020-10-19,Run1,source_held_in,64,True,1,m_sin_phi,-1.5687363147735596,-0.13905322067242665
Run1_20201019,2020-10-19,Run1,source_held_in,64,True,2,modulation_magnitude,0.9723482131958008,0.16544795170624838
Run1_20201019,2020-10-19,Run1,source_held_in,64,True,3,baseline_rate,1.0313451290130615,0.4350624314885394
Run1_20201019,2020-10-19,Run1,source_held_in,65,True,0,m_cos_phi,0.15782789885997772,-0.0001811247989891296
Run1_20201019,2020-10-19,Run1,source_held_in,65,True,1,m_sin_phi,-0.1498616486787796,-0.004324424583277642
Run1_20201019,2020-10-19,Run1,source_held_in,65,True,2,modulation_magnitude,-0.48838454484939575,0.004328218631972636
Run1_20201019,2020-10-19,Run1,source_held_in,65,True,3,baseline_rate,-0.4744276702404022,0.008206558941492581
Run1_20201019,2020-10-19,Run1,source_held_in,66,True,0,m_cos_phi,-0.828460693359375,-0.07832670561265331
Run1_20201019,2020-10-19,Run1,source_held_in,66,True,1,m_sin_phi,-0.5569481253623962,-0.04297919249080007
Run1_20201019,2020-10-19,Run1,source_held_in,66,True,2,modulation_magnitude,0.2823764681816101,0.08934363846126603
Run1_20201019,2020-10-19,Run1,source_held_in,66,True,3,baseline_rate,0.5055416822433472,0.2860078801177046
Run1_20201019,2020-10-19,Run1,source_held_in,67,True,0,m_cos_phi,-0.5929582715034485,-0.05966738654099668
Run1_20201019,2020-10-19,Run1,source_held_in,67,True,1,m_sin_phi,-1.3743994235992432,-0.12060002250821711
Run1_20201019,2020-10-19,Run1,source_held_in,67,True,2,modulation_magnitude,0.6922522783279419,0.1345531956240391
Run1_20201019,2020-10-19,Run1,source_held_in,67,True,3,baseline_rate,0.3648250102996826,0.24611757408069224
Run1_20201019,2020-10-19,Run1,source_held_in,68,True,0,m_cos_phi,-0.5678495764732361,-0.057677975356392075
Run1_20201019,2020-10-19,Run1,source_held_in,68,True,1,m_sin_phi,-0.00956682488322258,0.008997226129916547
Run1_20201019,2020-10-19,Run1,source_held_in,68,True,2,modulation_magnitude,0.0016152064781636,0.058375496414672365
Run1_20201019,2020-10-19,Run1,source_held_in,68,True,3,baseline_rate,0.14163093268871307,0.18284660598165514
Run1_20201019,2020-10-19,Run1,source_held_in,69,True,0,m_cos_phi,0.10884851962327957,-0.004061857140961966
Run1_20201019,2020-10-19,Run1,source_held_in,69,True,1,m_sin_phi,-0.07054093480110168,0.0032074487675131103
Run1_20201019,2020-10-19,Run1,source_held_in,69,True,2,modulation_magnitude,-0.4807024300098419,0.0051755606838146395
Run1_20201019,2020-10-19,Run1,source_held_in,69,True,3,baseline_rate,-0.4946686923503876,0.0024686420669910447
Run1_20201019,2020-10-19,Run1,source_held_in,70,True,0,m_cos_phi,-2.5834977626800537,-0.21738173698330243
Run1_20201019,2020-10-19,Run1,source_held_in,70,True,1,m_sin_phi,1.0668429136276245,0.1112073731102381
Run1_20201019,2020-10-19,Run1,source_held_in,70,True,2,modulation_magnitude,1.6861066818237305,0.24417595538211145
Run1_20201019,2020-10-19,Run1,source_held_in,70,True,3,baseline_rate,1.693963646888733,0.6229012646470871
Run1_20201019,2020-10-19,Run1,source_held_in,71,True,0,m_cos_phi,3.1565463542938232,0.23741322359474637
Run1_20201019,2020-10-19,Run1,source_held_in,71,True,1,m_sin_phi,-1.3137980699539185,-0.11484564010002352
Run1_20201019,2020-10-19,Run1,source_held_in,71,True,2,modulation_magnitude,1.8634042739868164,0.2637319902329054
Run1_20201019,2020-10-19,Run1,source_held_in,71,True,3,baseline_rate,7.232005596160889,2.1928231875498767
Run1_20201019,2020-10-19,Run1,source_held_in,72,True,0,m_cos_phi,0.12006113678216934,-0.0031734594780111758
Run1_20201019,2020-10-19,Run1,source_held_in,72,True,1,m_sin_phi,0.3901510536670685,0.04695231112739018
Run1_20201019,2020-10-19,Run1,source_held_in,72,True,2,modulation_magnitude,-0.10097769647836685,0.04705943531545259
Run1_20201019,2020-10-19,Run1,source_held_in,72,True,3,baseline_rate,3.0345568656921387,1.0029320956108876
Run1_20201019,2020-10-19,Run1,source_held_in,73,True,0,m_cos_phi,-1.5115948915481567,-0.13245276882810053
Run1_20201019,2020-10-19,Run1,source_held_in,73,True,1,m_sin_phi,-0.6470099687576294,-0.05153098640477971
Run1_20201019,2020-10-19,Run1,source_held_in,73,True,2,modulation_magnitude,0.7608885765075684,0.14212382206546081
Run1_20201019,2020-10-19,Run1,source_held_in,73,True,3,baseline_rate,1.0883368253707886,0.4512184148405929
Run1_20201019,2020-10-19,Run1,source_held_in,74,True,0,m_cos_phi,0.2907206118106842,0.01034822565823168
Run1_20201019,2020-10-19,Run1,source_held_in,74,True,1,m_sin_phi,-0.5235012173652649,-0.03980325189855538
Run1_20201019,2020-10-19,Run1,source_held_in,74,True,2,modulation_magnitude,-0.15476693212985992,0.04112644911882912
Run1_20201019,2020-10-19,Run1,source_held_in,74,True,3,baseline_rate,0.24656257033348083,0.2125925847686636
Run1_20201019,2020-10-19,Run1,source_held_in,75,True,0,m_cos_phi,-0.20766226947307587,-0.029139628132989204
Run1_20201019,2020-10-19,Run1,source_held_in,75,True,1,m_sin_phi,-0.4204574227333069,-0.030018760902298602
Run1_20201019,2020-10-19,Run1,source_held_in,75,True,2,modulation_magnitude,-0.1483348160982132,0.04183591552355914
Run1_20201019,2020-10-19,Run1,source_held_in,75,True,3,baseline_rate,-0.0776723325252533,0.12067860382904971
Run1_20201019,2020-10-19,Run1,source_held_in,76,True,0,m_cos_phi,0.1440497189760208,-0.001272797031721895
Run1_20201019,2020-10-19,Run1,source_held_in,76,True,1,m_sin_phi,-0.1683434247970581,-0.006079355801309916
Run1_20201019,2020-10-19,Run1,source_held_in,76,True,2,modulation_magnitude,-0.4713135063648224,0.006211164810037362
Run1_20201019,2020-10-19,Run1,source_held_in,76,True,3,baseline_rate,-0.4553564786911011,0.013612852715244372
Run1_20201019,2020-10-19,Run1,source_held_in,77,True,0,m_cos_phi,-0.3026006519794464,-0.036661782501393514
Run1_20201019,2020-10-19,Run1,source_held_in,77,True,1,m_sin_phi,-0.2467743158340454,-0.013526736305111697
Run1_20201019,2020-10-19,Run1,source_held_in,77,True,2,modulation_magnitude,-0.17334207892417908,0.03907759885731976
Run1_20201019,2020-10-19,Run1,source_held_in,77,True,3,baseline_rate,-0.19842274487018585,0.08644832509943923
Run1_20201019,2020-10-19,Run1,source_held_in,78,True,0,m_cos_phi,-0.1553782820701599,-0.024997065200509816
Run1_20201019,2020-10-19,Run1,source_held_in,78,True,1,m_sin_phi,-0.489024817943573,-0.03652955627302301
Run1_20201019,2020-10-19,Run1,source_held_in,78,True,2,modulation_magnitude,-0.1263256072998047,0.044263544963129675
Run1_20201019,2020-10-19,Run1,source_held_in,78,True,3,baseline_rate,-0.22567114233970642,0.07872396025294481
Run1_20201019,2020-10-19,Run1,source_held_in,79,True,0,m_cos_phi,0.24034076929092407,0.006356531861846371
Run1_20201019,2020-10-19,Run1,source_held_in,79,True,1,m_sin_phi,-0.030925778672099113,0.0069690934142769
Run1_20201019,2020-10-19,Run1,source_held_in,79,True,2,modulation_magnitude,-0.4421076476573944,0.00943258921722534
Run1_20201019,2020-10-19,Run1,source_held_in,79,True,3,baseline_rate,-0.35116422176361084,0.043149232151424854
Run1_20201019,2020-10-19,Run1,source_held_in,80,True,0,m_cos_phi,1.5166633129119873,0.10748207185456593
Run1_20201019,2020-10-19,Run1,source_held_in,80,True,1,m_sin_phi,-0.521584689617157,-0.039621268611134575
Run1_20201019,2020-10-19,Run1,source_held_in,80,True,2,modulation_magnitude,0.5109218955039978,0.11455234145140603
Run1_20201019,2020-10-19,Run1,source_held_in,80,True,3,baseline_rate,3.530982255935669,1.1436585672352706
Run1_20201019,2020-10-19,Run1,source_held_in,81,True,0,m_cos_phi,-0.3900129795074463,-0.04358763276351496
Run1_20201019,2020-10-19,Run1,source_held_in,81,True,1,m_sin_phi,-1.0636829137802124,-0.09109603438771607
Run1_20201019,2020-10-19,Run1,source_held_in,81,True,2,modulation_magnitude,0.38793647289276123,0.10098697273217017
Run1_20201019,2020-10-19,Run1,source_held_in,81,True,3,baseline_rate,3.4283134937286377,1.114554067474792
Run1_20201019,2020-10-19,Run1,source_held_in,82,True,0,m_cos_phi,-0.27695196866989136,-0.034629586985656324
Run1_20201019,2020-10-19,Run1,source_held_in,82,True,1,m_sin_phi,-0.012916154228150845,0.008679191619095208
Run1_20201019,2020-10-19,Run1,source_held_in,82,True,2,modulation_magnitude,-0.2039579153060913,0.03570065303438863
Run1_20201019,2020-10-19,Run1,source_held_in,82,True,3,baseline_rate,-0.12348826229572296,0.10769072233163923
Run1_20201019,2020-10-19,Run1,source_held_in,83,True,0,m_cos_phi,0.7703027725219727,0.04834646146092325
Run1_20201019,2020-10-19,Run1,source_held_in,83,True,1,m_sin_phi,2.0899035930633545,0.2083517770242871
Run1_20201019,2020-10-19,Run1,source_held_in,83,True,2,modulation_magnitude,1.4115071296691895,0.21388745373677054
Run1_20201019,2020-10-19,Run1,source_held_in,83,True,3,baseline_rate,2.8171637058258057,0.9413055693603738
Run1_20201019,2020-10-19,Run1,source_held_in,84,True,0,m_cos_phi,-0.29514750838279724,-0.03607125530697752
Run1_20201019,2020-10-19,Run1,source_held_in,84,True,1,m_sin_phi,-0.25408753752708435,-0.014221160962751167
Run1_20201019,2020-10-19,Run1,source_held_in,84,True,2,modulation_magnitude,-0.176099956035614,0.03877340329410073
Run1_20201019,2020-10-19,Run1,source_held_in,84,True,3,baseline_rate,-0.3922966420650482,0.0314890300502535
Run1_20201019,2020-10-19,Run1,source_held_in,85,True,0,m_cos_phi,-0.5909218192100525,-0.05950603442912783
Run1_20201019,2020-10-19,Run1,source_held_in,85,True,1,m_sin_phi,0.4048529267311096,0.048348322843932756
Run1_20201019,2020-10-19,Run1,source_held_in,85,True,2,modulation_magnitude,0.167489692568779,0.07667155555044325
Run1_20201019,2020-10-19,Run1,source_held_in,85,True,3,baseline_rate,-0.03835151717066765,0.1318252528824556
Run1_20201019,2020-10-19,Run1,source_held_in,86,True,0,m_cos_phi,0.21466539800167084,0.00432222180510089
Run1_20201019,2020-10-19,Run1,source_held_in,86,True,1,m_sin_phi,-0.12942147254943848,-0.002383534110311558
Run1_20201019,2020-10-19,Run1,source_held_in,86,True,2,modulation_magnitude,-0.4828754663467407,0.004935873422312831
Run1_20201019,2020-10-19,Run1,source_held_in,86,True,3,baseline_rate,-0.35391226410865784,0.04237021820352194
Run1_20201019,2020-10-19,Run1,source_held_in,87,True,0,m_cos_phi,0.34129324555397034,0.014355194681621608
Run1_20201019,2020-10-19,Run1,source_held_in,87,True,1,m_sin_phi,-0.03916306048631668,0.006186924919485803
Run1_20201019,2020-10-19,Run1,source_held_in,87,True,2,modulation_magnitude,-0.38590580224990845,0.015631687772702296
Run1_20201019,2020-10-19,Run1,source_held_in,87,True,3,baseline_rate,-0.4598677456378937,0.012334000560509928
Run1_20201019,2020-10-19,Run1,source_held_in,88,True,0,m_cos_phi,0.20909330248832703,0.0038807337419979326
Run1_20201019,2020-10-19,Run1,source_held_in,88,True,1,m_sin_phi,-0.18364037573337555,-0.007531872949394058
Run1_20201019,2020-10-19,Run1,source_held_in,88,True,2,modulation_magnitude,-0.4508087933063507,0.008472847432371866
Run1_20201019,2020-10-19,Run1,source_held_in,88,True,3,baseline_rate,-0.48313602805137634,0.005737917142611515
Run1_20201019,2020-10-19,Run1,source_held_in,89,True,0,m_cos_phi,-8.510313034057617,-0.6869749426746523
Run1_20201019,2020-10-19,Run1,source_held_in,89,True,1,m_sin_phi,0.7210119962692261,0.078369107504761
Run1_20201019,2020-10-19,Run1,source_held_in,89,True,2,modulation_magnitude,5.740976333618164,0.6914306036741067
Run1_20201019,2020-10-19,Run1,source_held_in,89,True,3,baseline_rate,3.7940878868103027,1.2182436465345603
Run1_20201019,2020-10-19,Run1,source_held_in,90,True,0,m_cos_phi,1.66706383228302,0.1193986001746179
Run1_20201019,2020-10-19,Run1,source_held_in,90,True,1,m_sin_phi,1.2985005378723145,0.13320434970385264
Run1_20201019,2020-10-19,Run1,source_held_in,90,True,2,modulation_magnitude,1.094159722328186,0.17888383703755917
Run1_20201019,2020-10-19,Run1,source_held_in,90,True,3,baseline_rate,0.6955505013465881,0.33987150437108404
Run1_20201019,2020-10-19,Run1,source_held_in,91,True,0,m_cos_phi,0.47079959511756897,0.02461623692173509
Run1_20201019,2020-10-19,Run1,source_held_in,91,True,1,m_sin_phi,-1.2752288579940796,-0.11118331275171833
Run1_20201019,2020-10-19,Run1,source_held_in,91,True,2,modulation_magnitude,0.504787802696228,0.11387574719390248
Run1_20201019,2020-10-19,Run1,source_held_in,91,True,3,baseline_rate,0.624495804309845,0.31972894719564415
Run1_20201019,2020-10-19,Run1,source_held_in,92,True,0,m_cos_phi,0.4461100101470947,0.02266003264969285
Run1_20201019,2020-10-19,Run1,source_held_in,92,True,1,m_sin_phi,-0.0611785389482975,0.004096452110726012
Run1_20201019,2020-10-19,Run1,source_held_in,92,True,2,modulation_magnitude,-0.318855881690979,0.023027335774437496
Run1_20201019,2020-10-19,Run1,source_held_in,92,True,3,baseline_rate,-0.3651302754878998,0.03919014081209671
Run1_20201019,2020-10-19,Run1,source_held_in,93,True,0,m_cos_phi,0.047455932945013046,-0.008926112270214615
Run1_20201019,2020-10-19,Run1,source_held_in,93,True,1,m_sin_phi,-0.3035491406917572,-0.018917771880019085
Run1_20201019,2020-10-19,Run1,source_held_in,93,True,2,modulation_magnitude,-0.3379805386066437,0.020917874204264608
Run1_20201019,2020-10-19,Run1,source_held_in,93,True,3,baseline_rate,-0.4273715913295746,0.021545997422571794
Run1_20201019,2020-10-19,Run1,source_held_in,94,True,0,m_cos_phi,0.14919990301132202,-0.0008647378430515218
Run1_20201019,2020-10-19,Run1,source_held_in,94,True,1,m_sin_phi,-0.09971459209918976,0.000437273346658662
Run1_20201019,2020-10-19,Run1,source_held_in,94,True,2,modulation_magnitude,-0.5188395380973816,0.0009690139068996295
Run1_20201019,2020-10-19,Run1,source_held_in,94,True,3,baseline_rate,-0.46798741817474365,0.010032239028337386
Run1_20201019,2020-10-19,Run1,source_held_in,95,True,0,m_cos_phi,0.21728083491325378,0.004529448004561676
Run1_20201019,2020-10-19,Run1,source_held_in,95,True,1,m_sin_phi,-0.22145392000675201,-0.01112244611103752
Run1_20201019,2020-10-19,Run1,source_held_in,95,True,2,modulation_magnitude,-0.41874635219573975,0.012009354657940285
Run1_20201019,2020-10-19,Run1,source_held_in,95,True,3,baseline_rate,-0.4461216330528259,0.01623074307341632
Run2_20201019,2020-10-19,Run2,source_held_in,0,True,0,m_cos_phi,0.25886276364326477,0.007824065824937332
Run2_20201019,2020-10-19,Run2,source_held_in,0,True,1,m_sin_phi,-0.03932594507932663,0.006171458264366714
Run2_20201019,2020-10-19,Run2,source_held_in,0,True,2,modulation_magnitude,-0.43727999925613403,0.00996508184293221
Run2_20201019,2020-10-19,Run2,source_held_in,0,True,3,baseline_rate,-0.4396946132183075,0.018052672092655264
Run2_20201019,2020-10-19,Run2,source_held_in,1,True,0,m_cos_phi,0.0641493871808052,-0.007603457129180424
Run2_20201019,2020-10-19,Run2,source_held_in,1,True,1,m_sin_phi,-0.28955474495887756,-0.01758893845016063
Run2_20201019,2020-10-19,Run2,source_held_in,1,True,2,modulation_magnitude,-0.3538993000984192,0.019162024896236307
Run2_20201019,2020-10-19,Run2,source_held_in,1,True,3,baseline_rate,-0.4697471559047699,0.009533389278510107
Run2_20201019,2020-10-19,Run2,source_held_in,2,True,0,m_cos_phi,-0.6893433928489685,-0.0673041688669409
Run2_20201019,2020-10-19,Run2,source_held_in,2,True,1,m_sin_phi,0.5719574093818665,0.06421567625196989
Run2_20201019,2020-10-19,Run2,source_held_in,2,True,2,modulation_magnitude,0.315745085477829,0.09302421773369862
Run2_20201019,2020-10-19,Run2,source_held_in,2,True,3,baseline_rate,-0.2873464524745941,0.061240267935425585
Run2_20201019,2020-10-19,Run2,source_held_in,3,True,0,m_cos_phi,-1.2552099227905273,-0.11213888458213717
Run2_20201019,2020-10-19,Run2,source_held_in,3,True,1,m_sin_phi,0.4655788838863373,0.054114536939081415
Run2_20201019,2020-10-19,Run2,source_held_in,3,True,2,modulation_magnitude,0.6012275218963623,0.12451310829209383
Run2_20201019,2020-10-19,Run2,source_held_in,3,True,3,baseline_rate,0.6474900245666504,0.3262473395826788
Run2_20201019,2020-10-19,Run2,source_held_in,4,True,0,m_cos_phi,0.021698961034417152,-0.01096688770433532
Run2_20201019,2020-10-19,Run2,source_held_in,4,True,1,m_sin_phi,-0.11415182054042816,-0.0009336091232536869
Run2_20201019,2020-10-19,Run2,source_held_in,4,True,2,modulation_magnitude,-0.42783787846565247,0.011006553647434858
Run2_20201019,2020-10-19,Run2,source_held_in,4,True,3,baseline_rate,-0.4567384123802185,0.013221102704244814
Run2_20201019,2020-10-19,Run2,source_held_in,5,True,0,m_cos_phi,0.29022493958473206,0.01030895257498221
Run2_20201019,2020-10-19,Run2,source_held_in,5,True,1,m_sin_phi,-0.052205245941877365,0.004948508315970435
Run2_20201019,2020-10-19,Run2,source_held_in,5,True,2,modulation_magnitude,-0.4239523410797119,0.01143513084132941
Run2_20201019,2020-10-19,Run2,source_held_in,5,True,3,baseline_rate,-0.40099862217903137,0.029022196198371653
Run2_20201019,2020-10-19,Run2,source_held_in,6,True,0,m_cos_phi,-1.7431000471115112,-0.15079537664651532
Run2_20201019,2020-10-19,Run2,source_held_in,6,True,1,m_sin_phi,2.322723865509033,0.23045915251086768
Run2_20201019,2020-10-19,Run2,source_held_in,6,True,2,modulation_magnitude,1.9692786931991577,0.27541000461913345
Run2_20201019,2020-10-19,Run2,source_held_in,6,True,3,baseline_rate,1.2116137742996216,0.4861649151532852
Run2_20201019,2020-10-19,Run2,source_held_in,7,True,0,m_cos_phi,0.061912111937999725,-0.007780720837458399
Run2_20201019,2020-10-19,Run2,source_held_in,7,True,1,m_sin_phi,0.22777223587036133,0.031533681734039476
Run2_20201019,2020-10-19,Run2,source_held_in,7,True,2,modulation_magnitude,-0.2331620752811432,0.03247941599843984
Run2_20201019,2020-10-19,Run2,source_held_in,7,True,3,baseline_rate,-0.3818013072013855,0.03446424339128562
Run2_20201019,2020-10-19,Run2,source_held_in,8,True,0,m_cos_phi,0.025267085060477257,-0.010684178235087355
Run2_20201019,2020-10-19,Run2,source_held_in,8,True,1,m_sin_phi,-0.08556655794382095,0.0017806954644327133
Run2_20201019,2020-10-19,Run2,source_held_in,8,True,2,modulation_magnitude,-0.4294244647026062,0.010831552197245298
Run2_20201019,2020-10-19,Run2,source_held_in,8,True,3,baseline_rate,-0.3857974708080292,0.03333141252596494
Run2_20201019,2020-10-19,Run2,source_held_in,9,True,0,m_cos_phi,0.2530328631401062,0.007362151366533176
Run2_20201019,2020-10-19,Run2,source_held_in,9,True,1,m_sin_phi,-0.1668870896100998,-0.005941069953285583
Run2_20201019,2020-10-19,Run2,source_held_in,9,True,2,modulation_magnitude,-0.4418562948703766,0.009460313586196145
Run2_20201019,2020-10-19,Run2,source_held_in,9,True,3,baseline_rate,-0.44914931058883667,0.015372458253112953
Run2_20201019,2020-10-19,Run2,source_held_in,10,True,0,m_cos_phi,-0.007164729293435812,-0.013253814535781595
Run2_20201019,2020-10-19,Run2,source_held_in,10,True,1,m_sin_phi,0.10900680720806122,0.020256347940545316
Run2_20201019,2020-10-19,Run2,source_held_in,10,True,2,modulation_magnitude,-0.30816009640693665,0.024207087553463014
Run2_20201019,2020-10-19,Run2,source_held_in,10,True,3,baseline_rate,-0.4510670006275177,0.014828832245828316
Run2_20201019,2020-10-19,Run2,source_held_in,11,True,0,m_cos_phi,0.20646725594997406,0.003672666920986112
Run2_20201019,2020-10-19,Run2,source_held_in,11,True,1,m_sin_phi,-0.18097493052482605,-0.007278776440892809
Run2_20201019,2020-10-19,Run2,source_held_in,11,True,2,modulation_magnitude,-0.4537098705768585,0.008152856802410513
Run2_20201019,2020-10-19,Run2,source_held_in,11,True,3,baseline_rate,-0.4454083740711212,0.016432937445062912
Run2_20201019,2020-10-19,Run2,source_held_in,12,True,0,m_cos_phi,0.0039480142295360565,-0.012373330057012744
Run2_20201019,2020-10-19,Run2,source_held_in,12,True,1,m_sin_phi,-0.032956503331661224,0.0067762665951721646
Run2_20201019,2020-10-19,Run2,source_held_in,12,True,2,modulation_magnitude,-0.39972570538520813,0.014107343848731135
Run2_20201019,2020-10-19,Run2,source_held_in,12,True,3,baseline_rate,-0.47631213068962097,0.007672352844974917
Run2_20201019,2020-10-19,Run2,source_held_in,13,True,0,m_cos_phi,0.035261187702417374,-0.009892325868724294
Run2_20201019,2020-10-19,Run2,source_held_in,13,True,1,m_sin_phi,-0.0869564339518547,0.0016487202267670975
Run2_20201019,2020-10-19,Run2,source_held_in,13,True,2,modulation_magnitude,-0.43670254945755005,0.01002877491539822
Run2_20201019,2020-10-19,Run2,source_held_in,13,True,3,baseline_rate,-0.4905353784561157,0.0036403522411454503
Run2_20201019,2020-10-19,Run2,source_held_in,14,True,0,m_cos_phi,0.16732369363307953,0.0005712456569659796
Run2_20201019,2020-10-19,Run2,source_held_in,14,True,1,m_sin_phi,0.014531819149851799,0.01128550526798397
Run2_20201019,2020-10-19,Run2,source_held_in,14,True,2,modulation_magnitude,-0.4251778721809387,0.01129995399750472
Run2_20201019,2020-10-19,Run2,source_held_in,14,True,3,baseline_rate,-0.42322003841400146,0.022722877987209955
Run2_20201019,2020-10-19,Run2,source_held_in,15,True,0,m_cos_phi,0.07523759454488754,-0.0067249166984341135
Run2_20201019,2020-10-19,Run2,source_held_in,15,True,1,m_sin_phi,-0.09251593053340912,0.0011208199835721633
Run2_20201019,2020-10-19,Run2,source_held_in,15,True,2,modulation_magnitude,-0.4658147692680359,0.0068176789368687984
Run2_20201019,2020-10-19,Run2,source_held_in,15,True,3,baseline_rate,-0.48617592453956604,0.00487616849861805
Run2_20201019,2020-10-19,Run2,source_held_in,16,True,0,m_cos_phi,0.08439884334802628,-0.005999052976246255
Run2_20201019,2020-10-19,Run2,source_held_in,16,True,1,m_sin_phi,0.07570938020944595,0.01709460126933504
Run2_20201019,2020-10-19,Run2,source_held_in,16,True,2,modulation_magnitude,-0.36337655782699585,0.01811667746557566
Run2_20201019,2020-10-19,Run2,source_held_in,16,True,3,baseline_rate,-0.4410819709300995,0.01765938448187132
Run2_20201019,2020-10-19,Run2,source_held_in,17,True,0,m_cos_phi,0.19978001713752747,0.0031428238657578156
Run2_20201019,2020-10-19,Run2,source_held_in,17,True,1,m_sin_phi,-0.1594812422990799,-0.005237850059325533
Run2_20201019,2020-10-19,Run2,source_held_in,17,True,2,modulation_magnitude,-0.47224530577659607,0.0061083867545190795
Run2_20201019,2020-10-19,Run2,source_held_in,17,True,3,baseline_rate,-0.4725944995880127,0.0087262254268623
Run2_20201019,2020-10-19,Run2,source_held_in,18,True,0,m_cos_phi,0.20891675353050232,0.0038667454215812747
Run2_20201019,2020-10-19,Run2,source_held_in,18,True,1,m_sin_phi,-0.01181624736636877,0.00878363292799951
Run2_20201019,2020-10-19,Run2,source_held_in,18,True,2,modulation_magnitude,-0.4406163692474365,0.009597078154731875
Run2_20201019,2020-10-19,Run2,source_held_in,18,True,3,baseline_rate,-0.4539601802825928,0.014008674831167411
Run2_20201019,2020-10-19,Run2,source_held_in,19,True,0,m_cos_phi,0.056678302586078644,-0.0081954058240844
Run2_20201019,2020-10-19,Run2,source_held_in,19,True,1,m_sin_phi,0.17885485291481018,0.02688874707496014
Run2_20201019,2020-10-19,Run2,source_held_in,19,True,2,modulation_magnitude,-0.27277618646621704,0.028109954859870445
Run2_20201019,2020-10-19,Run2,source_held_in,19,True,3,baseline_rate,-0.4705618619918823,0.009302436721885243
Run2_20201019,2020-10-19,Run2,source_held_in,20,True,0,m_cos_phi,0.06048319488763809,-0.007893936739696295
Run2_20201019,2020-10-19,Run2,source_held_in,20,True,1,m_sin_phi,-0.04081885144114494,0.0060296998119762635
Run2_20201019,2020-10-19,Run2,source_held_in,20,True,2,modulation_magnitude,-0.4375676214694977,0.009933356933643944
Run2_20201019,2020-10-19,Run2,source_held_in,20,True,3,baseline_rate,-0.47014692425727844,0.009420063105390675
Run2_20201019,2020-10-19,Run2,source_held_in,21,True,0,m_cos_phi,0.2785651683807373,0.009385126019470391
Run2_20201019,2020-10-19,Run2,source_held_in,21,True,1,m_sin_phi,-0.07114744186401367,0.003149858080782053
Run2_20201019,2020-10-19,Run2,source_held_in,21,True,2,modulation_magnitude,-0.43787363171577454,0.009899603812871804
Run2_20201019,2020-10-19,Run2,source_held_in,21,True,3,baseline_rate,-0.4551840126514435,0.013661743319377528
Run2_20201019,2020-10-19,Run2,source_held_in,22,True,0,m_cos_phi,0.10076989978551865,-0.0047019420454968985
Run2_20201019,2020-10-19,Run2,source_held_in,22,True,1,m_sin_phi,0.0032237176783382893,0.01021174806185652
Run2_20201019,2020-10-19,Run2,source_held_in,22,True,2,modulation_magnitude,-0.4257010817527771,0.011242243655833928
Run2_20201019,2020-10-19,Run2,source_held_in,22,True,3,baseline_rate,-0.4922105669975281,0.0031654704615835527
Run2_20201019,2020-10-19,Run2,source_held_in,23,True,0,m_cos_phi,0.14652717113494873,-0.001076503635017545
Run2_20201019,2020-10-19,Run2,source_held_in,23,True,1,m_sin_phi,-0.1520753651857376,-0.004534627335495367
Run2_20201019,2020-10-19,Run2,source_held_in,23,True,2,modulation_magnitude,-0.4853706359863281,0.0046606546568739304
Run2_20201019,2020-10-19,Run2,source_held_in,23,True,3,baseline_rate,-0.4960397481918335,0.002079975703910719
Run2_20201019,2020-10-19,Run2,source_held_in,24,True,0,m_cos_phi,0.14652717113494873,-0.001076503635017545
Run2_20201019,2020-10-19,Run2,source_held_in,24,True,1,m_sin_phi,-0.1520753651857376,-0.004534627335495367
Run2_20201019,2020-10-19,Run2,source_held_in,24,True,2,modulation_magnitude,-0.4853706359863281,0.0046606546568739304
Run2_20201019,2020-10-19,Run2,source_held_in,24,True,3,baseline_rate,-0.4960397481918335,0.002079975703910719
Run2_20201019,2020-10-19,Run2,source_held_in,25,True,0,m_cos_phi,0.2549843192100525,0.007516769060807782
Run2_20201019,2020-10-19,Run2,source_held_in,25,True,1,m_sin_phi,-0.1175132691860199,-0.0012527944184443918
Run2_20201019,2020-10-19,Run2,source_held_in,25,True,2,modulation_magnitude,-0.45853671431541443,0.007620452931501154
Run2_20201019,2020-10-19,Run2,source_held_in,25,True,3,baseline_rate,-0.48421239852905273,0.005432788068915784
Run2_20201019,2020-10-19,Run2,source_held_in,26,True,0,m_cos_phi,0.2802063226699829,0.00951515789467372
Run2_20201019,2020-10-19,Run2,source_held_in,26,True,1,m_sin_phi,-0.07137569040060043,0.0031281848130310097
Run2_20201019,2020-10-19,Run2,source_held_in,26,True,2,modulation_magnitude,-0.4368167519569397,0.010016178308581036
Run2_20201019,2020-10-19,Run2,source_held_in,26,True,3,baseline_rate,-0.46382400393486023,0.01121248203646008
Run2_20201019,2020-10-19,Run2,source_held_in,27,True,0,m_cos_phi,0.1453840285539627,-0.0011670770651968088
Run2_20201019,2020-10-19,Run2,source_held_in,27,True,1,m_sin_phi,-0.032062262296676636,0.006861178970405835
Run2_20201019,2020-10-19,Run2,source_held_in,27,True,2,modulation_magnitude,-0.464526891708374,0.0069597326338932675
Run2_20201019,2020-10-19,Run2,source_held_in,27,True,3,baseline_rate,-0.46088844537734985,0.0120446530054803
Run2_20201019,2020-10-19,Run2,source_held_in,28,True,0,m_cos_phi,0.13044190406799316,-0.0023509709130600243
Run2_20201019,2020-10-19,Run2,source_held_in,28,True,1,m_sin_phi,-0.050547972321510315,0.005105874209518246
Run2_20201019,2020-10-19,Run2,source_held_in,28,True,2,modulation_magnitude,-0.47666290402412415,0.005621122916181109
Run2_20201019,2020-10-19,Run2,source_held_in,28,True,3,baseline_rate,-0.49779385328292847,0.0015827226923210702
Run2_20201019,2020-10-19,Run2,source_held_in,29,True,0,m_cos_phi,0.2530328631401062,0.007362151366533176
Run2_20201019,2020-10-19,Run2,source_held_in,29,True,1,m_sin_phi,-0.1668870896100998,-0.005941069953285583
Run2_20201019,2020-10-19,Run2,source_held_in,29,True,2,modulation_magnitude,-0.4418562948703766,0.009460313586196145
Run2_20201019,2020-10-19,Run2,source_held_in,29,True,3,baseline_rate,-0.44914931058883667,0.015372458253112953
Run2_20201019,2020-10-19,Run2,source_held_in,30,True,0,m_cos_phi,0.20396871864795685,0.0034747029070139046
Run2_20201019,2020-10-19,Run2,source_held_in,30,True,1,m_sin_phi,-0.03169184550642967,0.0068963517798115714
Run2_20201019,2020-10-19,Run2,source_held_in,30,True,2,modulation_magnitude,-0.4576137661933899,0.00772225468424681
Run2_20201019,2020-10-19,Run2,source_held_in,30,True,3,baseline_rate,-0.4544997811317444,0.013855708997672522
Run2_20201019,2020-10-19,Run2,source_held_in,31,True,0,m_cos_phi,0.11849633604288101,-0.0032974417116028443
Run2_20201019,2020-10-19,Run2,source_held_in,31,True,1,m_sin_phi,-0.09853192418813705,0.0005495732048751423
Run2_20201019,2020-10-19,Run2,source_held_in,31,True,2,modulation_magnitude,-0.4973173439502716,0.0033429253270800263
Run2_20201019,2020-10-19,Run2,source_held_in,31,True,3,baseline_rate,-0.49909651279449463,0.0012134452935548268
Run2_20201019,2020-10-19,Run2,source_held_in,32,True,0,m_cos_phi,-1.4670451879501343,-0.1289230083804913
Run2_20201019,2020-10-19,Run2,source_held_in,32,True,1,m_sin_phi,-1.9035053253173828,-0.1708411064077211
Run2_20201019,2020-10-19,Run2,source_held_in,32,True,2,modulation_magnitude,1.4127780199050903,0.2140276337214031
Run2_20201019,2020-10-19,Run2,source_held_in,32,True,3,baseline_rate,2.643934726715088,0.8921986874553482
Run2_20201019,2020-10-19,Run2,source_held_in,33,True,0,m_cos_phi,0.21336674690246582,0.004219327129828088
Run2_20201019,2020-10-19,Run2,source_held_in,33,True,1,m_sin_phi,-0.11172553896903992,-0.0007032223224334722
Run2_20201019,2020-10-19,Run2,source_held_in,33,True,2,modulation_magnitude,-0.4888441264629364,0.004277526493734696
Run2_20201019,2020-10-19,Run2,source_held_in,33,True,3,baseline_rate,-0.47993186116218567,0.006646233094360632
Run2_20201019,2020-10-19,Run2,source_held_in,34,True,0,m_cos_phi,-0.2154403179883957,-0.02975589818175739
Run2_20201019,2020-10-19,Run2,source_held_in,34,True,1,m_sin_phi,0.06776271760463715,0.016340028429847164
Run2_20201019,2020-10-19,Run2,source_held_in,34,True,2,modulation_magnitude,-0.21985526382923126,0.03394716559013855
Run2_20201019,2020-10-19,Run2,source_held_in,34,True,3,baseline_rate,-0.34149491786956787,0.045890282562655926
Run2_20201019,2020-10-19,Run2,source_held_in,35,True,0,m_cos_phi,0.059152327477931976,-0.007999383976476593
Run2_20201019,2020-10-19,Run2,source_held_in,35,True,1,m_sin_phi,0.009011462330818176,0.010761321528585777
Run2_20201019,2020-10-19,Run2,source_held_in,35,True,2,modulation_magnitude,-0.4060586988925934,0.01340881072016864
Run2_20201019,2020-10-19,Run2,source_held_in,35,True,3,baseline_rate,-0.487930029630661,0.004378915487028401
Run2_20201019,2020-10-19,Run2,source_held_in,36,True,0,m_cos_phi,-0.26541081070899963,-0.033715158390181355
Run2_20201019,2020-10-19,Run2,source_held_in,36,True,1,m_sin_phi,0.07471209019422531,0.016999903910707714
Run2_20201019,2020-10-19,Run2,source_held_in,36,True,2,modulation_magnitude,-0.18530066311359406,0.03775855957245888
Run2_20201019,2020-10-19,Run2,source_held_in,36,True,3,baseline_rate,-0.3822201192378998,0.034345518722219914
Run2_20201019,2020-10-19,Run2,source_held_in,37,True,0,m_cos_phi,-2.511436939239502,-0.21167221651830204
Run2_20201019,2020-10-19,Run2,source_held_in,37,True,1,m_sin_phi,2.405484437942505,0.23831765654512438
Run2_20201019,2020-10-19,Run2,source_held_in,37,True,2,modulation_magnitude,2.3621883392333984,0.3187481833124508
Run2_20201019,2020-10-19,Run2,source_held_in,37,True,3,baseline_rate,0.4752221703529358,0.27741291698010606
Run2_20201019,2020-10-19,Run2,source_held_in,38,True,0,m_cos_phi,0.15040558576583862,-0.0007692092321844868
Run2_20201019,2020-10-19,Run2,source_held_in,38,True,1,m_sin_phi,-0.07388803362846375,0.0028896260547832675
Run2_20201019,2020-10-19,Run2,source_held_in,38,True,2,modulation_magnitude,-0.5005146861076355,0.002990256495560839
Run2_20201019,2020-10-19,Run2,source_held_in,38,True,3,baseline_rate,-0.4515219032764435,0.014699876624351127
Run2_20201019,2020-10-19,Run2,source_held_in,39,True,0,m_cos_phi,2.1004462242126465,0.1537363376268459
Run2_20201019,2020-10-19,Run2,source_held_in,39,True,1,m_sin_phi,-0.20819006860256195,-0.009862981287332984
Run2_20201019,2020-10-19,Run2,source_held_in,39,True,2,modulation_magnitude,0.8690345883369446,0.15405239453227848
Run2_20201019,2020-10-19,Run2,source_held_in,39,True,3,baseline_rate,0.6783042550086975,0.334982545337974
Run2_20201019,2020-10-19,Run2,source_held_in,40,True,0,m_cos_phi,0.1190924122929573,-0.003250213420472936
Run2_20201019,2020-10-19,Run2,source_held_in,40,True,1,m_sin_phi,-0.019888106733560562,0.00801717206945457
Run2_20201019,2020-10-19,Run2,source_held_in,40,True,2,modulation_magnitude,-0.449194073677063,0.008650952013259605
Run2_20201019,2020-10-19,Run2,source_held_in,40,True,3,baseline_rate,-0.43729865550994873,0.018731877228180593
Run2_20201019,2020-10-19,Run2,source_held_in,41,True,0,m_cos_phi,0.26497840881347656,0.008308620394103627
Run2_20201019,2020-10-19,Run2,source_held_in,41,True,1,m_sin_phi,-0.11890315264463425,-0.0013847703635775366
Run2_20201019,2020-10-19,Run2,source_held_in,41,True,2,modulation_magnitude,-0.45125865936279297,0.008423226926133509
Run2_20201019,2020-10-19,Run2,source_held_in,41,True,3,baseline_rate,-0.4478466510772705,0.015741735651879196
Run2_20201019,2020-10-19,Run2,source_held_in,42,True,0,m_cos_phi,0.07549887150526047,-0.006704215212091635
Run2_20201019,2020-10-19,Run2,source_held_in,42,True,1,m_sin_phi,-0.3202145993709564,-0.02050023524889566
Run2_20201019,2020-10-19,Run2,source_held_in,42,True,2,modulation_magnitude,-0.3320806324481964,0.021568637528477597
Run2_20201019,2020-10-19,Run2,source_held_in,42,True,3,baseline_rate,-0.38913869857788086,0.03238424261043349
Run2_20201019,2020-10-19,Run2,source_held_in,43,True,0,m_cos_phi,0.13294044137001038,-0.002153006899087817
Run2_20201019,2020-10-19,Run2,source_held_in,43,True,1,m_sin_phi,-0.1998310685157776,-0.009069255072387428
Run2_20201019,2020-10-19,Run2,source_held_in,43,True,2,modulation_magnitude,-0.44311651587486267,0.009321310424434293
Run2_20201019,2020-10-19,Run2,source_held_in,43,True,3,baseline_rate,-0.4887023866176605,0.004159968036412387
Run2_20201019,2020-10-19,Run2,source_held_in,44,True,0,m_cos_phi,0.14652717113494873,-0.001076503635017545
Run2_20201019,2020-10-19,Run2,source_held_in,44,True,1,m_sin_phi,-0.1520753651857376,-0.004534627335495367
Run2_20201019,2020-10-19,Run2,source_held_in,44,True,2,modulation_magnitude,-0.4853706359863281,0.0046606546568739304
Run2_20201019,2020-10-19,Run2,source_held_in,44,True,3,baseline_rate,-0.4960397481918335,0.002079975703910719
Run2_20201019,2020-10-19,Run2,source_held_in,45,True,0,m_cos_phi,0.23364073038101196,0.005825674629774902
Run2_20201019,2020-10-19,Run2,source_held_in,45,True,1,m_sin_phi,-0.08546353876590729,0.0017904776179562543
Run2_20201019,2020-10-19,Run2,source_held_in,45,True,2,modulation_magnitude,-0.4723701775074005,0.0060946133248311885
Run2_20201019,2020-10-19,Run2,source_held_in,45,True,3,baseline_rate,-0.4600830376148224,0.012272969676760503
Run2_20201019,2020-10-19,Run2,source_held_in,46,True,0,m_cos_phi,0.210582435131073,0.003998720643797249
Run2_20201019,2020-10-19,Run2,source_held_in,46,True,1,m_sin_phi,0.00851582083851099,0.010714258047119743
Run2_20201019,2020-10-19,Run2,source_held_in,46,True,2,modulation_magnitude,-0.42394328117370605,0.011436130154605095
Run2_20201019,2020-10-19,Run2,source_held_in,46,True,3,baseline_rate,-0.43614059686660767,0.019060163230497196
Run2_20201019,2020-10-19,Run2,source_held_in,47,True,0,m_cos_phi,0.04556558281183243,-0.00907588842119511
Run2_20201019,2020-10-19,Run2,source_held_in,47,True,1,m_sin_phi,-0.0387442409992218,0.006226693791693716
Run2_20201019,2020-10-19,Run2,source_held_in,47,True,2,modulation_magnitude,-0.42783817648887634,0.011006520775287632
Run2_20201019,2020-10-19,Run2,source_held_in,47,True,3,baseline_rate,-0.48059266805648804,0.006458907819530069
Run2_20201019,2020-10-19,Run2,source_held_in,48,True,0,m_cos_phi,0.17174917459487915,0.0009218851988483934
Run2_20201019,2020-10-19,Run2,source_held_in,48,True,1,m_sin_phi,-0.10593779385089874,-0.00015364881148749454
Run2_20201019,2020-10-19,Run2,source_held_in,48,True,2,modulation_magnitude,-0.519151508808136,0.0009346033431829603
Run2_20201019,2020-10-19,Run2,source_held_in,48,True,3,baseline_rate,-0.47565126419067383,0.007859695016506407
Run2_20201019,2020-10-19,Run2,source_held_in,49,True,0,m_cos_phi,0.19119031727313995,0.0024622450876872204
Run2_20201019,2020-10-19,Run2,source_held_in,49,True,1,m_sin_phi,0.08993937820196152,0.018445806237395668
Run2_20201019,2020-10-19,Run2,source_held_in,49,True,2,modulation_magnitude,-0.35890933871269226,0.018609414516426837
Run2_20201019,2020-10-19,Run2,source_held_in,49,True,3,baseline_rate,-0.4470743238925934,0.015960674654144746
Run2_20201019,2020-10-19,Run2,source_held_in,50,True,0,m_cos_phi,0.2434961348772049,0.006606537669846757
Run2_20201019,2020-10-19,Run2,source_held_in,50,True,1,m_sin_phi,0.479826956987381,0.055467458223367405
Run2_20201019,2020-10-19,Run2,source_held_in,50,True,2,modulation_magnitude,-0.0211950596421957,0.05585950985352771
Run2_20201019,2020-10-19,Run2,source_held_in,50,True,3,baseline_rate,0.5639930367469788,0.30257764677876686
Run2_20201019,2020-10-19,Run2,source_held_in,51,True,0,m_cos_phi,0.17174917459487915,0.0009218851988483934
Run2_20201019,2020-10-19,Run2,source_held_in,51,True,1,m_sin_phi,-0.10593777894973755,-0.00015364739655243653
Run2_20201019,2020-10-19,Run2,source_held_in,51,True,2,modulation_magnitude,-0.519151508808136,0.0009346033431829603
Run2_20201019,2020-10-19,Run2,source_held_in,51,True,3,baseline_rate,-0.47565126419067383,0.007859695016506407
Run2_20201019,2020-10-19,Run2,source_held_in,52,True,0,m_cos_phi,0.050823915749788284,-0.008659260382718525
Run2_20201019,2020-10-19,Run2,source_held_in,52,True,1,m_sin_phi,-0.3288290202617645,-0.021318214865670537
Run2_20201019,2020-10-19,Run2,source_held_in,52,True,2,modulation_magnitude,-0.319015234708786,0.023009759037315503
Run2_20201019,2020-10-19,Run2,source_held_in,52,True,3,baseline_rate,-0.40064847469329834,0.029121455867969104
Run2_20201019,2020-10-19,Run2,source_held_in,53,True,0,m_cos_phi,0.11849633604288101,-0.0032974417116028443
Run2_20201019,2020-10-19,Run2,source_held_in,53,True,1,m_sin_phi,-0.09853192418813705,0.0005495732048751423
Run2_20201019,2020-10-19,Run2,source_held_in,53,True,2,modulation_magnitude,-0.4973173439502716,0.0033429253270800263
Run2_20201019,2020-10-19,Run2,source_held_in,53,True,3,baseline_rate,-0.49909651279449463,0.0012134452935548268
Run2_20201019,2020-10-19,Run2,source_held_in,54,True,0,m_cos_phi,0.07109789550304413,-0.007052913177933773
Run2_20201019,2020-10-19,Run2,source_held_in,54,True,1,m_sin_phi,0.05699540302157402,0.015317621472027587
Run2_20201019,2020-10-19,Run2,source_held_in,54,True,2,modulation_magnitude,-0.37473925948143005,0.016863364395486746
Run2_20201019,2020-10-19,Run2,source_held_in,54,True,3,baseline_rate,-0.48662737011909485,0.004748192885794644
Run2_20201019,2020-10-19,Run2,source_held_in,55,True,0,m_cos_phi,0.13044190406799316,-0.0023509709130600243
Run2_20201019,2020-10-19,Run2,source_held_in,55,True,1,m_sin_phi,-0.050547972321510315,0.005105874209518246
Run2_20201019,2020-10-19,Run2,source_held_in,55,True,2,modulation_magnitude,-0.47666290402412415,0.005621122916181109
Run2_20201019,2020-10-19,Run2,source_held_in,55,True,3,baseline_rate,-0.49779385328292847,0.0015827226923210702
Run2_20201019,2020-10-19,Run2,source_held_in,56,True,0,m_cos_phi,0.10490959882736206,-0.004373945565997239
Run2_20201019,2020-10-19,Run2,source_held_in,56,True,1,m_sin_phi,-0.14628762006759644,-0.003985053824549389
Run2_20201019,2020-10-19,Run2,source_held_in,56,True,2,modulation_magnitude,-0.47397956252098083,0.005917097155378803
Run2_20201019,2020-10-19,Run2,source_held_in,56,True,3,baseline_rate,-0.49175915122032166,0.0032934376260564946
Run2_20201019,2020-10-19,Run2,source_held_in,57,True,0,m_cos_phi,0.10045960545539856,-0.004726527274244052
Run2_20201019,2020-10-19,Run2,source_held_in,57,True,1,m_sin_phi,-0.04637834429740906,0.005501799922515094
Run2_20201019,2020-10-19,Run2,source_held_in,57,True,2,modulation_magnitude,-0.4618656635284424,0.007253267759766757
Run2_20201019,2020-10-19,Run2,source_held_in,57,True,3,baseline_rate,-0.46578747034072876,0.010655879362863274
Run2_20201019,2020-10-19,Run2,source_held_in,58,True,0,m_cos_phi,0.14652717113494873,-0.001076503635017545
Run2_20201019,2020-10-19,Run2,source_held_in,58,True,1,m_sin_phi,-0.1520753651857376,-0.004534627335495367
Run2_20201019,2020-10-19,Run2,source_held_in,58,True,2,modulation_magnitude,-0.4853706359863281,0.0046606546568739304
Run2_20201019,2020-10-19,Run2,source_held_in,58,True,3,baseline_rate,-0.4960397481918335,0.002079975703910719
Run2_20201019,2020-10-19,Run2,source_held_in,59,True,0,m_cos_phi,0.04608811065554619,-0.009034487514644585
Run2_20201019,2020-10-19,Run2,source_held_in,59,True,1,m_sin_phi,0.10160094499588013,0.01955312663165021
Run2_20201019,2020-10-19,Run2,source_held_in,59,True,2,modulation_magnitude,-0.33234548568725586,0.021539424051237432
Run2_20201019,2020-10-19,Run2,source_held_in,59,True,3,baseline_rate,-0.4276218116283417,0.02147506507207897
Run2_20201019,2020-10-19,Run2,source_held_in,60,True,0,m_cos_phi,0.035261187702417374,-0.009892325868724294
Run2_20201019,2020-10-19,Run2,source_held_in,60,True,1,m_sin_phi,-0.0869564339518547,0.0016487202267670975
Run2_20201019,2020-10-19,Run2,source_held_in,60,True,2,modulation_magnitude,-0.43670254945755005,0.01002877491539822
Run2_20201019,2020-10-19,Run2,source_held_in,60,True,3,baseline_rate,-0.4905353784561157,0.0036403522411454503
Run2_20201019,2020-10-19,Run2,source_held_in,61,True,0,m_cos_phi,0.21224810183048248,0.004130694685364977
Run2_20201019,2020-10-19,Run2,source_held_in,61,True,1,m_sin_phi,0.02884789928793907,0.012644884139007828
Run2_20201019,2020-10-19,Run2,source_held_in,61,True,2,modulation_magnitude,-0.40702277421951294,0.013302472611105731
Run2_20201019,2020-10-19,Run2,source_held_in,61,True,3,baseline_rate,-0.41832101345062256,0.02411165162982698
Run2_20201019,2020-10-19,Run2,source_held_in,62,True,0,m_cos_phi,0.24387159943580627,0.006636286463697072
Run2_20201019,2020-10-19,Run2,source_held_in,62,True,1,m_sin_phi,0.0244500283151865,0.012227285688860584
Run2_20201019,2020-10-19,Run2,source_held_in,62,True,2,modulation_magnitude,-0.4014957547187805,0.01391210630470896
Run2_20201019,2020-10-19,Run2,source_held_in,62,True,3,baseline_rate,-0.4589673578739166,0.012589242124717792
Run2_20201019,2020-10-19,Run2,source_held_in,63,True,0,m_cos_phi,0.0023068441078066826,-0.012503363186654834
Run2_20201019,2020-10-19,Run2,source_held_in,63,True,1,m_sin_phi,-0.03272825852036476,0.0067979395091894435
Run2_20201019,2020-10-19,Run2,source_held_in,63,True,2,modulation_magnitude,-0.39859676361083984,0.014231866829639728
Run2_20201019,2020-10-19,Run2,source_held_in,63,True,3,baseline_rate,-0.46767207980155945,0.010121631024593292
Run2_20201019,2020-10-19,Run2,source_held_in,64,True,0,m_cos_phi,-0.43844568729400635,-0.04742505125361696
Run2_20201019,2020-10-19,Run2,source_held_in,64,True,1,m_sin_phi,-0.26078641414642334,-0.014857250677819067
Run2_20201019,2020-10-19,Run2,source_held_in,64,True,2,modulation_magnitude,-0.07705771923065186,0.04969782370516196
Run2_20201019,2020-10-19,Run2,source_held_in,64,True,3,baseline_rate,0.9041189551353455,0.39899640646250667
Run2_20201019,2020-10-19,Run2,source_held_in,65,True,0,m_cos_phi,0.14652717113494873,-0.001076503635017545
Run2_20201019,2020-10-19,Run2,source_held_in,65,True,1,m_sin_phi,-0.1520753651857376,-0.004534627335495367
Run2_20201019,2020-10-19,Run2,source_held_in,65,True,2,modulation_magnitude,-0.4853706359863281,0.0046606546568739304
Run2_20201019,2020-10-19,Run2,source_held_in,65,True,3,baseline_rate,-0.4960397481918335,0.002079975703910719
Run2_20201019,2020-10-19,Run2,source_held_in,66,True,0,m_cos_phi,-1.8989553451538086,-0.16314409778603078
Run2_20201019,2020-10-19,Run2,source_held_in,66,True,1,m_sin_phi,0.4096969962120056,0.04880828993259012
Run2_20201019,2020-10-19,Run2,source_held_in,66,True,2,modulation_magnitude,1.0162352323532104,0.1702887172556773
Run2_20201019,2020-10-19,Run2,source_held_in,66,True,3,baseline_rate,0.5067375302314758,0.28634687862840913
Run2_20201019,2020-10-19,Run2,source_held_in,67,True,0,m_cos_phi,-0.8506940007209778,-0.08008829418914853
Run2_20201019,2020-10-19,Run2,source_held_in,67,True,1,m_sin_phi,-0.0836009606719017,0.001967338132999541
Run2_20201019,2020-10-19,Run2,source_held_in,67,True,2,modulation_magnitude,0.19868536293506622,0.0801124574230182
Run2_20201019,2020-10-19,Run2,source_held_in,67,True,3,baseline_rate,0.1977398693561554,0.1987523449688
Run2_20201019,2020-10-19,Run2,source_held_in,68,True,0,m_cos_phi,-0.4734742343425751,-0.050200431781956656
Run2_20201019,2020-10-19,Run2,source_held_in,68,True,1,m_sin_phi,0.7199535965919495,0.07826860749746078
Run2_20201019,2020-10-19,Run2,source_held_in,68,True,2,modulation_magnitude,0.3153821527957916,0.09298418603280623
Run2_20201019,2020-10-19,Run2,source_held_in,68,True,3,baseline_rate,-0.05215040594339371,0.1279135493969219
Run2_20201019,2020-10-19,Run2,source_held_in,69,True,0,m_cos_phi,0.10326842963695526,-0.004503978621848814
Run2_20201019,2020-10-19,Run2,source_held_in,69,True,1,m_sin_phi,-0.14605939388275146,-0.003963382679200933
Run2_20201019,2020-10-19,Run2,source_held_in,69,True,2,modulation_magnitude,-0.47323232889175415,0.005999517490119732
Run2_20201019,2020-10-19,Run2,source_held_in,69,True,3,baseline_rate,-0.4831191599369049,0.005742698908973942
Run2_20201019,2020-10-19,Run2,source_held_in,70,True,0,m_cos_phi,-0.5503898859024048,-0.05629460980674672
Run2_20201019,2020-10-19,Run2,source_held_in,70,True,1,m_sin_phi,0.8951600193977356,0.09490527807575777
Run2_20201019,2020-10-19,Run2,source_held_in,70,True,2,modulation_magnitude,0.47278067469596863,0.11034534103885929
Run2_20201019,2020-10-19,Run2,source_held_in,70,True,3,baseline_rate,1.421049952507019,0.5455357994168075
Run2_20201019,2020-10-19,Run2,source_held_in,71,True,0,m_cos_phi,0.5714066624641418,0.03258753231517186
Run2_20201019,2020-10-19,Run2,source_held_in,71,True,1,m_sin_phi,1.5725359916687012,0.15922529972711885
Run2_20201019,2020-10-19,Run2,source_held_in,71,True,2,modulation_magnitude,0.9458559155464172,0.16252583477398685
Run2_20201019,2020-10-19,Run2,source_held_in,71,True,3,baseline_rate,5.723577499389648,1.7652145923215699
Run2_20201019,2020-10-19,Run2,source_held_in,72,True,0,m_cos_phi,-0.15184246003627777,-0.02471691508149676
Run2_20201019,2020-10-19,Run2,source_held_in,72,True,1,m_sin_phi,1.493639588356018,0.1517337166521049
Run2_20201019,2020-10-19,Run2,source_held_in,72,True,2,modulation_magnitude,0.8661451935768127,0.1537336924904884
Run2_20201019,2020-10-19,Run2,source_held_in,72,True,3,baseline_rate,3.3958678245544434,1.1053563821184156
Run2_20201019,2020-10-19,Run2,source_held_in,73,True,0,m_cos_phi,-0.8567607402801514,-0.080568973870772
Run2_20201019,2020-10-19,Run2,source_held_in,73,True,1,m_sin_phi,-0.08628541231155396,0.001712436874831802
Run2_20201019,2020-10-19,Run2,source_held_in,73,True,2,modulation_magnitude,0.20298917591571808,0.0805871706755451
Run2_20201019,2020-10-19,Run2,source_held_in,73,True,3,baseline_rate,0.7526738047599792,0.356064795638785
Run2_20201019,2020-10-19,Run2,source_held_in,74,True,0,m_cos_phi,0.2624063789844513,0.00810483342298296
Run2_20201019,2020-10-19,Run2,source_held_in,74,True,1,m_sin_phi,-0.03130100667476654,0.006933463757714309
Run2_20201019,2020-10-19,Run2,source_held_in,74,True,2,modulation_magnitude,-0.4309263825416565,0.010665889724082778
Run2_20201019,2020-10-19,Run2,source_held_in,74,True,3,baseline_rate,0.028097622096538544,0.15066222837833787
Run2_20201019,2020-10-19,Run2,source_held_in,75,True,0,m_cos_phi,-0.4878937304019928,-0.051342916753893686
Run2_20201019,2020-10-19,Run2,source_held_in,75,True,1,m_sin_phi,-0.11349181085824966,-0.0008709381121968507
Run2_20201019,2020-10-19,Run2,source_held_in,75,True,2,modulation_magnitude,-0.06207612529397011,0.05135030284812006
Run2_20201019,2020-10-19,Run2,source_held_in,75,True,3,baseline_rate,-0.35356807708740234,0.04246778820302666
Run2_20201019,2020-10-19,Run2,source_held_in,76,True,0,m_cos_phi,0.2133912593126297,0.004221269296192487
Run2_20201019,2020-10-19,Run2,source_held_in,76,True,1,m_sin_phi,-0.0911652147769928,0.001249076771905333
Run2_20201019,2020-10-19,Run2,source_held_in,76,True,2,modulation_magnitude,-0.48771387338638306,0.004402194112091085
Run2_20201019,2020-10-19,Run2,source_held_in,76,True,3,baseline_rate,-0.45347222685813904,0.014146999673308791
Run2_20201019,2020-10-19,Run2,source_held_in,77,True,0,m_cos_phi,-0.1732511669397354,-0.02641316894536394
Run2_20201019,2020-10-19,Run2,source_held_in,77,True,1,m_sin_phi,0.12005846947431564,0.021305755042875574
Run2_20201019,2020-10-19,Run2,source_held_in,77,True,2,modulation_magnitude,-0.21996468305587769,0.03393509658128435
Run2_20201019,2020-10-19,Run2,source_held_in,77,True,3,baseline_rate,-0.31043723225593567,0.054694502892888686
Run2_20201019,2020-10-19,Run2,source_held_in,78,True,0,m_cos_phi,0.025887692347168922,-0.01063500630178274
Run2_20201019,2020-10-19,Run2,source_held_in,78,True,1,m_sin_phi,0.01363756787031889,0.011200591919982447
Run2_20201019,2020-10-19,Run2,source_held_in,78,True,2,modulation_magnitude,-0.3875958323478699,0.015445276400210428
Run2_20201019,2020-10-19,Run2,source_held_in,78,True,3,baseline_rate,-0.2975400388240814,0.05835059414283794
Run2_20201019,2020-10-19,Run2,source_held_in,79,True,0,m_cos_phi,0.036690108478069305,-0.009779109671324338
Run2_20201019,2020-10-19,Run2,source_held_in,79,True,1,m_sin_phi,0.18163461983203888,0.02715269896522643
Run2_20201019,2020-10-19,Run2,source_held_in,79,True,2,modulation_magnitude,-0.26597610116004944,0.028860008504780987
Run2_20201019,2020-10-19,Run2,source_held_in,79,True,3,baseline_rate,-0.4021897614002228,0.028684532527040396
Run2_20201019,2020-10-19,Run2,source_held_in,80,True,0,m_cos_phi,-0.7566565275192261,-0.07263752063303919
Run2_20201019,2020-10-19,Run2,source_held_in,80,True,1,m_sin_phi,0.6579785943031311,0.07238379071587975
Run2_20201019,2020-10-19,Run2,source_held_in,80,True,2,modulation_magnitude,0.402068167924881,0.10254570749656966
Run2_20201019,2020-10-19,Run2,source_held_in,80,True,3,baseline_rate,2.8713254928588867,0.9566593311458007
Run2_20201019,2020-10-19,Run2,source_held_in,81,True,0,m_cos_phi,-1.848797082901001,-0.15916996022906105
Run2_20201019,2020-10-19,Run2,source_held_in,81,True,1,m_sin_phi,-0.48237454891204834,-0.035898082076114335
Run2_20201019,2020-10-19,Run2,source_held_in,81,True,2,modulation_magnitude,0.9516766667366028,0.1631678672558965
Run2_20201019,2020-10-19,Run2,source_held_in,81,True,3,baseline_rate,2.1172609329223633,0.742897410457573
Run2_20201019,2020-10-19,Run2,source_held_in,82,True,0,m_cos_phi,-0.8483180999755859,-0.07990004691023955
Run2_20201019,2020-10-19,Run2,source_held_in,82,True,1,m_sin_phi,0.38343921303749084,0.04631499041882181
Run2_20201019,2020-10-19,Run2,source_held_in,82,True,2,modulation_magnitude,0.3096607029438019,0.09235310655035245
Run2_20201019,2020-10-19,Run2,source_held_in,82,True,3,baseline_rate,-0.13712215423583984,0.10382579208240372
Run2_20201019,2020-10-19,Run2,source_held_in,83,True,0,m_cos_phi,1.80642831325531,0.13044072151343222
Run2_20201019,2020-10-19,Run2,source_held_in,83,True,1,m_sin_phi,1.1425765752792358,0.1183986390490599
Run2_20201019,2020-10-19,Run2,source_held_in,83,True,2,modulation_magnitude,1.0694825649261475,0.1761619312051952
Run2_20201019,2020-10-19,Run2,source_held_in,83,True,3,baseline_rate,2.4276747703552246,0.8308934012828644
Run2_20201019,2020-10-19,Run2,source_held_in,84,True,0,m_cos_phi,0.012276426889002323,-0.011713453576980296
Run2_20201019,2020-10-19,Run2,source_held_in,84,True,1,m_sin_phi,-0.05467844754457474,0.004713666238386316
Run2_20201019,2020-10-19,Run2,source_held_in,84,True,2,modulation_magnitude,-0.4131529629230499,0.012626308978730849
Run2_20201019,2020-10-19,Run2,source_held_in,84,True,3,baseline_rate,-0.4577659070491791,0.012929828925309472
Run2_20201019,2020-10-19,Run2,source_held_in,85,True,0,m_cos_phi,-0.5149691700935364,-0.053488156977873125
Run2_20201019,2020-10-19,Run2,source_held_in,85,True,1,m_sin_phi,0.10941816121339798,0.020295407930289167
Run2_20201019,2020-10-19,Run2,source_held_in,85,True,2,modulation_magnitude,-0.008959086611866951,0.057209145300321465
Run2_20201019,2020-10-19,Run2,source_held_in,85,True,3,baseline_rate,-0.2683309018611908,0.06663078863886174
Run2_20201019,2020-10-19,Run2,source_held_in,86,True,0,m_cos_phi,-0.22959862649440765,-0.030877688751241417
Run2_20201019,2020-10-19,Run2,source_held_in,86,True,1,m_sin_phi,0.1981036365032196,0.02871650924523328
Run2_20201019,2020-10-19,Run2,source_held_in,86,True,2,modulation_magnitude,-0.1453317105770111,0.04216715993312348
Run2_20201019,2020-10-19,Run2,source_held_in,86,True,3,baseline_rate,-0.40477171540260315,0.027952601236271413
Run2_20201019,2020-10-19,Run2,source_held_in,87,True,0,m_cos_phi,0.1520712822675705,-0.0006372328293202667
Run2_20201019,2020-10-19,Run2,source_held_in,87,True,1,m_sin_phi,-0.05355596914887428,0.004820250820169736
Run2_20201019,2020-10-19,Run2,source_held_in,87,True,2,modulation_magnitude,-0.4835434854030609,0.004862190504304698
Run2_20201019,2020-10-19,Run2,source_held_in,87,True,3,baseline_rate,-0.433702290058136,0.019751373472031375
Run2_20201019,2020-10-19,Run2,source_held_in,88,True,0,m_cos_phi,0.14652717113494873,-0.001076503635017545
Run2_20201019,2020-10-19,Run2,source_held_in,88,True,1,m_sin_phi,-0.1520753651857376,-0.004534627335495367
Run2_20201019,2020-10-19,Run2,source_held_in,88,True,2,modulation_magnitude,-0.4853706359863281,0.0046606546568739304
Run2_20201019,2020-10-19,Run2,source_held_in,88,True,3,baseline_rate,-0.4960397481918335,0.002079975703910719
Run2_20201019,2020-10-19,Run2,source_held_in,89,True,0,m_cos_phi,-6.965488433837891,-0.5645754577857929
Run2_20201019,2020-10-19,Run2,source_held_in,89,True,1,m_sin_phi,0.5405811071395874,0.061236349375645815
Run2_20201019,2020-10-19,Run2,source_held_in,89,True,2,modulation_magnitude,4.62091064453125,0.5678866605007897
Run2_20201019,2020-10-19,Run2,source_held_in,89,True,3,baseline_rate,3.6141059398651123,1.1672224360012748
Run2_20201019,2020-10-19,Run2,source_held_in,90,True,0,m_cos_phi,1.2030433416366577,0.08263334603190664
Run2_20201019,2020-10-19,Run2,source_held_in,90,True,1,m_sin_phi,0.8222712874412537,0.08798415153821093
Run2_20201019,2020-10-19,Run2,source_held_in,90,True,2,modulation_magnitude,0.5666945576667786,0.12070410082766214
Run2_20201019,2020-10-19,Run2,source_held_in,90,True,3,baseline_rate,0.7215458750724792,0.3472406625465094
Run2_20201019,2020-10-19,Run2,source_held_in,91,True,0,m_cos_phi,-1.1323983669281006,-0.10240828398591262
Run2_20201019,2020-10-19,Run2,source_held_in,91,True,1,m_sin_phi,-0.18484219908714294,-0.007645991706627608
Run2_20201019,2020-10-19,Run2,source_held_in,91,True,2,modulation_magnitude,0.40340644121170044,0.10269331987369013
Run2_20201019,2020-10-19,Run2,source_held_in,91,True,3,baseline_rate,0.4404081404209137,0.26754384966073363
Run2_20201019,2020-10-19,Run2,source_held_in,92,True,0,m_cos_phi,0.06305526196956635,-0.0076901468169550125
Run2_20201019,2020-10-19,Run2,source_held_in,92,True,1,m_sin_phi,0.10775910317897797,0.02013787259826816
Run2_20201019,2020-10-19,Run2,source_held_in,92,True,2,modulation_magnitude,-0.33219286799430847,0.021556257877832108
Run2_20201019,2020-10-19,Run2,source_held_in,92,True,3,baseline_rate,-0.41695258021354675,0.024499574538066504
Run2_20201019,2020-10-19,Run2,source_held_in,93,True,0,m_cos_phi,0.1545698046684265,-0.00043926999599630534
Run2_20201019,2020-10-19,Run2,source_held_in,93,True,1,m_sin_phi,-0.20283904671669006,-0.009354876693067116
Run2_20201019,2020-10-19,Run2,source_held_in,93,True,2,modulation_magnitude,-0.4427187442779541,0.009365184879337463
Run2_20201019,2020-10-19,Run2,source_held_in,93,True,3,baseline_rate,-0.42461082339286804,0.02232861881612269
Run2_20201019,2020-10-19,Run2,source_held_in,94,True,0,m_cos_phi,0.09189442545175552,-0.005405163295626125
Run2_20201019,2020-10-19,Run2,source_held_in,94,True,1,m_sin_phi,-0.13595983386039734,-0.003004382144934592
Run2_20201019,2020-10-19,Run2,source_held_in,94,True,2,modulation_magnitude,-0.4715596139431,0.0061840189908577425
Run2_20201019,2020-10-19,Run2,source_held_in,94,True,3,baseline_rate,-0.4490835666656494,0.01539109531423577
Run2_20201019,2020-10-19,Run2,source_held_in,95,True,0,m_cos_phi,0.22695349156856537,0.005295831574546606
Run2_20201019,2020-10-19,Run2,source_held_in,95,True,1,m_sin_phi,-0.06396982073783875,0.0038314068293936465
Run2_20201019,2020-10-19,Run2,source_held_in,95,True,2,modulation_magnitude,-0.4683641791343689,0.00653647744063468
Run2_20201019,2020-10-19,Run2,source_held_in,95,True,3,baseline_rate,-0.48726919293403625,0.004566249210209428
Run1_20201020,2020-10-20,Run1,source_held_in,0,True,0,m_cos_phi,-1.5083121061325073,-0.13219266729695
Run1_20201020,2020-10-20,Run1,source_held_in,0,True,1,m_sin_phi,2.797299861907959,0.2755223664616935
Run1_20201020,2020-10-20,Run1,source_held_in,0,True,2,modulation_magnitude,2.2429275512695312,0.3055936441148219
Run1_20201020,2020-10-20,Run1,source_held_in,0,True,3,baseline_rate,0.7021877765655518,0.34175303650284405
Run1_20201020,2020-10-20,Run1,source_held_in,1,True,0,m_cos_phi,0.07334117591381073,-0.006875173668412726
Run1_20201020,2020-10-20,Run1,source_held_in,1,True,1,m_sin_phi,-0.05700309947133064,0.004492929648395483
Run1_20201020,2020-10-20,Run1,source_held_in,1,True,2,modulation_magnitude,-0.4531640112400055,0.008213065427270516
Run1_20201020,2020-10-20,Run1,source_held_in,1,True,3,baseline_rate,-0.2469000667333603,0.0727059932330989
Run1_20201020,2020-10-20,Run1,source_held_in,2,True,0,m_cos_phi,-2.1616501808166504,-0.18395792517039666
Run1_20201020,2020-10-20,Run1,source_held_in,2,True,1,m_sin_phi,3.6926403045654297,0.36053913560394335
Run1_20201020,2020-10-20,Run1,source_held_in,2,True,2,modulation_magnitude,3.1419641971588135,0.40475794614876826
Run1_20201020,2020-10-20,Run1,source_held_in,2,True,3,baseline_rate,1.612449288368225,0.59979360680612
Run1_20201020,2020-10-20,Run1,source_held_in,3,True,0,m_cos_phi,-1.371656060218811,-0.12136514058329873
Run1_20201020,2020-10-20,Run1,source_held_in,3,True,1,m_sin_phi,2.150949716567993,0.21414839241409211
Run1_20201020,2020-10-20,Run1,source_held_in,3,True,2,modulation_magnitude,1.7039891481399536,0.2461484025554297
Run1_20201020,2020-10-20,Run1,source_held_in,3,True,3,baseline_rate,0.9704650640487671,0.4178041749547923
Run1_20201020,2020-10-20,Run1,source_held_in,4,True,0,m_cos_phi,0.36837902665138245,0.016501254275483657
Run1_20201020,2020-10-20,Run1,source_held_in,4,True,1,m_sin_phi,0.01798568293452263,0.01161346581353756
Run1_20201020,2020-10-20,Run1,source_held_in,4,True,2,modulation_magnitude,-0.34468555450439453,0.02017830677431931
Run1_20201020,2020-10-20,Run1,source_held_in,4,True,3,baseline_rate,-0.38211333751678467,0.03437578916193118
Run1_20201020,2020-10-20,Run1,source_held_in,5,True,0,m_cos_phi,1.0459415912628174,0.07018586602792354
Run1_20201020,2020-10-20,Run1,source_held_in,5,True,1,m_sin_phi,-0.983299732208252,-0.08346327475235427
Run1_20201020,2020-10-20,Run1,source_held_in,5,True,2,modulation_magnitude,0.4610482156276703,0.1090512434957065
Run1_20201020,2020-10-20,Run1,source_held_in,5,True,3,baseline_rate,0.34258022904396057,0.23981163236276704
Run1_20201020,2020-10-20,Run1,source_held_in,6,True,0,m_cos_phi,-3.9889049530029297,-0.32873490687077833
Run1_20201020,2020-10-20,Run1,source_held_in,6,True,1,m_sin_phi,7.621073246002197,0.7335622456531681
Run1_20201020,2020-10-20,Run1,source_held_in,6,True,2,modulation_magnitude,6.760215759277344,0.8038533471886353
Run1_20201020,2020-10-20,Run1,source_held_in,6,True,3,baseline_rate,3.002840280532837,0.9939410907002539
Run1_20201020,2020-10-20,Run1,source_held_in,7,True,0,m_cos_phi,-3.5972795486450195,-0.29770565749451805
Run1_20201020,2020-10-20,Run1,source_held_in,7,True,1,m_sin_phi,8.079463005065918,0.7770885005465828
Run1_20201020,2020-10-20,Run1,source_held_in,7,True,2,modulation_magnitude,7.01687479019165,0.8321629981663783
Run1_20201020,2020-10-20,Run1,source_held_in,7,True,3,baseline_rate,4.066686153411865,1.2955196944235325
Run1_20201020,2020-10-20,Run1,source_held_in,8,True,0,m_cos_phi,0.15683531761169434,-0.00025976895929247235
Run1_20201020,2020-10-20,Run1,source_held_in,8,True,1,m_sin_phi,-0.09778805077075958,0.0006202074704384497
Run1_20201020,2020-10-20,Run1,source_held_in,8,True,2,modulation_magnitude,-0.5215286016464233,0.0006724085224751875
Run1_20201020,2020-10-20,Run1,source_held_in,8,True,3,baseline_rate,-0.23014788329601288,0.07745489551222251
Run1_20201020,2020-10-20,Run1,source_held_in,9,True,0,m_cos_phi,0.6104881763458252,0.03568403735989634
Run1_20201020,2020-10-20,Run1,source_held_in,9,True,1,m_sin_phi,-0.5824881196022034,-0.04540433458282411
Run1_20201020,2020-10-20,Run1,source_held_in,9,True,2,modulation_magnitude,-0.004068075213581324,0.05774862690406779
Run1_20201020,2020-10-20,Run1,source_held_in,9,True,3,baseline_rate,-0.1893368661403656,0.08902398637781861
Run1_20201020,2020-10-20,Run1,source_held_in,10,True,0,m_cos_phi,-0.7335460782051086,-0.07080643437820111
Run1_20201020,2020-10-20,Run1,source_held_in,10,True,1,m_sin_phi,2.638409376144409,0.2604349705355524
Run1_20201020,2020-10-20,Run1,source_held_in,10,True,2,modulation_magnitude,1.919222116470337,0.26988873302668104
Run1_20201020,2020-10-20,Run1,source_held_in,10,True,3,baseline_rate,1.12628173828125,0.4619750236179243
Run1_20201020,2020-10-20,Run1,source_held_in,11,True,0,m_cos_phi,0.027594029903411865,-0.010499809828409035
Run1_20201020,2020-10-20,Run1,source_held_in,11,True,1,m_sin_phi,-0.053580138832330704,0.004817955795505646
Run1_20201020,2020-10-20,Run1,source_held_in,11,True,2,modulation_magnitude,-0.422888845205307,0.01155243509870707
Run1_20201020,2020-10-20,Run1,source_held_in,11,True,3,baseline_rate,-0.4308689832687378,0.020554558150610802
Run1_20201020,2020-10-20,Run1,source_held_in,12,True,0,m_cos_phi,0.032752275466918945,-0.010091111909037664
Run1_20201020,2020-10-20,Run1,source_held_in,12,True,1,m_sin_phi,-0.24402420222759247,-0.013265600135610844
Run1_20201020,2020-10-20,Run1,source_held_in,12,True,2,modulation_magnitude,-0.3765146732330322,0.016667535152814494
Run1_20201020,2020-10-20,Run1,source_held_in,12,True,3,baseline_rate,-0.388256698846817,0.03263427154240528
Run1_20201020,2020-10-20,Run1,source_held_in,13,True,0,m_cos_phi,0.10911194235086441,-0.004040985641272088
Run1_20201020,2020-10-20,Run1,source_held_in,13,True,1,m_sin_phi,0.024423830211162567,0.012224798056161723
Run1_20201020,2020-10-20,Run1,source_held_in,13,True,2,modulation_magnitude,-0.41089490056037903,0.01287537466383637
Run1_20201020,2020-10-20,Run1,source_held_in,13,True,3,baseline_rate,-0.45400580763816833,0.01399574040660756
Run1_20201020,2020-10-20,Run1,source_held_in,14,True,0,m_cos_phi,-1.4947757720947266,-0.13112015698524715
Run1_20201020,2020-10-20,Run1,source_held_in,14,True,1,m_sin_phi,0.07030926644802094,0.016581835171520565
Run1_20201020,2020-10-20,Run1,source_held_in,14,True,2,modulation_magnitude,0.6705960035324097,0.13216449502482153
Run1_20201020,2020-10-20,Run1,source_held_in,14,True,3,baseline_rate,1.3734519481658936,0.5320427361308973
Run1_20201020,2020-10-20,Run1,source_held_in,15,True,0,m_cos_phi,-0.02969128079712391,-0.01503863742116393
Run1_20201020,2020-10-20,Run1,source_held_in,15,True,1,m_sin_phi,0.15634769201278687,0.02475158671529254
Run1_20201020,2020-10-20,Run1,source_held_in,15,True,2,modulation_magnitude,-0.2650507688522339,0.028962073234704455
Run1_20201020,2020-10-20,Run1,source_held_in,15,True,3,baseline_rate,-0.437417209148407,0.018698269690036184
Run1_20201020,2020-10-20,Run1,source_held_in,16,True,0,m_cos_phi,-0.39304235577583313,-0.04382765619059681
Run1_20201020,2020-10-20,Run1,source_held_in,16,True,1,m_sin_phi,0.18832789361476898,0.02778825666471252
Run1_20201020,2020-10-20,Run1,source_held_in,16,True,2,modulation_magnitude,-0.057141341269016266,0.05189461259985301
Run1_20201020,2020-10-20,Run1,source_held_in,16,True,3,baseline_rate,-0.08389949798583984,0.11891332944802002
Run1_20201020,2020-10-20,Run1,source_held_in,17,True,0,m_cos_phi,0.22121895849704742,0.0048414732649157965
Run1_20201020,2020-10-20,Run1,source_held_in,17,True,1,m_sin_phi,-0.09269396960735321,0.0011039143394990791
Run1_20201020,2020-10-20,Run1,source_held_in,17,True,2,modulation_magnitude,-0.4826047718524933,0.004965731193638634
Run1_20201020,2020-10-20,Run1,source_held_in,17,True,3,baseline_rate,-0.47038060426712036,0.009353819589405177
Run1_20201020,2020-10-20,Run1,source_held_in,18,True,0,m_cos_phi,-0.023882055655121803,-0.014578361112200872
Run1_20201020,2020-10-20,Run1,source_held_in,18,True,1,m_sin_phi,-0.1396278440952301,-0.0033526768990737033
Run1_20201020,2020-10-20,Run1,source_held_in,18,True,2,modulation_magnitude,-0.3920052647590637,0.014958913258706463
Run1_20201020,2020-10-20,Run1,source_held_in,18,True,3,baseline_rate,-0.381854772567749,0.03444908705055383
Run1_20201020,2020-10-20,Run1,source_held_in,19,True,0,m_cos_phi,0.06224655732512474,-0.007754222073066808
Run1_20201020,2020-10-20,Run1,source_held_in,19,True,1,m_sin_phi,-0.11912285536527634,-0.0014056321660728122
Run1_20201020,2020-10-20,Run1,source_held_in,19,True,2,modulation_magnitude,-0.4561782479286194,0.007880593243007272
Run1_20201020,2020-10-20,Run1,source_held_in,19,True,3,baseline_rate,-0.4028676152229309,0.028492374795744624
Run1_20201020,2020-10-20,Run1,source_held_in,20,True,0,m_cos_phi,0.21575669944286346,0.004408687760032892
Run1_20201020,2020-10-20,Run1,source_held_in,20,True,1,m_sin_phi,-0.13046659529209137,-0.002482773410475092
Run1_20201020,2020-10-20,Run1,source_held_in,20,True,2,modulation_magnitude,-0.4817527234554291,0.005059712662559113
Run1_20201020,2020-10-20,Run1,source_held_in,20,True,3,baseline_rate,-0.44227516651153564,0.017321137874358072
Run1_20201020,2020-10-20,Run1,source_held_in,21,True,0,m_cos_phi,0.028415437787771225,-0.010434728069667665
Run1_20201020,2020-10-20,Run1,source_held_in,21,True,1,m_sin_phi,-0.1184040904045105,-0.0013373820660822489
Run1_20201020,2020-10-20,Run1,source_held_in,21,True,2,modulation_magnitude,-0.4322482943534851,0.010520082027845046
Run1_20201020,2020-10-20,Run1,source_held_in,21,True,3,baseline_rate,-0.4283439517021179,0.02127035309199421
Run1_20201020,2020-10-20,Run1,source_held_in,22,True,0,m_cos_phi,0.04719221219420433,-0.00894700738286941
Run1_20201020,2020-10-20,Run1,source_held_in,22,True,1,m_sin_phi,-0.22927510738372803,-0.011865104489869438
Run1_20201020,2020-10-20,Run1,source_held_in,22,True,2,modulation_magnitude,-0.3928989768028259,0.014860336263603724
Run1_20201020,2020-10-20,Run1,source_held_in,22,True,3,baseline_rate,-0.40690532326698303,0.027347766929877615
Run1_20201020,2020-10-20,Run1,source_held_in,23,True,0,m_cos_phi,0.052514173090457916,-0.008525337976383107
Run1_20201020,2020-10-20,Run1,source_held_in,23,True,1,m_sin_phi,-0.07211444526910782,0.003058036577660128
Run1_20201020,2020-10-20,Run1,source_held_in,23,True,2,modulation_magnitude,-0.4455109238624573,0.009057205731972662
Run1_20201020,2020-10-20,Run1,source_held_in,23,True,3,baseline_rate,-0.4573400914669037,0.013050538956734137
Run1_20201020,2020-10-20,Run1,source_held_in,24,True,0,m_cos_phi,0.03305627778172493,-0.010067025209012315
Run1_20201020,2020-10-20,Run1,source_held_in,24,True,1,m_sin_phi,-0.015807516872882843,0.008404643191746053
Run1_20201020,2020-10-20,Run1,source_held_in,24,True,2,modulation_magnitude,-0.4087294042110443,0.013114230260013349
Run1_20201020,2020-10-20,Run1,source_held_in,24,True,3,baseline_rate,-0.3178707957267761,0.05258723928509035
Run1_20201020,2020-10-20,Run1,source_held_in,25,True,0,m_cos_phi,-0.049142759293317795,-0.016579816237142275
Run1_20201020,2020-10-20,Run1,source_held_in,25,True,1,m_sin_phi,-0.14837558567523956,-0.004183315939812582
Run1_20201020,2020-10-20,Run1,source_held_in,25,True,2,modulation_magnitude,-0.3725990653038025,0.017099429146364198
Run1_20201020,2020-10-20,Run1,source_held_in,25,True,3,baseline_rate,-0.4160333275794983,0.02476016390811786
Run1_20201020,2020-10-20,Run1,source_held_in,26,True,0,m_cos_phi,0.10378997772932053,-0.004462655342920452
Run1_20201020,2020-10-20,Run1,source_held_in,26,True,1,m_sin_phi,-0.13273683190345764,-0.002698343011367843
Run1_20201020,2020-10-20,Run1,source_held_in,26,True,2,modulation_magnitude,-0.4803447723388672,0.005215010547701127
Run1_20201020,2020-10-20,Run1,source_held_in,26,True,3,baseline_rate,-0.4035710394382477,0.028292968379751038
Run1_20201020,2020-10-20,Run1,source_held_in,27,True,0,m_cos_phi,0.19302019476890564,0.002607229872924055
Run1_20201020,2020-10-20,Run1,source_held_in,27,True,1,m_sin_phi,-0.06762806326150894,0.0034840395651850598
Run1_20201020,2020-10-20,Run1,source_held_in,27,True,2,modulation_magnitude,-0.48817282915115356,0.00435157100536232
Run1_20201020,2020-10-20,Run1,source_held_in,27,True,3,baseline_rate,-0.45288753509521484,0.014312747861055186
Run1_20201020,2020-10-20,Run1,source_held_in,28,True,0,m_cos_phi,0.2346673458814621,0.005907015390671733
Run1_20201020,2020-10-20,Run1,source_held_in,28,True,1,m_sin_phi,0.0003045407065656036,0.009934558533862065
Run1_20201020,2020-10-20,Run1,source_held_in,28,True,2,modulation_magnitude,-0.422838032245636,0.011558039799809183
Run1_20201020,2020-10-20,Run1,source_held_in,28,True,3,baseline_rate,-0.42152541875839233,0.023203268091274154
Run1_20201020,2020-10-20,Run1,source_held_in,29,True,0,m_cos_phi,0.19100698828697205,0.0024477195723187073
Run1_20201020,2020-10-20,Run1,source_held_in,29,True,1,m_sin_phi,-0.07122477889060974,0.0031425145678309896
Run1_20201020,2020-10-20,Run1,source_held_in,29,True,2,modulation_magnitude,-0.4915115535259247,0.003983307627198895
Run1_20201020,2020-10-20,Run1,source_held_in,29,True,3,baseline_rate,-0.4262291491031647,0.021869856489245443
Run1_20201020,2020-10-20,Run1,source_held_in,30,True,0,m_cos_phi,-0.07321135699748993,-0.01848681846934963
Run1_20201020,2020-10-20,Run1,source_held_in,30,True,1,m_sin_phi,-0.03456968069076538,0.006623087848194764
Run1_20201020,2020-10-20,Run1,source_held_in,30,True,2,modulation_magnitude,-0.34958940744400024,0.01963740874056663
Run1_20201020,2020-10-20,Run1,source_held_in,30,True,3,baseline_rate,-0.4197916090488434,0.023694767776198056
Run1_20201020,2020-10-20,Run1,source_held_in,31,True,0,m_cos_phi,-0.04903903603553772,-0.016571598039865076
Run1_20201020,2020-10-20,Run1,source_held_in,31,True,1,m_sin_phi,-0.06682899594306946,0.0035599147502032302
Run1_20201020,2020-10-20,Run1,source_held_in,31,True,2,modulation_magnitude,-0.37395691871643066,0.016949657069170954
Run1_20201020,2020-10-20,Run1,source_held_in,31,True,3,baseline_rate,-0.3839677572250366,0.03385009900268088
Run1_20201020,2020-10-20,Run1,source_held_in,32,True,0,m_cos_phi,2.5168044567108154,0.18672521751635784
Run1_20201020,2020-10-20,Run1,source_held_in,32,True,1,m_sin_phi,-1.7307854890823364,-0.1544405488724241
Run1_20201020,2020-10-20,Run1,source_held_in,32,True,2,modulation_magnitude,1.6692655086517334,0.2423183634912025
Run1_20201020,2020-10-20,Run1,source_held_in,32,True,3,baseline_rate,2.0037221908569336,0.7107114931423837
Run1_20201020,2020-10-20,Run1,source_held_in,33,True,0,m_cos_phi,0.15744972229003906,-0.00021108847082018656
Run1_20201020,2020-10-20,Run1,source_held_in,33,True,1,m_sin_phi,-0.0023849017452448606,0.00967918337470106
Run1_20201020,2020-10-20,Run1,source_held_in,33,True,2,modulation_magnitude,-0.43985113501548767,0.009681483967165283
Run1_20201020,2020-10-20,Run1,source_held_in,33,True,3,baseline_rate,-0.4896687865257263,0.003886013375927533
Run1_20201020,2020-10-20,Run1,source_held_in,34,True,0,m_cos_phi,0.20156720280647278,0.003284426093770332
Run1_20201020,2020-10-20,Run1,source_held_in,34,True,1,m_sin_phi,-0.544087290763855,-0.041757996000674424
Run1_20201020,2020-10-20,Run1,source_held_in,34,True,2,modulation_magnitude,-0.1478719860315323,0.04188696596820185
Run1_20201020,2020-10-20,Run1,source_held_in,34,True,3,baseline_rate,-0.06400614231824875,0.1245526899781002
Run1_20201020,2020-10-20,Run1,source_held_in,35,True,0,m_cos_phi,0.14300978183746338,-0.0013551932921505028
Run1_20201020,2020-10-20,Run1,source_held_in,35,True,1,m_sin_phi,-0.01713399961590767,0.00827868744155097
Run1_20201020,2020-10-20,Run1,source_held_in,35,True,2,modulation_magnitude,-0.4515701234340668,0.008388872245067125
Run1_20201020,2020-10-20,Run1,source_held_in,35,True,3,baseline_rate,-0.4710201323032379,0.009172526436805661
Run1_20201020,2020-10-20,Run1,source_held_in,36,True,0,m_cos_phi,-0.08122765272855759,-0.019121965312596356
Run1_20201020,2020-10-20,Run1,source_held_in,36,True,1,m_sin_phi,-0.24989113211631775,-0.013822692611455079
Run1_20201020,2020-10-20,Run1,source_held_in,36,True,2,modulation_magnitude,-0.3137108385562897,0.023594837236940558
Run1_20201020,2020-10-20,Run1,source_held_in,36,True,3,baseline_rate,-0.3228941261768341,0.05116322757268943
Run1_20201020,2020-10-20,Run1,source_held_in,37,True,0,m_cos_phi,-0.1453937292098999,-0.024205969482091305
Run1_20201020,2020-10-20,Run1,source_held_in,37,True,1,m_sin_phi,0.7738407850265503,0.08338544846721696
Run1_20201020,2020-10-20,Run1,source_held_in,37,True,2,modulation_magnitude,0.25956735014915466,0.08682777853493229
Run1_20201020,2020-10-20,Run1,source_held_in,37,True,3,baseline_rate,0.5823861956596375,0.3077917321311201
Run1_20201020,2020-10-20,Run1,source_held_in,38,True,0,m_cos_phi,0.22039753198623657,0.004776390030364119
Run1_20201020,2020-10-20,Run1,source_held_in,38,True,1,m_sin_phi,-0.027870025485754013,0.007259251493619445
Run1_20201020,2020-10-20,Run1,source_held_in,38,True,2,modulation_magnitude,-0.4488429129123688,0.008689685264336555
Run1_20201020,2020-10-20,Run1,source_held_in,38,True,3,baseline_rate,-0.47290563583374023,0.00863802464802177
Run1_20201020,2020-10-20,Run1,source_held_in,39,True,0,m_cos_phi,0.0035318501759320498,-0.012406303551727383
Run1_20201020,2020-10-20,Run1,source_held_in,39,True,1,m_sin_phi,-0.30080440640449524,-0.018657146502074173
Run1_20201020,2020-10-20,Run1,source_held_in,39,True,2,modulation_magnitude,-0.3244937062263489,0.022405480216495466
Run1_20201020,2020-10-20,Run1,source_held_in,39,True,3,baseline_rate,-0.41160905361175537,0.026014355327848904
Run1_20201020,2020-10-20,Run1,source_held_in,40,True,0,m_cos_phi,0.1285698562860489,-0.002499296932832573
Run1_20201020,2020-10-20,Run1,source_held_in,40,True,1,m_sin_phi,-0.03188308700919151,0.006878192503277092
Run1_20201020,2020-10-20,Run1,source_held_in,40,True,2,modulation_magnitude,-0.46127697825431824,0.007318200112183204
Run1_20201020,2020-10-20,Run1,source_held_in,40,True,3,baseline_rate,-0.4523714482784271,0.014459047946034254
Run1_20201020,2020-10-20,Run1,source_held_in,41,True,0,m_cos_phi,0.06217298284173012,-0.00776005152378062
Run1_20201020,2020-10-20,Run1,source_held_in,41,True,1,m_sin_phi,-0.040573880076408386,0.006052960990596157
Run1_20201020,2020-10-20,Run1,source_held_in,41,True,2,modulation_magnitude,-0.43839967250823975,0.009841581185802362
Run1_20201020,2020-10-20,Run1,source_held_in,41,True,3,baseline_rate,-0.46768760681152344,0.010117229434001729
Run1_20201020,2020-10-20,Run1,source_held_in,42,True,0,m_cos_phi,0.20043537020683289,0.003194748775609657
Run1_20201020,2020-10-20,Run1,source_held_in,42,True,1,m_sin_phi,-0.3464498519897461,-0.02299139538085626
Run1_20201020,2020-10-20,Run1,source_held_in,42,True,2,modulation_magnitude,-0.31717902421951294,0.023212294198021954
Run1_20201020,2020-10-20,Run1,source_held_in,42,True,3,baseline_rate,-0.4421425461769104,0.017358733033921325
Run1_20201020,2020-10-20,Run1,source_held_in,43,True,0,m_cos_phi,0.24395544826984406,0.006642929971376388
Run1_20201020,2020-10-20,Run1,source_held_in,43,True,1,m_sin_phi,-0.15553250908851624,-0.004862899343628602
Run1_20201020,2020-10-20,Run1,source_held_in,43,True,2,modulation_magnitude,-0.45298659801483154,0.008232634216514434
Run1_20201020,2020-10-20,Run1,source_held_in,43,True,3,baseline_rate,-0.4597681760787964,0.01236222649940899
Run1_20201020,2020-10-20,Run1,source_held_in,44,True,0,m_cos_phi,0.16923187673091888,0.0007224347487346794
Run1_20201020,2020-10-20,Run1,source_held_in,44,True,1,m_sin_phi,-0.246731236577034,-0.013522645727858995
Run1_20201020,2020-10-20,Run1,source_held_in,44,True,2,modulation_magnitude,-0.4048518240451813,0.013541929767576955
Run1_20201020,2020-10-20,Run1,source_held_in,44,True,3,baseline_rate,-0.47159093618392944,0.009010715180375328
Run1_20201020,2020-10-20,Run1,source_held_in,45,True,0,m_cos_phi,0.07391858100891113,-0.00682942472953485
Run1_20201020,2020-10-20,Run1,source_held_in,45,True,1,m_sin_phi,-0.0839855745434761,0.0019308172442172866
Run1_20201020,2020-10-20,Run1,source_held_in,45,True,2,modulation_magnitude,-0.4632813334465027,0.007097118486011578
Run1_20201020,2020-10-20,Run1,source_held_in,45,True,3,baseline_rate,-0.4398735761642456,0.018001939748121032
Run1_20201020,2020-10-20,Run1,source_held_in,46,True,0,m_cos_phi,-0.010604096576571465,-0.013526322355594617
Run1_20201020,2020-10-20,Run1,source_held_in,46,True,1,m_sin_phi,-0.08733683824539185,0.0016125990571387305
Run1_20201020,2020-10-20,Run1,source_held_in,46,True,2,modulation_magnitude,-0.404124915599823,0.013622108221877038
Run1_20201020,2020-10-20,Run1,source_held_in,46,True,3,baseline_rate,-0.46367812156677246,0.011253836711979659
Run1_20201020,2020-10-20,Run1,source_held_in,47,True,0,m_cos_phi,0.10413054376840591,-0.0044356716272618835
Run1_20201020,2020-10-20,Run1,source_held_in,47,True,1,m_sin_phi,-0.10545478761196136,-0.00010778510651721085
Run1_20201020,2020-10-20,Run1,source_held_in,47,True,2,modulation_magnitude,-0.48739850521087646,0.0044369794182861355
Run1_20201020,2020-10-20,Run1,source_held_in,47,True,3,baseline_rate,-0.4840249717235565,0.005485919744981693
Run1_20201020,2020-10-20,Run1,source_held_in,48,True,0,m_cos_phi,0.15878181159496307,-0.00010554442088372973
Run1_20201020,2020-10-20,Run1,source_held_in,48,True,1,m_sin_phi,-0.05335228517651558,0.004839591567477652
Run1_20201020,2020-10-20,Run1,source_held_in,48,True,2,modulation_magnitude,-0.4837379455566406,0.004840741428239426
Run1_20201020,2020-10-20,Run1,source_held_in,48,True,3,baseline_rate,-0.4965229034423828,0.0019430110461939876
Run1_20201020,2020-10-20,Run1,source_held_in,49,True,0,m_cos_phi,0.15878181159496307,-0.00010554442088372973
Run1_20201020,2020-10-20,Run1,source_held_in,49,True,1,m_sin_phi,-0.05335228517651558,0.004839591567477652
Run1_20201020,2020-10-20,Run1,source_held_in,49,True,2,modulation_magnitude,-0.4837379455566406,0.004840741428239426
Run1_20201020,2020-10-20,Run1,source_held_in,49,True,3,baseline_rate,-0.4965229034423828,0.0019430110461939876
Run1_20201020,2020-10-20,Run1,source_held_in,50,True,0,m_cos_phi,0.5814682841300964,0.033384734346317835
Run1_20201020,2020-10-20,Run1,source_held_in,50,True,1,m_sin_phi,-0.4384652376174927,-0.031728687280940804
Run1_20201020,2020-10-20,Run1,source_held_in,50,True,2,modulation_magnitude,-0.11006559431552887,0.046057034523339646
Run1_20201020,2020-10-20,Run1,source_held_in,50,True,3,baseline_rate,-0.11476515233516693,0.1101635460639998
Run1_20201020,2020-10-20,Run1,source_held_in,51,True,0,m_cos_phi,0.0005271016270853579,-0.012644375676256647
Run1_20201020,2020-10-20,Run1,source_held_in,51,True,1,m_sin_phi,-0.226151704788208,-0.011568522782230417
Run1_20201020,2020-10-20,Run1,source_held_in,51,True,2,modulation_magnitude,-0.3722493648529053,0.017138001323919738
Run1_20201020,2020-10-20,Run1,source_held_in,51,True,3,baseline_rate,-0.45855045318603516,0.012707426099353825
Run1_20201020,2020-10-20,Run1,source_held_in,52,True,0,m_cos_phi,0.18090389668941498,0.0016472317971045758
Run1_20201020,2020-10-20,Run1,source_held_in,52,True,1,m_sin_phi,-0.21159397065639496,-0.010186197732503954
Run1_20201020,2020-10-20,Run1,source_held_in,52,True,2,modulation_magnitude,-0.43407562375068665,0.010318526457125943
Run1_20201020,2020-10-20,Run1,source_held_in,52,True,3,baseline_rate,-0.36749324202537537,0.03852028800053464
Run1_20201020,2020-10-20,Run1,source_held_in,53,True,0,m_cos_phi,0.16246768832206726,0.0001864948259648891
Run1_20201020,2020-10-20,Run1,source_held_in,53,True,1,m_sin_phi,-0.07344090938568115,0.002932082596133867
Run1_20201020,2020-10-20,Run1,source_held_in,53,True,2,modulation_magnitude,-0.5009884238243103,0.0029380029303296418
Run1_20201020,2020-10-20,Run1,source_held_in,53,True,3,baseline_rate,-0.4693858325481415,0.009635817079531428
Run1_20201020,2020-10-20,Run1,source_held_in,54,True,0,m_cos_phi,0.16325893998146057,0.00024918724781874957
Run1_20201020,2020-10-20,Run1,source_held_in,54,True,1,m_sin_phi,-0.2983604371547699,-0.018425080173340103
Run1_20201020,2020-10-20,Run1,source_held_in,54,True,2,modulation_magnitude,-0.36056527495384216,0.018426763717577677
Run1_20201020,2020-10-20,Run1,source_held_in,54,True,3,baseline_rate,-0.43410632014274597,0.01963683918479564
Run1_20201020,2020-10-20,Run1,source_held_in,55,True,0,m_cos_phi,0.3137277662754059,0.012171127659429626
Run1_20201020,2020-10-20,Run1,source_held_in,55,True,1,m_sin_phi,-0.034116826951503754,0.006666088432075168
Run1_20201020,2020-10-20,Run1,source_held_in,55,True,2,modulation_magnitude,-0.4018133878707886,0.013877071170194988
Run1_20201020,2020-10-20,Run1,source_held_in,55,True,3,baseline_rate,-0.3696154057979584,0.037918697860718886
Run1_20201020,2020-10-20,Run1,source_held_in,56,True,0,m_cos_phi,0.01397549919784069,-0.01157883274341695
Run1_20201020,2020-10-20,Run1,source_held_in,56,True,1,m_sin_phi,-0.13315317034721375,-0.0027378762968885972
Run1_20201020,2020-10-20,Run1,source_held_in,56,True,2,modulation_magnitude,-0.4197548031806946,0.011898121886155355
Run1_20201020,2020-10-20,Run1,source_held_in,56,True,3,baseline_rate,-0.4096952974796295,0.026556866152872338
Run1_20201020,2020-10-20,Run1,source_held_in,57,True,0,m_cos_phi,0.307073712348938,0.011643913907844805
Run1_20201020,2020-10-20,Run1,source_held_in,57,True,1,m_sin_phi,-0.14031009376049042,-0.003417459700704617
Run1_20201020,2020-10-20,Run1,source_held_in,57,True,2,modulation_magnitude,-0.4176066815853119,0.01213506103614903
Run1_20201020,2020-10-20,Run1,source_held_in,57,True,3,baseline_rate,-0.4534301161766052,0.014158937192513932
Run1_20201020,2020-10-20,Run1,source_held_in,58,True,0,m_cos_phi,0.0890396386384964,-0.005631353657535643
Run1_20201020,2020-10-20,Run1,source_held_in,58,True,1,m_sin_phi,-0.014672407880425453,0.008512427107858017
Run1_20201020,2020-10-20,Run1,source_held_in,58,True,2,modulation_magnitude,-0.4350908398628235,0.010206547487598971
Run1_20201020,2020-10-20,Run1,source_held_in,58,True,3,baseline_rate,-0.4783264696598053,0.007101328837136656
Run1_20201020,2020-10-20,Run1,source_held_in,59,True,0,m_cos_phi,0.10546264797449112,-0.004330126396677181
Run1_20201020,2020-10-20,Run1,source_held_in,59,True,1,m_sin_phi,-0.15642216801643372,-0.004947376626331934
Run1_20201020,2020-10-20,Run1,source_held_in,59,True,2,modulation_magnitude,-0.46801772713661194,0.006574691311785452
Run1_20201020,2020-10-20,Run1,source_held_in,59,True,3,baseline_rate,-0.490879088640213,0.003542917415248148
Run1_20201020,2020-10-20,Run1,source_held_in,60,True,0,m_cos_phi,0.15410441160202026,-0.000476144002010237
Run1_20201020,2020-10-20,Run1,source_held_in,60,True,1,m_sin_phi,0.04498577117919922,0.014177250670954322
Run1_20201020,2020-10-20,Run1,source_held_in,60,True,2,modulation_magnitude,-0.39901942014694214,0.014185247550443147
Run1_20201020,2020-10-20,Run1,source_held_in,60,True,3,baseline_rate,-0.4561562240123749,0.013386141230552262
Run1_20201020,2020-10-20,Run1,source_held_in,61,True,0,m_cos_phi,0.17622649669647217,0.0012766322159780685
Run1_20201020,2020-10-20,Run1,source_held_in,61,True,1,m_sin_phi,-0.11325591057538986,-0.00084853827529352
Run1_20201020,2020-10-20,Run1,source_held_in,61,True,2,modulation_magnitude,-0.5137271881103516,0.0015329092948519474
Run1_20201020,2020-10-20,Run1,source_held_in,61,True,3,baseline_rate,-0.46823015809059143,0.009963427213810938
Run1_20201020,2020-10-20,Run1,source_held_in,62,True,0,m_cos_phi,0.1534598469734192,-0.0005272141225320937
Run1_20201020,2020-10-20,Run1,source_held_in,62,True,1,m_sin_phi,-0.2105129510164261,-0.010083549853785678
Run1_20201020,2020-10-20,Run1,source_held_in,62,True,2,modulation_magnitude,-0.4360811114311218,0.010097319916794856
Run1_20201020,2020-10-20,Run1,source_held_in,62,True,3,baseline_rate,-0.44608813524246216,0.016240239019337466
Run1_20201020,2020-10-20,Run1,source_held_in,63,True,0,m_cos_phi,0.06746479868888855,-0.007340770568695643
Run1_20201020,2020-10-20,Run1,source_held_in,63,True,1,m_sin_phi,-0.04350877180695534,0.005774279272642235
Run1_20201020,2020-10-20,Run1,source_held_in,63,True,2,modulation_magnitude,-0.44295018911361694,0.009339656369801386
Run1_20201020,2020-10-20,Run1,source_held_in,63,True,3,baseline_rate,-0.48536795377731323,0.005105211728038128
Run1_20201020,2020-10-20,Run1,source_held_in,64,True,0,m_cos_phi,0.7615469098091125,0.047652717274263345
Run1_20201020,2020-10-20,Run1,source_held_in,64,True,1,m_sin_phi,-3.7735774517059326,-0.34841321493064115
Run1_20201020,2020-10-20,Run1,source_held_in,64,True,2,modulation_magnitude,2.6605429649353027,0.351656884366637
Run1_20201020,2020-10-20,Run1,source_held_in,64,True,3,baseline_rate,1.2545114755630493,0.49832553839747007
Run1_20201020,2020-10-20,Run1,source_held_in,65,True,0,m_cos_phi,0.10413054376840591,-0.0044356716272618835
Run1_20201020,2020-10-20,Run1,source_held_in,65,True,1,m_sin_phi,-0.10545478761196136,-0.00010778510651721085
Run1_20201020,2020-10-20,Run1,source_held_in,65,True,2,modulation_magnitude,-0.48739850521087646,0.0044369794182861355
Run1_20201020,2020-10-20,Run1,source_held_in,65,True,3,baseline_rate,-0.4840249717235565,0.005485919744981693
Run1_20201020,2020-10-20,Run1,source_held_in,66,True,0,m_cos_phi,0.23919062316417694,0.006265403526991564
Run1_20201020,2020-10-20,Run1,source_held_in,66,True,1,m_sin_phi,-2.071141242980957,-0.18675892205966704
Run1_20201020,2020-10-20,Run1,source_held_in,66,True,2,modulation_magnitude,1.1665090322494507,0.18686401098684602
Run1_20201020,2020-10-20,Run1,source_held_in,66,True,3,baseline_rate,0.7357254028320312,0.3512602694202087
Run1_20201020,2020-10-20,Run1,source_held_in,67,True,0,m_cos_phi,0.9762567281723022,0.06466459756442511
Run1_20201020,2020-10-20,Run1,source_held_in,67,True,1,m_sin_phi,-1.7429256439208984,-0.1555933134434042
Run1_20201020,2020-10-20,Run1,source_held_in,67,True,2,modulation_magnitude,0.9999792575836182,0.16849567311306224
Run1_20201020,2020-10-20,Run1,source_held_in,67,True,3,baseline_rate,0.4009914994239807,0.25637003599245567
Run1_20201020,2020-10-20,Run1,source_held_in,68,True,0,m_cos_phi,0.10345614701509476,-0.004489105405571903
Run1_20201020,2020-10-20,Run1,source_held_in,68,True,1,m_sin_phi,-0.466916024684906,-0.03443022278719621
Run1_20201020,2020-10-20,Run1,source_held_in,68,True,2,modulation_magnitude,-0.21283374726772308,0.03472164324043836
Run1_20201020,2020-10-20,Run1,source_held_in,68,True,3,baseline_rate,0.041712164878845215,0.15452167353603485
Run1_20201020,2020-10-20,Run1,source_held_in,69,True,0,m_cos_phi,0.1202431321144104,-0.003159039630660665
Run1_20201020,2020-10-20,Run1,source_held_in,69,True,1,m_sin_phi,-0.114391028881073,-0.0009563230757398955
Run1_20201020,2020-10-20,Run1,source_held_in,69,True,2,modulation_magnitude,-0.49770089983940125,0.003300618873599559
Run1_20201020,2020-10-20,Run1,source_held_in,69,True,3,baseline_rate,-0.44887807965278625,0.015449346690682653
Run1_20201020,2020-10-20,Run1,source_held_in,70,True,0,m_cos_phi,1.2709914445877075,0.08801700758105646
Run1_20201020,2020-10-20,Run1,source_held_in,70,True,1,m_sin_phi,1.1334569454193115,0.1175326874740783
Run1_20201020,2020-10-20,Run1,source_held_in,70,True,2,modulation_magnitude,0.8036133050918579,0.1468363862407065
Run1_20201020,2020-10-20,Run1,source_held_in,70,True,3,baseline_rate,0.7288410663604736,0.349308700463105
Run1_20201020,2020-10-20,Run1,source_held_in,71,True,0,m_cos_phi,2.8290865421295166,0.21146794001691305
Run1_20201020,2020-10-20,Run1,source_held_in,71,True,1,m_sin_phi,3.2948853969573975,0.3227704438927326
Run1_20201020,2020-10-20,Run1,source_held_in,71,True,2,modulation_magnitude,2.9707682132720947,0.3858749224914302
Run1_20201020,2020-10-20,Run1,source_held_in,71,True,3,baseline_rate,2.8462069034576416,0.949538723441016
Run1_20201020,2020-10-20,Run1,source_held_in,72,True,0,m_cos_phi,1.4728031158447266,0.104006942362588
Run1_20201020,2020-10-20,Run1,source_held_in,72,True,1,m_sin_phi,1.619559407234192,0.1636903933104552
Run1_20201020,2020-10-20,Run1,source_held_in,72,True,2,modulation_magnitude,1.2306437492370605,0.19393811021884133
Run1_20201020,2020-10-20,Run1,source_held_in,72,True,3,baseline_rate,1.5944209098815918,0.5946829292634419
Run1_20201020,2020-10-20,Run1,source_held_in,73,True,0,m_cos_phi,0.27797430753707886,0.009338310955226525
Run1_20201020,2020-10-20,Run1,source_held_in,73,True,1,m_sin_phi,0.76661217212677,0.08269905781083686
Run1_20201020,2020-10-20,Run1,source_held_in,73,True,2,modulation_magnitude,0.22690074145793915,0.083224631248899
Run1_20201020,2020-10-20,Run1,source_held_in,73,True,3,baseline_rate,0.18201030790805817,0.19429333516331093
Run1_20201020,2020-10-20,Run1,source_held_in,74,True,0,m_cos_phi,0.8114053010940552,0.05160309546593389
Run1_20201020,2020-10-20,Run1,source_held_in,74,True,1,m_sin_phi,0.10112025588750839,0.019507482949081445
Run1_20201020,2020-10-20,Run1,source_held_in,74,True,2,modulation_magnitude,-0.027471547946333885,0.05516720928407935
Run1_20201020,2020-10-20,Run1,source_held_in,74,True,3,baseline_rate,-0.03701641038060188,0.13220372842278916
Run1_20201020,2020-10-20,Run1,source_held_in,75,True,0,m_cos_phi,0.540910005569458,0.03017122233783809
Run1_20201020,2020-10-20,Run1,source_held_in,75,True,1,m_sin_phi,-0.14207051694393158,-0.0035846201284577273
Run1_20201020,2020-10-20,Run1,source_held_in,75,True,2,modulation_magnitude,-0.25216466188430786,0.030383418859770916
Run1_20201020,2020-10-20,Run1,source_held_in,75,True,3,baseline_rate,-0.20458374917507172,0.08470180605643884
Run1_20201020,2020-10-20,Run1,source_held_in,76,True,0,m_cos_phi,0.22121895849704742,0.0048414732649157965
Run1_20201020,2020-10-20,Run1,source_held_in,76,True,1,m_sin_phi,-0.09269396960735321,0.0011039143394990791
Run1_20201020,2020-10-20,Run1,source_held_in,76,True,2,modulation_magnitude,-0.4826047718524933,0.004965731193638634
Run1_20201020,2020-10-20,Run1,source_held_in,76,True,3,baseline_rate,-0.47038060426712036,0.009353819589405177
Run1_20201020,2020-10-20,Run1,source_held_in,77,True,0,m_cos_phi,-0.13063053786754608,-0.02303625285836408
Run1_20201020,2020-10-20,Run1,source_held_in,77,True,1,m_sin_phi,-0.06628398597240448,0.003611665999949887
Run1_20201020,2020-10-20,Run1,source_held_in,77,True,2,modulation_magnitude,-0.3162238299846649,0.023317652717097515
Run1_20201020,2020-10-20,Run1,source_held_in,77,True,3,baseline_rate,-0.284547358751297,0.06203375390767274
Run1_20201020,2020-10-20,Run1,source_held_in,78,True,0,m_cos_phi,0.09215453267097473,-0.005384554490170945
Run1_20201020,2020-10-20,Run1,source_held_in,78,True,1,m_sin_phi,-0.3688087463378906,-0.025114477136696678
Run1_20201020,2020-10-20,Run1,source_held_in,78,True,2,modulation_magnitude,-0.29475918412208557,0.02568521652564848
Run1_20201020,2020-10-20,Run1,source_held_in,78,True,3,baseline_rate,-0.3763013184070587,0.036023378021002195
Run1_20201020,2020-10-20,Run1,source_held_in,79,True,0,m_cos_phi,0.19562411308288574,0.0028135434312908103
Run1_20201020,2020-10-20,Run1,source_held_in,79,True,1,m_sin_phi,-0.48975393176078796,-0.03659878904541136
Run1_20201020,2020-10-20,Run1,source_held_in,79,True,2,modulation_magnitude,-0.19483627378940582,0.03670677577537129
Run1_20201020,2020-10-20,Run1,source_held_in,79,True,3,baseline_rate,-0.2599833309650421,0.06899715470702983
Run1_20201020,2020-10-20,Run1,source_held_in,80,True,0,m_cos_phi,-0.1859026402235031,-0.0274155700029326
Run1_20201020,2020-10-20,Run1,source_held_in,80,True,1,m_sin_phi,0.147240549325943,0.023886820855889557
Run1_20201020,2020-10-20,Run1,source_held_in,80,True,2,modulation_magnitude,-0.19796222448349,0.036361981466720206
Run1_20201020,2020-10-20,Run1,source_held_in,80,True,3,baseline_rate,1.6576968431472778,0.612620365587663
Run1_20201020,2020-10-20,Run1,source_held_in,81,True,0,m_cos_phi,5.4978132247924805,0.4229163926248276
Run1_20201020,2020-10-20,Run1,source_held_in,81,True,1,m_sin_phi,-1.9406535625457764,-0.1743685055488946
Run1_20201020,2020-10-20,Run1,source_held_in,81,True,2,modulation_magnitude,3.6196982860565186,0.4574523137254136
Run1_20201020,2020-10-20,Run1,source_held_in,81,True,3,baseline_rate,3.651599884033203,1.1778512043393903
Run1_20201020,2020-10-20,Run1,source_held_in,82,True,0,m_cos_phi,-0.04394793137907982,-0.01616821982632738
Run1_20201020,2020-10-20,Run1,source_held_in,82,True,1,m_sin_phi,-0.5397542715072632,-0.041346555524766515
Run1_20201020,2020-10-20,Run1,source_held_in,82,True,2,modulation_magnitude,-0.12513044476509094,0.04439537213515199
Run1_20201020,2020-10-20,Run1,source_held_in,82,True,3,baseline_rate,-0.24205361306667328,0.07407986398549804
Run1_20201020,2020-10-20,Run1,source_held_in,83,True,0,m_cos_phi,-0.015078389085829258,-0.01388082933217781
Run1_20201020,2020-10-20,Run1,source_held_in,83,True,1,m_sin_phi,0.7377938628196716,0.07996262434631074
Run1_20201020,2020-10-20,Run1,source_held_in,83,True,2,modulation_magnitude,0.20816875994205475,0.08115848201991172
Run1_20201020,2020-10-20,Run1,source_held_in,83,True,3,baseline_rate,1.153151273727417,0.46959198880914954
Run1_20201020,2020-10-20,Run1,source_held_in,84,True,0,m_cos_phi,0.1317647397518158,-0.0022461600456842312
Run1_20201020,2020-10-20,Run1,source_held_in,84,True,1,m_sin_phi,-0.8255986571311951,-0.06848881894254344
Run1_20201020,2020-10-20,Run1,source_held_in,84,True,2,modulation_magnitude,0.09363769739866257,0.06852563448221477
Run1_20201020,2020-10-20,Run1,source_held_in,84,True,3,baseline_rate,-0.2625080943107605,0.0682814358008006
Run1_20201020,2020-10-20,Run1,source_held_in,85,True,0,m_cos_phi,-0.05894186720252037,-0.017356218788141364
Run1_20201020,2020-10-20,Run1,source_held_in,85,True,1,m_sin_phi,-0.06052810698747635,0.0041582136722743135
Run1_20201020,2020-10-20,Run1,source_held_in,85,True,2,modulation_magnitude,-0.3658180236816406,0.01784738226106697
Run1_20201020,2020-10-20,Run1,source_held_in,85,True,3,baseline_rate,-0.42801517248153687,0.021363555294309222
Run1_20201020,2020-10-20,Run1,source_held_in,86,True,0,m_cos_phi,0.40756872296333313,0.019606330826472895
Run1_20201020,2020-10-20,Run1,source_held_in,86,True,1,m_sin_phi,-0.026507040485739708,0.007388673304106003
Run1_20201020,2020-10-20,Run1,source_held_in,86,True,2,modulation_magnitude,-0.3376680612564087,0.020952340650631562
Run1_20201020,2020-10-20,Run1,source_held_in,86,True,3,baseline_rate,-0.27570438385009766,0.06454055690559812
Run1_20201020,2020-10-20,Run1,source_held_in,87,True,0,m_cos_phi,0.03503934666514397,-0.009909902769484169
Run1_20201020,2020-10-20,Run1,source_held_in,87,True,1,m_sin_phi,-0.1723063588142395,-0.006455654950117129
Run1_20201020,2020-10-20,Run1,source_held_in,87,True,2,modulation_magnitude,-0.42039814591407776,0.011827160781937573
Run1_20201020,2020-10-20,Run1,source_held_in,87,True,3,baseline_rate,-0.4528784155845642,0.014315333056297064
Run1_20201020,2020-10-20,Run1,source_held_in,88,True,0,m_cos_phi,0.09037173539400101,-0.005525809017275063
Run1_20201020,2020-10-20,Run1,source_held_in,88,True,1,m_sin_phi,-0.06563978642225266,0.003672835764910176
Run1_20201020,2020-10-20,Run1,source_held_in,88,True,2,modulation_magnitude,-0.4674702286720276,0.006635080733455201
Run1_20201020,2020-10-20,Run1,source_held_in,88,True,3,baseline_rate,-0.4851806163787842,0.005158318059052647
Run1_20201020,2020-10-20,Run1,source_held_in,89,True,0,m_cos_phi,-2.54058837890625,-0.21398194229459477
Run1_20201020,2020-10-20,Run1,source_held_in,89,True,1,m_sin_phi,-3.7599663734436035,-0.3471207792902149
Run1_20201020,2020-10-20,Run1,source_held_in,89,True,2,modulation_magnitude,3.1693246364593506,0.4077758196459005
Run1_20201020,2020-10-20,Run1,source_held_in,89,True,3,baseline_rate,4.148064136505127,1.318588692612778
Run1_20201020,2020-10-20,Run1,source_held_in,90,True,0,m_cos_phi,0.4443845748901367,0.022523323028011077
Run1_20201020,2020-10-20,Run1,source_held_in,90,True,1,m_sin_phi,0.6037588119506836,0.06723536839562883
Run1_20201020,2020-10-20,Run1,source_held_in,90,True,2,modulation_magnitude,0.11523331701755524,0.07090764477766809
Run1_20201020,2020-10-20,Run1,source_held_in,90,True,3,baseline_rate,0.14817702770233154,0.1847022903851716
Run1_20201020,2020-10-20,Run1,source_held_in,91,True,0,m_cos_phi,-0.3951396346092224,-0.04399382770860516
Run1_20201020,2020-10-20,Run1,source_held_in,91,True,1,m_sin_phi,-0.656585693359375,-0.052440246312016825
Run1_20201020,2020-10-20,Run1,source_held_in,91,True,2,modulation_magnitude,0.09295418113470078,0.06845024221255086
Run1_20201020,2020-10-20,Run1,source_held_in,91,True,3,baseline_rate,-0.2181667983531952,0.08085128869309433
Run1_20201020,2020-10-20,Run1,source_held_in,92,True,0,m_cos_phi,0.09170382469892502,-0.005420264967338606
Run1_20201020,2020-10-20,Run1,source_held_in,92,True,1,m_sin_phi,-0.1166071742773056,-0.001166756462372076
Run1_20201020,2020-10-20,Run1,source_held_in,92,True,2,modulation_magnitude,-0.47735831141471863,0.0055444190478428634
Run1_20201020,2020-10-20,Run1,source_held_in,92,True,3,baseline_rate,-0.4920347332954407,0.0032153157293191015
Run1_20201020,2020-10-20,Run1,source_held_in,93,True,0,m_cos_phi,0.3555816113948822,0.015487289948995286
Run1_20201020,2020-10-20,Run1,source_held_in,93,True,1,m_sin_phi,-0.18054431676864624,-0.007237887647586483
Run1_20201020,2020-10-20,Run1,source_held_in,93,True,2,modulation_magnitude,-0.37263810634613037,0.01709512289507753
Run1_20201020,2020-10-20,Run1,source_held_in,93,True,3,baseline_rate,-0.4180183410644531,0.024197453077135833
Run1_20201020,2020-10-20,Run1,source_held_in,94,True,0,m_cos_phi,0.2644350230693817,0.008265566875170993
Run1_20201020,2020-10-20,Run1,source_held_in,94,True,1,m_sin_phi,-0.12999327480793,-0.002437829413292514
Run1_20201020,2020-10-20,Run1,source_held_in,94,True,2,modulation_magnitude,-0.44949665665626526,0.00861757692218057
Run1_20201020,2020-10-20,Run1,source_held_in,94,True,3,baseline_rate,-0.41728848218917847,0.02440435317999068
Run1_20201020,2020-10-20,Run1,source_held_in,95,True,0,m_cos_phi,0.08969061076641083,-0.005579775858268077
Run1_20201020,2020-10-20,Run1,source_held_in,95,True,1,m_sin_phi,-0.1202038824558258,-0.0015082807522586172
Run1_20201020,2020-10-20,Run1,source_held_in,95,True,2,modulation_magnitude,-0.4752221703529358,0.005780036737518035
Run1_20201020,2020-10-20,Run1,source_held_in,95,True,3,baseline_rate,-0.4653763473033905,0.010772424357509358
Run2_20201020,2020-10-20,Run2,source_held_in,0,True,0,m_cos_phi,-3.1226019859313965,-0.26009602261675724
Run2_20201020,2020-10-20,Run2,source_held_in,0,True,1,m_sin_phi,2.628567695617676,0.2595004568674
Run2_20201020,2020-10-20,Run2,source_held_in,0,True,2,modulation_magnitude,2.8033664226531982,0.36741040071486175
Run2_20201020,2020-10-20,Run2,source_held_in,0,True,3,baseline_rate,1.0218896865844727,0.4323820064402355
Run2_20201020,2020-10-20,Run2,source_held_in,1,True,0,m_cos_phi,0.2318231165409088,0.00568166151804439
Run2_20201020,2020-10-20,Run2,source_held_in,1,True,1,m_sin_phi,0.2735595405101776,0.0358814007945738
Run2_20201020,2020-10-20,Run2,source_held_in,1,True,2,modulation_magnitude,-0.19826622307300568,0.036328450232941845
Run2_20201020,2020-10-20,Run2,source_held_in,1,True,3,baseline_rate,-0.25798043608665466,0.06956493454829005
Run2_20201020,2020-10-20,Run2,source_held_in,2,True,0,m_cos_phi,-3.340296506881714,-0.27734438675055983
Run2_20201020,2020-10-20,Run2,source_held_in,2,True,1,m_sin_phi,5.152785778045654,0.4991867881823495
Run2_20201020,2020-10-20,Run2,source_held_in,2,True,2,modulation_magnitude,4.64966344833374,0.571058112669764
Run2_20201020,2020-10-20,Run2,source_held_in,2,True,3,baseline_rate,2.216876745223999,0.771136461196555
Run2_20201020,2020-10-20,Run2,source_held_in,3,True,0,m_cos_phi,-3.179027557373047,-0.2645667313807394
Run2_20201020,2020-10-20,Run2,source_held_in,3,True,1,m_sin_phi,2.6502504348754883,0.2615593345300482
Run2_20201020,2020-10-20,Run2,source_held_in,3,True,2,modulation_magnitude,2.8452789783477783,0.37203338171448586
Run2_20201020,2020-10-20,Run2,source_held_in,3,True,3,baseline_rate,1.4345335960388184,0.5493581373071805
Run2_20201020,2020-10-20,Run2,source_held_in,4,True,0,m_cos_phi,-0.11890556663274765,-0.02210726037645261
Run2_20201020,2020-10-20,Run2,source_held_in,4,True,1,m_sin_phi,-0.042930081486701965,0.005829228629353755
Run2_20201020,2020-10-20,Run2,source_held_in,4,True,2,modulation_magnitude,-0.3203469514846802,0.02286286984743402
Run2_20201020,2020-10-20,Run2,source_held_in,4,True,3,baseline_rate,-0.30724573135375977,0.05559922829569075
Run2_20201020,2020-10-20,Run2,source_held_in,5,True,0,m_cos_phi,0.736044704914093,0.04563212753078272
Run2_20201020,2020-10-20,Run2,source_held_in,5,True,1,m_sin_phi,-0.7744110822677612,-0.06362831892737653
Run2_20201020,2020-10-20,Run2,source_held_in,5,True,2,modulation_magnitude,0.18225128948688507,0.07829976888522061
Run2_20201020,2020-10-20,Run2,source_held_in,5,True,3,baseline_rate,0.15663482248783112,0.18709990267752952
Run2_20201020,2020-10-20,Run2,source_held_in,6,True,0,m_cos_phi,-2.2750492095947266,-0.19294275277306383
Run2_20201020,2020-10-20,Run2,source_held_in,6,True,1,m_sin_phi,5.1830244064331055,0.5020580875968648
Run2_20201020,2020-10-20,Run2,source_held_in,6,True,2,modulation_magnitude,4.348649978637695,0.5378561394668822
Run2_20201020,2020-10-20,Run2,source_held_in,6,True,3,baseline_rate,2.3607144355773926,0.8119115122875229
Run2_20201020,2020-10-20,Run2,source_held_in,7,True,0,m_cos_phi,-4.427748680114746,-0.363505356627698
Run2_20201020,2020-10-20,Run2,source_held_in,7,True,1,m_sin_phi,7.423276901245117,0.7147805561658913
Run2_20201020,2020-10-20,Run2,source_held_in,7,True,2,modulation_magnitude,6.742527961730957,0.8019023721018854
Run2_20201020,2020-10-20,Run2,source_held_in,7,True,3,baseline_rate,3.996640920639038,1.2756632997749975
Run2_20201020,2020-10-20,Run2,source_held_in,8,True,0,m_cos_phi,0.05775204300880432,-0.008110331263110115
Run2_20201020,2020-10-20,Run2,source_held_in,8,True,1,m_sin_phi,0.07734053581953049,0.01724948713545993
Run2_20201020,2020-10-20,Run2,source_held_in,8,True,2,modulation_magnitude,-0.3548150658607483,0.01906101536223881
Run2_20201020,2020-10-20,Run2,source_held_in,8,True,3,baseline_rate,-0.15270620584487915,0.09940803134805343
Run2_20201020,2020-10-20,Run2,source_held_in,9,True,0,m_cos_phi,0.44786179065704346,0.022798829657473263
Run2_20201020,2020-10-20,Run2,source_held_in,9,True,1,m_sin_phi,-0.808709442615509,-0.06688510890883581
Run2_20201020,2020-10-20,Run2,source_held_in,9,True,2,modulation_magnitude,0.11302463710308075,0.070664026007358
Run2_20201020,2020-10-20,Run2,source_held_in,9,True,3,baseline_rate,-0.12731148302555084,0.10660691724405913
Run2_20201020,2020-10-20,Run2,source_held_in,10,True,0,m_cos_phi,-2.0322742462158203,-0.17370721596373073
Run2_20201020,2020-10-20,Run2,source_held_in,10,True,1,m_sin_phi,1.838405966758728,0.18447089929703786
Run2_20201020,2020-10-20,Run2,source_held_in,10,True,2,modulation_magnitude,1.7695926427841187,0.25338450887781594
Run2_20201020,2020-10-20,Run2,source_held_in,10,True,3,baseline_rate,0.7862744331359863,0.36558988836902984
Run2_20201020,2020-10-20,Run2,source_held_in,11,True,0,m_cos_phi,0.10540931671857834,-0.004334351936749026
Run2_20201020,2020-10-20,Run2,source_held_in,11,True,1,m_sin_phi,-0.09188771992921829,0.0011804715232152097
Run2_20201020,2020-10-20,Run2,source_held_in,11,True,2,modulation_magnitude,-0.48689761757850647,0.004492227636129664
Run2_20201020,2020-10-20,Run2,source_held_in,11,True,3,baseline_rate,-0.4782557785511017,0.007121368324436439
Run2_20201020,2020-10-20,Run2,source_held_in,12,True,0,m_cos_phi,-0.055404409766197205,-0.017075939092983328
Run2_20201020,2020-10-20,Run2,source_held_in,12,True,1,m_sin_phi,-0.07919527590274811,0.002385678539717828
Run2_20201020,2020-10-20,Run2,source_held_in,12,True,2,modulation_magnitude,-0.37130841612815857,0.017241788554357873
Run2_20201020,2020-10-20,Run2,source_held_in,12,True,3,baseline_rate,-0.40154510736465454,0.02886727879591966
Run2_20201020,2020-10-20,Run2,source_held_in,13,True,0,m_cos_phi,-0.20951741933822632,-0.029286615297650975
Run2_20201020,2020-10-20,Run2,source_held_in,13,True,1,m_sin_phi,-0.05562666431069374,0.004623628614638775
Run2_20201020,2020-10-20,Run2,source_held_in,13,True,2,modulation_magnitude,-0.2588198482990265,0.029649347652841884
Run2_20201020,2020-10-20,Run2,source_held_in,13,True,3,baseline_rate,-0.4487946629524231,0.015472993623630416
Run2_20201020,2020-10-20,Run2,source_held_in,14,True,0,m_cos_phi,-1.3120596408843994,-0.11664319931778877
Run2_20201020,2020-10-20,Run2,source_held_in,14,True,1,m_sin_phi,1.2061094045639038,0.12443137880134536
Run2_20201020,2020-10-20,Run2,source_held_in,14,True,2,modulation_magnitude,1.018644094467163,0.1705544162472794
Run2_20201020,2020-10-20,Run2,source_held_in,14,True,3,baseline_rate,1.1903120279312134,0.48012630458908134
Run2_20201020,2020-10-20,Run2,source_held_in,15,True,0,m_cos_phi,-0.09819824993610382,-0.020466579035192778
Run2_20201020,2020-10-20,Run2,source_held_in,15,True,1,m_sin_phi,0.12594018876552582,0.02186425184176488
Run2_20201020,2020-10-20,Run2,source_held_in,15,True,2,modulation_magnitude,-0.25610560178756714,0.029948730733706963
Run2_20201020,2020-10-20,Run2,source_held_in,15,True,3,baseline_rate,-0.42178159952163696,0.0231306460706886
Run2_20201020,2020-10-20,Run2,source_held_in,16,True,0,m_cos_phi,-1.2510825395584106,-0.11181186390841269
Run2_20201020,2020-10-20,Run2,source_held_in,16,True,1,m_sin_phi,0.32206887006759644,0.04048758887202464
Run2_20201020,2020-10-20,Run2,source_held_in,16,True,2,modulation_magnitude,0.5504881143569946,0.11891652003591613
Run2_20201020,2020-10-20,Run2,source_held_in,16,True,3,baseline_rate,-0.04957912489771843,0.1286424551221811
Run2_20201020,2020-10-20,Run2,source_held_in,17,True,0,m_cos_phi,0.1300496906042099,-0.002382046755538658
Run2_20201020,2020-10-20,Run2,source_held_in,17,True,1,m_sin_phi,0.01724211312830448,0.01154286037727606
Run2_20201020,2020-10-20,Run2,source_held_in,17,True,2,modulation_magnitude,-0.4207705557346344,0.011786083746763376
Run2_20201020,2020-10-20,Run2,source_held_in,17,True,3,baseline_rate,-0.4572872519493103,0.013065517882106192
Run2_20201020,2020-10-20,Run2,source_held_in,18,True,0,m_cos_phi,-0.09521092474460602,-0.020229887397460677
Run2_20201020,2020-10-20,Run2,source_held_in,18,True,1,m_sin_phi,0.046415384858846664,0.014312999186685882
Run2_20201020,2020-10-20,Run2,source_held_in,18,True,2,modulation_magnitude,-0.30295467376708984,0.024781248912994158
Run2_20201020,2020-10-20,Run2,source_held_in,18,True,3,baseline_rate,-0.3998854160308838,0.029337767433240458
Run2_20201020,2020-10-20,Run2,source_held_in,19,True,0,m_cos_phi,-0.06730442494153976,-0.01801880064983863
Run2_20201020,2020-10-20,Run2,source_held_in,19,True,1,m_sin_phi,0.03994306921958923,0.013698422497973706
Run2_20201020,2020-10-20,Run2,source_held_in,19,True,2,modulation_magnitude,-0.3224167227745056,0.022634572784946183
Run2_20201020,2020-10-20,Run2,source_held_in,19,True,3,baseline_rate,-0.39919716119766235,0.029532873638848045
Run2_20201020,2020-10-20,Run2,source_held_in,20,True,0,m_cos_phi,-0.0472409687936306,-0.01642913364347104
Run2_20201020,2020-10-20,Run2,source_held_in,20,True,1,m_sin_phi,-0.06789147853851318,0.0034590270506971166
Run2_20201020,2020-10-20,Run2,source_held_in,20,True,2,modulation_magnitude,-0.3754105567932129,0.016789319883859122
Run2_20201020,2020-10-20,Run2,source_held_in,20,True,3,baseline_rate,-0.4637771248817444,0.011225771291739406
Run2_20201020,2020-10-20,Run2,source_held_in,21,True,0,m_cos_phi,-0.2187504917383194,-0.03001816974438376
Run2_20201020,2020-10-20,Run2,source_held_in,21,True,1,m_sin_phi,0.07404530048370361,0.016936589104199484
Run2_20201020,2020-10-20,Run2,source_held_in,21,True,2,modulation_magnitude,-0.21514706313610077,0.03446648305923705
Run2_20201020,2020-10-20,Run2,source_held_in,21,True,3,baseline_rate,-0.4381539821624756,0.01848940956987377
Run2_20201020,2020-10-20,Run2,source_held_in,22,True,0,m_cos_phi,-0.3241365849971771,-0.03836811673998364
Run2_20201020,2020-10-20,Run2,source_held_in,22,True,1,m_sin_phi,-0.21259012818336487,-0.010280787556066873
Run2_20201020,2020-10-20,Run2,source_held_in,22,True,2,modulation_magnitude,-0.16750329732894897,0.0397216201041366
Run2_20201020,2020-10-20,Run2,source_held_in,22,True,3,baseline_rate,-0.3360508978366852,0.04743355119020176
Run2_20201020,2020-10-20,Run2,source_held_in,23,True,0,m_cos_phi,-0.07730519026517868,-0.01881118091354861
Run2_20201020,2020-10-20,Run2,source_held_in,23,True,1,m_sin_phi,0.053670309484004974,0.015001888264644658
Run2_20201020,2020-10-20,Run2,source_held_in,23,True,2,modulation_magnitude,-0.3094872534275055,0.024060701307434096
Run2_20201020,2020-10-20,Run2,source_held_in,23,True,3,baseline_rate,-0.417687326669693,0.02429128890573562
Run2_20201020,2020-10-20,Run2,source_held_in,24,True,0,m_cos_phi,-0.6108537912368774,-0.06108528369053623
Run2_20201020,2020-10-20,Run2,source_held_in,24,True,1,m_sin_phi,0.21036086976528168,0.029880390960964176
Run2_20201020,2020-10-20,Run2,source_held_in,24,True,2,modulation_magnitude,0.08888880908489227,0.06800182914321617
Run2_20201020,2020-10-20,Run2,source_held_in,24,True,3,baseline_rate,-0.35322439670562744,0.042565214580573496
Run2_20201020,2020-10-20,Run2,source_held_in,25,True,0,m_cos_phi,-0.046171367168426514,-0.016344387007547034
Run2_20201020,2020-10-20,Run2,source_held_in,25,True,1,m_sin_phi,-0.20886720716953278,-0.009927278766239
Run2_20201020,2020-10-20,Run2,source_held_in,25,True,2,modulation_magnitude,-0.3542529046535492,0.0191230220935521
Run2_20201020,2020-10-20,Run2,source_held_in,25,True,3,baseline_rate,-0.41218578815460205,0.025850862849676304
Run2_20201020,2020-10-20,Run2,source_held_in,26,True,0,m_cos_phi,-0.362364262342453,-0.04139697064022174
Run2_20201020,2020-10-20,Run2,source_held_in,26,True,1,m_sin_phi,-0.10233210772275925,0.00018872797677149666
Run2_20201020,2020-10-20,Run2,source_held_in,26,True,2,modulation_magnitude,-0.15231046080589294,0.041397399435950666
Run2_20201020,2020-10-20,Run2,source_held_in,26,True,3,baseline_rate,-0.36883267760276794,0.03814058533729625
Run2_20201020,2020-10-20,Run2,source_held_in,27,True,0,m_cos_phi,-0.023564839735627174,-0.014553227472343527
Run2_20201020,2020-10-20,Run2,source_held_in,27,True,1,m_sin_phi,-0.1454080492258072,-0.0039015344528803286
Run2_20201020,2020-10-20,Run2,source_held_in,27,True,2,modulation_magnitude,-0.3910241425037384,0.015067131654590726
Run2_20201020,2020-10-20,Run2,source_held_in,27,True,3,baseline_rate,-0.4064561128616333,0.027475108916416247
Run2_20201020,2020-10-20,Run2,source_held_in,28,True,0,m_cos_phi,-0.02609715610742569,-0.014753867868308013
Run2_20201020,2020-10-20,Run2,source_held_in,28,True,1,m_sin_phi,-0.004859920125454664,0.009444168785581665
Run2_20201020,2020-10-20,Run2,source_held_in,28,True,2,modulation_magnitude,-0.36880719661712646,0.01751767462438547
Run2_20201020,2020-10-20,Run2,source_held_in,28,True,3,baseline_rate,-0.3786720037460327,0.03535133708667004
Run2_20201020,2020-10-20,Run2,source_held_in,29,True,0,m_cos_phi,-0.340568870306015,-0.03967007895437513
Run2_20201020,2020-10-20,Run2,source_held_in,29,True,1,m_sin_phi,0.09242445230484009,0.018681775664487255
Run2_20201020,2020-10-20,Run2,source_held_in,29,True,2,modulation_magnitude,-0.1300850510597229,0.04384887597472664
Run2_20201020,2020-10-20,Run2,source_held_in,29,True,3,baseline_rate,-0.44063428044319153,0.017786295602536306
Run2_20201020,2020-10-20,Run2,source_held_in,30,True,0,m_cos_phi,-0.11947671324014664,-0.022152513443067234
Run2_20201020,2020-10-20,Run2,source_held_in,30,True,1,m_sin_phi,-0.08817310631275177,0.0015331914867482421
Run2_20201020,2020-10-20,Run2,source_held_in,30,True,2,modulation_magnitude,-0.32630670070648193,0.022205505796057956
Run2_20201020,2020-10-20,Run2,source_held_in,30,True,3,baseline_rate,-0.40185996890068054,0.028778021973271173
Run2_20201020,2020-10-20,Run2,source_held_in,31,True,0,m_cos_phi,0.07050970196723938,-0.007099516906141634
Run2_20201020,2020-10-20,Run2,source_held_in,31,True,1,m_sin_phi,-0.17761194705963135,-0.006959445407391129
Run2_20201020,2020-10-20,Run2,source_held_in,31,True,2,modulation_magnitude,-0.4374921917915344,0.009941676874106964
Run2_20201020,2020-10-20,Run2,source_held_in,31,True,3,baseline_rate,-0.35067078471183777,0.043289111490051546
Run2_20201020,2020-10-20,Run2,source_held_in,32,True,0,m_cos_phi,0.7373142242431641,0.04573271403873491
Run2_20201020,2020-10-20,Run2,source_held_in,32,True,1,m_sin_phi,-1.8824728727340698,-0.16884397651100436
Run2_20201020,2020-10-20,Run2,source_held_in,32,True,2,modulation_magnitude,1.0582947731018066,0.1749279107983135
Run2_20201020,2020-10-20,Run2,source_held_in,32,True,3,baseline_rate,1.979263424873352,0.7037779319168642
Run2_20201020,2020-10-20,Run2,source_held_in,33,True,0,m_cos_phi,-0.09137363731861115,-0.019925851583786125
Run2_20201020,2020-10-20,Run2,source_held_in,33,True,1,m_sin_phi,-0.023943744599819183,0.007632070255917722
Run2_20201020,2020-10-20,Run2,source_held_in,33,True,2,modulation_magnitude,-0.33417630195617676,0.02133748387639578
Run2_20201020,2020-10-20,Run2,source_held_in,33,True,3,baseline_rate,-0.46665504574775696,0.010409939432515891
Run2_20201020,2020-10-20,Run2,source_held_in,34,True,0,m_cos_phi,-0.3769865930080414,-0.042555526596081084
Run2_20201020,2020-10-20,Run2,source_held_in,34,True,1,m_sin_phi,-0.7084099054336548,-0.05736119801260209
Run2_20201020,2020-10-20,Run2,source_held_in,34,True,2,modulation_magnitude,0.11990777403116226,0.07142324029789687
Run2_20201020,2020-10-20,Run2,source_held_in,34,True,3,baseline_rate,-0.16928113996982574,0.09470937563331239
Run2_20201020,2020-10-20,Run2,source_held_in,35,True,0,m_cos_phi,-0.06197056919336319,-0.017596188790890088
Run2_20201020,2020-10-20,Run2,source_held_in,35,True,1,m_sin_phi,0.06101028993725777,0.015698853791914547
Run2_20201020,2020-10-20,Run2,source_held_in,35,True,2,modulation_magnitude,-0.31383317708969116,0.023581343220504092
Run2_20201020,2020-10-20,Run2,source_held_in,35,True,3,baseline_rate,-0.38261160254478455,0.03423454119052938
Run2_20201020,2020-10-20,Run2,source_held_in,36,True,0,m_cos_phi,0.039365123957395554,-0.00956716294501464
Run2_20201020,2020-10-20,Run2,source_held_in,36,True,1,m_sin_phi,-0.22691626846790314,-0.01164112168512177
Run2_20201020,2020-10-20,Run2,source_held_in,36,True,2,modulation_magnitude,-0.39101576805114746,0.01506805536192779
Run2_20201020,2020-10-20,Run2,source_held_in,36,True,3,baseline_rate,-0.4542660713195801,0.013921960962008484
Run2_20201020,2020-10-20,Run2,source_held_in,37,True,0,m_cos_phi,-0.47242075204849243,-0.050116962312272584
Run2_20201020,2020-10-20,Run2,source_held_in,37,True,1,m_sin_phi,0.6836147308349609,0.07481806196889806
Run2_20201020,2020-10-20,Run2,source_held_in,37,True,2,modulation_magnitude,0.2888031005859375,0.09005250001848708
Run2_20201020,2020-10-20,Run2,source_held_in,37,True,3,baseline_rate,0.152503103017807,0.18592864449012492
Run2_20201020,2020-10-20,Run2,source_held_in,38,True,0,m_cos_phi,0.19278311729431152,0.0025884457593328136
Run2_20201020,2020-10-20,Run2,source_held_in,38,True,1,m_sin_phi,-0.13496777415275574,-0.002910181428512626
Run2_20201020,2020-10-20,Run2,source_held_in,38,True,2,modulation_magnitude,-0.49231427907943726,0.0038947664986443975
Run2_20201020,2020-10-20,Run2,source_held_in,38,True,3,baseline_rate,-0.43961384892463684,0.018075567122411762
Run2_20201020,2020-10-20,Run2,source_held_in,39,True,0,m_cos_phi,0.04114050418138504,-0.009426496085574887
Run2_20201020,2020-10-20,Run2,source_held_in,39,True,1,m_sin_phi,-0.17156723141670227,-0.006385471341369797
Run2_20201020,2020-10-20,Run2,source_held_in,39,True,2,modulation_magnitude,-0.4244009256362915,0.011385651685324127
Run2_20201020,2020-10-20,Run2,source_held_in,39,True,3,baseline_rate,-0.41308724880218506,0.025595317144851748
Run2_20201020,2020-10-20,Run2,source_held_in,40,True,0,m_cos_phi,0.10540931671857834,-0.004334351936749026
Run2_20201020,2020-10-20,Run2,source_held_in,40,True,1,m_sin_phi,-0.09188771992921829,0.0011804715232152097
Run2_20201020,2020-10-20,Run2,source_held_in,40,True,2,modulation_magnitude,-0.48689761757850647,0.004492227636129664
Run2_20201020,2020-10-20,Run2,source_held_in,40,True,3,baseline_rate,-0.4782557785511017,0.007121368324436439
Run2_20201020,2020-10-20,Run2,source_held_in,41,True,0,m_cos_phi,0.29359230399131775,0.010575755465576098
Run2_20201020,2020-10-20,Run2,source_held_in,41,True,1,m_sin_phi,-0.06529675424098969,0.003705408277413058
Run2_20201020,2020-10-20,Run2,source_held_in,41,True,2,modulation_magnitude,-0.4260287880897522,0.011206097442743701
Run2_20201020,2020-10-20,Run2,source_held_in,41,True,3,baseline_rate,-0.4861617386341095,0.004880189913438748
Run2_20201020,2020-10-20,Run2,source_held_in,42,True,0,m_cos_phi,0.12401007115840912,-0.0028605776573547015
Run2_20201020,2020-10-20,Run2,source_held_in,42,True,1,m_sin_phi,-0.20014987885951996,-0.009099527607953517
Run2_20201020,2020-10-20,Run2,source_held_in,42,True,2,modulation_magnitude,-0.4411468207836151,0.00953856901988348
Run2_20201020,2020-10-20,Run2,source_held_in,42,True,3,baseline_rate,-0.4634602963924408,0.011315585705518494
Run2_20201020,2020-10-20,Run2,source_held_in,43,True,0,m_cos_phi,-0.014000617899000645,-0.013795435405853027
Run2_20201020,2020-10-20,Run2,source_held_in,43,True,1,m_sin_phi,-0.05329656973481178,0.004844882009659546
Run2_20201020,2020-10-20,Run2,source_held_in,43,True,2,modulation_magnitude,-0.39506471157073975,0.014621454369708964
Run2_20201020,2020-10-20,Run2,source_held_in,43,True,3,baseline_rate,-0.44650328159332275,0.01612255349737879
Run2_20201020,2020-10-20,Run2,source_held_in,44,True,0,m_cos_phi,0.1827823519706726,0.001796065495622834
Run2_20201020,2020-10-20,Run2,source_held_in,44,True,1,m_sin_phi,-0.12124053388834,-0.0016067156618416734
Run2_20201020,2020-10-20,Run2,source_held_in,44,True,2,modulation_magnitude,-0.5057767033576965,0.0024098527152713878
Run2_20201020,2020-10-20,Run2,source_held_in,44,True,3,baseline_rate,-0.4581039547920227,0.012833999286000264
Run2_20201020,2020-10-20,Run2,source_held_in,45,True,0,m_cos_phi,0.10280432552099228,-0.004540750501789481
Run2_20201020,2020-10-20,Run2,source_held_in,45,True,1,m_sin_phi,-0.18280139565467834,-0.0074522078608230125
Run2_20201020,2020-10-20,Run2,source_held_in,45,True,2,modulation_magnitude,-0.4485081136226654,0.008726613834530772
Run2_20201020,2020-10-20,Run2,source_held_in,45,True,3,baseline_rate,-0.44700512290000916,0.015980291723921347
Run2_20201020,2020-10-20,Run2,source_held_in,46,True,0,m_cos_phi,0.1552785038948059,-0.00038311836542437305
Run2_20201020,2020-10-20,Run2,source_held_in,46,True,1,m_sin_phi,-0.31160566210746765,-0.01968277632822213
Run2_20201020,2020-10-20,Run2,source_held_in,46,True,2,modulation_magnitude,-0.3491442799568176,0.019686506579664087
Run2_20201020,2020-10-20,Run2,source_held_in,46,True,3,baseline_rate,-0.42188188433647156,0.02310221737137841
Run2_20201020,2020-10-20,Run2,source_held_in,47,True,0,m_cos_phi,0.20335502922534943,0.003426079089657419
Run2_20201020,2020-10-20,Run2,source_held_in,47,True,1,m_sin_phi,-0.10345199704170227,8.238923995440572e-05
Run2_20201020,2020-10-20,Run2,source_held_in,47,True,2,modulation_magnitude,-0.49655449390411377,0.0034270681623356225
Run2_20201020,2020-10-20,Run2,source_held_in,47,True,3,baseline_rate,-0.4676130712032318,0.010138358758511323
Run2_20201020,2020-10-20,Run2,source_held_in,48,True,0,m_cos_phi,0.16151466965675354,0.00011098528675423935
Run2_20201020,2020-10-20,Run2,source_held_in,48,True,1,m_sin_phi,-0.023511989042162895,0.007673067468622868
Run2_20201020,2020-10-20,Run2,source_held_in,48,True,2,modulation_magnitude,-0.4580524265766144,0.007673870170744168
Run2_20201020,2020-10-20,Run2,source_held_in,48,True,3,baseline_rate,-0.4811922311782837,0.006288943904902311
Run2_20201020,2020-10-20,Run2,source_held_in,49,True,0,m_cos_phi,0.39153802394866943,0.018336187082306665
Run2_20201020,2020-10-20,Run2,source_held_in,49,True,1,m_sin_phi,-0.07686103880405426,0.002607325286684725
Run2_20201020,2020-10-20,Run2,source_held_in,49,True,2,modulation_magnitude,-0.35971423983573914,0.018520633421197585
Run2_20201020,2020-10-20,Run2,source_held_in,49,True,3,baseline_rate,-0.475519061088562,0.007897171899163169
Run2_20201020,2020-10-20,Run2,source_held_in,50,True,0,m_cos_phi,0.3452707529067993,0.014670340395289472
Run2_20201020,2020-10-20,Run2,source_held_in,50,True,1,m_sin_phi,-0.13866695761680603,-0.0032614362267930908
Run2_20201020,2020-10-20,Run2,source_held_in,50,True,2,modulation_magnitude,-0.3913743495941162,0.015028503594384901
Run2_20201020,2020-10-20,Run2,source_held_in,50,True,3,baseline_rate,-0.08477483689785004,0.11866518872237686
Run2_20201020,2020-10-20,Run2,source_held_in,51,True,0,m_cos_phi,0.04540474712848663,-0.009088631748036535
Run2_20201020,2020-10-20,Run2,source_held_in,51,True,1,m_sin_phi,-0.009524247609078884,0.009001269041544482
Run2_20201020,2020-10-20,Run2,source_held_in,51,True,2,modulation_magnitude,-0.4116540551185608,0.012791639443206382
Run2_20201020,2020-10-20,Run2,source_held_in,51,True,3,baseline_rate,-0.4480930268764496,0.015671893138596182
Run2_20201020,2020-10-20,Run2,source_held_in,52,True,0,m_cos_phi,-0.4343849718570709,-0.04710331280014435
Run2_20201020,2020-10-20,Run2,source_held_in,52,True,1,m_sin_phi,0.11494997143745422,0.02082067922414632
Run2_20201020,2020-10-20,Run2,source_held_in,52,True,2,modulation_magnitude,-0.060721348971128464,0.05149973552039319
Run2_20201020,2020-10-20,Run2,source_held_in,52,True,3,baseline_rate,-0.24015232920646667,0.07461883917585244
Run2_20201020,2020-10-20,Run2,source_held_in,53,True,0,m_cos_phi,0.09744241088628769,-0.00496558552138493
Run2_20201020,2020-10-20,Run2,source_held_in,53,True,1,m_sin_phi,-0.032489825040102005,0.006820579885052636
Run2_20201020,2020-10-20,Run2,source_held_in,53,True,2,modulation_magnitude,-0.4511367976665497,0.008436668347134413
Run2_20201020,2020-10-20,Run2,source_held_in,53,True,3,baseline_rate,-0.4815070927143097,0.006199687082253824
Run2_20201020,2020-10-20,Run2,source_held_in,54,True,0,m_cos_phi,0.15948082506656647,-5.016021167159046e-05
Run2_20201020,2020-10-20,Run2,source_held_in,54,True,1,m_sin_phi,-0.0691826343536377,0.0033364257577908063
Run2_20201020,2020-10-20,Run2,source_held_in,54,True,2,modulation_magnitude,-0.4973728656768799,0.003336801246051735
Run2_20201020,2020-10-20,Run2,source_held_in,54,True,3,baseline_rate,-0.49643102288246155,0.0019690573106734277
Run2_20201020,2020-10-20,Run2,source_held_in,55,True,0,m_cos_phi,0.09183932095766068,-0.005409529332839225
Run2_20201020,2020-10-20,Run2,source_held_in,55,True,1,m_sin_phi,-0.35572052001953125,-0.023871688737585828
Run2_20201020,2020-10-20,Run2,source_held_in,55,True,2,modulation_magnitude,-0.30571356415748596,0.024476941584474554
Run2_20201020,2020-10-20,Run2,source_held_in,55,True,3,baseline_rate,-0.4291428029537201,0.02104389505781601
Run2_20201020,2020-10-20,Run2,source_held_in,56,True,0,m_cos_phi,0.12328700721263885,-0.002917867432835619
Run2_20201020,2020-10-20,Run2,source_held_in,56,True,1,m_sin_phi,0.08674600720405579,0.01814258070219177
Run2_20201020,2020-10-20,Run2,source_held_in,56,True,2,modulation_magnitude,-0.3610280454158783,0.018375719847364413
Run2_20201020,2020-10-20,Run2,source_held_in,56,True,3,baseline_rate,-0.37287038564682007,0.03699597747142924
Run2_20201020,2020-10-20,Run2,source_held_in,57,True,0,m_cos_phi,0.1854492872953415,0.002007372015421227
Run2_20201020,2020-10-20,Run2,source_held_in,57,True,1,m_sin_phi,-0.11070691794157028,-0.0006064994842706062
Run2_20201020,2020-10-20,Run2,source_held_in,57,True,2,modulation_magnitude,-0.5086131691932678,0.0020969887668287335
Run2_20201020,2020-10-20,Run2,source_held_in,57,True,3,baseline_rate,-0.4498112201690674,0.015184820389315234
Run2_20201020,2020-10-20,Run2,source_held_in,58,True,0,m_cos_phi,0.15884774923324585,-0.00010032005239590802
Run2_20201020,2020-10-20,Run2,source_held_in,58,True,1,m_sin_phi,-0.03404560685157776,0.006672851114184919
Run2_20201020,2020-10-20,Run2,source_held_in,58,True,2,modulation_magnitude,-0.4671209752559662,0.0066736036027899015
Run2_20201020,2020-10-20,Run2,source_held_in,58,True,3,baseline_rate,-0.4894850254058838,0.003938105904886413
Run2_20201020,2020-10-20,Run2,source_held_in,59,True,0,m_cos_phi,0.09540855884552002,-0.0051267316101348825
Run2_20201020,2020-10-20,Run2,source_held_in,59,True,1,m_sin_phi,-0.07816047221422195,0.0024839379973536913
Run2_20201020,2020-10-20,Run2,source_held_in,59,True,2,modulation_magnitude,-0.47597697377204895,0.0056967814502375536
Run2_20201020,2020-10-20,Run2,source_held_in,59,True,3,baseline_rate,-0.49674588441848755,0.0018798004880249408
Run2_20201020,2020-10-20,Run2,source_held_in,60,True,0,m_cos_phi,-0.05717978999018669,-0.01721660595242308
Run2_20201020,2020-10-20,Run2,source_held_in,60,True,1,m_sin_phi,-0.13454429805278778,-0.0028699703890990858
Run2_20201020,2020-10-20,Run2,source_held_in,60,True,2,modulation_magnitude,-0.3693828880786896,0.017454175497588098
Run2_20201020,2020-10-20,Run2,source_held_in,60,True,3,baseline_rate,-0.4427239000797272,0.01719393106142686
Run2_20201020,2020-10-20,Run2,source_held_in,61,True,0,m_cos_phi,0.007267063017934561,-0.012110355307670205
Run2_20201020,2020-10-20,Run2,source_held_in,61,True,1,m_sin_phi,-0.15102511644363403,-0.004434901297671878
Run2_20201020,2020-10-20,Run2,source_held_in,61,True,2,modulation_magnitude,-0.41070008277893066,0.012896863186478313
Run2_20201020,2020-10-20,Run2,source_held_in,61,True,3,baseline_rate,-0.42341506481170654,0.022667591981775814
Run2_20201020,2020-10-20,Run2,source_held_in,62,True,0,m_cos_phi,0.008533221669495106,-0.012010035072792705
Run2_20201020,2020-10-20,Run2,source_held_in,62,True,1,m_sin_phi,-0.2212991863489151,-0.011107753425395162
Run2_20201020,2020-10-20,Run2,source_held_in,62,True,2,modulation_magnitude,-0.37931016087532043,0.01635919112461548
Run2_20201020,2020-10-20,Run2,source_held_in,62,True,3,baseline_rate,-0.43730711936950684,0.018729477896648916
Run2_20201020,2020-10-20,Run2,source_held_in,63,True,0,m_cos_phi,0.11541007459163666,-0.003541972263363169
Run2_20201020,2020-10-20,Run2,source_held_in,63,True,1,m_sin_phi,-0.10561496019363403,-0.00012299424345574295
Run2_20201020,2020-10-20,Run2,source_held_in,63,True,2,modulation_magnitude,-0.49549341201782227,0.0035441061553207476
Run2_20201020,2020-10-20,Run2,source_held_in,63,True,3,baseline_rate,-0.45976561307907104,0.012362953057548864
Run2_20201020,2020-10-20,Run2,source_held_in,64,True,0,m_cos_phi,0.9505456686019897,0.06262745985513085
Run2_20201020,2020-10-20,Run2,source_held_in,64,True,1,m_sin_phi,-3.388734817504883,-0.31187060406537626
Run2_20201020,2020-10-20,Run2,source_held_in,64,True,2,modulation_magnitude,2.356281280517578,0.3180966310567044
Run2_20201020,2020-10-20,Run2,source_held_in,64,True,3,baseline_rate,1.2152304649353027,0.4871901731721522
Run2_20201020,2020-10-20,Run2,source_held_in,65,True,0,m_cos_phi,0.09540855884552002,-0.0051267316101348825
Run2_20201020,2020-10-20,Run2,source_held_in,65,True,1,m_sin_phi,-0.07816047221422195,0.0024839379973536913
Run2_20201020,2020-10-20,Run2,source_held_in,65,True,2,modulation_magnitude,-0.47597697377204895,0.0056967814502375536
Run2_20201020,2020-10-20,Run2,source_held_in,65,True,3,baseline_rate,-0.49674588441848755,0.0018798004880249408
Run2_20201020,2020-10-20,Run2,source_held_in,66,True,0,m_cos_phi,0.7851681113243103,0.04952427142837568
Run2_20201020,2020-10-20,Run2,source_held_in,66,True,1,m_sin_phi,-1.98099946975708,-0.17819953843403624
Run2_20201020,2020-10-20,Run2,source_held_in,66,True,2,modulation_magnitude,1.1491864919662476,0.18495332400373687
Run2_20201020,2020-10-20,Run2,source_held_in,66,True,3,baseline_rate,0.4594016373157501,0.2729281185848267
Run2_20201020,2020-10-20,Run2,source_held_in,67,True,0,m_cos_phi,-0.40560659766197205,-0.044823145733334346
Run2_20201020,2020-10-20,Run2,source_held_in,67,True,1,m_sin_phi,-0.7532824277877808,-0.06162205420992528
Run2_20201020,2020-10-20,Run2,source_held_in,67,True,2,modulation_magnitude,0.1632116734981537,0.0761996873822588
Run2_20201020,2020-10-20,Run2,source_held_in,67,True,3,baseline_rate,0.2296012043952942,0.20778438351763562
Run2_20201020,2020-10-20,Run2,source_held_in,68,True,0,m_cos_phi,0.7783011794090271,0.04898019093595085
Run2_20201020,2020-10-20,Run2,source_held_in,68,True,1,m_sin_phi,-0.9337908625602722,-0.07876217566108235
Run2_20201020,2020-10-20,Run2,source_held_in,68,True,2,modulation_magnitude,0.3132578134536743,0.09274987008016122
Run2_20201020,2020-10-20,Run2,source_held_in,68,True,3,baseline_rate,0.24498772621154785,0.21214614858511283
Run2_20201020,2020-10-20,Run2,source_held_in,69,True,0,m_cos_phi,-0.09730670601129532,-0.020395940260320322
Run2_20201020,2020-10-20,Run2,source_held_in,69,True,1,m_sin_phi,0.08112479001283646,0.017608819797986563
Run2_20201020,2020-10-20,Run2,source_held_in,69,True,2,modulation_magnitude,-0.2833324372768402,0.02694559382017636
Run2_20201020,2020-10-20,Run2,source_held_in,69,True,3,baseline_rate,-0.4546676278114319,0.013808127887861232
Run2_20201020,2020-10-20,Run2,source_held_in,70,True,0,m_cos_phi,-0.5798629522323608,-0.05862981869477757
Run2_20201020,2020-10-20,Run2,source_held_in,70,True,1,m_sin_phi,0.7850650548934937,0.08445124546979166
Run2_20201020,2020-10-20,Run2,source_held_in,70,True,2,modulation_magnitude,0.40444546937942505,0.10280792532778049
Run2_20201020,2020-10-20,Run2,source_held_in,70,True,3,baseline_rate,0.7895760536193848,0.3665258304267951
Run2_20201020,2020-10-20,Run2,source_held_in,71,True,0,m_cos_phi,0.04352099075913429,-0.00923788546216825
Run2_20201020,2020-10-20,Run2,source_held_in,71,True,1,m_sin_phi,3.008059501647949,0.29553498153255475
Run2_20201020,2020-10-20,Run2,source_held_in,71,True,2,modulation_magnitude,2.153043031692505,0.2956793256181651
Run2_20201020,2020-10-20,Run2,source_held_in,71,True,3,baseline_rate,3.0604000091552734,1.0102580996121446
Run2_20201020,2020-10-20,Run2,source_held_in,72,True,0,m_cos_phi,-1.615518569946289,-0.14068684582420588
Run2_20201020,2020-10-20,Run2,source_held_in,72,True,1,m_sin_phi,2.773144483566284,0.2732287001352596
Run2_20201020,2020-10-20,Run2,source_held_in,72,True,2,modulation_magnitude,2.2585957050323486,0.3073218512342475
Run2_20201020,2020-10-20,Run2,source_held_in,72,True,3,baseline_rate,1.5972455739974976,0.5954836639203869
Run2_20201020,2020-10-20,Run2,source_held_in,73,True,0,m_cos_phi,-0.4032534658908844,-0.044636702484945
Run2_20201020,2020-10-20,Run2,source_held_in,73,True,1,m_sin_phi,1.540282964706421,0.1561627237317218
Run2_20201020,2020-10-20,Run2,source_held_in,73,True,2,modulation_magnitude,0.9448678493499756,0.16241685045707221
Run2_20201020,2020-10-20,Run2,source_held_in,73,True,3,baseline_rate,0.5400139689445496,0.29578007020231034
Run2_20201020,2020-10-20,Run2,source_held_in,74,True,0,m_cos_phi,0.5592036843299866,0.03162066640850636
Run2_20201020,2020-10-20,Run2,source_held_in,74,True,1,m_sin_phi,0.6466238498687744,0.07130560454193713
Run2_20201020,2020-10-20,Run2,source_held_in,74,True,2,modulation_magnitude,0.17955422401428223,0.07800228088364314
Run2_20201020,2020-10-20,Run2,source_held_in,74,True,3,baseline_rate,0.3083130717277527,0.23009759227440263
Run2_20201020,2020-10-20,Run2,source_held_in,75,True,0,m_cos_phi,-0.1963220238685608,-0.028241118217812833
Run2_20201020,2020-10-20,Run2,source_held_in,75,True,1,m_sin_phi,0.23366481065750122,0.03209320931311854
Run2_20201020,2020-10-20,Run2,source_held_in,75,True,2,modulation_magnitude,-0.14005053043365479,0.04274967739247959
Run2_20201020,2020-10-20,Run2,source_held_in,75,True,3,baseline_rate,-0.23469433188438416,0.07616607007976572
Run2_20201020,2020-10-20,Run2,source_held_in,76,True,0,m_cos_phi,0.30926764011383057,0.011817743110375645
Run2_20201020,2020-10-20,Run2,source_held_in,76,True,1,m_sin_phi,-0.17441417276859283,-0.006655801758877589
Run2_20201020,2020-10-20,Run2,source_held_in,76,True,2,modulation_magnitude,-0.4046595096588135,0.013563142164182196
Run2_20201020,2020-10-20,Run2,source_held_in,76,True,3,baseline_rate,-0.4537190794944763,0.014077021986418359
Run2_20201020,2020-10-20,Run2,source_held_in,77,True,0,m_cos_phi,0.33429035544395447,0.01380034195460178
Run2_20201020,2020-10-20,Run2,source_held_in,77,True,1,m_sin_phi,-0.23572282493114471,-0.012477345474534607
Run2_20201020,2020-10-20,Run2,source_held_in,77,True,2,modulation_magnitude,-0.3589524030685425,0.01860466449115261
Run2_20201020,2020-10-20,Run2,source_held_in,77,True,3,baseline_rate,-0.3796038031578064,0.03508719096107349
Run2_20201020,2020-10-20,Run2,source_held_in,78,True,0,m_cos_phi,0.303127259016037,0.011331228665121262
Run2_20201020,2020-10-20,Run2,source_held_in,78,True,1,m_sin_phi,-0.45188915729522705,-0.03300335133703847
Run2_20201020,2020-10-20,Run2,source_held_in,78,True,2,modulation_magnitude,-0.2112676501274109,0.0348943847305061
Run2_20201020,2020-10-20,Run2,source_held_in,78,True,3,baseline_rate,-0.3332383930683136,0.04823083892015756
Run2_20201020,2020-10-20,Run2,source_held_in,79,True,0,m_cos_phi,0.11705085635185242,-0.0034119699043659857
Run2_20201020,2020-10-20,Run2,source_held_in,79,True,1,m_sin_phi,-0.20134767889976501,-0.009213264332721405
Run2_20201020,2020-10-20,Run2,source_held_in,79,True,2,modulation_magnitude,-0.43855223059654236,0.009824753933637131
Run2_20201020,2020-10-20,Run2,source_held_in,79,True,3,baseline_rate,-0.3135600686073303,0.053809242489554876
Run2_20201020,2020-10-20,Run2,source_held_in,80,True,0,m_cos_phi,-3.4298293590545654,-0.28443825034195314
Run2_20201020,2020-10-20,Run2,source_held_in,80,True,1,m_sin_phi,1.4587405920028687,0.1484198934683274
Run2_20201020,2020-10-20,Run2,source_held_in,80,True,2,modulation_magnitude,2.3810861110687256,0.3208326193169402
Run2_20201020,2020-10-20,Run2,source_held_in,80,True,3,baseline_rate,1.274208426475525,0.5039092221859072
Run2_20201020,2020-10-20,Run2,source_held_in,81,True,0,m_cos_phi,5.837786674499512,0.4498531562639556
Run2_20201020,2020-10-20,Run2,source_held_in,81,True,1,m_sin_phi,-2.020475387573242,-0.18194796175075112
Run2_20201020,2020-10-20,Run2,source_held_in,81,True,2,modulation_magnitude,3.871765613555908,0.4852554969564089
Run2_20201020,2020-10-20,Run2,source_held_in,81,True,3,baseline_rate,3.6193690299987793,1.1687144146931558
Run2_20201020,2020-10-20,Run2,source_held_in,82,True,0,m_cos_phi,0.42520415782928467,0.021003620941529633
Run2_20201020,2020-10-20,Run2,source_held_in,82,True,1,m_sin_phi,-0.47994667291641235,-0.03566754387724291
Run2_20201020,2020-10-20,Run2,source_held_in,82,True,2,modulation_magnitude,-0.1523563116788864,0.04139234205609987
Run2_20201020,2020-10-20,Run2,source_held_in,82,True,3,baseline_rate,-0.21559442579746246,0.08158050383918924
Run2_20201020,2020-10-20,Run2,source_held_in,83,True,0,m_cos_phi,1.4057409763336182,0.09869347743554258
Run2_20201020,2020-10-20,Run2,source_held_in,83,True,1,m_sin_phi,0.4186202883720398,0.049655598323247396
Run2_20201020,2020-10-20,Run2,source_held_in,83,True,2,modulation_magnitude,0.47401174902915955,0.1104811293046224
Run2_20201020,2020-10-20,Run2,source_held_in,83,True,3,baseline_rate,0.26032063364982605,0.21649271507010592
Run2_20201020,2020-10-20,Run2,source_held_in,84,True,0,m_cos_phi,0.28532227873802185,0.00992050513432341
Run2_20201020,2020-10-20,Run2,source_held_in,84,True,1,m_sin_phi,-0.3990611135959625,-0.02798708112133541
Run2_20201020,2020-10-20,Run2,source_held_in,84,True,2,modulation_magnitude,-0.2584212124347687,0.02969331743697201
Run2_20201020,2020-10-20,Run2,source_held_in,84,True,3,baseline_rate,-0.3009865880012512,0.05737356775676794
Run2_20201020,2020-10-20,Run2,source_held_in,85,True,0,m_cos_phi,0.16214776039123535,0.00016114630812680275
Run2_20201020,2020-10-20,Run2,source_held_in,85,True,1,m_sin_phi,-0.05864901840686798,0.0043366419353618735
Run2_20201020,2020-10-20,Run2,source_held_in,85,True,2,modulation_magnitude,-0.4882810413837433,0.004339635128704389
Run2_20201020,2020-10-20,Run2,source_held_in,85,True,3,baseline_rate,-0.34703463315963745,0.044319886281771304
Run2_20201020,2020-10-20,Run2,source_held_in,86,True,0,m_cos_phi,-0.01533945370465517,-0.013901513994282785
Run2_20201020,2020-10-20,Run2,source_held_in,86,True,1,m_sin_phi,-0.214484304189682,-0.010460648440900666
Run2_20201020,2020-10-20,Run2,source_held_in,86,True,2,modulation_magnitude,-0.3698956072330475,0.01739762225549968
Run2_20201020,2020-10-20,Run2,source_held_in,86,True,3,baseline_rate,-0.2880411446094513,0.06104333688611785
Run2_20201020,2020-10-20,Run2,source_held_in,87,True,0,m_cos_phi,0.33486148715019226,0.01384559384056816
Run2_20201020,2020-10-20,Run2,source_held_in,87,True,1,m_sin_phi,-0.19047978520393372,-0.008181306916994036
Run2_20201020,2020-10-20,Run2,source_held_in,87,True,2,modulation_magnitude,-0.3818221986293793,0.01608211179564356
Run2_20201020,2020-10-20,Run2,source_held_in,87,True,3,baseline_rate,-0.426093190908432,0.021908397864060625
Run2_20201020,2020-10-20,Run2,source_held_in,88,True,0,m_cos_phi,0.5420198440551758,0.03025915701918791
Run2_20201020,2020-10-20,Run2,source_held_in,88,True,1,m_sin_phi,-0.2976096570491791,-0.01835379008537741
Run2_20201020,2020-10-20,Run2,source_held_in,88,True,2,modulation_magnitude,-0.20677098631858826,0.03539036954950325
Run2_20201020,2020-10-20,Run2,source_held_in,88,True,3,baseline_rate,-0.4002097547054291,0.02924582403514453
Run2_20201020,2020-10-20,Run2,source_held_in,89,True,0,m_cos_phi,-5.33988094329834,-0.4357753859554947
Run2_20201020,2020-10-20,Run2,source_held_in,89,True,1,m_sin_phi,-1.6492098569869995,-0.14669456047398022
Run2_20201020,2020-10-20,Run2,source_held_in,89,True,2,modulation_magnitude,3.641016721725464,0.4598037504585353
Run2_20201020,2020-10-20,Run2,source_held_in,89,True,3,baseline_rate,3.7614381313323975,1.2089881068742088
Run2_20201020,2020-10-20,Run2,source_held_in,90,True,0,m_cos_phi,1.6366219520568848,0.11698663026023581
Run2_20201020,2020-10-20,Run2,source_held_in,90,True,1,m_sin_phi,0.2294570654630661,0.03169366419624331
Run2_20201020,2020-10-20,Run2,source_held_in,90,True,2,modulation_magnitude,0.5712248682975769,0.12120379691208116
Run2_20201020,2020-10-20,Run2,source_held_in,90,True,3,baseline_rate,0.49368801712989807,0.28264760785924015
Run2_20201020,2020-10-20,Run2,source_held_in,91,True,0,m_cos_phi,0.6063321232795715,0.03535474511894687
Run2_20201020,2020-10-20,Run2,source_held_in,91,True,1,m_sin_phi,-0.4651722311973572,-0.034264641426967835
Run2_20201020,2020-10-20,Run2,source_held_in,91,True,2,modulation_magnitude,-0.08125943690538406,0.04923437162847116
Run2_20201020,2020-10-20,Run2,source_held_in,91,True,3,baseline_rate,-0.27587419748306274,0.06449241820465623
Run2_20201020,2020-10-20,Run2,source_held_in,92,True,0,m_cos_phi,0.1915169507265091,0.0024881248972359327
Run2_20201020,2020-10-20,Run2,source_held_in,92,True,1,m_sin_phi,-0.06469371169805527,0.0037626699917431283
Run2_20201020,2020-10-20,Run2,source_held_in,92,True,2,modulation_magnitude,-0.48672810196876526,0.004510925313472081
Run2_20201020,2020-10-20,Run2,source_held_in,92,True,3,baseline_rate,-0.42572176456451416,0.022013689655889124
Run2_20201020,2020-10-20,Run2,source_held_in,93,True,0,m_cos_phi,0.18948310613632202,0.002326979398810103
Run2_20201020,2020-10-20,Run2,source_held_in,93,True,1,m_sin_phi,-0.11036436259746552,-0.0005739722496895805
Run2_20201020,2020-10-20,Run2,source_held_in,93,True,2,modulation_magnitude,-0.505895733833313,0.0023967235796691355
Run2_20201020,2020-10-20,Run2,source_held_in,93,True,3,baseline_rate,-0.440960556268692,0.01769380306166024
Run2_20201020,2020-10-20,Run2,source_held_in,94,True,0,m_cos_phi,0.2382546216249466,0.0061912422880776585
Run2_20201020,2020-10-20,Run2,source_held_in,94,True,1,m_sin_phi,-0.01772777922451496,0.008222305286226333
Run2_20201020,2020-10-20,Run2,source_held_in,94,True,2,modulation_magnitude,-0.4343106150627136,0.01029260676903787
Run2_20201020,2020-10-20,Run2,source_held_in,94,True,3,baseline_rate,-0.45409443974494934,0.013970615012328658
Run2_20201020,2020-10-20,Run2,source_held_in,95,True,0,m_cos_phi,0.03803704306483269,-0.009672389400572967
Run2_20201020,2020-10-20,Run2,source_held_in,95,True,1,m_sin_phi,-0.07626213878393173,0.002664193649068669
Run2_20201020,2020-10-20,Run2,source_held_in,95,True,2,modulation_magnitude,-0.43666788935661316,0.010032597946120658
Run2_20201020,2020-10-20,Run2,source_held_in,95,True,3,baseline_rate,-0.47991734743118286,0.0066503474410364305
Run1_20201027,2020-10-27,Run1,source_held_in,0,True,0,m_cos_phi,0.3440535068511963,0.014573895601383668
Run1_20201027,2020-10-27,Run1,source_held_in,0,True,1,m_sin_phi,-0.10575780272483826,-0.0001365578109218113
Run1_20201027,2020-10-27,Run1,source_held_in,0,True,2,modulation_magnitude,-0.3954900801181793,0.014574535953972623
Run1_20201027,2020-10-27,Run1,source_held_in,0,True,3,baseline_rate,-0.38322699069976807,0.03406009120180542
Run1_20201027,2020-10-27,Run1,source_held_in,1,True,0,m_cos_phi,-0.02185148559510708,-0.014417475061227064
Run1_20201027,2020-10-27,Run1,source_held_in,1,True,1,m_sin_phi,-0.29059499502182007,-0.017687715066560195
Run1_20201027,2020-10-27,Run1,source_held_in,1,True,2,modulation_magnitude,-0.32074227929115295,0.022819264944138107
Run1_20201027,2020-10-27,Run1,source_held_in,1,True,3,baseline_rate,-0.3707868456840515,0.037586618549044104
Run1_20201027,2020-10-27,Run1,source_held_in,2,True,0,m_cos_phi,-0.39067545533180237,-0.04364012202322831
Run1_20201027,2020-10-27,Run1,source_held_in,2,True,1,m_sin_phi,0.6111388802528381,0.06793614045193852
Run1_20201027,2020-10-27,Run1,source_held_in,2,True,2,modulation_magnitude,0.20442146062850952,0.08074515257150816
Run1_20201027,2020-10-27,Run1,source_held_in,2,True,3,baseline_rate,-0.04018383473157883,0.13130582823111792
Run1_20201027,2020-10-27,Run1,source_held_in,3,True,0,m_cos_phi,-0.3287729024887085,-0.03873546127389638
Run1_20201027,2020-10-27,Run1,source_held_in,3,True,1,m_sin_phi,1.133689045906067,0.11755472650254184
Run1_20201027,2020-10-27,Run1,source_held_in,3,True,2,modulation_magnitude,0.594510018825531,0.12377216351917975
Run1_20201027,2020-10-27,Run1,source_held_in,3,True,3,baseline_rate,0.5620981454849243,0.3020404837595869
Run1_20201027,2020-10-27,Run1,source_held_in,4,True,0,m_cos_phi,0.24797843396663666,0.006961679023490541
Run1_20201027,2020-10-27,Run1,source_held_in,4,True,1,m_sin_phi,-0.23512974381446838,-0.012421029644290815
Run1_20201027,2020-10-27,Run1,source_held_in,4,True,2,modulation_magnitude,-0.39853277802467346,0.014238924479649251
Run1_20201027,2020-10-27,Run1,source_held_in,4,True,3,baseline_rate,-0.42101341485977173,0.0233484107522397
Run1_20201027,2020-10-27,Run1,source_held_in,5,True,0,m_cos_phi,0.13559959828853607,-0.00194231667767375
Run1_20201027,2020-10-27,Run1,source_held_in,5,True,1,m_sin_phi,-0.14992526173591614,-0.00433046494104028
Run1_20201027,2020-10-27,Run1,source_held_in,5,True,2,modulation_magnitude,-0.48459592461586,0.00474610580358914
Run1_20201027,2020-10-27,Run1,source_held_in,5,True,3,baseline_rate,-0.41092249751091003,0.026208979977480062
Run1_20201027,2020-10-27,Run1,source_held_in,6,True,0,m_cos_phi,0.6182412505149841,0.0362983286422045
Run1_20201027,2020-10-27,Run1,source_held_in,6,True,1,m_sin_phi,2.859125852584839,0.28139303389269443
Run1_20201027,2020-10-27,Run1,source_held_in,6,True,2,modulation_magnitude,2.04465913772583,0.2837245146034313
Run1_20201027,2020-10-27,Run1,source_held_in,6,True,3,baseline_rate,1.818368911743164,0.6581676195083332
Run1_20201027,2020-10-27,Run1,source_held_in,7,True,0,m_cos_phi,0.2199072390794754,0.004737543161131397
Run1_20201027,2020-10-27,Run1,source_held_in,7,True,1,m_sin_phi,-0.005200858693569899,0.009411795071454433
Run1_20201027,2020-10-27,Run1,source_held_in,7,True,2,modulation_magnitude,-0.43209582567214966,0.010536899418366108
Run1_20201027,2020-10-27,Run1,source_held_in,7,True,3,baseline_rate,-0.4869328737258911,0.004661588845191744
Run1_20201027,2020-10-27,Run1,source_held_in,8,True,0,m_cos_phi,0.2582094967365265,0.007772306205839907
Run1_20201027,2020-10-27,Run1,source_held_in,8,True,1,m_sin_phi,-0.25958922505378723,-0.014743571965388558
Run1_20201027,2020-10-27,Run1,source_held_in,8,True,2,modulation_magnitude,-0.376521497964859,0.016666782380643008
Run1_20201027,2020-10-27,Run1,source_held_in,8,True,3,baseline_rate,-0.39493823051452637,0.030740193610206745
Run1_20201027,2020-10-27,Run1,source_held_in,9,True,0,m_cos_phi,0.32204702496528625,0.012830278852486554
Run1_20201027,2020-10-27,Run1,source_held_in,9,True,1,m_sin_phi,-0.30670973658561707,-0.019217885265562895
Run1_20201027,2020-10-27,Run1,source_held_in,9,True,2,modulation_magnitude,-0.3181317150592804,0.023107211804983097
Run1_20201027,2020-10-27,Run1,source_held_in,9,True,3,baseline_rate,-0.42716851830482483,0.02160356448263112
Run1_20201027,2020-10-27,Run1,source_held_in,10,True,0,m_cos_phi,-0.18726620078086853,-0.02752360758196426
Run1_20201027,2020-10-27,Run1,source_held_in,10,True,1,m_sin_phi,0.5282002687454224,0.06006073077360874
Run1_20201027,2020-10-27,Run1,source_held_in,10,True,2,modulation_magnitude,0.07134687900543213,0.06606694332892626
Run1_20201027,2020-10-27,Run1,source_held_in,10,True,3,baseline_rate,-0.05192127451300621,0.12797850348341788
Run1_20201027,2020-10-27,Run1,source_held_in,11,True,0,m_cos_phi,0.1785086691379547,0.0014574532174207455
Run1_20201027,2020-10-27,Run1,source_held_in,11,True,1,m_sin_phi,-0.08038708567619324,0.0022725106188432598
Run1_20201027,2020-10-27,Run1,source_held_in,11,True,2,modulation_magnitude,-0.5031487345695496,0.0026997193095144034
Run1_20201027,2020-10-27,Run1,source_held_in,11,True,3,baseline_rate,-0.4445136487483978,0.016686573822682682
Run1_20201027,2020-10-27,Run1,source_held_in,12,True,0,m_cos_phi,0.05026873201131821,-0.0087032486798998
Run1_20201027,2020-10-27,Run1,source_held_in,12,True,1,m_sin_phi,-0.1597064584493637,-0.0052592353877922715
Run1_20201027,2020-10-27,Run1,source_held_in,12,True,2,modulation_magnitude,-0.4354323744773865,0.010168876006877436
Run1_20201027,2020-10-27,Run1,source_held_in,12,True,3,baseline_rate,-0.4096851050853729,0.026559755488730907
Run1_20201027,2020-10-27,Run1,source_held_in,13,True,0,m_cos_phi,0.2479940503835678,0.006962916342852177
Run1_20201027,2020-10-27,Run1,source_held_in,13,True,1,m_sin_phi,-0.1645330935716629,-0.0057175470024317665
Run1_20201027,2020-10-27,Run1,source_held_in,13,True,2,modulation_magnitude,-0.4459426999092102,0.009009580565070952
Run1_20201027,2020-10-27,Run1,source_held_in,13,True,3,baseline_rate,-0.4938364028930664,0.0027045791503894634
Run1_20201027,2020-10-27,Run1,source_held_in,14,True,0,m_cos_phi,-0.16800643503665924,-0.02599761854357374
Run1_20201027,2020-10-27,Run1,source_held_in,14,True,1,m_sin_phi,-0.09438452124595642,0.0009433885422329702
Run1_20201027,2020-10-27,Run1,source_held_in,14,True,2,modulation_magnitude,-0.291771799325943,0.02601472692944662
Run1_20201027,2020-10-27,Run1,source_held_in,14,True,3,baseline_rate,-0.06056304648518562,0.12552873741156023
Run1_20201027,2020-10-27,Run1,source_held_in,15,True,0,m_cos_phi,0.17030350863933563,0.000807342247982179
Run1_20201027,2020-10-27,Run1,source_held_in,15,True,1,m_sin_phi,-0.21413089334964752,-0.010427090426129881
Run1_20201027,2020-10-27,Run1,source_held_in,15,True,2,modulation_magnitude,-0.43280842900276184,0.010458298827132895
Run1_20201027,2020-10-27,Run1,source_held_in,15,True,3,baseline_rate,-0.48337236046791077,0.005670921723434752
Run1_20201027,2020-10-27,Run1,source_held_in,16,True,0,m_cos_phi,0.17543596029281616,0.0012139964652400081
Run1_20201027,2020-10-27,Run1,source_held_in,16,True,1,m_sin_phi,-0.09860114008188248,0.0005430008315306933
Run1_20201027,2020-10-27,Run1,source_held_in,16,True,2,modulation_magnitude,-0.5155676603317261,0.001329904062440157
Run1_20201027,2020-10-27,Run1,source_held_in,16,True,3,baseline_rate,-0.4788532257080078,0.006952004242691601
Run1_20201027,2020-10-27,Run1,source_held_in,17,True,0,m_cos_phi,0.1457633525133133,-0.0011370224834508225
Run1_20201027,2020-10-27,Run1,source_held_in,17,True,1,m_sin_phi,-0.2744915783405304,-0.01615862021820158
Run1_20201027,2020-10-27,Run1,source_held_in,17,True,2,modulation_magnitude,-0.380766361951828,0.0161985712388375
Run1_20201027,2020-10-27,Run1,source_held_in,17,True,3,baseline_rate,-0.4698113203048706,0.009515199979961864
Run1_20201027,2020-10-27,Run1,source_held_in,18,True,0,m_cos_phi,0.03641574829816818,-0.00980084776682666
Run1_20201027,2020-10-27,Run1,source_held_in,18,True,1,m_sin_phi,-0.25642475485801697,-0.014443090696729666
Run1_20201027,2020-10-27,Run1,source_held_in,18,True,2,modulation_magnitude,-0.3693799674510956,0.017454497644630917
Run1_20201027,2020-10-27,Run1,source_held_in,18,True,3,baseline_rate,-0.43145132064819336,0.020389477382551036
Run1_20201027,2020-10-27,Run1,source_held_in,19,True,0,m_cos_phi,0.11103357374668121,-0.0038887310144615217
Run1_20201027,2020-10-27,Run1,source_held_in,19,True,1,m_sin_phi,-0.22504101693630219,-0.011463057767811646
Run1_20201027,2020-10-27,Run1,source_held_in,19,True,2,modulation_magnitude,-0.4178818464279175,0.01210471018261483
Run1_20201027,2020-10-27,Run1,source_held_in,19,True,3,baseline_rate,-0.47625499963760376,0.007688548332813738
Run1_20201027,2020-10-27,Run1,source_held_in,20,True,0,m_cos_phi,0.16011390089988708,-3.7094727289854745e-10
Run1_20201027,2020-10-27,Run1,source_held_in,20,True,1,m_sin_phi,-0.10431966930627823,-3.060708353430641e-10
Run1_20201027,2020-10-27,Run1,source_held_in,20,True,2,modulation_magnitude,-0.5276247262954712,2.176528290931401e-09
Run1_20201027,2020-10-27,Run1,source_held_in,20,True,3,baseline_rate,-0.5033770799636841,-8.180240484989554e-09
Run1_20201027,2020-10-27,Run1,source_held_in,21,True,0,m_cos_phi,0.1999761313199997,0.0031583623773212555
Run1_20201027,2020-10-27,Run1,source_held_in,21,True,1,m_sin_phi,-0.0382404588162899,0.006274530269868628
Run1_20201027,2020-10-27,Run1,source_held_in,21,True,2,modulation_magnitude,-0.46393883228302,0.007024595954800539
Run1_20201027,2020-10-27,Run1,source_held_in,21,True,3,baseline_rate,-0.492414265871048,0.003107725986164489
Run1_20201027,2020-10-27,Run1,source_held_in,22,True,0,m_cos_phi,0.13096469640731812,-0.0023095490500031346
Run1_20201027,2020-10-27,Run1,source_held_in,22,True,1,m_sin_phi,-0.19200140237808228,-0.008325791595507503
Run1_20201027,2020-10-27,Run1,source_held_in,22,True,2,modulation_magnitude,-0.4492916464805603,0.008640189672257659
Run1_20201027,2020-10-27,Run1,source_held_in,22,True,3,baseline_rate,-0.4707735776901245,0.009242419640191457
Run1_20201027,2020-10-27,Run1,source_held_in,23,True,0,m_cos_phi,0.2679251432418823,0.008542095946014072
Run1_20201027,2020-10-27,Run1,source_held_in,23,True,1,m_sin_phi,-0.1314934939146042,-0.0025802822450626817
Run1_20201027,2020-10-27,Run1,source_held_in,23,True,2,modulation_magnitude,-0.44672492146492004,0.008923301040245635
Run1_20201027,2020-10-27,Run1,source_held_in,23,True,3,baseline_rate,-0.48835501074790955,0.004258442009416719
Run1_20201027,2020-10-27,Run1,source_held_in,24,True,0,m_cos_phi,0.21172793209552765,0.004089480616399355
Run1_20201027,2020-10-27,Run1,source_held_in,24,True,1,m_sin_phi,-0.12418957054615021,-0.0018867405068994092
Run1_20201027,2020-10-27,Run1,source_held_in,24,True,2,modulation_magnitude,-0.48679330945014954,0.004503732887658929
Run1_20201027,2020-10-27,Run1,source_held_in,24,True,3,baseline_rate,-0.44689807295799255,0.016010638198786786
Run1_20201027,2020-10-27,Run1,source_held_in,25,True,0,m_cos_phi,0.06509101390838623,-0.007528850195553716
Run1_20201027,2020-10-27,Run1,source_held_in,25,True,1,m_sin_phi,0.06916395574808121,0.01647308255549451
Run1_20201027,2020-10-27,Run1,source_held_in,25,True,2,modulation_magnitude,-0.3634185791015625,0.018112042492816727
Run1_20201027,2020-10-27,Run1,source_held_in,25,True,3,baseline_rate,-0.43637266755104065,0.018994375925436735
Run1_20201027,2020-10-27,Run1,source_held_in,26,True,0,m_cos_phi,0.14883604645729065,-0.0008935669119183309
Run1_20201027,2020-10-27,Run1,source_held_in,26,True,1,m_sin_phi,-0.25627753138542175,-0.014429111138356543
Run1_20201027,2020-10-27,Run1,source_held_in,26,True,2,modulation_magnitude,-0.39655792713165283,0.014456751763245457
Run1_20201027,2020-10-27,Run1,source_held_in,26,True,3,baseline_rate,-0.4354717433452606,0.019249769559952945
Run1_20201027,2020-10-27,Run1,source_held_in,27,True,0,m_cos_phi,0.17030350863933563,0.000807342247982179
Run1_20201027,2020-10-27,Run1,source_held_in,27,True,1,m_sin_phi,-0.21413089334964752,-0.010427090426129881
Run1_20201027,2020-10-27,Run1,source_held_in,27,True,2,modulation_magnitude,-0.43280842900276184,0.010458298827132895
Run1_20201027,2020-10-27,Run1,source_held_in,27,True,3,baseline_rate,-0.48337236046791077,0.005670921723434752
Run1_20201027,2020-10-27,Run1,source_held_in,28,True,0,m_cos_phi,0.18512800335884094,0.0019819160585927698
Run1_20201027,2020-10-27,Run1,source_held_in,28,True,1,m_sin_phi,-0.2818659543991089,-0.016858851769319116
Run1_20201027,2020-10-27,Run1,source_held_in,28,True,2,modulation_magnitude,-0.37372761964797974,0.016974948899247
Run1_20201027,2020-10-27,Run1,source_held_in,28,True,3,baseline_rate,-0.40351659059524536,0.02830840351604813
Run1_20201027,2020-10-27,Run1,source_held_in,29,True,0,m_cos_phi,0.21477478742599487,0.004330888943873568
Run1_20201027,2020-10-27,Run1,source_held_in,29,True,1,m_sin_phi,-0.12073061615228653,-0.0015582965841566265
Run1_20201027,2020-10-27,Run1,source_held_in,29,True,2,modulation_magnitude,-0.4858960211277008,0.004602704348528386
Run1_20201027,2020-10-27,Run1,source_held_in,29,True,3,baseline_rate,-0.49145200848579407,0.0033805063259348955
Run1_20201027,2020-10-27,Run1,source_held_in,30,True,0,m_cos_phi,0.24187448620796204,0.0064780512631972265
Run1_20201027,2020-10-27,Run1,source_held_in,30,True,1,m_sin_phi,-0.18620610237121582,-0.007775500712487116
Run1_20201027,2020-10-27,Run1,source_held_in,30,True,2,modulation_magnitude,-0.4358713626861572,0.010120455334012846
Run1_20201027,2020-10-27,Run1,source_held_in,30,True,3,baseline_rate,-0.48362210392951965,0.0056001245465493454
Run1_20201027,2020-10-27,Run1,source_held_in,31,True,0,m_cos_phi,-0.07088234275579453,-0.01830228610014617
Run1_20201027,2020-10-27,Run1,source_held_in,31,True,1,m_sin_phi,-0.0852007195353508,0.001815433535041877
Run1_20201027,2020-10-27,Run1,source_held_in,31,True,2,modulation_magnitude,-0.360879510641098,0.018392103325542086
Run1_20201027,2020-10-27,Run1,source_held_in,31,True,3,baseline_rate,-0.4335246980190277,0.01980171719244428
Run1_20201027,2020-10-27,Run1,source_held_in,32,True,0,m_cos_phi,0.04332407936453819,-0.009253487138412841
Run1_20201027,2020-10-27,Run1,source_held_in,32,True,1,m_sin_phi,-1.9417887926101685,-0.17447630096135391
Run1_20201027,2020-10-27,Run1,source_held_in,32,True,2,modulation_magnitude,1.0564236640930176,0.17472152630916682
Run1_20201027,2020-10-27,Run1,source_held_in,32,True,3,baseline_rate,2.055976152420044,0.7255244253245294
Run1_20201027,2020-10-27,Run1,source_held_in,33,True,0,m_cos_phi,0.20404617488384247,0.003480839916595757
Run1_20201027,2020-10-27,Run1,source_held_in,33,True,1,m_sin_phi,-0.169724702835083,-0.006210514621447061
Run1_20201027,2020-10-27,Run1,source_held_in,33,True,2,modulation_magnitude,-0.4630787670612335,0.00711946168448141
Run1_20201027,2020-10-27,Run1,source_held_in,33,True,3,baseline_rate,-0.4621952176094055,0.011674209734350072
Run1_20201027,2020-10-27,Run1,source_held_in,34,True,0,m_cos_phi,0.30150163173675537,0.011202427025390094
Run1_20201027,2020-10-27,Run1,source_held_in,34,True,1,m_sin_phi,-0.8394254446029663,-0.06980173718286942
Run1_20201027,2020-10-27,Run1,source_held_in,34,True,2,modulation_magnitude,0.11330502480268478,0.07069495294527234
Run1_20201027,2020-10-27,Run1,source_held_in,34,True,3,baseline_rate,-0.0902148112654686,0.11712306695840646
Run1_20201027,2020-10-27,Run1,source_held_in,35,True,0,m_cos_phi,0.30114442110061646,0.011174124525640927
Run1_20201027,2020-10-27,Run1,source_held_in,35,True,1,m_sin_phi,-0.17529597878456116,-0.006739533370805351
Run1_20201027,2020-10-27,Run1,source_held_in,35,True,2,modulation_magnitude,-0.4093187153339386,0.013049228876087726
Run1_20201027,2020-10-27,Run1,source_held_in,35,True,3,baseline_rate,-0.49073949456214905,0.0035824894888198955
Run1_20201027,2020-10-27,Run1,source_held_in,36,True,0,m_cos_phi,-3.13075590133667,-0.2607420733368784
Run1_20201027,2020-10-27,Run1,source_held_in,36,True,1,m_sin_phi,-0.9008028507232666,-0.07562980940888409
Run1_20201027,2020-10-27,Run1,source_held_in,36,True,2,modulation_magnitude,1.9337306022644043,0.27148902804681896
Run1_20201027,2020-10-27,Run1,source_held_in,36,True,3,baseline_rate,0.9826691746711731,0.42126379136635883
Run1_20201027,2020-10-27,Run1,source_held_in,37,True,0,m_cos_phi,-2.799736499786377,-0.2345147565060799
Run1_20201027,2020-10-27,Run1,source_held_in,37,True,1,m_sin_phi,2.0338385105133057,0.20302813480619264
Run1_20201027,2020-10-27,Run1,source_held_in,37,True,2,modulation_magnitude,2.284595012664795,0.310189591060567
Run1_20201027,2020-10-27,Run1,source_held_in,37,True,3,baseline_rate,0.9651859402656555,0.4163076510503618
Run1_20201027,2020-10-27,Run1,source_held_in,38,True,0,m_cos_phi,0.2275889813899994,0.0053461826802867485
Run1_20201027,2020-10-27,Run1,source_held_in,38,True,1,m_sin_phi,0.040334273129701614,0.013735569141785364
Run1_20201027,2020-10-27,Run1,source_held_in,38,True,2,modulation_magnitude,-0.39399611949920654,0.014739320740804196
Run1_20201027,2020-10-27,Run1,source_held_in,38,True,3,baseline_rate,-0.47163572907447815,0.008998017309628459
Run1_20201027,2020-10-27,Run1,source_held_in,39,True,0,m_cos_phi,0.3818662166595459,0.017569870809271748
Run1_20201027,2020-10-27,Run1,source_held_in,39,True,1,m_sin_phi,-0.19283588230609894,-0.008405029373691031
Run1_20201027,2020-10-27,Run1,source_held_in,39,True,2,modulation_magnitude,-0.35104572772979736,0.01947677570592976
Run1_20201027,2020-10-27,Run1,source_held_in,39,True,3,baseline_rate,-0.33183082938194275,0.04862985451255586
Run1_20201027,2020-10-27,Run1,source_held_in,40,True,0,m_cos_phi,0.1386464387178421,-0.0017009095308477828
Run1_20201027,2020-10-27,Run1,source_held_in,40,True,1,m_sin_phi,-0.14646628499031067,-0.00400201889589491
Run1_20201027,2020-10-27,Run1,source_held_in,40,True,2,modulation_magnitude,-0.4882009029388428,0.004348474449093587
Run1_20201027,2020-10-27,Run1,source_held_in,40,True,3,baseline_rate,-0.45547643303871155,0.013578848104628172
Run1_20201027,2020-10-27,Run1,source_held_in,41,True,0,m_cos_phi,0.30166783928871155,0.011215595975924142
Run1_20201027,2020-10-27,Run1,source_held_in,41,True,1,m_sin_phi,-0.08708730340003967,0.001636293559620139
Run1_20201027,2020-10-27,Run1,source_held_in,41,True,2,modulation_magnitude,-0.4248662292957306,0.01133432840185944
Run1_20201027,2020-10-27,Run1,source_held_in,41,True,3,baseline_rate,-0.4671779274940491,0.010261713123631111
Run1_20201027,2020-10-27,Run1,source_held_in,42,True,0,m_cos_phi,0.15297116339206696,-0.0005659334817542661
Run1_20201027,2020-10-27,Run1,source_held_in,42,True,1,m_sin_phi,0.008950524963438511,0.010755535240099492
Run1_20201027,2020-10-27,Run1,source_held_in,42,True,2,modulation_magnitude,-0.42997875809669495,0.010770413290618785
Run1_20201027,2020-10-27,Run1,source_held_in,42,True,3,baseline_rate,-0.42683202028274536,0.02169895480771622
Run1_20201027,2020-10-27,Run1,source_held_in,43,True,0,m_cos_phi,0.2209460437297821,0.004819849692293321
Run1_20201027,2020-10-27,Run1,source_held_in,43,True,1,m_sin_phi,-0.06954742223024368,0.003301787440103232
Run1_20201027,2020-10-27,Run1,source_held_in,43,True,2,modulation_magnitude,-0.47465747594833374,0.005842322882082751
Run1_20201027,2020-10-27,Run1,source_held_in,43,True,3,baseline_rate,-0.4849829077720642,0.005214364416028516
Run1_20201027,2020-10-27,Run1,source_held_in,44,True,0,m_cos_phi,0.3026549220085144,0.011293804477024771
Run1_20201027,2020-10-27,Run1,source_held_in,44,True,1,m_sin_phi,-0.1809440404176712,-0.007275843280517558
Run1_20201027,2020-10-27,Run1,source_held_in,44,True,2,modulation_magnitude,-0.40582507848739624,0.01343457919637947
Run1_20201027,2020-10-27,Run1,source_held_in,44,True,3,baseline_rate,-0.4819113612174988,0.00608508520821438
Run1_20201027,2020-10-27,Run1,source_held_in,45,True,0,m_cos_phi,-0.14702093601226807,-0.024334896270536532
Run1_20201027,2020-10-27,Run1,source_held_in,45,True,1,m_sin_phi,-0.055094849318265915,0.004674126939391565
Run1_20201027,2020-10-27,Run1,source_held_in,45,True,2,modulation_magnitude,-0.30296850204467773,0.02477972364536285
Run1_20201027,2020-10-27,Run1,source_held_in,45,True,3,baseline_rate,-0.40816202759742737,0.026991516887526323
Run1_20201027,2020-10-27,Run1,source_held_in,46,True,0,m_cos_phi,0.25106674432754517,0.007206371914384668
Run1_20201027,2020-10-27,Run1,source_held_in,46,True,1,m_sin_phi,-0.14631904661655426,-0.003988037922586729
Run1_20201027,2020-10-27,Run1,source_held_in,46,True,2,modulation_magnitude,-0.452953577041626,0.008236276450427127
Run1_20201027,2020-10-27,Run1,source_held_in,46,True,3,baseline_rate,-0.4594968259334564,0.012439148730380545
Run1_20201027,2020-10-27,Run1,source_held_in,47,True,0,m_cos_phi,0.07168451696634293,-0.007006434008115847
Run1_20201027,2020-10-27,Run1,source_held_in,47,True,1,m_sin_phi,-0.1470700055360794,-0.0040593449897701195
Run1_20201027,2020-10-27,Run1,source_held_in,47,True,2,modulation_magnitude,-0.45421236753463745,0.008097431074971961
Run1_20201027,2020-10-27,Run1,source_held_in,47,True,3,baseline_rate,-0.4742691218852997,0.008251504165959211
Run1_20201027,2020-10-27,Run1,source_held_in,48,True,0,m_cos_phi,0.13096469640731812,-0.0023095490500031346
Run1_20201027,2020-10-27,Run1,source_held_in,48,True,1,m_sin_phi,-0.19200140237808228,-0.008325791595507503
Run1_20201027,2020-10-27,Run1,source_held_in,48,True,2,modulation_magnitude,-0.4492916464805603,0.008640189672257659
Run1_20201027,2020-10-27,Run1,source_held_in,48,True,3,baseline_rate,-0.4707735776901245,0.009242419640191457
Run1_20201027,2020-10-27,Run1,source_held_in,49,True,0,m_cos_phi,0.11460383981466293,-0.003605851827028217
Run1_20201027,2020-10-27,Run1,source_held_in,49,True,1,m_sin_phi,-0.13337337970733643,-0.002758786207175845
Run1_20201027,2020-10-27,Run1,source_held_in,49,True,2,modulation_magnitude,-0.4864630401134491,0.004540161801215303
Run1_20201027,2020-10-27,Run1,source_held_in,49,True,3,baseline_rate,-0.3561437129974365,0.04173764796255597
Run1_20201027,2020-10-27,Run1,source_held_in,50,True,0,m_cos_phi,1.287889003753662,0.08935583435627592
Run1_20201027,2020-10-27,Run1,source_held_in,50,True,1,m_sin_phi,-0.6165029406547546,-0.048634201179999614
Run1_20201027,2020-10-27,Run1,source_held_in,50,True,2,modulation_magnitude,0.3947066068649292,0.10173372272628445
Run1_20201027,2020-10-27,Run1,source_held_in,50,True,3,baseline_rate,0.001661796122789383,0.14316821097536636
Run1_20201027,2020-10-27,Run1,source_held_in,51,True,0,m_cos_phi,0.2086552381515503,0.003846025044866863
Run1_20201027,2020-10-27,Run1,source_held_in,51,True,1,m_sin_phi,-0.14240361750125885,-0.0036162495867444466
Run1_20201027,2020-10-27,Run1,source_held_in,51,True,2,modulation_magnitude,-0.4797634780406952,0.005279127670866357
Run1_20201027,2020-10-27,Run1,source_held_in,51,True,3,baseline_rate,-0.48123764991760254,0.006276068618795705
Run1_20201027,2020-10-27,Run1,source_held_in,52,True,0,m_cos_phi,1.2164348363876343,0.08369438044265998
Run1_20201027,2020-10-27,Run1,source_held_in,52,True,1,m_sin_phi,-0.2182052880525589,-0.010813973289170997
Run1_20201027,2020-10-27,Run1,source_held_in,52,True,2,modulation_magnitude,0.23746706545352936,0.08439010336716934
Run1_20201027,2020-10-27,Run1,source_held_in,52,True,3,baseline_rate,-0.0029843891970813274,0.14185111221404462
Run1_20201027,2020-10-27,Run1,source_held_in,53,True,0,m_cos_phi,0.16011390089988708,-3.7094727289854745e-10
Run1_20201027,2020-10-27,Run1,source_held_in,53,True,1,m_sin_phi,-0.10431966930627823,-3.060708353430641e-10
Run1_20201027,2020-10-27,Run1,source_held_in,53,True,2,modulation_magnitude,-0.5276247262954712,2.176528290931401e-09
Run1_20201027,2020-10-27,Run1,source_held_in,53,True,3,baseline_rate,-0.5033770799636841,-8.180240484989554e-09
Run1_20201027,2020-10-27,Run1,source_held_in,54,True,0,m_cos_phi,0.3057793378829956,0.011541358078618558
Run1_20201027,2020-10-27,Run1,source_held_in,54,True,1,m_sin_phi,-0.13321983814239502,-0.0027442067163381267
Run1_20201027,2020-10-27,Run1,source_held_in,54,True,2,modulation_magnitude,-0.42007213830947876,0.01186311962378861
Run1_20201027,2020-10-27,Run1,source_held_in,54,True,3,baseline_rate,-0.4308883845806122,0.020549058274458964
Run1_20201027,2020-10-27,Run1,source_held_in,55,True,0,m_cos_phi,0.3394961655139923,0.014212808503173857
Run1_20201027,2020-10-27,Run1,source_held_in,55,True,1,m_sin_phi,-0.10356871038675308,7.130676111255507e-05
Run1_20201027,2020-10-27,Run1,source_held_in,55,True,2,modulation_magnitude,-0.39876794815063477,0.014212985068272843
Run1_20201027,2020-10-27,Run1,source_held_in,55,True,3,baseline_rate,-0.48860475420951843,0.004187644832531312
Run1_20201027,2020-10-27,Run1,source_held_in,56,True,0,m_cos_phi,0.13403740525245667,-0.0020660922978223972
Run1_20201027,2020-10-27,Run1,source_held_in,56,True,1,m_sin_phi,-0.17378738522529602,-0.006596285345532582
Run1_20201027,2020-10-27,Run1,source_held_in,56,True,2,modulation_magnitude,-0.46495702862739563,0.006912288263801303
Run1_20201027,2020-10-27,Run1,source_held_in,56,True,3,baseline_rate,-0.4364340007305145,0.01897698922018254
Run1_20201027,2020-10-27,Run1,source_held_in,57,True,0,m_cos_phi,0.2546370029449463,0.00748925051149385
Run1_20201027,2020-10-27,Run1,source_held_in,57,True,1,m_sin_phi,-0.054651401937007904,0.004716234345516601
Run1_20201027,2020-10-27,Run1,source_held_in,57,True,2,modulation_magnitude,-0.4473847448825836,0.00885052210628623
Run1_20201027,2020-10-27,Run1,source_held_in,57,True,3,baseline_rate,-0.3393855690956116,0.04648823991177231
Run1_20201027,2020-10-27,Run1,source_held_in,58,True,0,m_cos_phi,-0.17155084013938904,-0.0262784487159764
Run1_20201027,2020-10-27,Run1,source_held_in,58,True,1,m_sin_phi,-0.1712970733642578,-0.006359818568768105
Run1_20201027,2020-10-27,Run1,source_held_in,58,True,2,modulation_magnitude,-0.2825029194355011,0.02703709015476652
Run1_20201027,2020-10-27,Run1,source_held_in,58,True,3,baseline_rate,-0.38398808240890503,0.03384433722766467
Run1_20201027,2020-10-27,Run1,source_held_in,59,True,0,m_cos_phi,-0.04237639531493187,-0.016043703939728593
Run1_20201027,2020-10-27,Run1,source_held_in,59,True,1,m_sin_phi,-0.9349938035011292,-0.07887640053844525
Run1_20201027,2020-10-27,Run1,source_held_in,59,True,2,modulation_magnitude,0.2021220624446869,0.08049152751958233
Run1_20201027,2020-10-27,Run1,source_held_in,59,True,3,baseline_rate,-0.15371088683605194,0.09912322478139801
Run1_20201027,2020-10-27,Run1,source_held_in,60,True,0,m_cos_phi,-0.09693300724029541,-0.02036633137328714
Run1_20201027,2020-10-27,Run1,source_held_in,60,True,1,m_sin_phi,-0.13991333544254303,-0.003379785639850086
Run1_20201027,2020-10-27,Run1,source_held_in,60,True,2,modulation_magnitude,-0.34045571088790894,0.020644861159904604
Run1_20201027,2020-10-27,Run1,source_held_in,60,True,3,baseline_rate,-0.42879173159599304,0.021143416626277833
Run1_20201027,2020-10-27,Run1,source_held_in,61,True,0,m_cos_phi,0.24851743876934052,0.0070043854318389
Run1_20201027,2020-10-27,Run1,source_held_in,61,True,1,m_sin_phi,-0.07632441818714142,0.002658279927993723
Run1_20201027,2020-10-27,Run1,source_held_in,61,True,2,modulation_magnitude,-0.45970261096954346,0.007491853804336479
Run1_20201027,2020-10-27,Run1,source_held_in,61,True,3,baseline_rate,-0.4702748656272888,0.009383794336850215
Run1_20201027,2020-10-27,Run1,source_held_in,62,True,0,m_cos_phi,0.13557374477386475,-0.0019443651023802744
Run1_20201027,2020-10-27,Run1,source_held_in,62,True,1,m_sin_phi,-0.1646803468465805,-0.005731529390675005
Run1_20201027,2020-10-27,Run1,source_held_in,62,True,2,modulation_magnitude,-0.4727533161640167,0.006052352892356838
Run1_20201027,2020-10-27,Run1,source_held_in,62,True,3,baseline_rate,-0.48981600999832153,0.0038442785246370903
Run1_20201027,2020-10-27,Run1,source_held_in,63,True,0,m_cos_phi,0.256225049495697,0.007615074556349022
Run1_20201027,2020-10-27,Run1,source_held_in,63,True,1,m_sin_phi,-0.016034210100769997,0.00838311760784169
Run1_20201027,2020-10-27,Run1,source_held_in,63,True,2,modulation_magnitude,-0.4249466359615326,0.011325459496537738
Run1_20201027,2020-10-27,Run1,source_held_in,63,True,3,baseline_rate,-0.37608420848846436,0.0360849242541299
Run1_20201027,2020-10-27,Run1,source_held_in,64,True,0,m_cos_phi,0.19017493724822998,0.0023817945355677494
Run1_20201027,2020-10-27,Run1,source_held_in,64,True,1,m_sin_phi,-0.4513653814792633,-0.03295361636974947
Run1_20201027,2020-10-27,Run1,source_held_in,64,True,2,modulation_magnitude,-0.2280835509300232,0.033039580397681956
Run1_20201027,2020-10-27,Run1,source_held_in,64,True,3,baseline_rate,0.30687415599823,0.22968968901731657
Run1_20201027,2020-10-27,Run1,source_held_in,65,True,0,m_cos_phi,0.19023461639881134,0.0023865230317923203
Run1_20201027,2020-10-27,Run1,source_held_in,65,True,1,m_sin_phi,-0.1810912936925888,-0.0072898256687607965
Run1_20201027,2020-10-27,Run1,source_held_in,65,True,2,modulation_magnitude,-0.4580826759338379,0.007670533647800681
Run1_20201027,2020-10-27,Run1,source_held_in,65,True,3,baseline_rate,-0.4778909683227539,0.007224784582462007
Run1_20201027,2020-10-27,Run1,source_held_in,66,True,0,m_cos_phi,0.0014939229004085064,-0.012567772529324943
Run1_20201027,2020-10-27,Run1,source_held_in,66,True,1,m_sin_phi,-0.9740674495697021,-0.08258662626833413
Run1_20201027,2020-10-27,Run1,source_held_in,66,True,2,modulation_magnitude,0.22973640263080597,0.08353740644254415
Run1_20201027,2020-10-27,Run1,source_held_in,66,True,3,baseline_rate,0.0012782278936356306,0.14305947720675405
Run1_20201027,2020-10-27,Run1,source_held_in,67,True,0,m_cos_phi,-0.15173740684986115,-0.02470859151136362
Run1_20201027,2020-10-27,Run1,source_held_in,67,True,1,m_sin_phi,-1.284129023551941,-0.11202842516316558
Run1_20201027,2020-10-27,Run1,source_held_in,67,True,2,modulation_magnitude,0.5124499797821045,0.11472089009909503
Run1_20201027,2020-10-27,Run1,source_held_in,67,True,3,baseline_rate,0.2051190733909607,0.20084419878535265
Run1_20201027,2020-10-27,Run1,source_held_in,68,True,0,m_cos_phi,0.530487596988678,0.02934543445136395
Run1_20201027,2020-10-27,Run1,source_held_in,68,True,1,m_sin_phi,-0.6297444105148315,-0.04989154077124702
Run1_20201027,2020-10-27,Run1,source_held_in,68,True,2,modulation_magnitude,-0.0028593384195119143,0.05788195132535218
Run1_20201027,2020-10-27,Run1,source_held_in,68,True,3,baseline_rate,-0.22010664641857147,0.08030138133723996
Run1_20201027,2020-10-27,Run1,source_held_in,69,True,0,m_cos_phi,0.15550485253334045,-0.0003651843185701331
Run1_20201027,2020-10-27,Run1,source_held_in,69,True,1,m_sin_phi,-0.1316407471895218,-0.0025942646333059205
Run1_20201027,2020-10-27,Run1,source_held_in,69,True,2,modulation_magnitude,-0.5038729310035706,0.0026198399917540804
Run1_20201027,2020-10-27,Run1,source_held_in,69,True,3,baseline_rate,-0.4843346178531647,0.0053981413836643455
Run1_20201027,2020-10-27,Run1,source_held_in,70,True,0,m_cos_phi,0.8117883205413818,0.051633442848444844
Run1_20201027,2020-10-27,Run1,source_held_in,70,True,1,m_sin_phi,1.0644210577011108,0.11097740654513011
Run1_20201027,2020-10-27,Run1,source_held_in,70,True,2,modulation_magnitude,0.5820785164833069,0.12240096106749254
Run1_20201027,2020-10-27,Run1,source_held_in,70,True,3,baseline_rate,0.6193091869354248,0.3182586469710529
Run1_20201027,2020-10-27,Run1,source_held_in,71,True,0,m_cos_phi,2.23494553565979,0.16439298203598796
Run1_20201027,2020-10-27,Run1,source_held_in,71,True,1,m_sin_phi,3.3778460025787354,0.330647942015208
Run1_20201027,2020-10-27,Run1,source_held_in,71,True,2,modulation_magnitude,2.8201372623443604,0.36926023477902525
Run1_20201027,2020-10-27,Run1,source_held_in,71,True,3,baseline_rate,1.4583786725997925,0.5561177300999525
Run1_20201027,2020-10-27,Run1,source_held_in,72,True,0,m_cos_phi,-0.9312506914138794,-0.0864709588902155
Run1_20201027,2020-10-27,Run1,source_held_in,72,True,1,m_sin_phi,0.20317424833774567,0.029197987591577546
Run1_20201027,2020-10-27,Run1,source_held_in,72,True,2,modulation_magnitude,0.2998180687427521,0.09126745786719215
Run1_20201027,2020-10-27,Run1,source_held_in,72,True,3,baseline_rate,1.5603294372558594,0.5850186922010607
Run1_20201027,2020-10-27,Run1,source_held_in,73,True,0,m_cos_phi,0.18684393167495728,0.002117872426693701
Run1_20201027,2020-10-27,Run1,source_held_in,73,True,1,m_sin_phi,0.8467812538146973,0.0903114876592852
Run1_20201027,2020-10-27,Run1,source_held_in,73,True,2,modulation_magnitude,0.2913762629032135,0.09033632142485515
Run1_20201027,2020-10-27,Run1,source_held_in,73,True,3,baseline_rate,0.11560095846652985,0.17546763927134146
Run1_20201027,2020-10-27,Run1,source_held_in,74,True,0,m_cos_phi,0.7289047241210938,0.045066412839901204
Run1_20201027,2020-10-27,Run1,source_held_in,74,True,1,m_sin_phi,-0.09062974900007248,0.0012999217557473353
Run1_20201027,2020-10-27,Run1,source_held_in,74,True,2,modulation_magnitude,-0.11887678503990173,0.0450851546981228
Run1_20201027,2020-10-27,Run1,source_held_in,74,True,3,baseline_rate,-0.26890894770622253,0.06646692443326874
Run1_20201027,2020-10-27,Run1,source_held_in,75,True,0,m_cos_phi,0.22144581377506256,0.004859447453810395
Run1_20201027,2020-10-27,Run1,source_held_in,75,True,1,m_sin_phi,-0.29269930720329285,-0.017887529365582022
Run1_20201027,2020-10-27,Run1,source_held_in,75,True,2,modulation_magnitude,-0.3595762252807617,0.018535856512578164
Run1_20201027,2020-10-27,Run1,source_held_in,75,True,3,baseline_rate,-0.2926679253578186,0.05973173892498629
Run1_20201027,2020-10-27,Run1,source_held_in,76,True,0,m_cos_phi,0.10852573066949844,-0.004087432343263253
Run1_20201027,2020-10-27,Run1,source_held_in,76,True,1,m_sin_phi,-0.06969467550516129,0.0032878050518599933
Run1_20201027,2020-10-27,Run1,source_held_in,76,True,2,modulation_magnitude,-0.48006704449653625,0.005245644101701474
Run1_20201027,2020-10-27,Run1,source_held_in,76,True,3,baseline_rate,-0.48096251487731934,0.006354063790276143
Run1_20201027,2020-10-27,Run1,source_held_in,77,True,0,m_cos_phi,-0.2057674527168274,-0.02898949808269702
Run1_20201027,2020-10-27,Run1,source_held_in,77,True,1,m_sin_phi,0.02220369502902031,0.01201398582066776
Run1_20201027,2020-10-27,Run1,source_held_in,77,True,2,modulation_magnitude,-0.2431262731552124,0.031380358766425864
Run1_20201027,2020-10-27,Run1,source_held_in,77,True,3,baseline_rate,-0.3774830996990204,0.035688367131716525
Run1_20201027,2020-10-27,Run1,source_held_in,78,True,0,m_cos_phi,-0.07442675530910492,-0.01858311686287295
Run1_20201027,2020-10-27,Run1,source_held_in,78,True,1,m_sin_phi,-0.1621132642030716,-0.005487772868491669
Run1_20201027,2020-10-27,Run1,source_held_in,78,True,2,modulation_magnitude,-0.35195502638816833,0.019376479497527077
Run1_20201027,2020-10-27,Run1,source_held_in,78,True,3,baseline_rate,-0.3336388170719147,0.04811732688332793
Run1_20201027,2020-10-27,Run1,source_held_in,79,True,0,m_cos_phi,-0.023403439670801163,-0.014540439428449792
Run1_20201027,2020-10-27,Run1,source_held_in,79,True,1,m_sin_phi,-0.3702986538410187,-0.025255950833406704
Run1_20201027,2020-10-27,Run1,source_held_in,79,True,2,modulation_magnitude,-0.2634146809577942,0.029142534748548332
Run1_20201027,2020-10-27,Run1,source_held_in,79,True,3,baseline_rate,-0.38568541407585144,0.033363178323708276
Run1_20201027,2020-10-27,Run1,source_held_in,80,True,0,m_cos_phi,-0.7345409393310547,-0.07088525917768607
Run1_20201027,2020-10-27,Run1,source_held_in,80,True,1,m_sin_phi,0.1631235033273697,0.025394981740064937
Run1_20201027,2020-10-27,Run1,source_held_in,80,True,2,modulation_magnitude,0.15502703189849854,0.07529691631576352
Run1_20201027,2020-10-27,Run1,source_held_in,80,True,3,baseline_rate,-0.12762732803821564,0.10651738162584534
Run1_20201027,2020-10-27,Run1,source_held_in,81,True,0,m_cos_phi,5.169007778167725,0.39686449178780236
Run1_20201027,2020-10-27,Run1,source_held_in,81,True,1,m_sin_phi,-1.0333142280578613,-0.08821238542001453
Run1_20201027,2020-10-27,Run1,source_held_in,81,True,2,modulation_magnitude,3.158210515975952,0.40654992523381317
Run1_20201027,2020-10-27,Run1,source_held_in,81,True,3,baseline_rate,3.6463334560394287,1.1763582794322573
Run1_20201027,2020-10-27,Run1,source_held_in,82,True,0,m_cos_phi,0.20765787363052368,0.003767001896476607
Run1_20201027,2020-10-27,Run1,source_held_in,82,True,1,m_sin_phi,0.007294666953384876,0.010598303765382192
Run1_20201027,2020-10-27,Run1,source_held_in,82,True,2,modulation_magnitude,-0.4256501793861389,0.011247858218580209
Run1_20201027,2020-10-27,Run1,source_held_in,82,True,3,baseline_rate,-0.19490982592105865,0.08744416596199178
Run1_20201027,2020-10-27,Run1,source_held_in,83,True,0,m_cos_phi,0.2952932119369507,0.010710521740245227
Run1_20201027,2020-10-27,Run1,source_held_in,83,True,1,m_sin_phi,1.6306440830230713,0.16474293520140648
Run1_20201027,2020-10-27,Run1,source_held_in,83,True,2,modulation_magnitude,0.9691095948219299,0.16509073008233832
Run1_20201027,2020-10-27,Run1,source_held_in,83,True,3,baseline_rate,2.582610607147217,0.8748145504996927
Run1_20201027,2020-10-27,Run1,source_held_in,84,True,0,m_cos_phi,-0.1649729609489441,-0.02575727043822429
Run1_20201027,2020-10-27,Run1,source_held_in,84,True,1,m_sin_phi,-0.4581276476383209,-0.03359572521855414
Run1_20201027,2020-10-27,Run1,source_held_in,84,True,2,modulation_magnitude,-0.14382532238960266,0.042333315488494394
Run1_20201027,2020-10-27,Run1,source_held_in,84,True,3,baseline_rate,-0.20795787870883942,0.08374530916199552
Run1_20201027,2020-10-27,Run1,source_held_in,85,True,0,m_cos_phi,0.1738996058702469,0.0010922680891496395
Run1_20201027,2020-10-27,Run1,source_held_in,85,True,1,m_sin_phi,-0.1077081561088562,-0.00032175300092429637
Run1_20201027,2020-10-27,Run1,source_held_in,85,True,2,modulation_magnitude,-0.5173013806343079,0.0011386736331648883
Run1_20201027,2020-10-27,Run1,source_held_in,85,True,3,baseline_rate,-0.4254711866378784,0.022084723386587513
Run1_20201027,2020-10-27,Run1,source_held_in,86,True,0,m_cos_phi,0.03494132682681084,-0.009917669073645274
Run1_20201027,2020-10-27,Run1,source_held_in,86,True,1,m_sin_phi,-0.29186317324638367,-0.017808134529607056
Run1_20201027,2020-10-27,Run1,source_held_in,86,True,2,modulation_magnitude,-0.34282463788986206,0.020383567036030836
Run1_20201027,2020-10-27,Run1,source_held_in,86,True,3,baseline_rate,-0.2096693515777588,0.08326014151574412
Run1_20201027,2020-10-27,Run1,source_held_in,87,True,0,m_cos_phi,0.25006940960884094,0.007127351127290904
Run1_20201027,2020-10-27,Run1,source_held_in,87,True,1,m_sin_phi,0.0033792443573474884,0.010226516048573997
Run1_20201027,2020-10-27,Run1,source_held_in,87,True,2,modulation_magnitude,-0.4146137535572052,0.012465182861885582
Run1_20201027,2020-10-27,Run1,source_held_in,87,True,3,baseline_rate,-0.4553762972354889,0.013607234562186044
Run1_20201027,2020-10-27,Run1,source_held_in,88,True,0,m_cos_phi,0.3062768578529358,0.01158077756225051
Run1_20201027,2020-10-27,Run1,source_held_in,88,True,1,m_sin_phi,-0.05976622924208641,0.0042305575331214595
Run1_20201027,2020-10-27,Run1,source_held_in,88,True,2,modulation_magnitude,-0.41584551334381104,0.012329318990183857
Run1_20201027,2020-10-27,Run1,source_held_in,88,True,3,baseline_rate,-0.4862203598022461,0.004863572008076744
Run1_20201027,2020-10-27,Run1,source_held_in,89,True,0,m_cos_phi,-4.148227214813232,-0.34135832235376284
Run1_20201027,2020-10-27,Run1,source_held_in,89,True,1,m_sin_phi,-3.8415517807006836,-0.3548676958860568
Run1_20201027,2020-10-27,Run1,source_held_in,89,True,2,modulation_magnitude,3.936527729034424,0.4923987986327454
Run1_20201027,2020-10-27,Run1,source_held_in,89,True,3,baseline_rate,4.306464195251465,1.3634918780875012
Run1_20201027,2020-10-27,Run1,source_held_in,90,True,0,m_cos_phi,0.28789013624191284,0.010123961523935243
Run1_20201027,2020-10-27,Run1,source_held_in,90,True,1,m_sin_phi,0.15706510841846466,0.024819708763660353
Run1_20201027,2020-10-27,Run1,source_held_in,90,True,2,modulation_magnitude,-0.28460630774497986,0.026805085114071536
Run1_20201027,2020-10-27,Run1,source_held_in,90,True,3,baseline_rate,0.3467112183570862,0.24098268356558528
Run1_20201027,2020-10-27,Run1,source_held_in,91,True,0,m_cos_phi,-0.2961554229259491,-0.03615111435432583
Run1_20201027,2020-10-27,Run1,source_held_in,91,True,1,m_sin_phi,0.23776347935199738,0.032482397105369154
Run1_20201027,2020-10-27,Run1,source_held_in,91,True,2,modulation_magnitude,-0.08700614422559738,0.04860050623153994
Run1_20201027,2020-10-27,Run1,source_held_in,91,True,3,baseline_rate,-0.2506276071071625,0.07164931157468235
Run1_20201027,2020-10-27,Run1,source_held_in,92,True,0,m_cos_phi,0.1943046748638153,0.0027090017517150677
Run1_20201027,2020-10-27,Run1,source_held_in,92,True,1,m_sin_phi,-0.3125755190849304,-0.019774868791407663
Run1_20201027,2020-10-27,Run1,source_held_in,92,True,2,modulation_magnitude,-0.34666869044303894,0.01995956564503021
Run1_20201027,2020-10-27,Run1,source_held_in,92,True,3,baseline_rate,-0.44767192006111145,0.01579126833064759
Run1_20201027,2020-10-27,Run1,source_held_in,93,True,0,m_cos_phi,0.16519689559936523,0.0004027352747826285
Run1_20201027,2020-10-27,Run1,source_held_in,93,True,1,m_sin_phi,-0.3149055540561676,-0.0199961165266882
Run1_20201027,2020-10-27,Run1,source_held_in,93,True,2,modulation_magnitude,-0.34630057215690613,0.020000169321284345
Run1_20201027,2020-10-27,Run1,source_held_in,93,True,3,baseline_rate,-0.4089979827404022,0.026754540657020875
Run1_20201027,2020-10-27,Run1,source_held_in,94,True,0,m_cos_phi,0.08449871838092804,-0.005991139681378543
Run1_20201027,2020-10-27,Run1,source_held_in,94,True,1,m_sin_phi,0.01399487629532814,0.011234520028704342
Run1_20201027,2020-10-27,Run1,source_held_in,94,True,2,modulation_magnitude,-0.4121932089328766,0.012732170441658974
Run1_20201027,2020-10-27,Run1,source_held_in,94,True,3,baseline_rate,-0.45445284247398376,0.013869015149652775
Run1_20201027,2020-10-27,Run1,source_held_in,95,True,0,m_cos_phi,0.11464528739452362,-0.0036025678539324257
Run1_20201027,2020-10-27,Run1,source_held_in,95,True,1,m_sin_phi,-0.04802165552973747,0.005345759823116636
Run1_20201027,2020-10-27,Run1,source_held_in,95,True,2,modulation_magnitude,-0.4691811501979828,0.006446365023442757
Run1_20201027,2020-10-27,Run1,source_held_in,95,True,3,baseline_rate,-0.49117687344551086,0.003458501497415334
Run2_20201027,2020-10-27,Run2,source_held_in,0,True,0,m_cos_phi,0.05460277199745178,-0.008359854185977955
Run2_20201027,2020-10-27,Run2,source_held_in,0,True,1,m_sin_phi,-0.03549051657319069,0.006535650167616314
Run2_20201027,2020-10-27,Run2,source_held_in,0,True,2,modulation_magnitude,-0.43142035603523254,0.010611404140054903
Run2_20201027,2020-10-27,Run2,source_held_in,0,True,3,baseline_rate,-0.4608409106731415,0.012058128124469825
Run2_20201027,2020-10-27,Run2,source_held_in,1,True,0,m_cos_phi,0.2937210202217102,0.010585953905123624
Run2_20201027,2020-10-27,Run2,source_held_in,1,True,1,m_sin_phi,-0.017168356105685234,0.008275425131907849
Run2_20201027,2020-10-27,Run2,source_held_in,1,True,2,modulation_magnitude,-0.4058057963848114,0.013436706024305023
Run2_20201027,2020-10-27,Run2,source_held_in,1,True,3,baseline_rate,-0.4334317743778229,0.019828059149189947
Run2_20201027,2020-10-27,Run2,source_held_in,2,True,0,m_cos_phi,0.22878478467464447,0.005440928521366795
Run2_20201027,2020-10-27,Run2,source_held_in,2,True,1,m_sin_phi,0.4670123755931854,0.05425065369166182
Run2_20201027,2020-10-27,Run2,source_held_in,2,True,2,modulation_magnitude,-0.03331373631954193,0.05452281226752953
Run2_20201027,2020-10-27,Run2,source_held_in,2,True,3,baseline_rate,-0.1851811707019806,0.09020204126317122
Run2_20201027,2020-10-27,Run2,source_held_in,3,True,0,m_cos_phi,-0.6225587129592896,-0.06201268761023293
Run2_20201027,2020-10-27,Run2,source_held_in,3,True,1,m_sin_phi,0.4110165536403656,0.048933588091716995
Run2_20201027,2020-10-27,Run2,source_held_in,3,True,2,modulation_magnitude,0.188546285033226,0.07899411081501173
Run2_20201027,2020-10-27,Run2,source_held_in,3,True,3,baseline_rate,0.5344480276107788,0.2942022393730177
Run2_20201027,2020-10-27,Run2,source_held_in,4,True,0,m_cos_phi,0.26729869842529297,0.008492461493759151
Run2_20201027,2020-10-27,Run2,source_held_in,4,True,1,m_sin_phi,-0.11148951202630997,-0.0006808104585821484
Run2_20201027,2020-10-27,Run2,source_held_in,4,True,2,modulation_magnitude,-0.4503839612007141,0.0085197066782432
Run2_20201027,2020-10-27,Run2,source_held_in,4,True,3,baseline_rate,-0.48508456349372864,0.005185547092596998
Run2_20201027,2020-10-27,Run2,source_held_in,5,True,0,m_cos_phi,0.6405887603759766,0.038068965706855806
Run2_20201027,2020-10-27,Run2,source_held_in,5,True,1,m_sin_phi,-0.14519067108631134,-0.0038808933802541024
Run2_20201027,2020-10-27,Run2,source_held_in,5,True,2,modulation_magnitude,-0.18069767951965332,0.03826627152997908
Run2_20201027,2020-10-27,Run2,source_held_in,5,True,3,baseline_rate,-0.3415721356868744,0.0458683928866046
Run2_20201027,2020-10-27,Run2,source_held_in,6,True,0,m_cos_phi,-0.2007061243057251,-0.02858847909951656
Run2_20201027,2020-10-27,Run2,source_held_in,6,True,1,m_sin_phi,3.4633095264434814,0.3387631039495069
Run2_20201027,2020-10-27,Run2,source_held_in,6,True,2,modulation_magnitude,2.554563045501709,0.33996723324029077
Run2_20201027,2020-10-27,Run2,source_held_in,6,True,3,baseline_rate,1.9730103015899658,0.7020052990225807
Run2_20201027,2020-10-27,Run2,source_held_in,7,True,0,m_cos_phi,0.1619759202003479,0.00014753107255582876
Run2_20201027,2020-10-27,Run2,source_held_in,7,True,1,m_sin_phi,0.16386187076568604,0.02546509318712431
Run2_20201027,2020-10-27,Run2,source_held_in,7,True,2,modulation_magnitude,-0.2967509627342224,0.02546552210408981
Run2_20201027,2020-10-27,Run2,source_held_in,7,True,3,baseline_rate,-0.4367856979370117,0.018877290236360977
Run2_20201027,2020-10-27,Run2,source_held_in,8,True,0,m_cos_phi,0.414864718914032,0.020184406904488306
Run2_20201027,2020-10-27,Run2,source_held_in,8,True,1,m_sin_phi,-0.16940487921237946,-0.006180145870297027
Run2_20201027,2020-10-27,Run2,source_held_in,8,True,2,modulation_magnitude,-0.3362446129322052,0.021109347887429353
Run2_20201027,2020-10-27,Run2,source_held_in,8,True,3,baseline_rate,-0.34236860275268555,0.045642610720463495
Run2_20201027,2020-10-27,Run2,source_held_in,9,True,0,m_cos_phi,0.25706344842910767,0.007681502549252706
Run2_20201027,2020-10-27,Run2,source_held_in,9,True,1,m_sin_phi,-0.1888010948896408,-0.008021907408034101
Run2_20201027,2020-10-27,Run2,source_held_in,9,True,2,modulation_magnitude,-0.42693087458610535,0.011106596740303898
Run2_20201027,2020-10-27,Run2,source_held_in,9,True,3,baseline_rate,-0.39580267667770386,0.030495140756658046
Run2_20201027,2020-10-27,Run2,source_held_in,10,True,0,m_cos_phi,0.04287723824381828,-0.009288891237360708
Run2_20201027,2020-10-27,Run2,source_held_in,10,True,1,m_sin_phi,0.5312272906303406,0.06034816068129256
Run2_20201027,2020-10-27,Run2,source_held_in,10,True,2,modulation_magnitude,0.025942903012037277,0.06105885649560541
Run2_20201027,2020-10-27,Run2,source_held_in,10,True,3,baseline_rate,-0.10771215707063675,0.11216292634846492
Run2_20201027,2020-10-27,Run2,source_held_in,11,True,0,m_cos_phi,0.13536526262760162,-0.0019608835519877577
Run2_20201027,2020-10-27,Run2,source_held_in,11,True,1,m_sin_phi,-0.1369815319776535,-0.0031013971671869367
Run2_20201027,2020-10-27,Run2,source_held_in,11,True,2,modulation_magnitude,-0.4943584203720093,0.0036692964408180373
Run2_20201027,2020-10-27,Run2,source_held_in,11,True,3,baseline_rate,-0.4942012131214142,0.002601162892363895
Run2_20201027,2020-10-27,Run2,source_held_in,12,True,0,m_cos_phi,0.14225319027900696,-0.00141513952618455
Run2_20201027,2020-10-27,Run2,source_held_in,12,True,1,m_sin_phi,-0.18298855423927307,-0.007469979445151598
Run2_20201027,2020-10-27,Run2,source_held_in,12,True,2,modulation_magnitude,-0.4586963951587677,0.007602840035017211
Run2_20201027,2020-10-27,Run2,source_held_in,12,True,3,baseline_rate,-0.42293307185173035,0.022804227153824463
Run2_20201027,2020-10-27,Run2,source_held_in,13,True,0,m_cos_phi,0.3134486973285675,0.01214901647908162
Run2_20201027,2020-10-27,Run2,source_held_in,13,True,1,m_sin_phi,-0.16948437690734863,-0.006187694548831502
Run2_20201027,2020-10-27,Run2,source_held_in,13,True,2,modulation_magnitude,-0.40401703119277954,0.01363400793917302
Run2_20201027,2020-10-27,Run2,source_held_in,13,True,3,baseline_rate,-0.4839898943901062,0.005495863453477412
Run2_20201027,2020-10-27,Run2,source_held_in,14,True,0,m_cos_phi,0.09368177503347397,-0.005263548080482905
Run2_20201027,2020-10-27,Run2,source_held_in,14,True,1,m_sin_phi,0.0055742715485394,0.010434944162711936
Run2_20201027,2020-10-27,Run2,source_held_in,14,True,2,modulation_magnitude,-0.42166614532470703,0.01168729965713311
Run2_20201027,2020-10-27,Run2,source_held_in,14,True,3,baseline_rate,-0.32014521956443787,0.05194248652275579
Run2_20201027,2020-10-27,Run2,source_held_in,15,True,0,m_cos_phi,0.273067444562912,0.008949530571762399
Run2_20201027,2020-10-27,Run2,source_held_in,15,True,1,m_sin_phi,-0.11873888224363327,-0.0013691721194980522
Run2_20201027,2020-10-27,Run2,source_held_in,15,True,2,modulation_magnitude,-0.4455430805683136,0.009053658827286926
Run2_20201027,2020-10-27,Run2,source_held_in,15,True,3,baseline_rate,-0.46730974316596985,0.010224346069530377
Run2_20201027,2020-10-27,Run2,source_held_in,16,True,0,m_cos_phi,0.2021687924861908,0.003332091224751199
Run2_20201027,2020-10-27,Run2,source_held_in,16,True,1,m_sin_phi,-0.09340588003396988,0.0010363151096351997
Run2_20201027,2020-10-27,Run2,source_held_in,16,True,2,modulation_magnitude,-0.49598824977874756,0.003489525242065916
Run2_20201027,2020-10-27,Run2,source_held_in,16,True,3,baseline_rate,-0.4592285454273224,0.012515200781254343
Run2_20201027,2020-10-27,Run2,source_held_in,17,True,0,m_cos_phi,0.23547905683517456,0.005971328842567125
Run2_20201027,2020-10-27,Run2,source_held_in,17,True,1,m_sin_phi,-0.04509172961115837,0.005623970013962476
Run2_20201027,2020-10-27,Run2,source_held_in,17,True,2,modulation_magnitude,-0.45325717329978943,0.008202789594047522
Run2_20201027,2020-10-27,Run2,source_held_in,17,True,3,baseline_rate,-0.47741132974624634,0.007360752334824028
Run2_20201027,2020-10-27,Run2,source_held_in,18,True,0,m_cos_phi,0.09647461026906967,-0.005042266263655448
Run2_20201027,2020-10-27,Run2,source_held_in,18,True,1,m_sin_phi,0.028475908562541008,0.01260956187708659
Run2_20201027,2020-10-27,Run2,source_held_in,18,True,2,modulation_magnitude,-0.40450364351272583,0.01358033429718164
Run2_20201027,2020-10-27,Run2,source_held_in,18,True,3,baseline_rate,-0.4880305230617523,0.004350427649264965
Run2_20201027,2020-10-27,Run2,source_held_in,19,True,0,m_cos_phi,0.17872241139411926,0.0014743884358590087
Run2_20201027,2020-10-27,Run2,source_held_in,19,True,1,m_sin_phi,-0.2178780436515808,-0.010782899900362075
Run2_20201027,2020-10-27,Run2,source_held_in,19,True,2,modulation_magnitude,-0.42895594239234924,0.010883230499900032
Run2_20201027,2020-10-27,Run2,source_held_in,19,True,3,baseline_rate,-0.46632489562034607,0.010503530258952232
Run2_20201027,2020-10-27,Run2,source_held_in,20,True,0,m_cos_phi,0.26729869842529297,0.008492461493759151
Run2_20201027,2020-10-27,Run2,source_held_in,20,True,1,m_sin_phi,-0.11148951202630997,-0.0006808104585821484
Run2_20201027,2020-10-27,Run2,source_held_in,20,True,2,modulation_magnitude,-0.4503839612007141,0.0085197066782432
Run2_20201027,2020-10-27,Run2,source_held_in,20,True,3,baseline_rate,-0.48508456349372864,0.005185547092596998
Run2_20201027,2020-10-27,Run2,source_held_in,21,True,0,m_cos_phi,0.18021300435066223,0.0015924910411864168
Run2_20201027,2020-10-27,Run2,source_held_in,21,True,1,m_sin_phi,-0.1031661108136177,0.00010953547650982554
Run2_20201027,2020-10-27,Run2,source_held_in,21,True,2,modulation_magnitude,-0.5131528973579407,0.0015962539225573558
Run2_20201027,2020-10-27,Run2,source_held_in,21,True,3,baseline_rate,-0.47683435678482056,0.007524312399800337
Run2_20201027,2020-10-27,Run2,source_held_in,22,True,0,m_cos_phi,0.02073805220425129,-0.01104302239679214
Run2_20201027,2020-10-27,Run2,source_held_in,22,True,1,m_sin_phi,-0.18422162532806396,-0.007587065321201791
Run2_20201027,2020-10-27,Run2,source_held_in,22,True,2,modulation_magnitude,-0.4061548709869385,0.013398202878258658
Run2_20201027,2020-10-27,Run2,source_held_in,22,True,3,baseline_rate,-0.44999346137046814,0.01513315872623
Run2_20201027,2020-10-27,Run2,source_held_in,23,True,0,m_cos_phi,0.11973266303539276,-0.0031994850976182487
Run2_20201027,2020-10-27,Run2,source_held_in,23,True,1,m_sin_phi,-0.053574156016111374,0.004818523891931437
Run2_20201027,2020-10-27,Run2,source_held_in,23,True,2,modulation_magnitude,-0.4751860499382019,0.005784020841761883
Run2_20201027,2020-10-27,Run2,source_held_in,23,True,3,baseline_rate,-0.48669689893722534,0.004728482884162943
Run2_20201027,2020-10-27,Run2,source_held_in,24,True,0,m_cos_phi,0.18728400766849518,0.0021527405113379583
Run2_20201027,2020-10-27,Run2,source_held_in,24,True,1,m_sin_phi,-0.20222575962543488,-0.009296642210884665
Run2_20201027,2020-10-27,Run2,source_held_in,24,True,2,modulation_magnitude,-0.4411099851131439,0.009542632017280672
Run2_20201027,2020-10-27,Run2,source_held_in,24,True,3,baseline_rate,-0.47533178329467773,0.00795026133347676
Run2_20201027,2020-10-27,Run2,source_held_in,25,True,0,m_cos_phi,0.1658826470375061,0.00045706870705597424
Run2_20201027,2020-10-27,Run2,source_held_in,25,True,1,m_sin_phi,-0.11156901717185974,-0.0006883598445841521
Run2_20201027,2020-10-27,Run2,source_held_in,25,True,2,modulation_magnitude,-0.5201334953308105,0.0008262896180717405
Run2_20201027,2020-10-27,Run2,source_held_in,25,True,3,baseline_rate,-0.4856022894382477,0.00503878234834243
Run2_20201027,2020-10-27,Run2,source_held_in,26,True,0,m_cos_phi,0.29446879029273987,0.010645201195396137
Run2_20201027,2020-10-27,Run2,source_held_in,26,True,1,m_sin_phi,-0.2093956172466278,-0.009977453778331036
Run2_20201027,2020-10-27,Run2,source_held_in,26,True,2,modulation_magnitude,-0.39534932374954224,0.014590061469107685
Run2_20201027,2020-10-27,Run2,source_held_in,26,True,3,baseline_rate,-0.4570392668247223,0.013135816606314243
Run2_20201027,2020-10-27,Run2,source_held_in,27,True,0,m_cos_phi,0.1977023035287857,0.0029782025388962463
Run2_20201027,2020-10-27,Run2,source_held_in,27,True,1,m_sin_phi,-0.17796681821346283,-0.006993142085797599
Run2_20201027,2020-10-27,Run2,source_held_in,27,True,2,modulation_magnitude,-0.45871394872665405,0.007600903865545572
Run2_20201027,2020-10-27,Run2,source_held_in,27,True,3,baseline_rate,-0.49327555298805237,0.0028635686577649366
Run2_20201027,2020-10-27,Run2,source_held_in,28,True,0,m_cos_phi,0.11061660945415497,-0.003921767913676488
Run2_20201027,2020-10-27,Run2,source_held_in,28,True,1,m_sin_phi,-0.16964338719844818,-0.006202793320835509
Run2_20201027,2020-10-27,Run2,source_held_in,28,True,2,modulation_magnitude,-0.46109211444854736,0.007338590705107784
Run2_20201027,2020-10-27,Run2,source_held_in,28,True,3,baseline_rate,-0.4850253462791443,0.005202333964968275
Run2_20201027,2020-10-27,Run2,source_held_in,29,True,0,m_cos_phi,0.23547905683517456,0.005971328842567125
Run2_20201027,2020-10-27,Run2,source_held_in,29,True,1,m_sin_phi,-0.04509172961115837,0.005623970013962476
Run2_20201027,2020-10-27,Run2,source_held_in,29,True,2,modulation_magnitude,-0.45325717329978943,0.008202789594047522
Run2_20201027,2020-10-27,Run2,source_held_in,29,True,3,baseline_rate,-0.47741132974624634,0.007360752334824028
Run2_20201027,2020-10-27,Run2,source_held_in,30,True,0,m_cos_phi,0.1789107620716095,0.0014893118296863683
Run2_20201027,2020-10-27,Run2,source_held_in,30,True,1,m_sin_phi,-0.0113558080047369,0.008827353802257881
Run2_20201027,2020-10-27,Run2,source_held_in,30,True,2,modulation_magnitude,-0.44646376371383667,0.00895210690286019
Run2_20201027,2020-10-27,Run2,source_held_in,30,True,3,baseline_rate,-0.46056216955184937,0.012137145546356365
Run2_20201027,2020-10-27,Run2,source_held_in,31,True,0,m_cos_phi,0.2816290557384491,0.009627883827889594
Run2_20201027,2020-10-27,Run2,source_held_in,31,True,1,m_sin_phi,-0.10308659821748734,0.00011708556997935826
Run2_20201027,2020-10-27,Run2,source_held_in,31,True,2,modulation_magnitude,-0.4403306543827057,0.009628592682277892
Run2_20201027,2020-10-27,Run2,source_held_in,31,True,3,baseline_rate,-0.4763166308403015,0.007671077144054905
Run2_20201027,2020-10-27,Run2,source_held_in,32,True,0,m_cos_phi,-0.4152451753616333,-0.04558682916078105
Run2_20201027,2020-10-27,Run2,source_held_in,32,True,1,m_sin_phi,-1.001762866973877,-0.08521643588662897
Run2_20201027,2020-10-27,Run2,source_held_in,32,True,2,modulation_magnitude,0.34855952858924866,0.0966436712483636
Run2_20201027,2020-10-27,Run2,source_held_in,32,True,3,baseline_rate,1.8704501390457153,0.6729315850511917
Run2_20201027,2020-10-27,Run2,source_held_in,33,True,0,m_cos_phi,0.2107304036617279,0.0040104444808783946
Run2_20201027,2020-10-27,Run2,source_held_in,33,True,1,m_sin_phi,-0.07775359600782394,0.00252257279911261
Run2_20201027,2020-10-27,Run2,source_held_in,33,True,2,modulation_magnitude,-0.4846709370613098,0.0047378318841322375
Run2_20201027,2020-10-27,Run2,source_held_in,33,True,3,baseline_rate,-0.46823543310165405,0.009961931855778872
Run2_20201027,2020-10-27,Run2,source_held_in,34,True,0,m_cos_phi,0.40537697076797485,0.019432673998585948
Run2_20201027,2020-10-27,Run2,source_held_in,34,True,1,m_sin_phi,-1.1976850032806396,-0.10382016050204967
Run2_20201027,2020-10-27,Run2,source_held_in,34,True,2,modulation_magnitude,0.42996886372566223,0.10562317162219403
Run2_20201027,2020-10-27,Run2,source_held_in,34,True,3,baseline_rate,0.0343828946352005,0.15244397493068407
Run2_20201027,2020-10-27,Run2,source_held_in,35,True,0,m_cos_phi,0.0773063600063324,-0.0065610043508441684
Run2_20201027,2020-10-27,Run2,source_held_in,35,True,1,m_sin_phi,-0.2179575264453888,-0.010790447163961492
Run2_20201027,2020-10-27,Run2,source_held_in,35,True,2,modulation_magnitude,-0.41313251852989197,0.012628564008030585
Run2_20201027,2020-10-27,Run2,source_held_in,35,True,3,baseline_rate,-0.4668426215648651,0.010356765514697663
Run2_20201027,2020-10-27,Run2,source_held_in,36,True,0,m_cos_phi,-4.258081912994385,-0.3500623256872686
Run2_20201027,2020-10-27,Run2,source_held_in,36,True,1,m_sin_phi,-0.12136705219745636,-0.0016187291679516935
Run2_20201027,2020-10-27,Run2,source_held_in,36,True,2,modulation_magnitude,2.646120071411133,0.3500660302271825
Run2_20201027,2020-10-27,Run2,source_held_in,36,True,3,baseline_rate,1.2468841075897217,0.4961633351666066
Run2_20201027,2020-10-27,Run2,source_held_in,37,True,0,m_cos_phi,-3.5617613792419434,-0.2948914832261167
Run2_20201027,2020-10-27,Run2,source_held_in,37,True,1,m_sin_phi,2.1943747997283936,0.2182718074796206
Run2_20201027,2020-10-27,Run2,source_held_in,37,True,2,modulation_magnitude,2.7985899448394775,0.36688355223683367
Run2_20201027,2020-10-27,Run2,source_held_in,37,True,3,baseline_rate,0.9515967965126038,0.4124554059993475
Run2_20201027,2020-10-27,Run2,source_held_in,38,True,0,m_cos_phi,0.1573210507631302,-0.00022128336842297536
Run2_20201027,2020-10-27,Run2,source_held_in,38,True,1,m_sin_phi,-0.12722130119800568,-0.0021746175340615626
Run2_20201027,2020-10-27,Run2,source_held_in,38,True,2,modulation_magnitude,-0.5078075528144836,0.002185848755211328
Run2_20201027,2020-10-27,Run2,source_held_in,38,True,3,baseline_rate,-0.476595401763916,0.007592051273817901
Run2_20201027,2020-10-27,Run2,source_held_in,39,True,0,m_cos_phi,0.3756026327610016,0.0170735947643208
Run2_20201027,2020-10-27,Run2,source_held_in,39,True,1,m_sin_phi,-0.15741699934005737,-0.00504184052067469
Run2_20201027,2020-10-27,Run2,source_held_in,39,True,2,modulation_magnitude,-0.3662252426147461,0.01780246575909672
Run2_20201027,2020-10-27,Run2,source_held_in,39,True,3,baseline_rate,-0.27219510078430176,0.06553536706939411
Run2_20201027,2020-10-27,Run2,source_held_in,40,True,0,m_cos_phi,0.15881165862083435,-0.0001031795824473214
Run2_20201027,2020-10-27,Run2,source_held_in,40,True,1,m_sin_phi,-0.012509364634752274,0.008717818196544103
Run2_20201027,2020-10-27,Run2,source_held_in,40,True,2,modulation_magnitude,-0.44858232140541077,0.008718428669871381
Run2_20201027,2020-10-27,Run2,source_held_in,40,True,3,baseline_rate,-0.4871048629283905,0.004612833414666007
Run2_20201027,2020-10-27,Run2,source_held_in,41,True,0,m_cos_phi,0.1658826470375061,0.00045706870705597424
Run2_20201027,2020-10-27,Run2,source_held_in,41,True,1,m_sin_phi,-0.11156901717185974,-0.0006883598445841521
Run2_20201027,2020-10-27,Run2,source_held_in,41,True,2,modulation_magnitude,-0.5201334953308105,0.0008262896180717405
Run2_20201027,2020-10-27,Run2,source_held_in,41,True,3,baseline_rate,-0.4856022894382477,0.00503878234834243
Run2_20201027,2020-10-27,Run2,source_held_in,42,True,0,m_cos_phi,0.1312701553106308,-0.0022853469416117544
Run2_20201027,2020-10-27,Run2,source_held_in,42,True,1,m_sin_phi,-0.06807287037372589,0.0034418030462359805
Run2_20201027,2020-10-27,Run2,source_held_in,42,True,2,modulation_magnitude,-0.4901685416698456,0.0041314426714602615
Run2_20201027,2020-10-27,Run2,source_held_in,42,True,3,baseline_rate,-0.45114731788635254,0.014806063941328773
Run2_20201027,2020-10-27,Run2,source_held_in,43,True,0,m_cos_phi,0.2107304036617279,0.0040104444808783946
Run2_20201027,2020-10-27,Run2,source_held_in,43,True,1,m_sin_phi,-0.07775359600782394,0.00252257279911261
Run2_20201027,2020-10-27,Run2,source_held_in,43,True,2,modulation_magnitude,-0.4846709370613098,0.0047378318841322375
Run2_20201027,2020-10-27,Run2,source_held_in,43,True,3,baseline_rate,-0.46823543310165405,0.009961931855778872
Run2_20201027,2020-10-27,Run2,source_held_in,44,True,0,m_cos_phi,0.2658080756664276,0.008374356527135252
Run2_20201027,2020-10-27,Run2,source_held_in,44,True,1,m_sin_phi,-0.22620145976543427,-0.011573247250389107
Run2_20201027,2020-10-27,Run2,source_held_in,44,True,2,modulation_magnitude,-0.39811229705810547,0.014285303792171078
Run2_20201027,2020-10-27,Run2,source_held_in,44,True,3,baseline_rate,-0.47457510232925415,0.008164764951748893
Run2_20201027,2020-10-27,Run2,source_held_in,45,True,0,m_cos_phi,0.16551125049591064,0.0004276422301767724
Run2_20201027,2020-10-27,Run2,source_held_in,45,True,1,m_sin_phi,-0.2650386095046997,-0.015261016545972339
Run2_20201027,2020-10-27,Run2,source_held_in,45,True,2,modulation_magnitude,-0.389212042093277,0.015267007458586557
Run2_20201027,2020-10-27,Run2,source_held_in,45,True,3,baseline_rate,-0.42159947752952576,0.023182273940371978
Run2_20201027,2020-10-27,Run2,source_held_in,46,True,0,m_cos_phi,0.19640004634857178,0.002875022146747952
Run2_20201027,2020-10-27,Run2,source_held_in,46,True,1,m_sin_phi,-0.08615651726722717,0.0017246760630835745
Run2_20201027,2020-10-27,Run2,source_held_in,46,True,2,modulation_magnitude,-0.4972291886806488,0.0033526489082296163
Run2_20201027,2020-10-27,Run2,source_held_in,46,True,3,baseline_rate,-0.4770033657550812,0.007476401804320965
Run2_20201027,2020-10-27,Run2,source_held_in,47,True,0,m_cos_phi,0.04697730764746666,-0.008964034691870848
Run2_20201027,2020-10-27,Run2,source_held_in,47,True,1,m_sin_phi,-0.03684782236814499,0.00640676762425374
Run2_20201027,2020-10-27,Run2,source_held_in,47,True,2,modulation_magnitude,-0.42773234844207764,0.011018193674767751
Run2_20201027,2020-10-27,Run2,source_held_in,47,True,3,baseline_rate,-0.4696788191795349,0.009552761346123262
Run2_20201027,2020-10-27,Run2,source_held_in,48,True,0,m_cos_phi,0.2645058333873749,0.008271177315635203
Run2_20201027,2020-10-27,Run2,source_held_in,48,True,1,m_sin_phi,-0.1343911588191986,-0.0028554291015079336
Run2_20201027,2020-10-27,Run2,source_held_in,48,True,2,modulation_magnitude,-0.44829434156417847,0.00875019302573632
Run2_20201027,2020-10-27,Run2,source_held_in,48,True,3,baseline_rate,-0.45830291509628296,0.012777598098304921
Run2_20201027,2020-10-27,Run2,source_held_in,49,True,0,m_cos_phi,0.23138394951820374,0.005646865452943128
Run2_20201027,2020-10-27,Run2,source_held_in,49,True,1,m_sin_phi,0.02381693571805954,0.012167170581119158
Run2_20201027,2020-10-27,Run2,source_held_in,49,True,2,modulation_magnitude,-0.40601444244384766,0.013413692234031771
Run2_20201027,2020-10-27,Run2,source_held_in,49,True,3,baseline_rate,-0.4343574345111847,0.019565653383788906
Run2_20201027,2020-10-27,Run2,source_held_in,50,True,0,m_cos_phi,0.5488432049751282,0.030799785296141913
Run2_20201027,2020-10-27,Run2,source_held_in,50,True,1,m_sin_phi,0.07121603935956955,0.01666793750713802
Run2_20201027,2020-10-27,Run2,source_held_in,50,True,2,modulation_magnitude,-0.210122749209404,0.03502066801489867
Run2_20201027,2020-10-27,Run2,source_held_in,50,True,3,baseline_rate,0.22798840701580048,0.20732718835976938
Run2_20201027,2020-10-27,Run2,source_held_in,51,True,0,m_cos_phi,0.1268036663532257,-0.0026392356274667073
Run2_20201027,2020-10-27,Run2,source_held_in,51,True,1,m_sin_phi,-0.15263381600379944,-0.004587654856664347
Run2_20201027,2020-10-27,Run2,source_held_in,51,True,2,modulation_magnitude,-0.4796408712863922,0.005292651272235327
Run2_20201027,2020-10-27,Run2,source_held_in,51,True,3,baseline_rate,-0.4851943254470825,0.005154431817839367
Run2_20201027,2020-10-27,Run2,source_held_in,52,True,0,m_cos_phi,0.8467682003974915,0.054404967379613645
Run2_20201027,2020-10-27,Run2,source_held_in,52,True,1,m_sin_phi,-0.021713046357035637,0.00784388550350093
Run2_20201027,2020-10-27,Run2,source_held_in,52,True,2,modulation_magnitude,-0.029282068833708763,0.05496750770246382
Run2_20201027,2020-10-27,Run2,source_held_in,52,True,3,baseline_rate,-0.07777578383684158,0.12064927749250276
Run2_20201027,2020-10-27,Run2,source_held_in,53,True,0,m_cos_phi,0.14113400876522064,-0.0015038144739845105
Run2_20201027,2020-10-27,Run2,source_held_in,53,True,1,m_sin_phi,-0.1442309021949768,-0.0037897588281028405
Run2_20201027,2020-10-27,Run2,source_held_in,53,True,2,modulation_magnitude,-0.4906601011753082,0.004077223351824921
Run2_20201027,2020-10-27,Run2,source_held_in,53,True,3,baseline_rate,-0.4764263927936554,0.007639961869297274
Run2_20201027,2020-10-27,Run2,source_held_in,54,True,0,m_cos_phi,0.1602969616651535,1.4503892752815162e-05
Run2_20201027,2020-10-27,Run2,source_held_in,54,True,1,m_sin_phi,-0.15737231075763702,-0.0050375971304357225
Run2_20201027,2020-10-27,Run2,source_held_in,54,True,2,modulation_magnitude,-0.48195305466651917,0.005037616005193479
Run2_20201027,2020-10-27,Run2,source_held_in,54,True,3,baseline_rate,-0.43203893303871155,0.020222901256459203
Run2_20201027,2020-10-27,Run2,source_held_in,55,True,0,m_cos_phi,0.16178756952285767,0.00013260767872846912
Run2_20201027,2020-10-27,Run2,source_held_in,55,True,1,m_sin_phi,-0.04266037046909332,0.005854838953903707
Run2_20201027,2020-10-27,Run2,source_held_in,55,True,2,modulation_magnitude,-0.4745303988456726,0.005856339565660118
Run2_20201027,2020-10-27,Run2,source_held_in,55,True,3,baseline_rate,-0.44254839420318604,0.017243683397307308
Run2_20201027,2020-10-27,Run2,source_held_in,56,True,0,m_cos_phi,0.14113400876522064,-0.0015038144739845105
Run2_20201027,2020-10-27,Run2,source_held_in,56,True,1,m_sin_phi,-0.1442308872938156,-0.0037897574131677825
Run2_20201027,2020-10-27,Run2,source_held_in,56,True,2,modulation_magnitude,-0.4906601309776306,0.004077220064610199
Run2_20201027,2020-10-27,Run2,source_held_in,56,True,3,baseline_rate,-0.4764263927936554,0.007639961869297274
Run2_20201027,2020-10-27,Run2,source_held_in,57,True,0,m_cos_phi,-0.03676106035709381,-0.015598789930578283
Run2_20201027,2020-10-27,Run2,source_held_in,57,True,1,m_sin_phi,0.09479416161775589,0.01890679066435974
Run2_20201027,2020-10-27,Run2,source_held_in,57,True,2,modulation_magnitude,-0.30540481209754944,0.024510997129001177
Run2_20201027,2020-10-27,Run2,source_held_in,57,True,3,baseline_rate,-0.3397713303565979,0.046378884463370795
Run2_20201027,2020-10-27,Run2,source_held_in,58,True,0,m_cos_phi,-0.1495315581560135,-0.024533817790236112
Run2_20201027,2020-10-27,Run2,source_held_in,58,True,1,m_sin_phi,0.05616075545549393,0.015238367775824657
Run2_20201027,2020-10-27,Run2,source_held_in,58,True,2,modulation_magnitude,-0.26578518748283386,0.028881066402294264
Run2_20201027,2020-10-27,Run2,source_held_in,58,True,3,baseline_rate,-0.4456041157245636,0.016377448679217643
Run2_20201027,2020-10-27,Run2,source_held_in,59,True,0,m_cos_phi,-0.22210420668125153,-0.030283891161184462
Run2_20201027,2020-10-27,Run2,source_held_in,59,True,1,m_sin_phi,-0.7389068603515625,-0.06025702674128297
Run2_20201027,2020-10-27,Run2,source_held_in,59,True,2,modulation_magnitude,0.08378644287586212,0.06743903497219594
Run2_20201027,2020-10-27,Run2,source_held_in,59,True,3,baseline_rate,-0.18727445602416992,0.08960863757495474
Run2_20201027,2020-10-27,Run2,source_held_in,60,True,0,m_cos_phi,0.26729869842529297,0.008492461493759151
Run2_20201027,2020-10-27,Run2,source_held_in,60,True,1,m_sin_phi,-0.11148951202630997,-0.0006808104585821484
Run2_20201027,2020-10-27,Run2,source_held_in,60,True,2,modulation_magnitude,-0.4503839612007141,0.0085197066782432
Run2_20201027,2020-10-27,Run2,source_held_in,60,True,3,baseline_rate,-0.48508456349372864,0.005185547092596998
Run2_20201027,2020-10-27,Run2,source_held_in,61,True,0,m_cos_phi,0.15416210889816284,-0.00047157253200236227
Run2_20201027,2020-10-27,Run2,source_held_in,61,True,1,m_sin_phi,-0.04401767998933792,0.005725956056807369
Run2_20201027,2020-10-27,Run2,source_held_in,61,True,2,modulation_magnitude,-0.4755367338657379,0.005745340186120496
Run2_20201027,2020-10-27,Run2,source_held_in,61,True,3,baseline_rate,-0.4513862729072571,0.014738325067311209
Run2_20201027,2020-10-27,Run2,source_held_in,62,True,0,m_cos_phi,0.3283334970474243,0.013328368373143107
Run2_20201027,2020-10-27,Run2,source_held_in,62,True,1,m_sin_phi,-0.060664497315883636,0.004145262771688363
Run2_20201027,2020-10-27,Run2,source_held_in,62,True,2,modulation_magnitude,-0.4010787606239319,0.013958101013108237
Run2_20201027,2020-10-27,Run2,source_held_in,62,True,3,baseline_rate,-0.46788671612739563,0.010060786004554068
Run2_20201027,2020-10-27,Run2,source_held_in,63,True,0,m_cos_phi,0.2885116636753082,0.010173206362269038
Run2_20201027,2020-10-27,Run2,source_held_in,63,True,1,m_sin_phi,-0.4086684584617615,-0.02889934352076562
Run2_20201027,2020-10-27,Run2,source_held_in,63,True,2,modulation_magnitude,-0.24985967576503754,0.030637660264457245
Run2_20201027,2020-10-27,Run2,source_held_in,63,True,3,baseline_rate,-0.3394731283187866,0.0464634186581101
Run2_20201027,2020-10-27,Run2,source_held_in,64,True,0,m_cos_phi,0.7526054978370667,0.0469442716556463
Run2_20201027,2020-10-27,Run2,source_held_in,64,True,1,m_sin_phi,-1.6913872957229614,-0.15069950585697178
Run2_20201027,2020-10-27,Run2,source_held_in,64,True,2,modulation_magnitude,0.9033920764923096,0.15784204687642323
Run2_20201027,2020-10-27,Run2,source_held_in,64,True,3,baseline_rate,0.4755978286266327,0.2775194084377004
Run2_20201027,2020-10-27,Run2,source_held_in,65,True,0,m_cos_phi,0.19063131511211395,0.0024179542493929507
Run2_20201027,2020-10-27,Run2,source_held_in,65,True,1,m_sin_phi,-0.07890715450048447,0.0024130370165319492
Run2_20201027,2020-10-27,Run2,source_held_in,65,True,2,modulation_magnitude,-0.49665459990501404,0.003416026408082251
Run2_20201027,2020-10-27,Run2,source_held_in,65,True,3,baseline_rate,-0.4947781264781952,0.0024376197240885134
Run2_20201027,2020-10-27,Run2,source_held_in,66,True,0,m_cos_phi,0.6523036360740662,0.038997158299580725
Run2_20201027,2020-10-27,Run2,source_held_in,66,True,1,m_sin_phi,-1.2310582399368286,-0.10698910565536757
Run2_20201027,2020-10-27,Run2,source_held_in,66,True,2,modulation_magnitude,0.504778265953064,0.11387469528519123
Run2_20201027,2020-10-27,Run2,source_held_in,66,True,3,baseline_rate,0.1419680267572403,0.1829421652737495
Run2_20201027,2020-10-27,Run2,source_held_in,67,True,0,m_cos_phi,-0.007917679846286774,-0.013313472285795824
Run2_20201027,2020-10-27,Run2,source_held_in,67,True,1,m_sin_phi,-0.7001939415931702,-0.056581053759278355
Run2_20201027,2020-10-27,Run2,source_held_in,67,True,2,modulation_magnitude,-0.0006442723097279668,0.058126274496982745
Run2_20201027,2020-10-27,Run2,source_held_in,67,True,3,baseline_rate,0.0601796880364418,0.15975683963488252
Run2_20201027,2020-10-27,Run2,source_held_in,68,True,0,m_cos_phi,0.2555781304836273,0.007563817893404323
Run2_20201027,2020-10-27,Run2,source_held_in,68,True,1,m_sin_phi,-0.04393815994262695,0.00573350685774443
Run2_20201027,2020-10-27,Run2,source_held_in,68,True,2,modulation_magnitude,-0.4415755271911621,0.009491282436098203
Run2_20201027,2020-10-27,Run2,source_held_in,68,True,3,baseline_rate,-0.16866135597229004,0.09488507175372973
Run2_20201027,2020-10-27,Run2,source_held_in,69,True,0,m_cos_phi,0.16011390089988708,-3.7094727289854745e-10
Run2_20201027,2020-10-27,Run2,source_held_in,69,True,1,m_sin_phi,-0.10431966930627823,-3.060708353430641e-10
Run2_20201027,2020-10-27,Run2,source_held_in,69,True,2,modulation_magnitude,-0.5276247262954712,2.176528290931401e-09
Run2_20201027,2020-10-27,Run2,source_held_in,69,True,3,baseline_rate,-0.5033770799636841,-8.180240484989554e-09
Run2_20201027,2020-10-27,Run2,source_held_in,70,True,0,m_cos_phi,1.014235258102417,0.06767371102599284
Run2_20201027,2020-10-27,Run2,source_held_in,70,True,1,m_sin_phi,1.4720772504806519,0.14968627166472537
Run2_20201027,2020-10-27,Run2,source_held_in,70,True,2,modulation_magnitude,0.9616984724998474,0.16427327867396935
Run2_20201027,2020-10-27,Run2,source_held_in,70,True,3,baseline_rate,0.694675862789154,0.3396235621816768
Run2_20201027,2020-10-27,Run2,source_held_in,71,True,0,m_cos_phi,2.240354537963867,0.16482154790404024
Run2_20201027,2020-10-27,Run2,source_held_in,71,True,1,m_sin_phi,2.108250379562378,0.21009389034562886
Run2_20201027,2020-10-27,Run2,source_held_in,71,True,2,modulation_magnitude,1.893314003944397,0.26703105207741284
Run2_20201027,2020-10-27,Run2,source_held_in,71,True,3,baseline_rate,1.6968951225280762,0.6237322781920938
Run2_20201027,2020-10-27,Run2,source_held_in,72,True,0,m_cos_phi,-0.8417605757713318,-0.07938048139799125
Run2_20201027,2020-10-27,Run2,source_held_in,72,True,1,m_sin_phi,1.2056418657302856,0.12438698379896529
Run2_20201027,2020-10-27,Run2,source_held_in,72,True,2,modulation_magnitude,0.8101561665534973,0.14755806793534587
Run2_20201027,2020-10-27,Run2,source_held_in,72,True,3,baseline_rate,0.9977880716323853,0.42554969024667244
Run2_20201027,2020-10-27,Run2,source_held_in,73,True,0,m_cos_phi,-0.040866099298000336,-0.01592404022225813
Run2_20201027,2020-10-27,Run2,source_held_in,73,True,1,m_sin_phi,1.1620357036590576,0.12024637444261188
Run2_20201027,2020-10-27,Run2,source_held_in,73,True,2,modulation_magnitude,0.572062611579895,0.12129620051793477
Run2_20201027,2020-10-27,Run2,source_held_in,73,True,3,baseline_rate,0.3411080837249756,0.239394309194914
Run2_20201027,2020-10-27,Run2,source_held_in,74,True,0,m_cos_phi,0.33857405185699463,0.01413974762842507
Run2_20201027,2020-10-27,Run2,source_held_in,74,True,1,m_sin_phi,0.27622196078300476,0.03613421007125828
Run2_20201027,2020-10-27,Run2,source_held_in,74,True,2,modulation_magnitude,-0.17583854496479034,0.038802237098040426
Run2_20201027,2020-10-27,Run2,source_held_in,74,True,3,baseline_rate,-0.1994330734014511,0.08616191757037095
Run2_20201027,2020-10-27,Run2,source_held_in,75,True,0,m_cos_phi,0.512373685836792,0.027910233721133437
Run2_20201027,2020-10-27,Run2,source_held_in,75,True,1,m_sin_phi,-0.6526357531547546,-0.052065180986580195
Run2_20201027,2020-10-27,Run2,source_held_in,75,True,2,modulation_magnitude,0.007950021885335445,0.05907423049991615
Run2_20201027,2020-10-27,Run2,source_held_in,75,True,3,baseline_rate,-0.26416441798210144,0.06781190182708219
Run2_20201027,2020-10-27,Run2,source_held_in,76,True,0,m_cos_phi,0.13536526262760162,-0.0019608835519877577
Run2_20201027,2020-10-27,Run2,source_held_in,76,True,1,m_sin_phi,-0.1369815319776535,-0.0031013971671869367
Run2_20201027,2020-10-27,Run2,source_held_in,76,True,2,modulation_magnitude,-0.4943584203720093,0.0036692964408180373
Run2_20201027,2020-10-27,Run2,source_held_in,76,True,3,baseline_rate,-0.4942012131214142,0.002601162892363895
Run2_20201027,2020-10-27,Run2,source_held_in,77,True,0,m_cos_phi,0.13443440198898315,-0.00203463746725685
Run2_20201027,2020-10-27,Run2,source_held_in,77,True,1,m_sin_phi,0.10829836875200272,0.020189078390549953
Run2_20201027,2020-10-27,Run2,source_held_in,77,True,2,modulation_magnitude,-0.34366074204444885,0.020291344226986974
Run2_20201027,2020-10-27,Run2,source_held_in,77,True,3,baseline_rate,-0.40082818269729614,0.02907051231467328
Run2_20201027,2020-10-27,Run2,source_held_in,78,True,0,m_cos_phi,0.10615009814500809,-0.00427565837050381
Run2_20201027,2020-10-27,Run2,source_held_in,78,True,1,m_sin_phi,-0.25420433282852173,-0.014232251223735837
Run2_20201027,2020-10-27,Run2,source_held_in,78,True,2,modulation_magnitude,-0.3928963541984558,0.014860625538499317
Run2_20201027,2020-10-27,Run2,source_held_in,78,True,3,baseline_rate,-0.3779686987400055,0.035550709709261774
Run2_20201027,2020-10-27,Run2,source_held_in,79,True,0,m_cos_phi,0.18318890035152435,0.0018282771217139615
Run2_20201027,2020-10-27,Run2,source_held_in,79,True,1,m_sin_phi,-0.13331708312034607,-0.0027534405825266894
Run2_20201027,2020-10-27,Run2,source_held_in,79,True,2,modulation_magnitude,-0.4976598024368286,0.0033051519427020892
Run2_20201027,2020-10-27,Run2,source_held_in,79,True,3,baseline_rate,-0.4322779178619385,0.020155153934091175
Run2_20201027,2020-10-27,Run2,source_held_in,80,True,0,m_cos_phi,-0.3715319037437439,-0.042123340860507064
Run2_20201027,2020-10-27,Run2,source_held_in,80,True,1,m_sin_phi,-0.19043172895908356,-0.008176743751431959
Run2_20201027,2020-10-27,Run2,source_held_in,80,True,2,modulation_magnitude,-0.13860051333904266,0.04290961518120262
Run2_20201027,2020-10-27,Run2,source_held_in,80,True,3,baseline_rate,-0.1432444006204605,0.10209026011918132
Run2_20201027,2020-10-27,Run2,source_held_in,81,True,0,m_cos_phi,4.2735066413879395,0.3259121792445896
Run2_20201027,2020-10-27,Run2,source_held_in,81,True,1,m_sin_phi,-0.9466691613197327,-0.07998503045509597
Run2_20201027,2020-10-27,Run2,source_held_in,81,True,2,modulation_magnitude,2.5148203372955322,0.33558358777019315
Run2_20201027,2020-10-27,Run2,source_held_in,81,True,3,baseline_rate,3.974902868270874,1.2695010053600058
Run2_20201027,2020-10-27,Run2,source_held_in,82,True,0,m_cos_phi,0.40165355801582336,0.01913766069880607
Run2_20201027,2020-10-27,Run2,source_held_in,82,True,1,m_sin_phi,-0.21656545996665955,-0.010658263930842349
Run2_20201027,2020-10-27,Run2,source_held_in,82,True,2,modulation_magnitude,-0.32902705669403076,0.021905448836174735
Run2_20201027,2020-10-27,Run2,source_held_in,82,True,3,baseline_rate,-0.15653952956199646,0.09832136226966615
Run2_20201027,2020-10-27,Run2,source_held_in,83,True,0,m_cos_phi,0.614701509475708,0.03601786801270279
Run2_20201027,2020-10-27,Run2,source_held_in,83,True,1,m_sin_phi,2.616312265396118,0.2583367463588111
Run2_20201027,2020-10-27,Run2,source_held_in,83,True,2,modulation_magnitude,1.837144374847412,0.26083550700105107
Run2_20201027,2020-10-27,Run2,source_held_in,83,True,3,baseline_rate,2.413031578063965,0.8267423549726516
Run2_20201027,2020-10-27,Run2,source_held_in,84,True,0,m_cos_phi,0.41002148389816284,0.019800667889033896
Run2_20201027,2020-10-27,Run2,source_held_in,84,True,1,m_sin_phi,-0.6670102477073669,-0.05343010657989833
Run2_20201027,2020-10-27,Run2,source_held_in,84,True,2,modulation_magnitude,-0.011026796884834766,0.05698107556927679
Run2_20201027,2020-10-27,Run2,source_held_in,84,True,3,baseline_rate,-0.24683736264705658,0.07272376856247442
Run2_20201027,2020-10-27,Run2,source_held_in,85,True,0,m_cos_phi,0.08362957090139389,-0.0060600039419375085
Run2_20201027,2020-10-27,Run2,source_held_in,85,True,1,m_sin_phi,-0.12478993833065033,-0.001943748240386567
Run2_20201027,2020-10-27,Run2,source_held_in,85,True,2,modulation_magnitude,-0.46992695331573486,0.006364102475008515
Run2_20201027,2020-10-27,Run2,source_held_in,85,True,3,baseline_rate,-0.4417325258255005,0.017474965439600254
Run2_20201027,2020-10-27,Run2,source_held_in,86,True,0,m_cos_phi,-0.06542177498340607,-0.017869634598839168
Run2_20201027,2020-10-27,Run2,source_held_in,86,True,1,m_sin_phi,0.07798836380243301,0.017311001437106843
Run2_20201027,2020-10-27,Run2,source_held_in,86,True,2,modulation_magnitude,-0.30206298828125,0.024879602377495758
Run2_20201027,2020-10-27,Run2,source_held_in,86,True,3,baseline_rate,-0.21620352566242218,0.08140783645241312
Run2_20201027,2020-10-27,Run2,source_held_in,87,True,0,m_cos_phi,0.06446661055088043,-0.007578322898998957
Run2_20201027,2020-10-27,Run2,source_held_in,87,True,1,m_sin_phi,-0.11164853721857071,-0.0006959106455212138
Run2_20201027,2020-10-27,Run2,source_held_in,87,True,2,modulation_magnitude,-0.4586295783519745,0.007610209970425386
Run2_20201027,2020-10-27,Run2,source_held_in,87,True,3,baseline_rate,-0.4861200153827667,0.004892017604087862
Run2_20201027,2020-10-27,Run2,source_held_in,88,True,0,m_cos_phi,0.12550142407417297,-0.0027424148389667558
Run2_20201027,2020-10-27,Run2,source_held_in,88,True,1,m_sin_phi,-0.06082351505756378,0.004130163292216826
Run2_20201027,2020-10-27,Run2,source_held_in,88,True,2,modulation_magnitude,-0.48267728090286255,0.004957733400218434
Run2_20201027,2020-10-27,Run2,source_held_in,88,True,3,baseline_rate,-0.46892213821411133,0.009767264964395395
Run2_20201027,2020-10-27,Run2,source_held_in,89,True,0,m_cos_phi,-5.409223556518555,-0.4412695372900828
Run2_20201027,2020-10-27,Run2,source_held_in,89,True,1,m_sin_phi,-3.14798903465271,-0.2890106642396226
Run2_20201027,2020-10-27,Run2,source_held_in,89,True,2,modulation_magnitude,4.254671573638916,0.5274902628582048
Run2_20201027,2020-10-27,Run2,source_held_in,89,True,3,baseline_rate,4.116690158843994,1.3096948099390744
Run2_20201027,2020-10-27,Run2,source_held_in,90,True,0,m_cos_phi,-0.2416481077671051,-0.03183239280032657
Run2_20201027,2020-10-27,Run2,source_held_in,90,True,1,m_sin_phi,0.8778390884399414,0.09326057454354952
Run2_20201027,2020-10-27,Run2,source_held_in,90,True,2,modulation_magnitude,0.3657843768596649,0.0985435827416119
Run2_20201027,2020-10-27,Run2,source_held_in,90,True,3,baseline_rate,0.44129660725593567,0.26779571188475604
Run2_20201027,2020-10-27,Run2,source_held_in,91,True,0,m_cos_phi,0.41616201400756836,0.020287194140770737
Run2_20201027,2020-10-27,Run2,source_held_in,91,True,1,m_sin_phi,0.23795129358768463,0.03250023094684029
Run2_20201027,2020-10-27,Run2,source_held_in,91,True,2,modulation_magnitude,-0.18028002977371216,0.038312338557102255
Run2_20201027,2020-10-27,Run2,source_held_in,91,True,3,baseline_rate,-0.18083161115646362,0.09143505266828988
Run2_20201027,2020-10-27,Run2,source_held_in,92,True,0,m_cos_phi,0.1977023035287857,0.0029782025388962463
Run2_20201027,2020-10-27,Run2,source_held_in,92,True,1,m_sin_phi,-0.17796681821346283,-0.006993142085797599
Run2_20201027,2020-10-27,Run2,source_held_in,92,True,2,modulation_magnitude,-0.45871394872665405,0.007600903865545572
Run2_20201027,2020-10-27,Run2,source_held_in,92,True,3,baseline_rate,-0.49327555298805237,0.0028635686577649366
Run2_20201027,2020-10-27,Run2,source_held_in,93,True,0,m_cos_phi,0.07005230337381363,-0.007135757494371675
Run2_20201027,2020-10-27,Run2,source_held_in,93,True,1,m_sin_phi,-0.06584524363279343,0.0036533266403303566
Run2_20201027,2020-10-27,Run2,source_held_in,93,True,2,modulation_magnitude,-0.4549452066421509,0.00801659846494207
Run2_20201027,2020-10-27,Run2,source_held_in,93,True,3,baseline_rate,-0.3985796868801117,0.029707915012104458
Run2_20201027,2020-10-27,Run2,source_held_in,94,True,0,m_cos_phi,0.05739561468362808,-0.008138571778826376
Run2_20201027,2020-10-27,Run2,source_held_in,94,True,1,m_sin_phi,-0.012588879093527794,0.008710267926207688
Run2_20201027,2020-10-27,Run2,source_held_in,94,True,2,modulation_magnitude,-0.4195493459701538,0.011920783944453284
Run2_20201027,2020-10-27,Run2,source_held_in,94,True,3,baseline_rate,-0.48762258887290955,0.004466068670411438
Run2_20201027,2020-10-27,Run2,source_held_in,95,True,0,m_cos_phi,0.22357013821601868,0.005027761848384937
Run2_20201027,2020-10-27,Run2,source_held_in,95,True,1,m_sin_phi,-0.18406261503696442,-0.007571966549197784
Run2_20201027,2020-10-27,Run2,source_held_in,95,True,2,modulation_magnitude,-0.4452211260795593,0.009089170607935682
Run2_20201027,2020-10-27,Run2,source_held_in,95,True,3,baseline_rate,-0.44895803928375244,0.015426679766388673
Run1_20201028,2020-10-28,Run1,source_held_in,0,True,0,m_cos_phi,-0.4087243378162384,-0.045070170404514
Run1_20201028,2020-10-28,Run1,source_held_in,0,True,1,m_sin_phi,0.8140853643417358,0.08720685979396414
Run1_20201028,2020-10-28,Run1,source_held_in,0,True,2,modulation_magnitude,0.36235159635543823,0.0981649449137838
Run1_20201028,2020-10-28,Run1,source_held_in,0,True,3,baseline_rate,0.028939401730895042,0.15090085573333706
Run1_20201028,2020-10-28,Run1,source_held_in,1,True,0,m_cos_phi,0.12185563147068024,-0.0030312781420340773
Run1_20201028,2020-10-28,Run1,source_held_in,1,True,1,m_sin_phi,-0.178726926445961,-0.0070653179231066066
Run1_20201028,2020-10-28,Run1,source_held_in,1,True,2,modulation_magnitude,-0.45792314410209656,0.007688130108211011
Run1_20201028,2020-10-28,Run1,source_held_in,1,True,3,baseline_rate,-0.25956112146377563,0.06911684248804839
Run1_20201028,2020-10-28,Run1,source_held_in,2,True,0,m_cos_phi,-0.7968683242797852,-0.07582358020850677
Run1_20201028,2020-10-28,Run1,source_held_in,2,True,1,m_sin_phi,1.7451716661453247,0.17561786570920823
Run1_20201028,2020-10-28,Run1,source_held_in,2,True,2,modulation_magnitude,1.2066115140914917,0.19128733971307543
Run1_20201028,2020-10-28,Run1,source_held_in,2,True,3,baseline_rate,0.45595914125442505,0.27195224117441974
Run1_20201028,2020-10-28,Run1,source_held_in,3,True,0,m_cos_phi,-0.5292316675186157,-0.05461820263989203
Run1_20201028,2020-10-28,Run1,source_held_in,3,True,1,m_sin_phi,0.5009645223617554,0.05747456907198334
Run1_20201028,2020-10-28,Run1,source_held_in,3,True,2,modulation_magnitude,0.1912042200565338,0.07928728270365837
Run1_20201028,2020-10-28,Run1,source_held_in,3,True,3,baseline_rate,0.05110488459467888,0.1571843179747442
Run1_20201028,2020-10-28,Run1,source_held_in,4,True,0,m_cos_phi,0.12852497398853302,-0.0025028530453490294
Run1_20201028,2020-10-28,Run1,source_held_in,4,True,1,m_sin_phi,-0.04319321736693382,0.00580424264489815
Run1_20201028,2020-10-28,Run1,source_held_in,4,True,2,modulation_magnitude,-0.47031882405281067,0.006320878888620429
Run1_20201028,2020-10-28,Run1,source_held_in,4,True,3,baseline_rate,-0.4655417799949646,0.010725527564085624
Run1_20201028,2020-10-28,Run1,source_held_in,5,True,0,m_cos_phi,0.18662218749523163,0.0021003032001474242
Run1_20201028,2020-10-28,Run1,source_held_in,5,True,1,m_sin_phi,-0.08466379344463348,0.0018664171825195641
Run1_20201028,2020-10-28,Run1,source_held_in,5,True,2,modulation_magnitude,-0.5021510124206543,0.002809768683999181
Run1_20201028,2020-10-28,Run1,source_held_in,5,True,3,baseline_rate,-0.37026941776275635,0.037733298809794036
Run1_20201028,2020-10-28,Run1,source_held_in,6,True,0,m_cos_phi,-2.722437620162964,-0.22839021456970343
Run1_20201028,2020-10-28,Run1,source_held_in,6,True,1,m_sin_phi,2.452178955078125,0.24275151968186037
Run1_20201028,2020-10-28,Run1,source_held_in,6,True,2,modulation_magnitude,2.4941370487213135,0.33330220815724054
Run1_20201028,2020-10-28,Run1,source_held_in,6,True,3,baseline_rate,2.655029773712158,0.8953439069527604
Run1_20201028,2020-10-28,Run1,source_held_in,7,True,0,m_cos_phi,-0.09787507355213165,-0.0204409731360371
Run1_20201028,2020-10-28,Run1,source_held_in,7,True,1,m_sin_phi,0.1388152688741684,0.02308680100980598
Run1_20201028,2020-10-28,Run1,source_held_in,7,True,2,modulation_magnitude,-0.24806518852710724,0.03083559332455199
Run1_20201028,2020-10-28,Run1,source_held_in,7,True,3,baseline_rate,-0.2727225422859192,0.0653858481628884
Run1_20201028,2020-10-28,Run1,source_held_in,8,True,0,m_cos_phi,0.42234352231025696,0.020776967175183625
Run1_20201028,2020-10-28,Run1,source_held_in,8,True,1,m_sin_phi,-0.023246267810463905,0.007698298944311038
Run1_20201028,2020-10-28,Run1,source_held_in,8,True,2,modulation_magnitude,-0.3267436623573303,0.022157308653794505
Run1_20201028,2020-10-28,Run1,source_held_in,8,True,3,baseline_rate,-0.4029737412929535,0.028462290219743558
Run1_20201028,2020-10-28,Run1,source_held_in,9,True,0,m_cos_phi,0.3109394907951355,0.011950207120965395
Run1_20201028,2020-10-28,Run1,source_held_in,9,True,1,m_sin_phi,-0.14277434349060059,-0.003651451756052637
Run1_20201028,2020-10-28,Run1,source_held_in,9,True,2,modulation_magnitude,-0.41433778405189514,0.012495622470217294
Run1_20201028,2020-10-28,Run1,source_held_in,9,True,3,baseline_rate,-0.25805580615997314,0.06954356866996747
Run1_20201028,2020-10-28,Run1,source_held_in,10,True,0,m_cos_phi,0.16722452640533447,0.0005633884428899449
Run1_20201028,2020-10-28,Run1,source_held_in,10,True,1,m_sin_phi,1.2201213836669922,0.12576188185457227
Run1_20201028,2020-10-28,Run1,source_held_in,10,True,2,modulation_magnitude,0.6125604510307312,0.12576313743467482
Run1_20201028,2020-10-28,Run1,source_held_in,10,True,3,baseline_rate,0.2311386913061142,0.2082202296938802
Run1_20201028,2020-10-28,Run1,source_held_in,11,True,0,m_cos_phi,0.23238451778888702,0.005726142440706239
Run1_20201028,2020-10-28,Run1,source_held_in,11,True,1,m_sin_phi,-0.10519363731145859,-8.298766215808495e-05
Run1_20201028,2020-10-28,Run1,source_held_in,11,True,2,modulation_magnitude,-0.4757053256034851,0.005726744412434481
Run1_20201028,2020-10-28,Run1,source_held_in,11,True,3,baseline_rate,-0.49459466338157654,0.002489627769542757
Run1_20201028,2020-10-28,Run1,source_held_in,12,True,0,m_cos_phi,0.3172133266925812,0.01244729545190948
Run1_20201028,2020-10-28,Run1,source_held_in,12,True,1,m_sin_phi,-0.2516949772834778,-0.013993976159967225
Run1_20201028,2020-10-28,Run1,source_held_in,12,True,2,modulation_magnitude,-0.3578273057937622,0.018728763421361982
Run1_20201028,2020-10-28,Run1,source_held_in,12,True,3,baseline_rate,-0.3508060872554779,0.043250755978946565
Run1_20201028,2020-10-28,Run1,source_held_in,13,True,0,m_cos_phi,0.18894559144973755,0.002284391055286328
Run1_20201028,2020-10-28,Run1,source_held_in,13,True,1,m_sin_phi,0.02514771558344364,0.012293534363211595
Run1_20201028,2020-10-28,Run1,source_held_in,13,True,2,modulation_magnitude,-0.4142620265483856,0.012503978570042262
Run1_20201028,2020-10-28,Run1,source_held_in,13,True,3,baseline_rate,-0.45386138558387756,0.014036681112954419
Run1_20201028,2020-10-28,Run1,source_held_in,14,True,0,m_cos_phi,0.08548470586538315,-0.005913017957923983
Run1_20201028,2020-10-28,Run1,source_held_in,14,True,1,m_sin_phi,-0.24298907816410065,-0.013167310256871234
Run1_20201028,2020-10-28,Run1,source_held_in,14,True,2,modulation_magnitude,-0.39676374197006226,0.014434050258370856
Run1_20201028,2020-10-28,Run1,source_held_in,14,True,3,baseline_rate,0.9547669887542725,0.41335409083156804
Run1_20201028,2020-10-28,Run1,source_held_in,15,True,0,m_cos_phi,0.26573437452316284,0.00836851704091135
Run1_20201028,2020-10-28,Run1,source_held_in,15,True,1,m_sin_phi,-0.0021166217047721148,0.009704657821268722
Run1_20201028,2020-10-28,Run1,source_held_in,15,True,2,modulation_magnitude,-0.4114464223384857,0.012814541468179064
Run1_20201028,2020-10-28,Run1,source_held_in,15,True,3,baseline_rate,-0.45500293374061584,0.01371307549679468
Run1_20201028,2020-10-28,Run1,source_held_in,16,True,0,m_cos_phi,-0.36528533697128296,-0.04162841311585286
Run1_20201028,2020-10-28,Run1,source_held_in,16,True,1,m_sin_phi,0.26249051094055176,0.03483034458543344
Run1_20201028,2020-10-28,Run1,source_held_in,16,True,2,modulation_magnitude,-0.03553522005677223,0.05427778122759422
Run1_20201028,2020-10-28,Run1,source_held_in,16,True,3,baseline_rate,-0.15289755165576935,0.09935378871390155
Run1_20201028,2020-10-28,Run1,source_held_in,17,True,0,m_cos_phi,0.2545362412929535,0.007481266968055511
Run1_20201028,2020-10-28,Run1,source_held_in,17,True,1,m_sin_phi,-0.1834738552570343,-0.007516061050120815
Run1_20201028,2020-10-28,Run1,source_held_in,17,True,2,modulation_magnitude,-0.43148073554039,0.01060474424302682
Run1_20201028,2020-10-28,Run1,source_held_in,17,True,3,baseline_rate,-0.41850149631500244,0.0240604884194191
Run1_20201028,2020-10-28,Run1,source_held_in,18,True,0,m_cos_phi,0.17686699330806732,0.0013273800195288121
Run1_20201028,2020-10-28,Run1,source_held_in,18,True,1,m_sin_phi,-0.027684465050697327,0.007276871326163059
Run1_20201028,2020-10-28,Run1,source_held_in,18,True,2,modulation_magnitude,-0.460563063621521,0.007396945340864214
Run1_20201028,2020-10-28,Run1,source_held_in,18,True,3,baseline_rate,-0.38552162051200867,0.03340961045785651
Run1_20201028,2020-10-28,Run1,source_held_in,19,True,0,m_cos_phi,0.07213231176137924,-0.006970954347680247
Run1_20201028,2020-10-28,Run1,source_held_in,19,True,1,m_sin_phi,-0.011678846552968025,0.008796679778869082
Run1_20201028,2020-10-28,Run1,source_held_in,19,True,2,modulation_magnitude,-0.4258674383163452,0.011223894423252112
Run1_20201028,2020-10-28,Run1,source_held_in,19,True,3,baseline_rate,-0.4465842843055725,0.01609959088081858
Run1_20201028,2020-10-28,Run1,source_held_in,20,True,0,m_cos_phi,0.16187483072280884,0.0001395215548560813
Run1_20201028,2020-10-28,Run1,source_held_in,20,True,1,m_sin_phi,0.05988380312919617,0.015591888592600522
Run1_20201028,2020-10-28,Run1,source_held_in,20,True,2,modulation_magnitude,-0.386260986328125,0.015592510747637789
Run1_20201028,2020-10-28,Run1,source_held_in,20,True,3,baseline_rate,-0.4259500205516815,0.02194898373968801
Run1_20201028,2020-10-28,Run1,source_held_in,21,True,0,m_cos_phi,0.23028969764709473,0.005560165729658451
Run1_20201028,2020-10-28,Run1,source_held_in,21,True,1,m_sin_phi,-0.09295805543661118,0.0010788381529335256
Run1_20201028,2020-10-28,Run1,source_held_in,21,True,2,modulation_magnitude,-0.4762754440307617,0.0056638599947902435
Run1_20201028,2020-10-28,Run1,source_held_in,21,True,3,baseline_rate,-0.47644442319869995,0.007634850617266764
Run1_20201028,2020-10-28,Run1,source_held_in,22,True,0,m_cos_phi,0.23987266421318054,0.006319442977851697
Run1_20201028,2020-10-28,Run1,source_held_in,22,True,1,m_sin_phi,-0.09782479703426361,0.000616718240585401
Run1_20201028,2020-10-28,Run1,source_held_in,22,True,2,modulation_magnitude,-0.47005966305732727,0.006349464507848568
Run1_20201028,2020-10-28,Run1,source_held_in,22,True,3,baseline_rate,-0.4325532913208008,0.020077091175807027
Run1_20201028,2020-10-28,Run1,source_held_in,23,True,0,m_cos_phi,0.3221270442008972,0.01283661893356669
Run1_20201028,2020-10-28,Run1,source_held_in,23,True,1,m_sin_phi,-0.03363099694252014,0.006712220267238944
Run1_20201028,2020-10-28,Run1,source_held_in,23,True,2,modulation_magnitude,-0.3962963819503784,0.014485600359651407
Run1_20201028,2020-10-28,Run1,source_held_in,23,True,3,baseline_rate,-0.47396036982536316,0.00833902907676265
Run1_20201028,2020-10-28,Run1,source_held_in,24,True,0,m_cos_phi,0.090985506772995,-0.005477178706353225
Run1_20201028,2020-10-28,Run1,source_held_in,24,True,1,m_sin_phi,-0.12179906666278839,-0.0016597509651534725
Run1_20201028,2020-10-28,Run1,source_held_in,24,True,2,modulation_magnitude,-0.4757380485534668,0.005723135050669015
Run1_20201028,2020-10-28,Run1,source_held_in,24,True,3,baseline_rate,-0.46883299946784973,0.009792533980632179
Run1_20201028,2020-10-28,Run1,source_held_in,25,True,0,m_cos_phi,0.2404298186302185,0.006363587415763483
Run1_20201028,2020-10-28,Run1,source_held_in,25,True,1,m_sin_phi,0.022303089499473572,0.012023423791238441
Run1_20201028,2020-10-28,Run1,source_held_in,25,True,2,modulation_magnitude,-0.4042927026748657,0.013603601202988536
Run1_20201028,2020-10-28,Run1,source_held_in,25,True,3,baseline_rate,-0.4716184139251709,0.00900292580124784
Run1_20201028,2020-10-28,Run1,source_held_in,26,True,0,m_cos_phi,0.1456119567155838,-0.0011490178696285103
Run1_20201028,2020-10-28,Run1,source_held_in,26,True,1,m_sin_phi,-0.14299707114696503,-0.0036726007903646885
Run1_20201028,2020-10-28,Run1,source_held_in,26,True,2,modulation_magnitude,-0.49273693561553955,0.0038481472194478172
Run1_20201028,2020-10-28,Run1,source_held_in,26,True,3,baseline_rate,-0.4432636499404907,0.017040922986179652
Run1_20201028,2020-10-28,Run1,source_held_in,27,True,0,m_cos_phi,-0.011659686453640461,-0.013609958813214959
Run1_20201028,2020-10-28,Run1,source_held_in,27,True,1,m_sin_phi,0.05649081990122795,0.015269708941093307
Run1_20201028,2020-10-28,Run1,source_held_in,27,True,2,modulation_magnitude,-0.34217965602874756,0.020454708937058363
Run1_20201028,2020-10-28,Run1,source_held_in,27,True,3,baseline_rate,-0.4260920584201813,0.021908718901378244
Run1_20201028,2020-10-28,Run1,source_held_in,28,True,0,m_cos_phi,0.30117902159690857,0.011176865990867757
Run1_20201028,2020-10-28,Run1,source_held_in,28,True,1,m_sin_phi,0.08872480690479279,0.01833047700321999
Run1_20201028,2020-10-28,Run1,source_held_in,28,True,2,modulation_magnitude,-0.332981675863266,0.021469251878553086
Run1_20201028,2020-10-28,Run1,source_held_in,28,True,3,baseline_rate,-0.43356141448020935,0.01979130882467306
Run1_20201028,2020-10-28,Run1,source_held_in,29,True,0,m_cos_phi,0.33679062128067017,0.013998442923770504
Run1_20201028,2020-10-28,Run1,source_held_in,29,True,1,m_sin_phi,-0.11928007006645203,-0.0014205604384023296
Run1_20201028,2020-10-28,Run1,source_held_in,29,True,2,modulation_magnitude,-0.4000612199306488,0.014070336385383575
Run1_20201028,2020-10-28,Run1,source_held_in,29,True,3,baseline_rate,-0.4599085748195648,0.012322426320374724
Run1_20201028,2020-10-28,Run1,source_held_in,30,True,0,m_cos_phi,0.054159585386514664,-0.00839496873094353
Run1_20201028,2020-10-28,Run1,source_held_in,30,True,1,m_sin_phi,-0.03008366748690605,0.00704905581607701
Run1_20201028,2020-10-28,Run1,source_held_in,30,True,2,modulation_magnitude,-0.42824211716651917,0.010961965866936874
Run1_20201028,2020-10-28,Run1,source_held_in,30,True,3,baseline_rate,-0.4561738669872284,0.01338113980707778
Run1_20201028,2020-10-28,Run1,source_held_in,31,True,0,m_cos_phi,0.15801911056041718,-0.00016597472069856956
Run1_20201028,2020-10-28,Run1,source_held_in,31,True,1,m_sin_phi,-0.09208408743143082,0.0011618255090207752
Run1_20201028,2020-10-28,Run1,source_held_in,31,True,2,modulation_magnitude,-0.5169845819473267,0.0011736167256666263
Run1_20201028,2020-10-28,Run1,source_held_in,31,True,3,baseline_rate,-0.4852268099784851,0.005145223115833986
Run1_20201028,2020-10-28,Run1,source_held_in,32,True,0,m_cos_phi,0.5925859808921814,0.034265611279942654
Run1_20201028,2020-10-28,Run1,source_held_in,32,True,1,m_sin_phi,-7.375128746032715,-0.690397381349996
Run1_20201028,2020-10-28,Run1,source_held_in,32,True,2,modulation_magnitude,5.73931360244751,0.6912472033903008
Run1_20201028,2020-10-28,Run1,source_held_in,32,True,3,baseline_rate,4.501217365264893,1.4187004290445913
Run1_20201028,2020-10-28,Run1,source_held_in,33,True,0,m_cos_phi,0.10653486847877502,-0.004245172261823971
Run1_20201028,2020-10-28,Run1,source_held_in,33,True,1,m_sin_phi,-0.0892394557595253,0.0014319366115945753
Run1_20201028,2020-10-28,Run1,source_held_in,33,True,2,modulation_magnitude,-0.48700690269470215,0.004480173419741718
Run1_20201028,2020-10-28,Run1,source_held_in,33,True,3,baseline_rate,-0.467469722032547,0.010178995324241491
Run1_20201028,2020-10-28,Run1,source_held_in,34,True,0,m_cos_phi,-0.12323065847158432,-0.02244994589110283
Run1_20201028,2020-10-28,Run1,source_held_in,34,True,1,m_sin_phi,-0.18544451892375946,-0.007703184796607365
Run1_20201028,2020-10-28,Run1,source_held_in,34,True,2,modulation_magnitude,-0.31244221329689026,0.023734767393254197
Run1_20201028,2020-10-28,Run1,source_held_in,34,True,3,baseline_rate,-0.23338548839092255,0.07653710051125318
Run1_20201028,2020-10-28,Run1,source_held_in,35,True,0,m_cos_phi,0.14407432079315186,-0.0012708477814680208
Run1_20201028,2020-10-28,Run1,source_held_in,35,True,1,m_sin_phi,-0.010633599944412708,0.008895930840680286
Run1_20201028,2020-10-28,Run1,source_held_in,35,True,2,modulation_magnitude,-0.44615426659584045,0.00898624462775488
Run1_20201028,2020-10-28,Run1,source_held_in,35,True,3,baseline_rate,-0.46417850255966187,0.011111988907694936
Run1_20201028,2020-10-28,Run1,source_held_in,36,True,0,m_cos_phi,-0.6285240054130554,-0.06248532943859875
Run1_20201028,2020-10-28,Run1,source_held_in,36,True,1,m_sin_phi,-0.3573248088359833,-0.024024023475801126
Run1_20201028,2020-10-28,Run1,source_held_in,36,True,2,modulation_magnitude,0.07930321246385574,0.06694453186523502
Run1_20201028,2020-10-28,Run1,source_held_in,36,True,3,baseline_rate,0.9235227704048157,0.4044969922757833
Run1_20201028,2020-10-28,Run1,source_held_in,37,True,0,m_cos_phi,-1.9550377130508423,-0.16758761385961485
Run1_20201028,2020-10-28,Run1,source_held_in,37,True,1,m_sin_phi,1.8633456230163574,0.18683903648544486
Run1_20201028,2020-10-28,Run1,source_held_in,37,True,2,modulation_magnitude,1.7478556632995605,0.2509869065011294
Run1_20201028,2020-10-28,Run1,source_held_in,37,True,3,baseline_rate,0.6461055278778076,0.3258548630135394
Run1_20201028,2020-10-28,Run1,source_held_in,38,True,0,m_cos_phi,0.14126069843769073,-0.0014937766025984178
Run1_20201028,2020-10-28,Run1,source_held_in,38,True,1,m_sin_phi,0.005800563842058182,0.010456431676019895
Run1_20201028,2020-10-28,Run1,source_held_in,38,True,2,modulation_magnitude,-0.43186289072036743,0.010562592288638317
Run1_20201028,2020-10-28,Run1,source_held_in,38,True,3,baseline_rate,-0.48112836480140686,0.006307048719945918
Run1_20201028,2020-10-28,Run1,source_held_in,39,True,0,m_cos_phi,-0.2114408314228058,-0.02943901101192692
Run1_20201028,2020-10-28,Run1,source_held_in,39,True,1,m_sin_phi,-0.6361043453216553,-0.050495446373485464
Run1_20201028,2020-10-28,Run1,source_held_in,39,True,2,modulation_magnitude,0.002293995814397931,0.05845036730126363
Run1_20201028,2020-10-28,Run1,source_held_in,39,True,3,baseline_rate,0.17105619609355927,0.19118806791524134
Run1_20201028,2020-10-28,Run1,source_held_in,40,True,0,m_cos_phi,0.09743156284093857,-0.004966445033307898
Run1_20201028,2020-10-28,Run1,source_held_in,40,True,1,m_sin_phi,-0.2828322947025299,-0.01695061030783096
Run1_20201028,2020-10-28,Run1,source_held_in,40,True,2,modulation_magnitude,-0.3674878180027008,0.017663202907371778
Run1_20201028,2020-10-28,Run1,source_held_in,40,True,3,baseline_rate,-0.44911858439445496,0.015381168502440978
Run1_20201028,2020-10-28,Run1,source_held_in,41,True,0,m_cos_phi,0.1159614697098732,-0.003498284145998398
Run1_20201028,2020-10-28,Run1,source_held_in,41,True,1,m_sin_phi,-0.14429956674575806,-0.003796278848850143
Run1_20201028,2020-10-28,Run1,source_held_in,41,True,2,modulation_magnitude,-0.48082229495048523,0.005162339506200153
Run1_20201028,2020-10-28,Run1,source_held_in,41,True,3,baseline_rate,-0.4785940945148468,0.007025462649973058
Run1_20201028,2020-10-28,Run1,source_held_in,42,True,0,m_cos_phi,0.25178956985473633,0.0072636427994936525
Run1_20201028,2020-10-28,Run1,source_held_in,42,True,1,m_sin_phi,0.0793338492512703,0.017438761583234652
Run1_20201028,2020-10-28,Run1,source_held_in,42,True,2,modulation_magnitude,-0.3563561737537384,0.018891030201716008
Run1_20201028,2020-10-28,Run1,source_held_in,42,True,3,baseline_rate,-0.4339546263217926,0.01967984128865563
Run1_20201028,2020-10-28,Run1,source_held_in,43,True,0,m_cos_phi,0.32978740334510803,0.013443564222489268
Run1_20201028,2020-10-28,Run1,source_held_in,43,True,1,m_sin_phi,-0.07837472856044769,0.0024635933536221177
Run1_20201028,2020-10-28,Run1,source_held_in,43,True,2,modulation_magnitude,-0.40371400117874146,0.013667432338472896
Run1_20201028,2020-10-28,Run1,source_held_in,43,True,3,baseline_rate,-0.44055789709091187,0.017807948724774647
Run1_20201028,2020-10-28,Run1,source_held_in,44,True,0,m_cos_phi,0.2605026662349701,0.00795399852568801
Run1_20201028,2020-10-28,Run1,source_held_in,44,True,1,m_sin_phi,-0.14604751765727997,-0.0039622549759597
Run1_20201028,2020-10-28,Run1,source_held_in,44,True,2,modulation_magnitude,-0.44706079363822937,0.008886254130321403
Run1_20201028,2020-10-28,Run1,source_held_in,44,True,3,baseline_rate,-0.4610293209552765,0.012004717652838615
Run1_20201028,2020-10-28,Run1,source_held_in,45,True,0,m_cos_phi,0.03547859564423561,-0.009875100210817556
Run1_20201028,2020-10-28,Run1,source_held_in,45,True,1,m_sin_phi,0.027923988178372383,0.012557154451206781
Run1_20201028,2020-10-28,Run1,source_held_in,45,True,2,modulation_magnitude,-0.3827935457229614,0.015974971606188326
Run1_20201028,2020-10-28,Run1,source_held_in,45,True,3,baseline_rate,-0.46256405115127563,0.01156965294901191
Run1_20201028,2020-10-28,Run1,source_held_in,46,True,0,m_cos_phi,0.15592430531978607,-0.00033195025109811205
Run1_20201028,2020-10-28,Run1,source_held_in,46,True,1,m_sin_phi,-0.07984849810600281,0.0023236520315799147
Run1_20201028,2020-10-28,Run1,source_held_in,46,True,2,modulation_magnitude,-0.5063443183898926,0.0023472444236638523
Run1_20201028,2020-10-28,Run1,source_held_in,46,True,3,baseline_rate,-0.46707651019096375,0.01029046286025892
Run1_20201028,2020-10-28,Run1,source_held_in,47,True,0,m_cos_phi,-0.0484803281724453,-0.016527330519373662
Run1_20201028,2020-10-28,Run1,source_held_in,47,True,1,m_sin_phi,-0.02631361037492752,0.007407040399227127
Run1_20201028,2020-10-28,Run1,source_held_in,47,True,2,modulation_magnitude,-0.3634258806705475,0.018111237125209678
Run1_20201028,2020-10-28,Run1,source_held_in,47,True,3,baseline_rate,-0.3942832052707672,0.03092587990504736
Run1_20201028,2020-10-28,Run1,source_held_in,48,True,0,m_cos_phi,-0.4779846966266632,-0.05055780456078507
Run1_20201028,2020-10-28,Run1,source_held_in,48,True,1,m_sin_phi,-0.5262582898139954,-0.040065048842728324
Run1_20201028,2020-10-28,Run1,source_held_in,48,True,2,modulation_magnitude,0.057214561849832535,0.06450813994391943
Run1_20201028,2020-10-28,Run1,source_held_in,48,True,3,baseline_rate,2.142287492752075,0.7499919296561259
Run1_20201028,2020-10-28,Run1,source_held_in,49,True,0,m_cos_phi,-0.4223967492580414,-0.046153462395997824
Run1_20201028,2020-10-28,Run1,source_held_in,49,True,1,m_sin_phi,-0.12305014580488205,-0.0017785467902212693
Run1_20201028,2020-10-28,Run1,source_held_in,49,True,2,modulation_magnitude,-0.10888077318668365,0.0461877210318532
Run1_20201028,2020-10-28,Run1,source_held_in,49,True,3,baseline_rate,-0.16904018819332123,0.09477768054681102
Run1_20201028,2020-10-28,Run1,source_held_in,50,True,0,m_cos_phi,0.7121883630752563,0.043741942747351104
Run1_20201028,2020-10-28,Run1,source_held_in,50,True,1,m_sin_phi,-0.7503202557563782,-0.06134078209961391
Run1_20201028,2020-10-28,Run1,source_held_in,50,True,2,modulation_magnitude,0.15541361272335052,0.07533955642153833
Run1_20201028,2020-10-28,Run1,source_held_in,50,True,3,baseline_rate,0.07808417826890945,0.16483239738468325
Run1_20201028,2020-10-28,Run1,source_held_in,51,True,0,m_cos_phi,0.08365371078252792,-0.006058091291779255
Run1_20201028,2020-10-28,Run1,source_held_in,51,True,1,m_sin_phi,-0.07897453010082245,0.0024066393876671643
Run1_20201028,2020-10-28,Run1,source_held_in,51,True,2,modulation_magnitude,-0.46852609515190125,0.006518618003046539
Run1_20201028,2020-10-28,Run1,source_held_in,51,True,3,baseline_rate,-0.4758588969707489,0.007800835358826141
Run1_20201028,2020-10-28,Run1,source_held_in,52,True,0,m_cos_phi,0.3486458957195282,0.014937759584267685
Run1_20201028,2020-10-28,Run1,source_held_in,52,True,1,m_sin_phi,0.058238763362169266,0.015435684360735336
Run1_20201028,2020-10-28,Run1,source_held_in,52,True,2,modulation_magnitude,-0.332882821559906,0.021480155569788106
Run1_20201028,2020-10-28,Run1,source_held_in,52,True,3,baseline_rate,-0.3025532066822052,0.05692946331794513
Run1_20201028,2020-10-28,Run1,source_held_in,53,True,0,m_cos_phi,0.15592430531978607,-0.00033195025109811205
Run1_20201028,2020-10-28,Run1,source_held_in,53,True,1,m_sin_phi,-0.07984849810600281,0.0023236520315799147
Run1_20201028,2020-10-28,Run1,source_held_in,53,True,2,modulation_magnitude,-0.5063443183898926,0.0023472444236638523
Run1_20201028,2020-10-28,Run1,source_held_in,53,True,3,baseline_rate,-0.46707651019096375,0.01029046286025892
Run1_20201028,2020-10-28,Run1,source_held_in,54,True,0,m_cos_phi,0.09710825979709625,-0.004992060967973666
Run1_20201028,2020-10-28,Run1,source_held_in,54,True,1,m_sin_phi,-0.034179337322711945,0.006660152779506823
Run1_20201028,2020-10-28,Run1,source_held_in,54,True,2,modulation_magnitude,-0.45216405391693115,0.008323361342859492
Run1_20201028,2020-10-28,Run1,source_held_in,54,True,3,baseline_rate,-0.4563453793525696,0.01333251955015946
Run1_20201028,2020-10-28,Run1,source_held_in,55,True,0,m_cos_phi,0.2919193506240845,0.010443204087016156
Run1_20201028,2020-10-28,Run1,source_held_in,55,True,1,m_sin_phi,-0.15506137907505035,-0.004818163341899551
Run1_20201028,2020-10-28,Run1,source_held_in,55,True,2,modulation_magnitude,-0.42335429787635803,0.011501095379168769
Run1_20201028,2020-10-28,Run1,source_held_in,55,True,3,baseline_rate,-0.4702256917953491,0.009397734115115242
Run1_20201028,2020-10-28,Run1,source_held_in,56,True,0,m_cos_phi,-0.18098871409893036,-0.027026229992199946
Run1_20201028,2020-10-28,Run1,source_held_in,56,True,1,m_sin_phi,-0.07367926090955734,0.002909450002413494
Run1_20201028,2020-10-28,Run1,source_held_in,56,True,2,modulation_magnitude,-0.28118565678596497,0.027182385045507518
Run1_20201028,2020-10-28,Run1,source_held_in,56,True,3,baseline_rate,0.01822550967335701,0.14786368588615784
Run1_20201028,2020-10-28,Run1,source_held_in,57,True,0,m_cos_phi,-0.5459251999855042,-0.055940863979329514
Run1_20201028,2020-10-28,Run1,source_held_in,57,True,1,m_sin_phi,-0.8186097145080566,-0.06782518610163635
Run1_20201028,2020-10-28,Run1,source_held_in,57,True,2,modulation_magnitude,0.26945459842681885,0.08791834817853239
Run1_20201028,2020-10-28,Run1,source_held_in,57,True,3,baseline_rate,-0.02178385853767395,0.1365218461436397
Run1_20201028,2020-10-28,Run1,source_held_in,58,True,0,m_cos_phi,0.1484202891588211,-0.0009265081786253848
Run1_20201028,2020-10-28,Run1,source_held_in,58,True,1,m_sin_phi,0.01508860383182764,0.011338374581726776
Run1_20201028,2020-10-28,Run1,source_held_in,58,True,2,modulation_magnitude,-0.4244869351387024,0.011376164783634568
Run1_20201028,2020-10-28,Run1,source_held_in,58,True,3,baseline_rate,-0.4454635679721832,0.016417291100004228
Run1_20201028,2020-10-28,Run1,source_held_in,59,True,0,m_cos_phi,0.023071449249982834,-0.010858142769423373
Run1_20201028,2020-10-28,Run1,source_held_in,59,True,1,m_sin_phi,-0.02298899181187153,0.007722728505555082
Run1_20201028,2020-10-28,Run1,source_held_in,59,True,2,modulation_magnitude,-0.40682393312454224,0.013324404907735232
Run1_20201028,2020-10-28,Run1,source_held_in,59,True,3,baseline_rate,-0.42060092091560364,0.023465344371007113
Run1_20201028,2020-10-28,Run1,source_held_in,60,True,0,m_cos_phi,0.18332363665103912,0.0018389525431528053
Run1_20201028,2020-10-28,Run1,source_held_in,60,True,1,m_sin_phi,-0.11650379747152328,-0.001156940350407143
Run1_20201028,2020-10-28,Run1,source_held_in,60,True,2,modulation_magnitude,-0.5079275369644165,0.002172614428737951
Run1_20201028,2020-10-28,Run1,source_held_in,60,True,3,baseline_rate,-0.4686112701892853,0.009855389708081752
Run1_20201028,2020-10-28,Run1,source_held_in,61,True,0,m_cos_phi,0.1971067637205124,0.002931016751103188
Run1_20201028,2020-10-28,Run1,source_held_in,61,True,1,m_sin_phi,-0.07362779974937439,0.002914336480636326
Run1_20201028,2020-10-28,Run1,source_held_in,61,True,2,modulation_magnitude,-0.49015164375305176,0.004133306522208002
Run1_20201028,2020-10-28,Run1,source_held_in,61,True,3,baseline_rate,-0.4227212071418762,0.022864286477270568
Run1_20201028,2020-10-28,Run1,source_held_in,62,True,0,m_cos_phi,0.0019565164111554623,-0.012531120337600198
Run1_20201028,2020-10-28,Run1,source_held_in,62,True,1,m_sin_phi,-0.02304045483469963,0.007717841850465368
Run1_20201028,2020-10-28,Run1,source_held_in,62,True,2,modulation_magnitude,-0.3941972553730011,0.014717135328641051
Run1_20201028,2020-10-28,Run1,source_held_in,62,True,3,baseline_rate,-0.47351697087287903,0.008464723634960869
Run1_20201028,2020-10-28,Run1,source_held_in,63,True,0,m_cos_phi,0.11176656931638718,-0.0038306543369247548
Run1_20201028,2020-10-28,Run1,source_held_in,63,True,1,m_sin_phi,0.05469143018126488,0.015098848458163505
Run1_20201028,2020-10-28,Run1,source_held_in,63,True,2,modulation_magnitude,-0.3863997757434845,0.015577202188674422
Run1_20201028,2020-10-28,Run1,source_held_in,63,True,3,baseline_rate,-0.46144333481788635,0.011887353168197556
Run1_20201028,2020-10-28,Run1,source_held_in,64,True,0,m_cos_phi,-0.35734641551971436,-0.04099939678862263
Run1_20201028,2020-10-28,Run1,source_held_in,64,True,1,m_sin_phi,-2.3712759017944336,-0.21525811385781424
Run1_20201028,2020-10-28,Run1,source_held_in,64,True,2,modulation_magnitude,1.4590171575546265,0.2191278394056022
Run1_20201028,2020-10-28,Run1,source_held_in,64,True,3,baseline_rate,0.8127413988113403,0.37309273324219205
Run1_20201028,2020-10-28,Run1,source_held_in,65,True,0,m_cos_phi,0.17477750778198242,0.0011618259805530329
Run1_20201028,2020-10-28,Run1,source_held_in,65,True,1,m_sin_phi,-0.18996873497962952,-0.00813278030424458
Run1_20201028,2020-10-28,Run1,source_held_in,65,True,2,modulation_magnitude,-0.45314329862594604,0.008215350041502756
Run1_20201028,2020-10-28,Run1,source_held_in,65,True,3,baseline_rate,-0.48932522535324097,0.003983405960072517
Run1_20201028,2020-10-28,Run1,source_held_in,66,True,0,m_cos_phi,-1.7812808752059937,-0.15382051858866852
Run1_20201028,2020-10-28,Run1,source_held_in,66,True,1,m_sin_phi,-1.317697286605835,-0.11521588898652269
Run1_20201028,2020-10-28,Run1,source_held_in,66,True,2,modulation_magnitude,1.2147587537765503,0.1921859853250938
Run1_20201028,2020-10-28,Run1,source_held_in,66,True,3,baseline_rate,1.1919759511947632,0.480597992892168
Run1_20201028,2020-10-28,Run1,source_held_in,67,True,0,m_cos_phi,-3.1537387371063232,-0.2625630485201391
Run1_20201028,2020-10-28,Run1,source_held_in,67,True,1,m_sin_phi,-1.7562758922576904,-0.15686098206057508
Run1_20201028,2020-10-28,Run1,source_held_in,67,True,2,modulation_magnitude,2.2452590465545654,0.30585080949700405
Run1_20201028,2020-10-28,Run1,source_held_in,67,True,3,baseline_rate,0.7503017783164978,0.355392374528682
Run1_20201028,2020-10-28,Run1,source_held_in,68,True,0,m_cos_phi,0.25023606419563293,0.007140555497272327
Run1_20201028,2020-10-28,Run1,source_held_in,68,True,1,m_sin_phi,0.3140032887458801,0.039721724143306325
Run1_20201028,2020-10-28,Run1,source_held_in,68,True,2,modulation_magnitude,-0.16172991693019867,0.04035842755824459
Run1_20201028,2020-10-28,Run1,source_held_in,68,True,3,baseline_rate,-0.08900786191225052,0.11746521247965869
Run1_20201028,2020-10-28,Run1,source_held_in,69,True,0,m_cos_phi,0.03861023485660553,-0.0096269742899866
Run1_20201028,2020-10-28,Run1,source_held_in,69,True,1,m_sin_phi,-0.06264328211545944,0.003957367885595198
Run1_20201028,2020-10-28,Run1,source_held_in,69,True,2,modulation_magnitude,-0.4332588016986847,0.010408622438244253
Run1_20201028,2020-10-28,Run1,source_held_in,69,True,3,baseline_rate,-0.45753714442253113,0.012994678463468468
Run1_20201028,2020-10-28,Run1,source_held_in,70,True,0,m_cos_phi,-0.5907739996910095,-0.05949432239852914
Run1_20201028,2020-10-28,Run1,source_held_in,70,True,1,m_sin_phi,-1.2969447374343872,-0.11324533722993557
Run1_20201028,2020-10-28,Run1,source_held_in,70,True,2,modulation_magnitude,0.6321344971656799,0.1279221669156505
Run1_20201028,2020-10-28,Run1,source_held_in,70,True,3,baseline_rate,1.8542680740356445,0.6683442997164377
Run1_20201028,2020-10-28,Run1,source_held_in,71,True,0,m_cos_phi,3.5357275009155273,0.2674564900079446
Run1_20201028,2020-10-28,Run1,source_held_in,71,True,1,m_sin_phi,1.5782086849212646,0.15976394852448195
Run1_20201028,2020-10-28,Run1,source_held_in,71,True,2,modulation_magnitude,2.2968428134918213,0.3115405311207038
Run1_20201028,2020-10-28,Run1,source_held_in,71,True,3,baseline_rate,5.228854179382324,1.624970622888867
Run1_20201028,2020-10-28,Run1,source_held_in,72,True,0,m_cos_phi,0.3582926094532013,0.015702087645656615
Run1_20201028,2020-10-28,Run1,source_held_in,72,True,1,m_sin_phi,1.2955906391143799,0.13292804118572477
Run1_20201028,2020-10-28,Run1,source_held_in,72,True,2,modulation_magnitude,0.6858974099159241,0.1338522496798702
Run1_20201028,2020-10-28,Run1,source_held_in,72,True,3,baseline_rate,1.6365159749984741,0.6066160215329397
Run1_20201028,2020-10-28,Run1,source_held_in,73,True,0,m_cos_phi,0.1705773025751114,0.0008290354788511589
Run1_20201028,2020-10-28,Run1,source_held_in,73,True,1,m_sin_phi,0.18354210257530212,0.027333823387067024
Run1_20201028,2020-10-28,Run1,source_held_in,73,True,2,modulation_magnitude,-0.2796987295150757,0.027346394049664546
Run1_20201028,2020-10-28,Run1,source_held_in,73,True,3,baseline_rate,-0.06801334768533707,0.12341672899893275
Run1_20201028,2020-10-28,Run1,source_held_in,74,True,0,m_cos_phi,0.0759858563542366,-0.006665630446769488
Run1_20201028,2020-10-28,Run1,source_held_in,74,True,1,m_sin_phi,-0.2597826421260834,-0.014761937822441507
Run1_20201028,2020-10-28,Run1,source_held_in,74,True,2,modulation_magnitude,-0.38077986240386963,0.01619708213056814
Run1_20201028,2020-10-28,Run1,source_held_in,74,True,3,baseline_rate,1.0863484144210815,0.450654740897658
Run1_20201028,2020-10-28,Run1,source_held_in,75,True,0,m_cos_phi,0.384965717792511,0.017815450366998498
Run1_20201028,2020-10-28,Run1,source_held_in,75,True,1,m_sin_phi,0.19507497549057007,0.028428923694693076
Run1_20201028,2020-10-28,Run1,source_held_in,75,True,2,modulation_magnitude,-0.22345715761184692,0.03354987446236679
Run1_20201028,2020-10-28,Run1,source_held_in,75,True,3,baseline_rate,-0.19099614024162292,0.0885536160174043
Run1_20201028,2020-10-28,Run1,source_held_in,76,True,0,m_cos_phi,-0.022128384560346603,-0.01443941430967427
Run1_20201028,2020-10-28,Run1,source_held_in,76,True,1,m_sin_phi,-0.0568511076271534,0.004507361985987168
Run1_20201028,2020-10-28,Run1,source_held_in,76,True,2,modulation_magnitude,-0.3904852867126465,0.015126567783990907
Run1_20201028,2020-10-28,Run1,source_held_in,76,True,3,baseline_rate,-0.45729467272758484,0.013063414242840743
Run1_20201028,2020-10-28,Run1,source_held_in,77,True,0,m_cos_phi,0.18646584451198578,0.002087915838752119
Run1_20201028,2020-10-28,Run1,source_held_in,77,True,1,m_sin_phi,-0.1348571479320526,-0.0028996769506419717
Run1_20201028,2020-10-28,Run1,source_held_in,77,True,2,modulation_magnitude,-0.49522992968559265,0.00357316842068367
Run1_20201028,2020-10-28,Run1,source_held_in,77,True,3,baseline_rate,-0.42528489232063293,0.022137534025335803
Run1_20201028,2020-10-28,Run1,source_held_in,78,True,0,m_cos_phi,0.28678765892982483,0.010036610082818864
Run1_20201028,2020-10-28,Run1,source_held_in,78,True,1,m_sin_phi,-0.4229585528373718,-0.030256254921915193
Run1_20201028,2020-10-28,Run1,source_held_in,78,True,2,modulation_magnitude,-0.23861920833587646,0.03187749082336122
Run1_20201028,2020-10-28,Run1,source_held_in,78,True,3,baseline_rate,0.038877010345458984,0.15371796505972668
Run1_20201028,2020-10-28,Run1,source_held_in,79,True,0,m_cos_phi,0.5898042321205139,0.0340452078654101
Run1_20201028,2020-10-28,Run1,source_held_in,79,True,1,m_sin_phi,-0.5801187753677368,-0.04517935424886055
Run1_20201028,2020-10-28,Run1,source_held_in,79,True,2,modulation_magnitude,-0.014746797271072865,0.05657075720955918
Run1_20201028,2020-10-28,Run1,source_held_in,79,True,3,baseline_rate,-0.12644487619400024,0.10685258260301644
Run1_20201028,2020-10-28,Run1,source_held_in,80,True,0,m_cos_phi,0.031394291669130325,-0.010198707630463322
Run1_20201028,2020-10-28,Run1,source_held_in,80,True,1,m_sin_phi,-0.24609099328517914,-0.013461851628156607
Run1_20201028,2020-10-28,Run1,source_held_in,80,True,2,modulation_magnitude,-0.37450769543647766,0.016888906053881714
Run1_20201028,2020-10-28,Run1,source_held_in,80,True,3,baseline_rate,-0.31529557704925537,0.053317261248654546
Run1_20201028,2020-10-28,Run1,source_held_in,81,True,0,m_cos_phi,0.21443919837474823,0.004304299564729108
Run1_20201028,2020-10-28,Run1,source_held_in,81,True,1,m_sin_phi,-1.9708609580993652,-0.17723683925952827
Run1_20201028,2020-10-28,Run1,source_held_in,81,True,2,modulation_magnitude,1.0797016620635986,0.17728910398473197
Run1_20201028,2020-10-28,Run1,source_held_in,81,True,3,baseline_rate,3.4046483039855957,1.1078454689254187
Run1_20201028,2020-10-28,Run1,source_held_in,82,True,0,m_cos_phi,-0.1190410703420639,-0.022117996601276113
Run1_20201028,2020-10-28,Run1,source_held_in,82,True,1,m_sin_phi,-0.20991569757461548,-0.010026837841725644
Run1_20201028,2020-10-28,Run1,source_held_in,82,True,2,modulation_magnitude,-0.3074571192264557,0.024284626374340812
Run1_20201028,2020-10-28,Run1,source_held_in,82,True,3,baseline_rate,-0.2696860134601593,0.06624664214327947
Run1_20201028,2020-10-28,Run1,source_held_in,83,True,0,m_cos_phi,-0.7763263583183289,-0.07419599993050685
Run1_20201028,2020-10-28,Run1,source_held_in,83,True,1,m_sin_phi,0.8848937749862671,0.09393045007793255
Run1_20201028,2020-10-28,Run1,source_held_in,83,True,2,modulation_magnitude,0.5575869679450989,0.11969952800842121
Run1_20201028,2020-10-28,Run1,source_held_in,83,True,3,baseline_rate,1.7604236602783203,0.6417413227348447
Run1_20201028,2020-10-28,Run1,source_held_in,84,True,0,m_cos_phi,0.2554273009300232,0.007551867371859977
Run1_20201028,2020-10-28,Run1,source_held_in,84,True,1,m_sin_phi,-0.23978501558303833,-0.012863069505763214
Run1_20201028,2020-10-28,Run1,source_held_in,84,True,2,modulation_magnitude,-0.39239364862442017,0.014916074276440927
Run1_20201028,2020-10-28,Run1,source_held_in,84,True,3,baseline_rate,-0.41204026341438293,0.025892116144990318
Run1_20201028,2020-10-28,Run1,source_held_in,85,True,0,m_cos_phi,-0.02841809391975403,-0.01493776032616223
Run1_20201028,2020-10-28,Run1,source_held_in,85,True,1,m_sin_phi,0.15437546372413635,0.024564314400624898
Run1_20201028,2020-10-28,Run1,source_held_in,85,True,2,modulation_magnitude,-0.26697665452957153,0.02874964684489756
Run1_20201028,2020-10-28,Run1,source_held_in,85,True,3,baseline_rate,-0.421993613243103,0.023070544505490176
Run1_20201028,2020-10-28,Run1,source_held_in,86,True,0,m_cos_phi,0.0624929815530777,-0.007734697397863366
Run1_20201028,2020-10-28,Run1,source_held_in,86,True,1,m_sin_phi,-0.18097175657749176,-0.007278475059725453
Run1_20201028,2020-10-28,Run1,source_held_in,86,True,2,modulation_magnitude,-0.4313350021839142,0.010620818723020564
Run1_20201028,2020-10-28,Run1,source_held_in,86,True,3,baseline_rate,-0.3125690221786499,0.05409018393587317
Run1_20201028,2020-10-28,Run1,source_held_in,87,True,0,m_cos_phi,0.2723526358604431,0.008892894875409674
Run1_20201028,2020-10-28,Run1,source_held_in,87,True,1,m_sin_phi,-0.21526241302490234,-0.010534533519759748
Run1_20201028,2020-10-28,Run1,source_held_in,87,True,2,modulation_magnitude,-0.4026370346546173,0.013786222416905192
Run1_20201028,2020-10-28,Run1,source_held_in,87,True,3,baseline_rate,-0.46392735838890076,0.011183183157052135
Run1_20201028,2020-10-28,Run1,source_held_in,88,True,0,m_cos_phi,0.17130142450332642,0.0008864090803575309
Run1_20201028,2020-10-28,Run1,source_held_in,88,True,1,m_sin_phi,0.004823679570108652,0.010363671938304349
Run1_20201028,2020-10-28,Run1,source_held_in,88,True,2,modulation_magnitude,-0.43332329392433167,0.010401508905584445
Run1_20201028,2020-10-28,Run1,source_held_in,88,True,3,baseline_rate,-0.43707436323165894,0.01879545951377004
Run1_20201028,2020-10-28,Run1,source_held_in,89,True,0,m_cos_phi,-2.488426923751831,-0.2098490878326409
Run1_20201028,2020-10-28,Run1,source_held_in,89,True,1,m_sin_phi,-1.2041841745376587,-0.10443728725747015
Run1_20201028,2020-10-28,Run1,source_held_in,89,True,2,modulation_magnitude,1.5974849462509155,0.23440092274768265
Run1_20201028,2020-10-28,Run1,source_held_in,89,True,3,baseline_rate,1.2849185466766357,0.5069453227887308
Run1_20201028,2020-10-28,Run1,source_held_in,90,True,0,m_cos_phi,0.8826422691345215,0.05724734025071854
Run1_20201028,2020-10-28,Run1,source_held_in,90,True,1,m_sin_phi,0.11357303708791733,0.020689932857578586
Run1_20201028,2020-10-28,Run1,source_held_in,90,True,2,modulation_magnitude,0.024243734776973724,0.06087143718089921
Run1_20201028,2020-10-28,Run1,source_held_in,90,True,3,baseline_rate,0.017246799543499947,0.1475862415289096
Run1_20201028,2020-10-28,Run1,source_held_in,91,True,0,m_cos_phi,0.2989715337753296,0.011001962398433207
Run1_20201028,2020-10-28,Run1,source_held_in,91,True,1,m_sin_phi,-0.6686124801635742,-0.05358224605707562
Run1_20201028,2020-10-28,Run1,source_held_in,91,True,2,modulation_magnitude,-0.031706467270851135,0.05470009504473661
Run1_20201028,2020-10-28,Run1,source_held_in,91,True,3,baseline_rate,-0.20070193707942963,0.08580222060103049
Run1_20201028,2020-10-28,Run1,source_held_in,92,True,0,m_cos_phi,0.1714736670255661,0.0009000561934311424
Run1_20201028,2020-10-28,Run1,source_held_in,92,True,1,m_sin_phi,-0.04728889465332031,0.005415338900860434
Run1_20201028,2020-10-28,Run1,source_held_in,92,True,2,modulation_magnitude,-0.4778550863265991,0.00548962446563106
Run1_20201028,2020-10-28,Run1,source_held_in,92,True,3,baseline_rate,-0.465713232755661,0.010676924203868232
Run1_20201028,2020-10-28,Run1,source_held_in,93,True,0,m_cos_phi,-0.09373652189970016,-0.02011306756645237
Run1_20201028,2020-10-28,Run1,source_held_in,93,True,1,m_sin_phi,-0.23433539271354675,-0.012345602286218504
Run1_20201028,2020-10-28,Run1,source_held_in,93,True,2,modulation_magnitude,-0.31366604566574097,0.023599777920668696
Run1_20201028,2020-10-28,Run1,source_held_in,93,True,3,baseline_rate,-0.39417412877082825,0.030956800867744327
Run1_20201028,2020-10-28,Run1,source_held_in,94,True,0,m_cos_phi,0.2849161624908447,0.009888327747031411
Run1_20201028,2020-10-28,Run1,source_held_in,94,True,1,m_sin_phi,-0.11415605247020721,-0.0009340109648101613
Run1_20201028,2020-10-28,Run1,source_held_in,94,True,2,modulation_magnitude,-0.43757686018943787,0.009932337897079924
Run1_20201028,2020-10-28,Run1,source_held_in,94,True,3,baseline_rate,-0.45087504386901855,0.0148832480711647
Run1_20201028,2020-10-28,Run1,source_held_in,95,True,0,m_cos_phi,0.21022216975688934,0.003970176111157686
Run1_20201028,2020-10-28,Run1,source_held_in,95,True,1,m_sin_phi,-0.09912730008363724,0.0004930394746324174
Run1_20201028,2020-10-28,Run1,source_held_in,95,True,2,modulation_magnitude,-0.4913541078567505,0.00400067398257864
Run1_20201028,2020-10-28,Run1,source_held_in,95,True,3,baseline_rate,-0.4678837060928345,0.010061639287950896
Run1_20201030,2020-10-30,Run1,public_held_out_calibration,0,True,0,m_cos_phi,-0.010503348894417286,-0.013518339919014008
Run1_20201030,2020-10-30,Run1,public_held_out_calibration,0,True,1,m_sin_phi,0.5206087827682495,0.05933988361869602
Run1_20201030,2020-10-30,Run1,public_held_out_calibration,0,True,2,modulation_magnitude,0.024142108857631683,0.060860227778694986
Run1_20201030,2020-10-30,Run1,public_held_out_calibration,0,True,3,baseline_rate,-0.3359485864639282,0.04746255437734348
Run1_20201030,2020-10-30,Run1,public_held_out_calibration,1,True,0,m_cos_phi,0.003435781691223383,-0.01241391524631117
Run1_20201030,2020-10-30,Run1,public_held_out_calibration,1,True,1,m_sin_phi,-0.011956218630075455,0.008770342000832432
Run1_20201030,2020-10-30,Run1,public_held_out_calibration,1,True,2,modulation_magnitude,-0.3898242712020874,0.015199478206539219
Run1_20201030,2020-10-30,Run1,public_held_out_calibration,1,True,3,baseline_rate,-0.4399927258491516,0.01796816324296735
Run1_20201030,2020-10-30,Run1,public_held_out_calibration,2,True,0,m_cos_phi,-0.39975741505622864,-0.04435970351610008
Run1_20201030,2020-10-30,Run1,public_held_out_calibration,2,True,1,m_sin_phi,1.5087122917175293,0.15316494044250106
Run1_20201030,2020-10-30,Run1,public_held_out_calibration,2,True,2,modulation_magnitude,0.9180548191070557,0.15945935651996557
Run1_20201030,2020-10-30,Run1,public_held_out_calibration,2,True,3,baseline_rate,0.2774884104728699,0.22135942959644517
Run1_20201030,2020-10-30,Run1,public_held_out_calibration,3,True,0,m_cos_phi,-0.0086628133431077,-0.01337251067511934
Run1_20201030,2020-10-30,Run1,public_held_out_calibration,3,True,1,m_sin_phi,0.32955971360206604,0.04119887955555557
Run1_20201030,2020-10-30,Run1,public_held_out_calibration,3,True,2,modulation_magnitude,-0.13492709398269653,0.04331479562430873
Run1_20201030,2020-10-30,Run1,public_held_out_calibration,3,True,3,baseline_rate,0.12147454172372818,0.17713268031038276
Run1_20201030,2020-10-30,Run1,public_held_out_calibration,4,True,0,m_cos_phi,0.2041851133108139,0.0034918482808399265
Run1_20201030,2020-10-30,Run1,public_held_out_calibration,4,True,1,m_sin_phi,-0.07980462163686752,0.0023278183078582204
Run1_20201030,2020-10-30,Run1,public_held_out_calibration,4,True,2,modulation_magnitude,-0.4895774722099304,0.00419663800105452
Run1_20201030,2020-10-30,Run1,public_held_out_calibration,4,True,3,baseline_rate,-0.4351658821105957,0.01933647498076141
Run1_20201030,2020-10-30,Run1,public_held_out_calibration,5,True,0,m_cos_phi,0.3241610825061798,0.012997779780419716
Run1_20201030,2020-10-30,Run1,public_held_out_calibration,5,True,1,m_sin_phi,-0.15256039798259735,-0.00458068347163354
Run1_20201030,2020-10-30,Run1,public_held_out_calibration,5,True,2,modulation_magnitude,-0.4026814103126526,0.01378132775418317
Run1_20201030,2020-10-30,Run1,public_held_out_calibration,5,True,3,baseline_rate,-0.37658849358558655,0.03594196971593444
Run1_20201030,2020-10-30,Run1,public_held_out_calibration,6,True,0,m_cos_phi,0.7486246228218079,0.046628859115474874
Run1_20201030,2020-10-30,Run1,public_held_out_calibration,6,True,1,m_sin_phi,2.4076642990112305,0.2385246445648903
Run1_20201030,2020-10-30,Run1,public_held_out_calibration,6,True,2,modulation_magnitude,1.675804615020752,0.24303963099678683
Run1_20201030,2020-10-30,Run1,public_held_out_calibration,6,True,3,baseline_rate,1.172957420349121,0.47520662735368546
Run1_20201030,2020-10-30,Run1,public_held_out_calibration,7,True,0,m_cos_phi,-0.007041085045784712,-0.013244017959380745
Run1_20201030,2020-10-30,Run1,public_held_out_calibration,7,True,1,m_sin_phi,0.26297032833099365,0.03487590549430131
Run1_20201030,2020-10-30,Run1,public_held_out_calibration,7,True,2,modulation_magnitude,-0.1894042044878006,0.03730593640286817
Run1_20201030,2020-10-30,Run1,public_held_out_calibration,7,True,3,baseline_rate,-0.4195649325847626,0.023759025929824595
Run1_20201030,2020-10-30,Run1,public_held_out_calibration,8,True,0,m_cos_phi,0.2574469745159149,0.0077118900738040175
Run1_20201030,2020-10-30,Run1,public_held_out_calibration,8,True,1,m_sin_phi,-0.063322052359581,0.003892915471300329
Run1_20201030,2020-10-30,Run1,public_held_out_calibration,8,True,2,modulation_magnitude,-0.4493046998977661,0.00863874987220914
Run1_20201030,2020-10-30,Run1,public_held_out_calibration,8,True,3,baseline_rate,-0.4456794857978821,0.016356082800895066
Run1_20201030,2020-10-30,Run1,public_held_out_calibration,9,True,0,m_cos_phi,0.229105606675148,0.005466347878099631
Run1_20201030,2020-10-30,Run1,public_held_out_calibration,9,True,1,m_sin_phi,0.12044176459312439,0.021342150709905194
Run1_20201030,2020-10-30,Run1,public_held_out_calibration,9,True,2,modulation_magnitude,-0.3278880715370178,0.02203107960844486
Run1_20201030,2020-10-30,Run1,public_held_out_calibration,9,True,3,baseline_rate,-0.4349327087402344,0.019402574874789025
Run1_20201030,2020-10-30,Run1,public_held_out_calibration,10,True,0,m_cos_phi,0.041160136461257935,-0.009424940581510999
Run1_20201030,2020-10-30,Run1,public_held_out_calibration,10,True,1,m_sin_phi,-0.2436690777540207,-0.013231879403308389
Run1_20201030,2020-10-30,Run1,public_held_out_calibration,10,True,2,modulation_magnitude,-0.3803420066833496,0.01624537788927327
Run1_20201030,2020-10-30,Run1,public_held_out_calibration,10,True,3,baseline_rate,-0.36727964878082275,0.03858083732830764
Run1_20201030,2020-10-30,Run1,public_held_out_calibration,11,True,0,m_cos_phi,0.13766337931156158,-0.0017787992569220368
Run1_20201030,2020-10-30,Run1,public_held_out_calibration,11,True,1,m_sin_phi,-0.030482886359095573,0.007011148114071025
Run1_20201030,2020-10-30,Run1,public_held_out_calibration,11,True,2,modulation_magnitude,-0.46204686164855957,0.007233281494253063
Run1_20201030,2020-10-30,Run1,public_held_out_calibration,11,True,3,baseline_rate,-0.48317593336105347,0.0057266048013406845
Run1_20201030,2020-10-30,Run1,public_held_out_calibration,12,True,0,m_cos_phi,0.1829790621995926,0.0018116512331161072
Run1_20201030,2020-10-30,Run1,public_held_out_calibration,12,True,1,m_sin_phi,0.06162678822875023,0.015757393192602
Run1_20201030,2020-10-30,Run1,public_held_out_calibration,12,True,2,modulation_magnitude,-0.38382506370544434,0.015861194530208067
Run1_20201030,2020-10-30,Run1,public_held_out_calibration,12,True,3,baseline_rate,-0.46489807963371277,0.01090800348575005
Run1_20201030,2020-10-30,Run1,public_held_out_calibration,13,True,0,m_cos_phi,0.0848466232419014,-0.005963574496458901
Run1_20201030,2020-10-30,Run1,public_held_out_calibration,13,True,1,m_sin_phi,-0.13932085037231445,-0.0033235264070086146
Run1_20201030,2020-10-30,Run1,public_held_out_calibration,13,True,2,modulation_magnitude,-0.46572884917259216,0.00682715597691419
Run1_20201030,2020-10-30,Run1,public_held_out_calibration,13,True,3,baseline_rate,-0.48233410716056824,0.005965245356887472
Run1_20201030,2020-10-30,Run1,public_held_out_calibration,14,True,0,m_cos_phi,0.10704443603754044,-0.00420479822408526
Run1_20201030,2020-10-30,Run1,public_held_out_calibration,14,True,1,m_sin_phi,-0.16071884334087372,-0.005355366075633361
Run1_20201030,2020-10-30,Run1,public_held_out_calibration,14,True,2,modulation_magnitude,-0.4658949077129364,0.0068088396164796006
Run1_20201030,2020-10-30,Run1,public_held_out_calibration,14,True,3,baseline_rate,-0.47178247570991516,0.008956417631945435
Run1_20201030,2020-10-30,Run1,public_held_out_calibration,15,True,0,m_cos_phi,0.19537922739982605,0.002794140658018751
Run1_20201030,2020-10-30,Run1,public_held_out_calibration,15,True,1,m_sin_phi,-0.15160536766052246,-0.004489998868830725
Run1_20201030,2020-10-30,Run1,public_held_out_calibration,15,True,2,modulation_magnitude,-0.47967928647994995,0.005288414052457835
Run1_20201030,2020-10-30,Run1,public_held_out_calibration,15,True,3,baseline_rate,-0.455382764339447,0.013605401270135431
Run1_20201030,2020-10-30,Run1,public_held_out_calibration,16,True,0,m_cos_phi,0.13849321007728577,-0.0017130501367597084
Run1_20201030,2020-10-30,Run1,public_held_out_calibration,16,True,1,m_sin_phi,-0.20267146825790405,-0.009338964333404753
Run1_20201030,2020-10-30,Run1,public_held_out_calibration,16,True,2,modulation_magnitude,-0.441543847322464,0.009494776745348377
Run1_20201030,2020-10-30,Run1,public_held_out_calibration,16,True,3,baseline_rate,-0.4506857395172119,0.01493691199330982
Run1_20201030,2020-10-30,Run1,public_held_out_calibration,17,True,0,m_cos_phi,0.20786964893341064,0.00378378126934642
Run1_20201030,2020-10-30,Run1,public_held_out_calibration,17,True,1,m_sin_phi,-0.057743266224861145,0.004422647347927855
Run1_20201030,2020-10-30,Run1,public_held_out_calibration,17,True,2,modulation_magnitude,-0.474856436252594,0.0058203774365943595
Run1_20201030,2020-10-30,Run1,public_held_out_calibration,17,True,3,baseline_rate,-0.48118308186531067,0.006291537548494652
Run1_20201030,2020-10-30,Run1,public_held_out_calibration,18,True,0,m_cos_phi,0.15034617483615875,-0.0007739164767406326
Run1_20201030,2020-10-30,Run1,public_held_out_calibration,18,True,1,m_sin_phi,0.02346261963248253,0.012133526609043599
Run1_20201030,2020-10-30,Run1,public_held_out_calibration,18,True,2,modulation_magnitude,-0.41739708185195923,0.012158180017293407
Run1_20201030,2020-10-30,Run1,public_held_out_calibration,18,True,3,baseline_rate,-0.4878952205181122,0.004388783160369947
Run1_20201030,2020-10-30,Run1,public_held_out_calibration,19,True,0,m_cos_phi,0.26721471548080444,0.008485807360245623
Run1_20201030,2020-10-30,Run1,public_held_out_calibration,19,True,1,m_sin_phi,-0.19110432267189026,-0.008240609675145283
Run1_20201030,2020-10-30,Run1,public_held_out_calibration,19,True,2,modulation_magnitude,-0.42038479447364807,0.01182863345413332
Run1_20201030,2020-10-30,Run1,public_held_out_calibration,19,True,3,baseline_rate,-0.4611613154411316,0.011967299908635098
Run1_20201030,2020-10-30,Run1,public_held_out_calibration,20,True,0,m_cos_phi,0.10297515988349915,-0.004527214959975101
Run1_20201030,2020-10-30,Run1,public_held_out_calibration,20,True,1,m_sin_phi,-0.10294700413942337,0.00013034068160278078
Run1_20201030,2020-10-30,Run1,public_held_out_calibration,20,True,2,modulation_magnitude,-0.48656338453292847,0.004529093749244151
Run1_20201030,2020-10-30,Run1,public_held_out_calibration,20,True,3,baseline_rate,-0.4679272472858429,0.0100492962479235
Run1_20201030,2020-10-30,Run1,public_held_out_calibration,21,True,0,m_cos_phi,0.10685206204652786,-0.004220040392938995
Run1_20201030,2020-10-30,Run1,public_held_out_calibration,21,True,1,m_sin_phi,-0.12080224603414536,-0.0015650981769804728
Run1_20201030,2020-10-30,Run1,public_held_out_calibration,21,True,2,modulation_magnitude,-0.4868188202381134,0.004500919031856343
Run1_20201030,2020-10-30,Run1,public_held_out_calibration,21,True,3,baseline_rate,-0.4928634464740753,0.002980392447976321
Run1_20201030,2020-10-30,Run1,public_held_out_calibration,22,True,0,m_cos_phi,0.18704833090305328,0.0021340673786818254
Run1_20201030,2020-10-30,Run1,public_held_out_calibration,22,True,1,m_sin_phi,0.003854926209896803,0.010271684268746549
Run1_20201030,2020-10-30,Run1,public_held_out_calibration,22,True,2,modulation_magnitude,-0.43251165747642517,0.010491032911341014
Run1_20201030,2020-10-30,Run1,public_held_out_calibration,22,True,3,baseline_rate,-0.46875330805778503,0.009815124869771985
Run1_20201030,2020-10-30,Run1,public_held_out_calibration,23,True,0,m_cos_phi,0.16011390089988708,-3.7094727289854745e-10
Run1_20201030,2020-10-30,Run1,public_held_out_calibration,23,True,1,m_sin_phi,-0.10431966930627823,-3.060708353430641e-10
Run1_20201030,2020-10-30,Run1,public_held_out_calibration,23,True,2,modulation_magnitude,-0.5276247262954712,2.176528290931401e-09
Run1_20201030,2020-10-30,Run1,public_held_out_calibration,23,True,3,baseline_rate,-0.5033770799636841,-8.180240484989554e-09
Run1_20201030,2020-10-30,Run1,public_held_out_calibration,24,True,0,m_cos_phi,0.244379460811615,0.0066765253172116346
Run1_20201030,2020-10-30,Run1,public_held_out_calibration,24,True,1,m_sin_phi,-0.03743434324860573,0.006351074719169236
Run1_20201030,2020-10-30,Run1,public_held_out_calibration,24,True,2,modulation_magnitude,-0.4440823495388031,0.009214778369702747
Run1_20201030,2020-10-30,Run1,public_held_out_calibration,24,True,3,baseline_rate,-0.48312216997146606,0.005741845625577113
Run1_20201030,2020-10-30,Run1,public_held_out_calibration,25,True,0,m_cos_phi,0.2484486997127533,0.006998939101480861
Run1_20201030,2020-10-30,Run1,public_held_out_calibration,25,True,1,m_sin_phi,-0.09520619362592697,0.000865366900731801
Run1_20201030,2020-10-30,Run1,public_held_out_calibration,25,True,2,modulation_magnitude,-0.4636882543563843,0.007052234856188555
Run1_20201030,2020-10-30,Run1,public_held_out_calibration,25,True,3,baseline_rate,-0.48697739839553833,0.004648967009599048
Run1_20201030,2020-10-30,Run1,public_held_out_calibration,26,True,0,m_cos_phi,0.027707871049642563,-0.010490789970972914
Run1_20201030,2020-10-30,Run1,public_held_out_calibration,26,True,1,m_sin_phi,-0.1379481703042984,-0.0031931840043999404
Run1_20201030,2020-10-30,Run1,public_held_out_calibration,26,True,2,modulation_magnitude,-0.42820554971694946,0.010965999279401561
Run1_20201030,2020-10-30,Run1,public_held_out_calibration,26,True,3,baseline_rate,-0.44688427448272705,0.016014549785051457
Run1_20201030,2020-10-30,Run1,public_held_out_calibration,27,True,0,m_cos_phi,0.1335941106081009,-0.002101215402487755
Run1_20201030,2020-10-30,Run1,public_held_out_calibration,27,True,1,m_sin_phi,0.02728896588087082,0.012496856109375343
Run1_20201030,2020-10-30,Run1,public_held_out_calibration,27,True,2,modulation_magnitude,-0.41273626685142517,0.0126722708149829
Run1_20201030,2020-10-30,Run1,public_held_out_calibration,27,True,3,baseline_rate,-0.4793207049369812,0.00681948341731875
Run1_20201030,2020-10-30,Run1,public_held_out_calibration,28,True,0,m_cos_phi,-0.029815606772899628,-0.015048488012222028
Run1_20201030,2020-10-30,Run1,public_held_out_calibration,28,True,1,m_sin_phi,-0.05674229934811592,0.0045176938417807455
Run1_20201030,2020-10-30,Run1,public_held_out_calibration,28,True,2,modulation_magnitude,-0.3851777911186218,0.015711987853947118
Run1_20201030,2020-10-30,Run1,public_held_out_calibration,28,True,3,baseline_rate,-0.4535963833332062,0.014111803845277215
Run1_20201030,2020-10-30,Run1,public_held_out_calibration,29,True,0,m_cos_phi,0.03196951374411583,-0.01015313165655346
Run1_20201030,2020-10-30,Run1,public_held_out_calibration,29,True,1,m_sin_phi,-0.2356366217136383,-0.012469160075224028
Run1_20201030,2020-10-30,Run1,public_held_out_calibration,29,True,2,modulation_magnitude,-0.3818414509296417,0.01607998825493273
Run1_20201030,2020-10-30,Run1,public_held_out_calibration,29,True,3,baseline_rate,-0.4296585023403168,0.02089770480139297
Run1_20201030,2020-10-30,Run1,public_held_out_calibration,30,True,0,m_cos_phi,0.2298750877380371,0.005527315372866326
Run1_20201030,2020-10-30,Run1,public_held_out_calibration,30,True,1,m_sin_phi,-0.03922465443611145,0.006181076285423526
Run1_20201030,2020-10-30,Run1,public_held_out_calibration,30,True,2,modulation_magnitude,-0.4524485766887665,0.008291978303902381
Run1_20201030,2020-10-30,Run1,public_held_out_calibration,30,True,3,baseline_rate,-0.49171242117881775,0.0033066846395835015
Run1_20201030,2020-10-30,Run1,public_held_out_calibration,31,True,0,m_cos_phi,0.17481063306331635,0.001164450561603525
Run1_20201030,2020-10-30,Run1,public_held_out_calibration,31,True,1,m_sin_phi,-0.14244595170021057,-0.0036202694172442484
Run1_20201030,2020-10-30,Run1,public_held_out_calibration,31,True,2,modulation_magnitude,-0.4931468665599823,0.0038029315809378073
Run1_20201030,2020-10-30,Run1,public_held_out_calibration,31,True,3,baseline_rate,-0.47370579838752747,0.008411194886423168
Run1_20201030,2020-10-30,Run1,public_held_out_calibration,32,True,0,m_cos_phi,3.7349467277526855,0.28324102033025866
Run1_20201030,2020-10-30,Run1,public_held_out_calibration,32,True,1,m_sin_phi,-6.271949768066406,-0.5856453696861763
Run1_20201030,2020-10-30,Run1,public_held_out_calibration,32,True,2,modulation_magnitude,5.3702826499938965,0.6505428594724982
Run1_20201030,2020-10-30,Run1,public_held_out_calibration,32,True,3,baseline_rate,5.072569370269775,1.5806670675366519
Run1_20201030,2020-10-30,Run1,public_held_out_calibration,33,True,0,m_cos_phi,0.0130111463367939,-0.011655240313199589
Run1_20201030,2020-10-30,Run1,public_held_out_calibration,33,True,1,m_sin_phi,-0.09982188791036606,0.00042708510677347267
Run1_20201030,2020-10-30,Run1,public_held_out_calibration,33,True,2,modulation_magnitude,-0.4218859076499939,0.01166305973576831
Run1_20201030,2020-10-30,Run1,public_held_out_calibration,33,True,3,baseline_rate,-0.47655555605888367,0.0076033467183878045
Run1_20201030,2020-10-30,Run1,public_held_out_calibration,34,True,0,m_cos_phi,0.1755915880203247,0.0012263271555195132
Run1_20201030,2020-10-30,Run1,public_held_out_calibration,34,True,1,m_sin_phi,-0.49535706639289856,-0.037130832925923674
Run1_20201030,2020-10-30,Run1,public_held_out_calibration,34,True,2,modulation_magnitude,-0.19080816209316254,0.03715107900449899
Run1_20201030,2020-10-30,Run1,public_held_out_calibration,34,True,3,baseline_rate,-0.05522557348012924,0.1270418021301547
Run1_20201030,2020-10-30,Run1,public_held_out_calibration,35,True,0,m_cos_phi,0.2835216820240021,0.009777840322889642
Run1_20201030,2020-10-30,Run1,public_held_out_calibration,35,True,1,m_sin_phi,-0.10257528722286224,0.00016563694409232887
Run1_20201030,2020-10-30,Run1,public_held_out_calibration,35,True,2,modulation_magnitude,-0.43896484375,0.009779242445802083
Run1_20201030,2020-10-30,Run1,public_held_out_calibration,35,True,3,baseline_rate,-0.4600640535354614,0.01227835127600585
Run1_20201030,2020-10-30,Run1,public_held_out_calibration,36,True,0,m_cos_phi,-0.04772188887000084,-0.01646723788495713
Run1_20201030,2020-10-30,Run1,public_held_out_calibration,36,True,1,m_sin_phi,0.18658366799354553,0.027622634271367463
Run1_20201030,2020-10-30,Run1,public_held_out_calibration,36,True,2,modulation_magnitude,-0.23607003688812256,0.03215866602187756
Run1_20201030,2020-10-30,Run1,public_held_out_calibration,36,True,3,baseline_rate,-0.28930050134658813,0.06068633494057529
Run1_20201030,2020-10-30,Run1,public_held_out_calibration,37,True,0,m_cos_phi,-3.835789203643799,-0.3166032455499632
Run1_20201030,2020-10-30,Run1,public_held_out_calibration,37,True,1,m_sin_phi,4.293092250823975,0.4175548606443087
Run1_20201030,2020-10-30,Run1,public_held_out_calibration,37,True,2,modulation_magnitude,4.223146438598633,0.524013020826871
Run1_20201030,2020-10-30,Run1,public_held_out_calibration,37,True,3,baseline_rate,1.580514907836914,0.590740861350298
Run1_20201030,2020-10-30,Run1,public_held_out_calibration,38,True,0,m_cos_phi,-0.037509072571992874,-0.01565805640638479
Run1_20201030,2020-10-30,Run1,public_held_out_calibration,38,True,1,m_sin_phi,-0.033553969115018845,0.006719534420287554
Run1_20201030,2020-10-30,Run1,public_held_out_calibration,38,True,2,modulation_magnitude,-0.37314707040786743,0.017038983842044164
Run1_20201030,2020-10-30,Run1,public_held_out_calibration,38,True,3,baseline_rate,-0.3144541084766388,0.05355580042399577
Run1_20201030,2020-10-30,Run1,public_held_out_calibration,39,True,0,m_cos_phi,0.510699987411499,0.027777623310161204
Run1_20201030,2020-10-30,Run1,public_held_out_calibration,39,True,1,m_sin_phi,0.0426284484565258,0.013953411835848806
Run1_20201030,2020-10-30,Run1,public_held_out_calibration,39,True,2,modulation_magnitude,-0.24580155313014984,0.031085273718810646
Run1_20201030,2020-10-30,Run1,public_held_out_calibration,39,True,3,baseline_rate,0.06420297175645828,0.16089735849912512
Run1_20201030,2020-10-30,Run1,public_held_out_calibration,40,True,0,m_cos_phi,0.06627299636602402,-0.007435199405721682
Run1_20201030,2020-10-30,Run1,public_held_out_calibration,40,True,1,m_sin_phi,-0.08333931118249893,0.00199218297768311
Run1_20201030,2020-10-30,Run1,public_held_out_calibration,40,True,2,modulation_magnitude,-0.4578385055065155,0.0076974657980233285
Run1_20201030,2020-10-30,Run1,public_held_out_calibration,40,True,3,baseline_rate,-0.48706915974617004,0.004622954538521462
Run1_20201030,2020-10-30,Run1,public_held_out_calibration,41,True,0,m_cos_phi,0.26295310258865356,0.008148151407122661
Run1_20201030,2020-10-30,Run1,public_held_out_calibration,41,True,1,m_sin_phi,-0.09341588616371155,0.001035364980743747
Run1_20201030,2020-10-30,Run1,public_held_out_calibration,41,True,2,modulation_magnitude,-0.45315858721733093,0.008213663700350038
Run1_20201030,2020-10-30,Run1,public_held_out_calibration,41,True,3,baseline_rate,-0.47838708758354187,0.007084144892293587
Run1_20201030,2020-10-30,Run1,public_held_out_calibration,42,True,0,m_cos_phi,0.1957639753818512,0.0028246249957262215
Run1_20201030,2020-10-30,Run1,public_held_out_calibration,42,True,1,m_sin_phi,-0.23143857717514038,-0.012070536081071559
Run1_20201030,2020-10-30,Run1,public_held_out_calibration,42,True,2,modulation_magnitude,-0.415235310792923,0.012396624711630055
Run1_20201030,2020-10-30,Run1,public_held_out_calibration,42,True,3,baseline_rate,-0.4132208228111267,0.02555745163807366
Run1_20201030,2020-10-30,Run1,public_held_out_calibration,43,True,0,m_cos_phi,0.15034617483615875,-0.0007739164767406326
Run1_20201030,2020-10-30,Run1,public_held_out_calibration,43,True,1,m_sin_phi,0.02346261963248253,0.012133526609043599
Run1_20201030,2020-10-30,Run1,public_held_out_calibration,43,True,2,modulation_magnitude,-0.41739708185195923,0.012158180017293407
Run1_20201030,2020-10-30,Run1,public_held_out_calibration,43,True,3,baseline_rate,-0.4878952205181122,0.004388783160369947
Run1_20201030,2020-10-30,Run1,public_held_out_calibration,44,True,0,m_cos_phi,0.13785575330257416,-0.0017635570880683016
Run1_20201030,2020-10-30,Run1,public_held_out_calibration,44,True,1,m_sin_phi,-0.07039949297904968,0.003220879331083726
Run1_20201030,2020-10-30,Run1,public_held_out_calibration,44,True,2,modulation_magnitude,-0.4943331778049469,0.0036720807116881193
Run1_20201030,2020-10-30,Run1,public_held_out_calibration,44,True,3,baseline_rate,-0.4620949327945709,0.011702638433660262
Run1_20201030,2020-10-30,Run1,public_held_out_calibration,45,True,0,m_cos_phi,0.062203723937273026,-0.0077576158464494616
Run1_20201030,2020-10-30,Run1,public_held_out_calibration,45,True,1,m_sin_phi,-0.025567466393113136,0.007477890265519899
Run1_20201030,2020-10-30,Run1,public_held_out_calibration,45,True,2,modulation_magnitude,-0.4299376904964447,0.010774943072506593
Run1_20201030,2020-10-30,Run1,public_held_out_calibration,45,True,3,baseline_rate,-0.4832139313220978,0.005715833154499528
Run1_20201030,2020-10-30,Run1,public_held_out_calibration,46,True,0,m_cos_phi,0.12255200743675232,-0.002976102907561451
Run1_20201030,2020-10-30,Run1,public_held_out_calibration,46,True,1,m_sin_phi,-0.23213981091976166,-0.012137121509966375
Run1_20201030,2020-10-30,Run1,public_held_out_calibration,46,True,2,modulation_magnitude,-0.4143282175064087,0.012496677666143263
Run1_20201030,2020-10-30,Run1,public_held_out_calibration,46,True,3,baseline_rate,-0.43042367696762085,0.020680793403238695
Run1_20201030,2020-10-30,Run1,public_held_out_calibration,47,True,0,m_cos_phi,0.10685206204652786,-0.004220040392938995
Run1_20201030,2020-10-30,Run1,public_held_out_calibration,47,True,1,m_sin_phi,-0.12080224603414536,-0.0015650981769804728
Run1_20201030,2020-10-30,Run1,public_held_out_calibration,47,True,2,modulation_magnitude,-0.4868188202381134,0.004500919031856343
Run1_20201030,2020-10-30,Run1,public_held_out_calibration,47,True,3,baseline_rate,-0.4928634464740753,0.002980392447976321
Run1_20201030,2020-10-30,Run1,public_held_out_calibration,48,True,0,m_cos_phi,0.21376049518585205,0.004250524579076043
Run1_20201030,2020-10-30,Run1,public_held_out_calibration,48,True,1,m_sin_phi,-0.16767029464244843,-0.006015438939934503
Run1_20201030,2020-10-30,Run1,public_held_out_calibration,48,True,2,modulation_magnitude,-0.46084699034690857,0.0073656280462015555
Run1_20201030,2020-10-30,Run1,public_held_out_calibration,48,True,3,baseline_rate,-0.47172871232032776,0.008971658456181864
Run1_20201030,2020-10-30,Run1,public_held_out_calibration,49,True,0,m_cos_phi,0.16968926787376404,0.0007586747466405974
Run1_20201030,2020-10-30,Run1,public_held_out_calibration,49,True,1,m_sin_phi,-0.19218532741069794,-0.008343256138928501
Run1_20201030,2020-10-30,Run1,public_held_out_calibration,49,True,2,modulation_magnitude,-0.4516715705394745,0.008377682566151234
Run1_20201030,2020-10-30,Run1,public_held_out_calibration,49,True,3,baseline_rate,-0.398836225271225,0.02963519161131334
Run1_20201030,2020-10-30,Run1,public_held_out_calibration,50,True,0,m_cos_phi,-0.7191530466079712,-0.06966604623754868
Run1_20201030,2020-10-30,Run1,public_held_out_calibration,50,True,1,m_sin_phi,-0.9073314070701599,-0.07624972641623895
Run1_20201030,2020-10-30,Run1,public_held_out_calibration,50,True,2,modulation_magnitude,0.40875259041786194,0.10328300346114161
Run1_20201030,2020-10-30,Run1,public_held_out_calibration,50,True,3,baseline_rate,0.4082084000110626,0.25841588009238325
Run1_20201030,2020-10-30,Run1,public_held_out_calibration,51,True,0,m_cos_phi,0.12561804056167603,-0.002733175085794848
Run1_20201030,2020-10-30,Run1,public_held_out_calibration,51,True,1,m_sin_phi,-0.21670037508010864,-0.010671074752857557
Run1_20201030,2020-10-30,Run1,public_held_out_calibration,51,True,2,modulation_magnitude,-0.4277564287185669,0.011015537605271852
Run1_20201030,2020-10-30,Run1,public_held_out_calibration,51,True,3,baseline_rate,-0.46704739332199097,0.010298716898661908
Run1_20201030,2020-10-30,Run1,public_held_out_calibration,52,True,0,m_cos_phi,0.4341355562210083,0.02171127316452548
Run1_20201030,2020-10-30,Run1,public_held_out_calibration,52,True,1,m_sin_phi,-0.1839890331029892,-0.0075649795998813385
Run1_20201030,2020-10-30,Run1,public_held_out_calibration,52,True,2,modulation_magnitude,-0.3191809356212616,0.022991482123457585
Run1_20201030,2020-10-30,Run1,public_held_out_calibration,52,True,3,baseline_rate,-0.3920774459838867,0.03155116766791366
Run1_20201030,2020-10-30,Run1,public_held_out_calibration,53,True,0,m_cos_phi,-0.24193106591701508,-0.03185481212986674
Run1_20201030,2020-10-30,Run1,public_held_out_calibration,53,True,1,m_sin_phi,-0.6418720483779907,-0.05104311679677842
Run1_20201030,2020-10-30,Run1,public_held_out_calibration,53,True,2,modulation_magnitude,0.017861803993582726,0.06016750624031121
Run1_20201030,2020-10-30,Run1,public_held_out_calibration,53,True,3,baseline_rate,-0.32265526056289673,0.0512309411016556
Run1_20201030,2020-10-30,Run1,public_held_out_calibration,54,True,0,m_cos_phi,0.11585032194852829,-0.0035070906012640846
Run1_20201030,2020-10-30,Run1,public_held_out_calibration,54,True,1,m_sin_phi,-0.08891810476779938,0.001462450393588055
Run1_20201030,2020-10-30,Run1,public_held_out_calibration,54,True,2,modulation_magnitude,-0.49317529797554016,0.003799795578092402
Run1_20201030,2020-10-30,Run1,public_held_out_calibration,54,True,3,baseline_rate,-0.45156559348106384,0.014687491342571413
Run1_20201030,2020-10-30,Run1,public_held_out_calibration,55,True,0,m_cos_phi,0.07681021094322205,-0.006600315214837504
Run1_20201030,2020-10-30,Run1,public_held_out_calibration,55,True,1,m_sin_phi,-0.37078800797462463,-0.0253024173007117
Run1_20201030,2020-10-30,Run1,public_held_out_calibration,55,True,2,modulation_magnitude,-0.29055336117744446,0.02614912141616732
Run1_20201030,2020-10-30,Run1,public_held_out_calibration,55,True,3,baseline_rate,-0.41822704672813416,0.024138289278838876
Run1_20201030,2020-10-30,Run1,public_held_out_calibration,56,True,0,m_cos_phi,-0.006139594595879316,-0.013172591101804194
Run1_20201030,2020-10-30,Run1,public_held_out_calibration,56,True,1,m_sin_phi,0.07590948045253754,0.017113601724761507
Run1_20201030,2020-10-30,Run1,public_held_out_calibration,56,True,2,modulation_magnitude,-0.3318314552307129,0.02159612193077365
Run1_20201030,2020-10-30,Run1,public_held_out_calibration,56,True,3,baseline_rate,-0.26232630014419556,0.06833297073862887
Run1_20201030,2020-10-30,Run1,public_held_out_calibration,57,True,0,m_cos_phi,0.12915198504924774,-0.002453173728460767
Run1_20201030,2020-10-30,Run1,public_held_out_calibration,57,True,1,m_sin_phi,-0.4892111122608185,-0.03654724579111823
Run1_20201030,2020-10-30,Run1,public_held_out_calibration,57,True,2,modulation_magnitude,-0.19553698599338531,0.036629486782812415
Run1_20201030,2020-10-30,Run1,public_held_out_calibration,57,True,3,baseline_rate,-0.1437079906463623,0.10195884180354398
Run1_20201030,2020-10-30,Run1,public_held_out_calibration,58,True,0,m_cos_phi,0.20969122648239136,0.0039281084335103245
Run1_20201030,2020-10-30,Run1,public_held_out_calibration,58,True,1,m_sin_phi,-0.10989846289157867,-0.0005297328901658904
Run1_20201030,2020-10-30,Run1,public_held_out_calibration,58,True,2,modulation_magnitude,-0.49168962240219116,0.003963666519231079
Run1_20201030,2020-10-30,Run1,public_held_out_calibration,58,True,3,baseline_rate,-0.4678734540939331,0.010064545520510393
Run1_20201030,2020-10-30,Run1,public_held_out_calibration,59,True,0,m_cos_phi,-0.17897368967533112,-0.026866575652508606
Run1_20201030,2020-10-30,Run1,public_held_out_calibration,59,True,1,m_sin_phi,-0.0865444764494896,0.0016878375213807972
Run1_20201030,2020-10-30,Run1,public_held_out_calibration,59,True,2,modulation_magnitude,-0.2835686504840851,0.02691953935628466
Run1_20201030,2020-10-30,Run1,public_held_out_calibration,59,True,3,baseline_rate,-0.24742546677589417,0.07255705303859994
Run1_20201030,2020-10-30,Run1,public_held_out_calibration,60,True,0,m_cos_phi,0.12135641276836395,-0.0030708322195660553
Run1_20201030,2020-10-30,Run1,public_held_out_calibration,60,True,1,m_sin_phi,-0.11901191622018814,-0.0013950979745659398
Run1_20201030,2020-10-30,Run1,public_held_out_calibration,60,True,2,modulation_magnitude,-0.4970457851886749,0.003372878427632786
Run1_20201030,2020-10-30,Run1,public_held_out_calibration,60,True,3,baseline_rate,-0.48427313566207886,0.00541557033067086
Run1_20201030,2020-10-30,Run1,public_held_out_calibration,61,True,0,m_cos_phi,0.11966687440872192,-0.003204697659623612
Run1_20201030,2020-10-30,Run1,public_held_out_calibration,61,True,1,m_sin_phi,-0.09425117820501328,0.0009560500885995582
Run1_20201030,2020-10-30,Run1,public_held_out_calibration,61,True,2,modulation_magnitude,-0.4973051846027374,0.0033442665106868663
Run1_20201030,2020-10-30,Run1,public_held_out_calibration,61,True,3,baseline_rate,-0.42466801404953003,0.022312406431582943
Run1_20201030,2020-10-30,Run1,public_held_out_calibration,62,True,0,m_cos_phi,0.16011390089988708,-3.7094727289854745e-10
Run1_20201030,2020-10-30,Run1,public_held_out_calibration,62,True,1,m_sin_phi,-0.10431966930627823,-3.060708353430641e-10
Run1_20201030,2020-10-30,Run1,public_held_out_calibration,62,True,2,modulation_magnitude,-0.5276247262954712,2.176528290931401e-09
Run1_20201030,2020-10-30,Run1,public_held_out_calibration,62,True,3,baseline_rate,-0.5033770799636841,-8.180240484989554e-09
Run1_20201030,2020-10-30,Run1,public_held_out_calibration,63,True,0,m_cos_phi,0.34558939933776855,0.014695587377378416
Run1_20201030,2020-10-30,Run1,public_held_out_calibration,63,True,1,m_sin_phi,-0.014291972853243351,0.008548551195789941
Run1_20201030,2020-10-30,Run1,public_held_out_calibration,63,True,2,modulation_magnitude,-0.3734903633594513,0.017001118415653993
Run1_20201030,2020-10-30,Run1,public_held_out_calibration,63,True,3,baseline_rate,-0.45036080479621887,0.015029024358415022
Run1_20201030,2020-10-30,Run1,public_held_out_calibration,64,True,0,m_cos_phi,0.11327916383743286,-0.0037108085044623706
Run1_20201030,2020-10-30,Run1,public_held_out_calibration,64,True,1,m_sin_phi,-1.128605842590332,-0.09726077060169303
Run1_20201030,2020-10-30,Run1,public_held_out_calibration,64,True,2,modulation_magnitude,0.35479581356048584,0.0973315373651511
Run1_20201030,2020-10-30,Run1,public_held_out_calibration,64,True,3,baseline_rate,0.1320147067308426,0.18012060208259983
Run1_20201030,2020-10-30,Run1,public_held_out_calibration,65,True,0,m_cos_phi,0.1909252256155014,0.0024412413553938084
Run1_20201030,2020-10-30,Run1,public_held_out_calibration,65,True,1,m_sin_phi,-0.014000309631228447,0.008576245984980663
Run1_20201030,2020-10-30,Run1,public_held_out_calibration,65,True,2,modulation_magnitude,-0.4467826783657074,0.008916930418113145
Run1_20201030,2020-10-30,Run1,public_held_out_calibration,65,True,3,baseline_rate,-0.49368950724601746,0.0027462210698248057
Run1_20201030,2020-10-30,Run1,public_held_out_calibration,66,True,0,m_cos_phi,-0.5795471668243408,-0.058604798397151825
Run1_20201030,2020-10-30,Run1,public_held_out_calibration,66,True,1,m_sin_phi,-1.446118712425232,-0.12741010494241145
Run1_20201030,2020-10-30,Run1,public_held_out_calibration,66,True,2,modulation_magnitude,0.743829071521759,0.14024214803949375
Run1_20201030,2020-10-30,Run1,public_held_out_calibration,66,True,3,baseline_rate,0.5068947076797485,0.28639143522875443
Run1_20201030,2020-10-30,Run1,public_held_out_calibration,67,True,0,m_cos_phi,-0.41843870282173157,-0.04583985860893902
Run1_20201030,2020-10-30,Run1,public_held_out_calibration,67,True,1,m_sin_phi,-0.3678770363330841,-0.025026006907259646
Run1_20201030,2020-10-30,Run1,public_held_out_calibration,67,True,2,modulation_magnitude,-0.054133567959070206,0.05222637186942328
Run1_20201030,2020-10-30,Run1,public_held_out_calibration,67,True,3,baseline_rate,-0.12491808831691742,0.10728539582144458
Run1_20201030,2020-10-30,Run1,public_held_out_calibration,68,True,0,m_cos_phi,-0.6574362516403198,-0.06477610344924933
Run1_20201030,2020-10-30,Run1,public_held_out_calibration,68,True,1,m_sin_phi,-0.4762992858886719,-0.035321207393224086
Run1_20201030,2020-10-30,Run1,public_held_out_calibration,68,True,2,modulation_magnitude,0.14127710461616516,0.07378029077196113
Run1_20201030,2020-10-30,Run1,public_held_out_calibration,68,True,3,baseline_rate,0.03558201342821121,0.15278390064785197
Run1_20201030,2020-10-30,Run1,public_held_out_calibration,69,True,0,m_cos_phi,0.21356812119483948,0.0042352824102223074
Run1_20201030,2020-10-30,Run1,public_held_out_calibration,69,True,1,m_sin_phi,-0.12775368988513947,-0.002225170333814086
Run1_20201030,2020-10-30,Run1,public_held_out_calibration,69,True,2,modulation_magnitude,-0.48425015807151794,0.004784244068801291
Run1_20201030,2020-10-30,Run1,public_held_out_calibration,69,True,3,baseline_rate,-0.4928096532821655,0.0029956417205632135
Run1_20201030,2020-10-30,Run1,public_held_out_calibration,70,True,0,m_cos_phi,-0.18406477570533752,-0.027269952390235996
Run1_20201030,2020-10-30,Run1,public_held_out_calibration,70,True,1,m_sin_phi,-0.2775278389453888,-0.016446927385621368
Run1_20201030,2020-10-30,Run1,public_held_out_calibration,70,True,2,modulation_magnitude,-0.23890699446201324,0.03184574783439198
Run1_20201030,2020-10-30,Run1,public_held_out_calibration,70,True,3,baseline_rate,1.012554407119751,0.42973564514100104
Run1_20201030,2020-10-30,Run1,public_held_out_calibration,71,True,0,m_cos_phi,5.913120746612549,0.4558220226452292
Run1_20201030,2020-10-30,Run1,public_held_out_calibration,71,True,1,m_sin_phi,-1.9473145008087158,-0.17500099283930481
Run1_20201030,2020-10-30,Run1,public_held_out_calibration,71,True,2,modulation_magnitude,3.8990163803100586,0.4882612735033618
Run1_20201030,2020-10-30,Run1,public_held_out_calibration,71,True,3,baseline_rate,3.127335786819458,1.029233027166704
Run1_20201030,2020-10-30,Run1,public_held_out_calibration,72,True,0,m_cos_phi,-1.5592145919799805,-0.13622577114990975
Run1_20201030,2020-10-30,Run1,public_held_out_calibration,72,True,1,m_sin_phi,-0.5411971211433411,-0.04148356085656335
Run1_20201030,2020-10-30,Run1,public_held_out_calibration,72,True,2,modulation_magnitude,0.7634112238883972,0.142402071642874
Run1_20201030,2020-10-30,Run1,public_held_out_calibration,72,True,3,baseline_rate,3.3617305755615234,1.0956791683897222
Run1_20201030,2020-10-30,Run1,public_held_out_calibration,73,True,0,m_cos_phi,-0.5521798729896545,-0.056436433996629454
Run1_20201030,2020-10-30,Run1,public_held_out_calibration,73,True,1,m_sin_phi,-0.3153340220451355,-0.020036801569346174
Run1_20201030,2020-10-30,Run1,public_held_out_calibration,73,True,2,modulation_magnitude,0.01532564964145422,0.05988776683555045
Run1_20201030,2020-10-30,Run1,public_held_out_calibration,73,True,3,baseline_rate,0.25926774740219116,0.21619424329657555
Run1_20201030,2020-10-30,Run1,public_held_out_calibration,74,True,0,m_cos_phi,0.8755688071250916,0.05668689597360643
Run1_20201030,2020-10-30,Run1,public_held_out_calibration,74,True,1,m_sin_phi,-0.7400881052017212,-0.06036919147320141
Run1_20201030,2020-10-30,Run1,public_held_out_calibration,74,True,2,modulation_magnitude,0.22316062450408936,0.08281209401924361
Run1_20201030,2020-10-30,Run1,public_held_out_calibration,74,True,3,baseline_rate,0.5179039835929871,0.28951234037353224
Run1_20201030,2020-10-30,Run1,public_held_out_calibration,75,True,0,m_cos_phi,-0.14178466796875,-0.023920016476949968
Run1_20201030,2020-10-30,Run1,public_held_out_calibration,75,True,1,m_sin_phi,-0.5329961776733398,-0.04070484285777809
Run1_20201030,2020-10-30,Run1,public_held_out_calibration,75,True,2,modulation_magnitude,-0.09958694875240326,0.04721283565589596
Run1_20201030,2020-10-30,Run1,public_held_out_calibration,75,True,3,baseline_rate,0.293585866689682,0.2259227300642328
Run1_20201030,2020-10-30,Run1,public_held_out_calibration,76,True,0,m_cos_phi,0.1935766190290451,0.0026513164590717953
Run1_20201030,2020-10-30,Run1,public_held_out_calibration,76,True,1,m_sin_phi,-0.23834408819675446,-0.012726246700588861
Run1_20201030,2020-10-30,Run1,public_held_out_calibration,76,True,2,modulation_magnitude,-0.40976962447166443,0.012999493317334077
Run1_20201030,2020-10-30,Run1,public_held_out_calibration,76,True,3,baseline_rate,-0.4478897452354431,0.015729519337108755
Run1_20201030,2020-10-30,Run1,public_held_out_calibration,77,True,0,m_cos_phi,-0.3151131272315979,-0.03765317047212502
Run1_20201030,2020-10-30,Run1,public_held_out_calibration,77,True,1,m_sin_phi,-0.3229568898677826,-0.020760628577491058
Run1_20201030,2020-10-30,Run1,public_held_out_calibration,77,True,2,modulation_magnitude,-0.13780587911605835,0.04299726383095992
Run1_20201030,2020-10-30,Run1,public_held_out_calibration,77,True,3,baseline_rate,-0.18223631381988525,0.0910368481175361
Run1_20201030,2020-10-30,Run1,public_held_out_calibration,78,True,0,m_cos_phi,-0.08475551754236221,-0.019401484965446136
Run1_20201030,2020-10-30,Run1,public_held_out_calibration,78,True,1,m_sin_phi,-0.24170882999897003,-0.013045744696427386
Run1_20201030,2020-10-30,Run1,public_held_out_calibration,78,True,2,modulation_magnitude,-0.31566154956817627,0.023379672597269696
Run1_20201030,2020-10-30,Run1,public_held_out_calibration,78,True,3,baseline_rate,0.09178224951028824,0.16871552115664223
Run1_20201030,2020-10-30,Run1,public_held_out_calibration,79,True,0,m_cos_phi,-0.06440170854330063,-0.017788812732846382
Run1_20201030,2020-10-30,Run1,public_held_out_calibration,79,True,1,m_sin_phi,-0.47621726989746094,-0.03531341959066481
Run1_20201030,2020-10-30,Run1,public_held_out_calibration,79,True,2,modulation_magnitude,-0.16914211213588715,0.0395408578101456
Run1_20201030,2020-10-30,Run1,public_held_out_calibration,79,True,3,baseline_rate,-0.3819511830806732,0.03442175663680391
Run1_20201030,2020-10-30,Run1,public_held_out_calibration,80,True,0,m_cos_phi,0.12859345972537994,-0.00249742678601117
Run1_20201030,2020-10-30,Run1,public_held_out_calibration,80,True,1,m_sin_phi,-0.04749477282166481,0.005395789804365225
Run1_20201030,2020-10-30,Run1,public_held_out_calibration,80,True,2,modulation_magnitude,-0.473719984292984,0.005945728795613059
Run1_20201030,2020-10-30,Run1,public_held_out_calibration,80,True,3,baseline_rate,-0.36701500415802,0.03865585868042487
Run1_20201030,2020-10-30,Run1,public_held_out_calibration,81,True,0,m_cos_phi,-1.0943392515182495,-0.0993927855786314
Run1_20201030,2020-10-30,Run1,public_held_out_calibration,81,True,1,m_sin_phi,-1.0742415189743042,-0.09209862341137942
Run1_20201030,2020-10-30,Run1,public_held_out_calibration,81,True,2,modulation_magnitude,0.7008639574050903,0.1355030691902952
Run1_20201030,2020-10-30,Run1,public_held_out_calibration,81,True,3,baseline_rate,3.096679210662842,1.0205425131853616
Run1_20201030,2020-10-30,Run1,public_held_out_calibration,82,True,0,m_cos_phi,0.10697313398122787,-0.004210447625941582
Run1_20201030,2020-10-30,Run1,public_held_out_calibration,82,True,1,m_sin_phi,-0.606706976890564,-0.047704028532605136
Run1_20201030,2020-10-30,Run1,public_held_out_calibration,82,True,2,modulation_magnitude,-0.09345237910747528,0.04788948250883507
Run1_20201030,2020-10-30,Run1,public_held_out_calibration,82,True,3,baseline_rate,-0.2745606005191803,0.06486479614804264
Run1_20201030,2020-10-30,Run1,public_held_out_calibration,83,True,0,m_cos_phi,0.3732808828353882,0.016889637961137183
Run1_20201030,2020-10-30,Run1,public_held_out_calibration,83,True,1,m_sin_phi,1.2400763034820557,0.1276566949673743
Run1_20201030,2020-10-30,Run1,public_held_out_calibration,83,True,2,modulation_magnitude,0.6398133635520935,0.12876915066108774
Run1_20201030,2020-10-30,Run1,public_held_out_calibration,83,True,3,baseline_rate,0.6494702696800232,0.32680869867758666
Run1_20201030,2020-10-30,Run1,public_held_out_calibration,84,True,0,m_cos_phi,0.6493404507637024,0.03876237931200688
Run1_20201030,2020-10-30,Run1,public_held_out_calibration,84,True,1,m_sin_phi,-0.4307696223258972,-0.030997952559842723
Run1_20201030,2020-10-30,Run1,public_held_out_calibration,84,True,2,modulation_magnitude,-0.0776490643620491,0.049632597968831516
Run1_20201030,2020-10-30,Run1,public_held_out_calibration,84,True,3,baseline_rate,-0.27487751841545105,0.06477495638921216
Run1_20201030,2020-10-30,Run1,public_held_out_calibration,85,True,0,m_cos_phi,0.09881564974784851,-0.0048567811113175985
Run1_20201030,2020-10-30,Run1,public_held_out_calibration,85,True,1,m_sin_phi,-0.35226941108703613,-0.023543989778151087
Run1_20201030,2020-10-30,Run1,public_held_out_calibration,85,True,2,modulation_magnitude,-0.3096775412559509,0.024039712441429995
Run1_20201030,2020-10-30,Run1,public_held_out_calibration,85,True,3,baseline_rate,-0.28765279054641724,0.0611534273410097
Run1_20201030,2020-10-30,Run1,public_held_out_calibration,86,True,0,m_cos_phi,0.041767142713069916,-0.00937684628489277
Run1_20201030,2020-10-30,Run1,public_held_out_calibration,86,True,1,m_sin_phi,-0.04380248486995697,0.005746389841447597
Run1_20201030,2020-10-30,Run1,public_held_out_calibration,86,True,2,modulation_magnitude,-0.4279194474220276,0.010997556540738973
Run1_20201030,2020-10-30,Run1,public_held_out_calibration,86,True,3,baseline_rate,-0.42862218618392944,0.02119147929206555
Run1_20201030,2020-10-30,Run1,public_held_out_calibration,87,True,0,m_cos_phi,0.13196492195129395,-0.0022302992171496783
Run1_20201030,2020-10-30,Run1,public_held_out_calibration,87,True,1,m_sin_phi,0.03952755033969879,0.013658967033881142
Run1_20201030,2020-10-30,Run1,public_held_out_calibration,87,True,2,modulation_magnitude,-0.4021507799625397,0.0138398566123199
Run1_20201030,2020-10-30,Run1,public_held_out_calibration,87,True,3,baseline_rate,-0.47154930233955383,0.00902251752597305
Run1_20201030,2020-10-30,Run1,public_held_out_calibration,88,True,0,m_cos_phi,0.08847080171108246,-0.005676423723672164
Run1_20201030,2020-10-30,Run1,public_held_out_calibration,88,True,1,m_sin_phi,-0.1047373116016388,-3.965739840916527e-05
Run1_20201030,2020-10-30,Run1,public_held_out_calibration,88,True,2,modulation_magnitude,-0.4761602580547333,0.005676565079693274
Run1_20201030,2020-10-30,Run1,public_held_out_calibration,88,True,3,baseline_rate,-0.47651755809783936,0.007614118365228961
Run1_20201030,2020-10-30,Run1,public_held_out_calibration,89,True,0,m_cos_phi,-10.126981735229492,-0.8150667766804247
Run1_20201030,2020-10-30,Run1,public_held_out_calibration,89,True,1,m_sin_phi,-2.098747730255127,-0.1893802873455357
Run1_20201030,2020-10-30,Run1,public_held_out_calibration,89,True,2,modulation_magnitude,7.058722019195557,0.8367787735913303
Run1_20201030,2020-10-30,Run1,public_held_out_calibration,89,True,3,baseline_rate,4.933351039886475,1.54120151076755
Run1_20201030,2020-10-30,Run1,public_held_out_calibration,90,True,0,m_cos_phi,1.293592929840088,0.08980776761440978
Run1_20201030,2020-10-30,Run1,public_held_out_calibration,90,True,1,m_sin_phi,-0.4508550465106964,-0.0329051576738828
Run1_20201030,2020-10-30,Run1,public_held_out_calibration,90,True,2,modulation_magnitude,0.339515745639801,0.09564613635584385
Run1_20201030,2020-10-30,Run1,public_held_out_calibration,90,True,3,baseline_rate,0.7818363308906555,0.36433177691468366
Run1_20201030,2020-10-30,Run1,public_held_out_calibration,91,True,0,m_cos_phi,0.08859189599752426,-0.005666829185702382
Run1_20201030,2020-10-30,Run1,public_held_out_calibration,91,True,1,m_sin_phi,-0.5906420946121216,-0.04617859270630653
Run1_20201030,2020-10-30,Run1,public_held_out_calibration,91,True,2,modulation_magnitude,-0.10582298040390015,0.046524997480433594
Run1_20201030,2020-10-30,Run1,public_held_out_calibration,91,True,3,baseline_rate,-0.25821468234062195,0.06949853051364574
Run1_20201030,2020-10-30,Run1,public_held_out_calibration,92,True,0,m_cos_phi,-0.020391227677464485,-0.014301775960566115
Run1_20201030,2020-10-30,Run1,public_held_out_calibration,92,True,1,m_sin_phi,0.02168036438524723,0.011964293124563624
Run1_20201030,2020-10-30,Run1,public_held_out_calibration,92,True,2,modulation_magnitude,-0.3585747480392456,0.018646320076117995
Run1_20201030,2020-10-30,Run1,public_held_out_calibration,92,True,3,baseline_rate,-0.4427730143070221,0.01718000817986276
Run1_20201030,2020-10-30,Run1,public_held_out_calibration,93,True,0,m_cos_phi,-0.085932157933712,-0.019494712492882038
Run1_20201030,2020-10-30,Run1,public_held_out_calibration,93,True,1,m_sin_phi,-0.26747480034828186,-0.01549234427860613
Run1_20201030,2020-10-30,Run1,public_held_out_calibration,93,True,2,modulation_magnitude,-0.30186957120895386,0.024900936401045737
Run1_20201030,2020-10-30,Run1,public_held_out_calibration,93,True,3,baseline_rate,-0.36457544565200806,0.03934742375267852
Run1_20201030,2020-10-30,Run1,public_held_out_calibration,94,True,0,m_cos_phi,0.147906094789505,-0.0009672488076444274
Run1_20201030,2020-10-30,Run1,public_held_out_calibration,94,True,1,m_sin_phi,0.0689958855509758,0.016457123502975235
Run1_20201030,2020-10-30,Run1,public_held_out_calibration,94,True,2,modulation_magnitude,-0.3781648278236389,0.016485522073621528
Run1_20201030,2020-10-30,Run1,public_held_out_calibration,94,True,3,baseline_rate,-0.4918113350868225,0.0032786445643946394
Run1_20201030,2020-10-30,Run1,public_held_out_calibration,95,True,0,m_cos_phi,0.2794524133205414,0.009455424177323923
Run1_20201030,2020-10-30,Run1,public_held_out_calibration,95,True,1,m_sin_phi,-0.0448034405708313,0.005651344408796
Run1_20201030,2020-10-30,Run1,public_held_out_calibration,95,True,2,modulation_magnitude,-0.4277561604976654,0.011015567190204356
Run1_20201030,2020-10-30,Run1,public_held_out_calibration,95,True,3,baseline_rate,-0.45620882511138916,0.013371229891983916
Run2_20201030,2020-10-30,Run2,public_held_out_calibration,0,True,0,m_cos_phi,-0.10107006132602692,-0.020694118287723162
Run2_20201030,2020-10-30,Run2,public_held_out_calibration,0,True,1,m_sin_phi,0.34006157517433167,0.04219608050651802
Run2_20201030,2020-10-30,Run2,public_held_out_calibration,0,True,2,modulation_magnitude,-0.10154013335704803,0.046997398177403116
Run2_20201030,2020-10-30,Run2,public_held_out_calibration,0,True,3,baseline_rate,-0.35734987258911133,0.04139572632259103
Run2_20201030,2020-10-30,Run2,public_held_out_calibration,1,True,0,m_cos_phi,0.26543116569519043,0.00834449321040509
Run2_20201030,2020-10-30,Run2,public_held_out_calibration,1,True,1,m_sin_phi,-0.1634429395198822,-0.005614031768522931
Run2_20201030,2020-10-30,Run2,public_held_out_calibration,1,True,2,modulation_magnitude,-0.43644455075263977,0.010057232333252175
Run2_20201030,2020-10-30,Run2,public_held_out_calibration,1,True,3,baseline_rate,-0.46192771196365356,0.011750042128111815
Run2_20201030,2020-10-30,Run2,public_held_out_calibration,2,True,0,m_cos_phi,-0.8674879670143127,-0.08141891309776295
Run2_20201030,2020-10-30,Run2,public_held_out_calibration,2,True,1,m_sin_phi,1.208547830581665,0.12466291877423785
Run2_20201030,2020-10-30,Run2,public_held_out_calibration,2,True,2,modulation_magnitude,0.8222819566726685,0.14889555013840816
Run2_20201030,2020-10-30,Run2,public_held_out_calibration,2,True,3,baseline_rate,0.0699460357427597,0.16252539998731086
Run2_20201030,2020-10-30,Run2,public_held_out_calibration,3,True,0,m_cos_phi,-0.04633280262351036,-0.016357177855480354
Run2_20201030,2020-10-30,Run2,public_held_out_calibration,3,True,1,m_sin_phi,-0.25781431794166565,-0.014575036220759063
Run2_20201030,2020-10-30,Run2,public_held_out_calibration,3,True,2,modulation_magnitude,-0.32899802923202515,0.021908650583314593
Run2_20201030,2020-10-30,Run2,public_held_out_calibration,3,True,3,baseline_rate,0.02558915875852108,0.14995113019179035
Run2_20201030,2020-10-30,Run2,public_held_out_calibration,4,True,0,m_cos_phi,0.07524068653583527,-0.006724671713923103
Run2_20201030,2020-10-30,Run2,public_held_out_calibration,4,True,1,m_sin_phi,-0.08127573132514954,0.002188129551723872
Run2_20201030,2020-10-30,Run2,public_held_out_calibration,4,True,2,modulation_magnitude,-0.4635116755962372,0.007071711603420239
Run2_20201030,2020-10-30,Run2,public_held_out_calibration,4,True,3,baseline_rate,-0.4703759253025055,0.00935514598042797
Run2_20201030,2020-10-30,Run2,public_held_out_calibration,5,True,0,m_cos_phi,-0.08663064986467361,-0.019550055379405573
Run2_20201030,2020-10-30,Run2,public_held_out_calibration,5,True,1,m_sin_phi,-0.06304177641868591,0.0039195289848064085
Run2_20201030,2020-10-30,Run2,public_held_out_calibration,5,True,2,modulation_magnitude,-0.3468543291091919,0.01993908958452284
Run2_20201030,2020-10-30,Run2,public_held_out_calibration,5,True,3,baseline_rate,-0.3748833239078522,0.03642535053606277
Run2_20201030,2020-10-30,Run2,public_held_out_calibration,6,True,0,m_cos_phi,0.4986949861049652,0.02682644349608987
Run2_20201030,2020-10-30,Run2,public_held_out_calibration,6,True,1,m_sin_phi,0.788357675075531,0.08476389517994942
Run2_20201030,2020-10-30,Run2,public_held_out_calibration,6,True,2,modulation_magnitude,0.27842408418655396,0.08890768804474858
Run2_20201030,2020-10-30,Run2,public_held_out_calibration,6,True,3,baseline_rate,0.7204787731170654,0.3469381609098079
Run2_20201030,2020-10-30,Run2,public_held_out_calibration,7,True,0,m_cos_phi,0.1384565383195877,-0.0017159557120927094
Run2_20201030,2020-10-30,Run2,public_held_out_calibration,7,True,1,m_sin_phi,-0.07437524199485779,0.0028433633381266255
Run2_20201030,2020-10-30,Run2,public_held_out_calibration,7,True,2,modulation_magnitude,-0.49751588702201843,0.0033210259025977518
Run2_20201030,2020-10-30,Run2,public_held_out_calibration,7,True,3,baseline_rate,-0.4448658227920532,0.016586739665253702
Run2_20201030,2020-10-30,Run2,public_held_out_calibration,8,True,0,m_cos_phi,0.4904612600803375,0.026174069223964036
Run2_20201030,2020-10-30,Run2,public_held_out_calibration,8,True,1,m_sin_phi,-0.02570434845983982,0.007464892672077034
Run2_20201030,2020-10-30,Run2,public_held_out_calibration,8,True,2,modulation_magnitude,-0.2808649241924286,0.027217762050352645
Run2_20201030,2020-10-30,Run2,public_held_out_calibration,8,True,3,baseline_rate,-0.38952991366386414,0.032273341113897125
Run2_20201030,2020-10-30,Run2,public_held_out_calibration,9,True,0,m_cos_phi,0.24439400434494019,0.00667767762989957
Run2_20201030,2020-10-30,Run2,public_held_out_calibration,9,True,1,m_sin_phi,-0.14027296006679535,-0.00341393368254006
Run2_20201030,2020-10-30,Run2,public_held_out_calibration,9,True,2,modulation_magnitude,-0.4596309959888458,0.007499752981315
Run2_20201030,2020-10-30,Run2,public_held_out_calibration,9,True,3,baseline_rate,-0.4379507601261139,0.018547018871685417
Run2_20201030,2020-10-30,Run2,public_held_out_calibration,10,True,0,m_cos_phi,0.06199442222714424,-0.007774199231710466
Run2_20201030,2020-10-30,Run2,public_held_out_calibration,10,True,1,m_sin_phi,0.08279617875814438,0.017767525988768074
Run2_20201030,2020-10-30,Run2,public_held_out_calibration,10,True,2,modulation_magnitude,-0.3517971336841583,0.01939389516112766
Run2_20201030,2020-10-30,Run2,public_held_out_calibration,10,True,3,baseline_rate,-0.33842137455940247,0.046761569394322855
Run2_20201030,2020-10-30,Run2,public_held_out_calibration,11,True,0,m_cos_phi,0.27322205901145935,0.008961780977961187
Run2_20201030,2020-10-30,Run2,public_held_out_calibration,11,True,1,m_sin_phi,-0.022541014477610588,0.0077652660519377525
Run2_20201030,2020-10-30,Run2,public_held_out_calibration,11,True,2,modulation_magnitude,-0.4201182723045349,0.011858031015397952
Run2_20201030,2020-10-30,Run2,public_held_out_calibration,11,True,3,baseline_rate,-0.4950537085533142,0.0023594978273511202
Run2_20201030,2020-10-30,Run2,public_held_out_calibration,12,True,0,m_cos_phi,0.3117607533931732,0.012015277368386368
Run2_20201030,2020-10-30,Run2,public_held_out_calibration,12,True,1,m_sin_phi,-0.010875300504267216,0.008872980240305625
Run2_20201030,2020-10-30,Run2,public_held_out_calibration,12,True,2,modulation_magnitude,-0.39220917224884033,0.014936422135574112
Run2_20201030,2020-10-30,Run2,public_held_out_calibration,12,True,3,baseline_rate,-0.4699926972389221,0.009463783319040076
Run2_20201030,2020-10-30,Run2,public_held_out_calibration,13,True,0,m_cos_phi,0.27508270740509033,0.009109203801825672
Run2_20201030,2020-10-30,Run2,public_held_out_calibration,13,True,1,m_sin_phi,-0.042864300310611725,0.005835474860167333
Run2_20201030,2020-10-30,Run2,public_held_out_calibration,13,True,2,modulation_magnitude,-0.4295468032360077,0.010818058180808832
Run2_20201030,2020-10-30,Run2,public_held_out_calibration,13,True,3,baseline_rate,-0.45755282044410706,0.012990234631124586
Run2_20201030,2020-10-30,Run2,public_held_out_calibration,14,True,0,m_cos_phi,0.17998993396759033,0.0015748167369462607
Run2_20201030,2020-10-30,Run2,public_held_out_calibration,14,True,1,m_sin_phi,-0.09541933983564377,0.0008451276696620491
Run2_20201030,2020-10-30,Run2,public_held_out_calibration,14,True,2,modulation_magnitude,-0.511421263217926,0.0017872542468020391
Run2_20201030,2020-10-30,Run2,public_held_out_calibration,14,True,3,baseline_rate,-0.48677554726600647,0.004706187687289365
Run2_20201030,2020-10-30,Run2,public_held_out_calibration,15,True,0,m_cos_phi,0.06626155227422714,-0.0074361061435744835
Run2_20201030,2020-10-30,Run2,public_held_out_calibration,15,True,1,m_sin_phi,-0.17042356729507446,-0.006276875075667654
Run2_20201030,2020-10-30,Run2,public_held_out_calibration,15,True,2,modulation_magnitude,-0.4394010901451111,0.009731124196691976
Run2_20201030,2020-10-30,Run2,public_held_out_calibration,15,True,3,baseline_rate,-0.46056458353996277,0.012136461229968809
Run2_20201030,2020-10-30,Run2,public_held_out_calibration,16,True,0,m_cos_phi,0.18241168558597565,0.001766696870507678
Run2_20201030,2020-10-30,Run2,public_held_out_calibration,16,True,1,m_sin_phi,0.10412780195474625,0.01979306353664445
Run2_20201030,2020-10-30,Run2,public_held_out_calibration,16,True,2,modulation_magnitude,-0.34746479988098145,0.019871754278144138
Run2_20201030,2020-10-30,Run2,public_held_out_calibration,16,True,3,baseline_rate,-0.42049431800842285,0.023495564120615597
Run2_20201030,2020-10-30,Run2,public_held_out_calibration,17,True,0,m_cos_phi,0.025348378345370293,-0.0106777372085822
Run2_20201030,2020-10-30,Run2,public_held_out_calibration,17,True,1,m_sin_phi,-0.15615390241146088,-0.004921903550482609
Run2_20201030,2020-10-30,Run2,public_held_out_calibration,17,True,2,modulation_magnitude,-0.42102956771850586,0.01175751456360885
Run2_20201030,2020-10-30,Run2,public_held_out_calibration,17,True,3,baseline_rate,-0.4531891644001007,0.014227242106012561
Run2_20201030,2020-10-30,Run2,public_held_out_calibration,18,True,0,m_cos_phi,0.2521848976612091,0.007294965397455666
Run2_20201030,2020-10-30,Run2,public_held_out_calibration,18,True,1,m_sin_phi,0.0006289819721132517,0.009965365751830924
Run2_20201030,2020-10-30,Run2,public_held_out_calibration,18,True,2,modulation_magnitude,-0.415657103061676,0.012350100761660432
Run2_20201030,2020-10-30,Run2,public_held_out_calibration,18,True,3,baseline_rate,-0.4710767865180969,0.009156466122574258
Run2_20201030,2020-10-30,Run2,public_held_out_calibration,19,True,0,m_cos_phi,0.23230887949466705,0.005720149470210378
Run2_20201030,2020-10-30,Run2,public_held_out_calibration,19,True,1,m_sin_phi,-0.008271335624158382,0.009120238903624414
Run2_20201030,2020-10-30,Run2,public_held_out_calibration,19,True,2,modulation_magnitude,-0.43002209067344666,0.010765633680412057
Run2_20201030,2020-10-30,Run2,public_held_out_calibration,19,True,3,baseline_rate,-0.48767828941345215,0.004450278703394872
Run2_20201030,2020-10-30,Run2,public_held_out_calibration,20,True,0,m_cos_phi,0.19139571487903595,0.0024785191431078157
Run2_20201030,2020-10-30,Run2,public_held_out_calibration,20,True,1,m_sin_phi,0.00599833345040679,0.010475210826759944
Run2_20201030,2020-10-30,Run2,public_held_out_calibration,20,True,2,modulation_magnitude,-0.4300329387187958,0.010764437134253013
Run2_20201030,2020-10-30,Run2,public_held_out_calibration,20,True,3,baseline_rate,-0.4803028702735901,0.006541059579438624
Run2_20201030,2020-10-30,Run2,public_held_out_calibration,21,True,0,m_cos_phi,0.10056515038013458,-0.0047181647427188
Run2_20201030,2020-10-30,Run2,public_held_out_calibration,21,True,1,m_sin_phi,-0.1124991700053215,-0.0007766822133076223
Run2_20201030,2020-10-30,Run2,public_held_out_calibration,21,True,2,modulation_magnitude,-0.4842735528945923,0.004781663605244013
Run2_20201030,2020-10-30,Run2,public_held_out_calibration,21,True,3,baseline_rate,-0.4405680000782013,0.01780508473396747
Run2_20201030,2020-10-30,Run2,public_held_out_calibration,22,True,0,m_cos_phi,0.14808788895606995,-0.0009528448990452354
Run2_20201030,2020-10-30,Run2,public_held_out_calibration,22,True,1,m_sin_phi,-0.19896292686462402,-0.00898682095590786
Run2_20201030,2020-10-30,Run2,public_held_out_calibration,22,True,2,modulation_magnitude,-0.44569236040115356,0.009037193168741187
Run2_20201030,2020-10-30,Run2,public_held_out_calibration,22,True,3,baseline_rate,-0.47531548142433167,0.007954882581180378
Run2_20201030,2020-10-30,Run2,public_held_out_calibration,23,True,0,m_cos_phi,0.14805588126182556,-0.0009553809314772899
Run2_20201030,2020-10-30,Run2,public_held_out_calibration,23,True,1,m_sin_phi,0.007998161017894745,0.01066510382223862
Run2_20201030,2020-10-30,Run2,public_held_out_calibration,23,True,2,modulation_magnitude,-0.4305463135242462,0.010707811573440695
Run2_20201030,2020-10-30,Run2,public_held_out_calibration,23,True,3,baseline_rate,-0.48921141028404236,0.004015670210493205
Run2_20201030,2020-10-30,Run2,public_held_out_calibration,24,True,0,m_cos_phi,0.3526739478111267,0.015256910056785422
Run2_20201030,2020-10-30,Run2,public_held_out_calibration,24,True,1,m_sin_phi,-0.025144973769783974,0.00751800791921961
Run2_20201030,2020-10-30,Run2,public_held_out_calibration,24,True,2,modulation_magnitude,-0.37342220544815063,0.017008636275724687
Run2_20201030,2020-10-30,Run2,public_held_out_calibration,24,True,3,baseline_rate,-0.4773681163787842,0.007373002442996324
Run2_20201030,2020-10-30,Run2,public_held_out_calibration,25,True,0,m_cos_phi,0.10293960571289062,-0.004530031986689664
Run2_20201030,2020-10-30,Run2,public_held_out_calibration,25,True,1,m_sin_phi,-0.13843457400798798,-0.00323937031456345
Run2_20201030,2020-10-30,Run2,public_held_out_calibration,25,True,2,modulation_magnitude,-0.47713467478752136,0.005569086307121607
Run2_20201030,2020-10-30,Run2,public_held_out_calibration,25,True,3,baseline_rate,-0.47300446033477783,0.008610009917884298
Run2_20201030,2020-10-30,Run2,public_held_out_calibration,26,True,0,m_cos_phi,0.23654401302337646,0.0060557074114004905
Run2_20201030,2020-10-30,Run2,public_held_out_calibration,26,True,1,m_sin_phi,-0.05453001707792282,0.004727760406499137
Run2_20201030,2020-10-30,Run2,public_held_out_calibration,26,True,2,modulation_magnitude,-0.4579727053642273,0.007682663470127249
Run2_20201030,2020-10-30,Run2,public_held_out_calibration,26,True,3,baseline_rate,-0.48261386156082153,0.0058859406910851675
Run2_20201030,2020-10-30,Run2,public_held_out_calibration,27,True,0,m_cos_phi,0.25097155570983887,0.007198829933390272
Run2_20201030,2020-10-30,Run2,public_held_out_calibration,27,True,1,m_sin_phi,-0.0055059390142560005,0.009382826265894137
Run2_20201030,2020-10-30,Run2,public_held_out_calibration,27,True,2,modulation_magnitude,-0.4204062521457672,0.011826266659533013
Run2_20201030,2020-10-30,Run2,public_held_out_calibration,27,True,3,baseline_rate,-0.4792187809944153,0.006848376775904441
Run2_20201030,2020-10-30,Run2,public_held_out_calibration,28,True,0,m_cos_phi,0.23533067107200623,0.005959571947335096
Run2_20201030,2020-10-30,Run2,public_held_out_calibration,28,True,1,m_sin_phi,-0.06066494435071945,0.0041452203236366225
Run2_20201030,2020-10-30,Run2,public_held_out_calibration,28,True,2,modulation_magnitude,-0.46180978417396545,0.00725943128737172
Run2_20201030,2020-10-30,Run2,public_held_out_calibration,28,True,3,baseline_rate,-0.4907558858394623,0.0035778428960648867
Run2_20201030,2020-10-30,Run2,public_held_out_calibration,29,True,0,m_cos_phi,0.18476594984531403,0.0019532298481637067
Run2_20201030,2020-10-30,Run2,public_held_out_calibration,29,True,1,m_sin_phi,-0.16697390377521515,-0.0059493133649335395
Run2_20201030,2020-10-30,Run2,public_held_out_calibration,29,True,2,modulation_magnitude,-0.4708549380302429,0.006261745182974732
Run2_20201030,2020-10-30,Run2,public_held_out_calibration,29,True,3,baseline_rate,-0.48775535821914673,0.004428431269095867
Run2_20201030,2020-10-30,Run2,public_held_out_calibration,30,True,0,m_cos_phi,0.3261883556842804,0.013158404612969132
Run2_20201030,2020-10-30,Run2,public_held_out_calibration,30,True,1,m_sin_phi,0.038148779422044754,0.013528046276567507
Run2_20201030,2020-10-30,Run2,public_held_out_calibration,30,True,2,modulation_magnitude,-0.3565288782119751,0.01887198079239827
Run2_20201030,2020-10-30,Run2,public_held_out_calibration,30,True,3,baseline_rate,-0.46659761667251587,0.01042621940385935
Run2_20201030,2020-10-30,Run2,public_held_out_calibration,31,True,0,m_cos_phi,0.23533067107200623,0.005959571947335096
Run2_20201030,2020-10-30,Run2,public_held_out_calibration,31,True,1,m_sin_phi,-0.06066494435071945,0.0041452203236366225
Run2_20201030,2020-10-30,Run2,public_held_out_calibration,31,True,2,modulation_magnitude,-0.46180978417396545,0.00725943128737172
Run2_20201030,2020-10-30,Run2,public_held_out_calibration,31,True,3,baseline_rate,-0.4907558858394623,0.0035778428960648867
Run2_20201030,2020-10-30,Run2,public_held_out_calibration,32,True,0,m_cos_phi,4.126624584197998,0.3142744255883443
Run2_20201030,2020-10-30,Run2,public_held_out_calibration,32,True,1,m_sin_phi,-5.391515731811523,-0.5020440336590752
Run2_20201030,2020-10-30,Run2,public_held_out_calibration,32,True,2,modulation_magnitude,4.842224597930908,0.5922977274129089
Run2_20201030,2020-10-30,Run2,public_held_out_calibration,32,True,3,baseline_rate,4.721451282501221,1.4811322520613004
Run2_20201030,2020-10-30,Run2,public_held_out_calibration,33,True,0,m_cos_phi,0.14385278522968292,-0.001288400478938856
Run2_20201030,2020-10-30,Run2,public_held_out_calibration,33,True,1,m_sin_phi,-0.15270423889160156,-0.004594341839748495
Run2_20201030,2020-10-30,Run2,public_held_out_calibration,33,True,2,modulation_magnitude,-0.48436498641967773,0.004771578430474932
Run2_20201030,2020-10-30,Run2,public_held_out_calibration,33,True,3,baseline_rate,-0.4803798794746399,0.006519229041840546
Run2_20201030,2020-10-30,Run2,public_held_out_calibration,34,True,0,m_cos_phi,0.07354354113340378,-0.006859139874910158
Run2_20201030,2020-10-30,Run2,public_held_out_calibration,34,True,1,m_sin_phi,-0.21118682622909546,-0.010147537461913991
Run2_20201030,2020-10-30,Run2,public_held_out_calibration,34,True,2,modulation_magnitude,-0.4165802299976349,0.01224827928562644
Run2_20201030,2020-10-30,Run2,public_held_out_calibration,34,True,3,baseline_rate,-0.050439514219760895,0.12839855230033925
Run2_20201030,2020-10-30,Run2,public_held_out_calibration,35,True,0,m_cos_phi,0.005472357384860516,-0.012252553357199034
Run2_20201030,2020-10-30,Run2,public_held_out_calibration,35,True,1,m_sin_phi,-0.16505421698093414,-0.005767030111280436
Run2_20201030,2020-10-30,Run2,public_held_out_calibration,35,True,2,modulation_magnitude,-0.40485188364982605,0.01354192319314751
Run2_20201030,2020-10-30,Run2,public_held_out_calibration,35,True,3,baseline_rate,-0.4697907269001007,0.009521037790132247
Run2_20201030,2020-10-30,Run2,public_held_out_calibration,36,True,0,m_cos_phi,0.2798469066619873,0.00948668065898417
Run2_20201030,2020-10-30,Run2,public_held_out_calibration,36,True,1,m_sin_phi,0.3377085328102112,0.041972648111507915
Run2_20201030,2020-10-30,Run2,public_held_out_calibration,36,True,2,modulation_magnitude,-0.13749651610851288,0.04303138676338836
Run2_20201030,2020-10-30,Run2,public_held_out_calibration,36,True,3,baseline_rate,-0.29650044441223145,0.058645297952061526
Run2_20201030,2020-10-30,Run2,public_held_out_calibration,37,True,0,m_cos_phi,-2.03658127784729,-0.174048470532707
Run2_20201030,2020-10-30,Run2,public_held_out_calibration,37,True,1,m_sin_phi,2.917492151260376,0.28693518736166723
Run2_20201030,2020-10-30,Run2,public_held_out_calibration,37,True,2,modulation_magnitude,2.514932632446289,0.3355959739952681
Run2_20201030,2020-10-30,Run2,public_held_out_calibration,37,True,3,baseline_rate,1.0676275491714478,0.44534775748360644
Run2_20201030,2020-10-30,Run2,public_held_out_calibration,38,True,0,m_cos_phi,-0.09134958684444427,-0.019923946017517347
Run2_20201030,2020-10-30,Run2,public_held_out_calibration,38,True,1,m_sin_phi,-0.14055927097797394,-0.003441120244744633
Run2_20201030,2020-10-30,Run2,public_held_out_calibration,38,True,2,modulation_magnitude,-0.3443172872066498,0.02021892688664706
Run2_20201030,2020-10-30,Run2,public_held_out_calibration,38,True,3,baseline_rate,-0.3751802146434784,0.03634118806874387
Run2_20201030,2020-10-30,Run2,public_held_out_calibration,39,True,0,m_cos_phi,0.46089476346969604,0.0238314576714318
Run2_20201030,2020-10-30,Run2,public_held_out_calibration,39,True,1,m_sin_phi,0.3166278898715973,0.03997094231481357
Run2_20201030,2020-10-30,Run2,public_held_out_calibration,39,True,2,modulation_magnitude,-0.10572175681591034,0.046536162505239065
Run2_20201030,2020-10-30,Run2,public_held_out_calibration,39,True,3,baseline_rate,-0.1712636649608612,0.09414737023959407
Run2_20201030,2020-10-30,Run2,public_held_out_calibration,40,True,0,m_cos_phi,0.11736718565225601,-0.0033869065130792686
Run2_20201030,2020-10-30,Run2,public_held_out_calibration,40,True,1,m_sin_phi,-0.08941048383712769,0.001415696694466284
Run2_20201030,2020-10-30,Run2,public_held_out_calibration,40,True,2,modulation_magnitude,-0.4943441152572632,0.003670874303884908
Run2_20201030,2020-10-30,Run2,public_held_out_calibration,40,True,3,baseline_rate,-0.4696093797683716,0.009572446002703572
Run2_20201030,2020-10-30,Run2,public_held_out_calibration,41,True,0,m_cos_phi,0.07828755676746368,-0.006483262205800644
Run2_20201030,2020-10-30,Run2,public_held_out_calibration,41,True,1,m_sin_phi,-0.07578031718730927,0.002709944866701841
Run2_20201030,2020-10-30,Run2,public_held_out_calibration,41,True,2,modulation_magnitude,-0.4639184772968292,0.007026841122456107
Run2_20201030,2020-10-30,Run2,public_held_out_calibration,41,True,3,baseline_rate,-0.4886262118816376,0.004181562020197482
Run2_20201030,2020-10-30,Run2,public_held_out_calibration,42,True,0,m_cos_phi,0.454428493976593,0.023319122449040997
Run2_20201030,2020-10-30,Run2,public_held_out_calibration,42,True,1,m_sin_phi,-0.006578756030648947,0.009280957264708574
Run2_20201030,2020-10-30,Run2,public_held_out_calibration,42,True,2,modulation_magnitude,-0.3000814914703369,0.025098162709975114
Run2_20201030,2020-10-30,Run2,public_held_out_calibration,42,True,3,baseline_rate,-0.42679694294929504,0.02170889851621194
Run2_20201030,2020-10-30,Run2,public_held_out_calibration,43,True,0,m_cos_phi,0.19441750645637512,0.0027179416202325335
Run2_20201030,2020-10-30,Run2,public_held_out_calibration,43,True,1,m_sin_phi,-0.04639526829123497,0.005500192910022961
Run2_20201030,2020-10-30,Run2,public_held_out_calibration,43,True,2,modulation_magnitude,-0.47200319170951843,0.006135092086925864
Run2_20201030,2020-10-30,Run2,public_held_out_calibration,43,True,3,baseline_rate,-0.48338040709495544,0.005668640668809566
Run2_20201030,2020-10-30,Run2,public_held_out_calibration,44,True,0,m_cos_phi,0.05544886365532875,-0.008292816683417359
Run2_20201030,2020-10-30,Run2,public_held_out_calibration,44,True,1,m_sin_phi,-0.2589319050312042,-0.014681156350109692
Run2_20201030,2020-10-30,Run2,public_held_out_calibration,44,True,2,modulation_magnitude,-0.37475699186325073,0.01686140850272677
Run2_20201030,2020-10-30,Run2,public_held_out_calibration,44,True,3,baseline_rate,-0.42436105012893677,0.022399424441358562
Run2_20201030,2020-10-30,Run2,public_held_out_calibration,45,True,0,m_cos_phi,0.2677854597568512,0.008531028549357611
Run2_20201030,2020-10-30,Run2,public_held_out_calibration,45,True,1,m_sin_phi,-0.4345446527004242,-0.03135640937756845
Run2_20201030,2020-10-30,Run2,public_held_out_calibration,45,True,2,modulation_magnitude,-0.2330099195241928,0.03249619887320632
Run2_20201030,2020-10-30,Run2,public_held_out_calibration,45,True,3,baseline_rate,-0.38808509707450867,0.03268291714437499
Run2_20201030,2020-10-30,Run2,public_held_out_calibration,46,True,0,m_cos_phi,0.20226751267910004,0.0033399130193798587
Run2_20201030,2020-10-30,Run2,public_held_out_calibration,46,True,1,m_sin_phi,-0.132138192653656,-0.0026414994103474143
Run2_20201030,2020-10-30,Run2,public_held_out_calibration,46,True,2,modulation_magnitude,-0.4890190362930298,0.00425823383052748
Run2_20201030,2020-10-30,Run2,public_held_out_calibration,46,True,3,baseline_rate,-0.4387173354625702,0.01832971040105935
Run2_20201030,2020-10-30,Run2,public_held_out_calibration,47,True,0,m_cos_phi,0.10293961316347122,-0.004530031396365541
Run2_20201030,2020-10-30,Run2,public_held_out_calibration,47,True,1,m_sin_phi,-0.13843455910682678,-0.003239368899628392
Run2_20201030,2020-10-30,Run2,public_held_out_calibration,47,True,2,modulation_magnitude,-0.47713467478752136,0.005569086307121607
Run2_20201030,2020-10-30,Run2,public_held_out_calibration,47,True,3,baseline_rate,-0.47300446033477783,0.008610009917884298
Run2_20201030,2020-10-30,Run2,public_held_out_calibration,48,True,0,m_cos_phi,0.08851203322410583,-0.005673156869975937
Run2_20201030,2020-10-30,Run2,public_held_out_calibration,48,True,1,m_sin_phi,-0.18745863437652588,-0.007894434493723068
Run2_20201030,2020-10-30,Run2,public_held_out_calibration,48,True,2,modulation_magnitude,-0.4394886791706085,0.009721463072622116
Run2_20201030,2020-10-30,Run2,public_held_out_calibration,48,True,3,baseline_rate,-0.47639960050582886,0.007647556936364097
Run2_20201030,2020-10-30,Run2,public_held_out_calibration,49,True,0,m_cos_phi,0.022894617170095444,-0.010872153522156702
Run2_20201030,2020-10-30,Run2,public_held_out_calibration,49,True,1,m_sin_phi,-0.14873994886875153,-0.004217913931851003
Run2_20201030,2020-10-30,Run2,public_held_out_calibration,49,True,2,modulation_magnitude,-0.4218985438346863,0.011661665956725908
Run2_20201030,2020-10-30,Run2,public_held_out_calibration,49,True,3,baseline_rate,-0.392262727022171,0.03149864427308113
Run2_20201030,2020-10-30,Run2,public_held_out_calibration,50,True,0,m_cos_phi,0.12277038395404816,-0.002958800507518733
Run2_20201030,2020-10-30,Run2,public_held_out_calibration,50,True,1,m_sin_phi,-0.432589590549469,-0.031170767068087635
Run2_20201030,2020-10-30,Run2,public_held_out_calibration,50,True,2,modulation_magnitude,-0.24375618994235992,0.031310878552440635
Run2_20201030,2020-10-30,Run2,public_held_out_calibration,50,True,3,baseline_rate,0.08835967630147934,0.16774529146852024
Run2_20201030,2020-10-30,Run2,public_held_out_calibration,51,True,0,m_cos_phi,0.2816922962665558,0.00963289449904492
Run2_20201030,2020-10-30,Run2,public_held_out_calibration,51,True,1,m_sin_phi,-0.11505836993455887,-0.0010196902348452719
Run2_20201030,2020-10-30,Run2,public_held_out_calibration,51,True,2,modulation_magnitude,-0.43980374932289124,0.009686710638574292
Run2_20201030,2020-10-30,Run2,public_held_out_calibration,51,True,3,baseline_rate,-0.48492488265037537,0.005230813354381247
Run2_20201030,2020-10-30,Run2,public_held_out_calibration,52,True,0,m_cos_phi,0.15229590237140656,-0.0006194357376625437
Run2_20201030,2020-10-30,Run2,public_held_out_calibration,52,True,1,m_sin_phi,-0.22553782165050507,-0.011510231702645646
Run2_20201030,2020-10-30,Run2,public_held_out_calibration,52,True,2,modulation_magnitude,-0.4231204688549042,0.011526886865882657
Run2_20201030,2020-10-30,Run2,public_held_out_calibration,52,True,3,baseline_rate,-0.3930405378341675,0.03127815077433027
Run2_20201030,2020-10-30,Run2,public_held_out_calibration,53,True,0,m_cos_phi,0.23783664405345917,0.006158125104781975
Run2_20201030,2020-10-30,Run2,public_held_out_calibration,53,True,1,m_sin_phi,-0.029873628169298172,0.007069000033187167
Run2_20201030,2020-10-30,Run2,public_held_out_calibration,53,True,2,modulation_magnitude,-0.44262850284576416,0.009375138565517638
Run2_20201030,2020-10-30,Run2,public_held_out_calibration,53,True,3,baseline_rate,-0.3618582487106323,0.04011769365785156
Run2_20201030,2020-10-30,Run2,public_held_out_calibration,54,True,0,m_cos_phi,0.17392127215862274,0.0010939847516990842
Run2_20201030,2020-10-30,Run2,public_held_out_calibration,54,True,1,m_sin_phi,-0.04852116107940674,0.005298329431303372
Run2_20201030,2020-10-30,Run2,public_held_out_calibration,54,True,2,modulation_magnitude,-0.478576123714447,0.005410093592631338
Run2_20201030,2020-10-30,Run2,public_held_out_calibration,54,True,3,baseline_rate,-0.4654477536678314,0.010752182109798447
Run2_20201030,2020-10-30,Run2,public_held_out_calibration,55,True,0,m_cos_phi,0.23533067107200623,0.005959571947335096
Run2_20201030,2020-10-30,Run2,public_held_out_calibration,55,True,1,m_sin_phi,-0.06066494435071945,0.0041452203236366225
Run2_20201030,2020-10-30,Run2,public_held_out_calibration,55,True,2,modulation_magnitude,-0.46180978417396545,0.00725943128737172
Run2_20201030,2020-10-30,Run2,public_held_out_calibration,55,True,3,baseline_rate,-0.4907558858394623,0.0035778428960648867
Run2_20201030,2020-10-30,Run2,public_held_out_calibration,56,True,0,m_cos_phi,0.23476265370845795,0.005914566816852096
Run2_20201030,2020-10-30,Run2,public_held_out_calibration,56,True,1,m_sin_phi,-0.015685277059674263,0.008416250434627542
Run2_20201030,2020-10-30,Run2,public_held_out_calibration,56,True,2,modulation_magnitude,-0.43436452746391296,0.010286660197604602
Run2_20201030,2020-10-30,Run2,public_held_out_calibration,56,True,3,baseline_rate,-0.26639750599861145,0.06717886692684072
Run2_20201030,2020-10-30,Run2,public_held_out_calibration,57,True,0,m_cos_phi,-0.46330761909484863,-0.04939491090327053
Run2_20201030,2020-10-30,Run2,public_held_out_calibration,57,True,1,m_sin_phi,-0.29422470927238464,-0.018032373437600224
Run2_20201030,2020-10-30,Run2,public_held_out_calibration,57,True,2,modulation_magnitude,-0.05089585855603218,0.05258349323328429
Run2_20201030,2020-10-30,Run2,public_held_out_calibration,57,True,3,baseline_rate,-0.19845826923847198,0.08643825466568655
Run2_20201030,2020-10-30,Run2,public_held_out_calibration,58,True,0,m_cos_phi,0.23050735890865326,0.0055774114585853685
Run2_20201030,2020-10-30,Run2,public_held_out_calibration,58,True,1,m_sin_phi,-0.21459293365478516,-0.010470963317473547
Run2_20201030,2020-10-30,Run2,public_held_out_calibration,58,True,2,modulation_magnitude,-0.4200664162635803,0.011863750769015358
Run2_20201030,2020-10-30,Run2,public_held_out_calibration,58,True,3,baseline_rate,-0.447390079498291,0.01587116438098235
Run2_20201030,2020-10-30,Run2,public_held_out_calibration,59,True,0,m_cos_phi,0.26178425550460815,0.008055541358719331
Run2_20201030,2020-10-30,Run2,public_held_out_calibration,59,True,1,m_sin_phi,0.08300238847732544,0.017787106567568323
Run2_20201030,2020-10-30,Run2,public_held_out_calibration,59,True,2,modulation_magnitude,-0.3505975604057312,0.019526208840928927
Run2_20201030,2020-10-30,Run2,public_held_out_calibration,59,True,3,baseline_rate,-0.3743187189102173,0.036585404535596666
Run2_20201030,2020-10-30,Run2,public_held_out_calibration,60,True,0,m_cos_phi,0.08851203322410583,-0.005673156869975937
Run2_20201030,2020-10-30,Run2,public_held_out_calibration,60,True,1,m_sin_phi,-0.18745863437652588,-0.007894434493723068
Run2_20201030,2020-10-30,Run2,public_held_out_calibration,60,True,2,modulation_magnitude,-0.4394886791706085,0.009721463072622116
Run2_20201030,2020-10-30,Run2,public_held_out_calibration,60,True,3,baseline_rate,-0.47639960050582886,0.007647556936364097
Run2_20201030,2020-10-30,Run2,public_held_out_calibration,61,True,0,m_cos_phi,0.34606435894966125,0.014733219359566174
Run2_20201030,2020-10-30,Run2,public_held_out_calibration,61,True,1,m_sin_phi,0.047049105167388916,0.014373173898566627
Run2_20201030,2020-10-30,Run2,public_held_out_calibration,61,True,2,modulation_magnitude,-0.3410174250602722,0.020582903736812153
Run2_20201030,2020-10-30,Run2,public_held_out_calibration,61,True,3,baseline_rate,-0.44999605417251587,0.015132423719739663
Run2_20201030,2020-10-30,Run2,public_held_out_calibration,62,True,0,m_cos_phi,0.2961198687553406,0.010776019382331192
Run2_20201030,2020-10-30,Run2,public_held_out_calibration,62,True,1,m_sin_phi,-0.06603430211544037,0.0036353746517818752
Run2_20201030,2020-10-30,Run2,public_held_out_calibration,62,True,2,modulation_magnitude,-0.42451825737953186,0.011372709920961066
Run2_20201030,2020-10-30,Run2,public_held_out_calibration,62,True,3,baseline_rate,-0.48152974247932434,0.006193266335901448
Run2_20201030,2020-10-30,Run2,public_held_out_calibration,63,True,0,m_cos_phi,0.34903886914253235,0.014968895639806856
Run2_20201030,2020-10-30,Run2,public_held_out_calibration,63,True,1,m_sin_phi,-0.23082703351974487,-0.012012467146290895
Run2_20201030,2020-10-30,Run2,public_held_out_calibration,63,True,2,modulation_magnitude,-0.35361945629119873,0.019192891842481963
Run2_20201030,2020-10-30,Run2,public_held_out_calibration,63,True,3,baseline_rate,-0.410687655210495,0.026275552979133643
Run2_20201030,2020-10-30,Run2,public_held_out_calibration,64,True,0,m_cos_phi,0.21856413781642914,0.0046311266121412675
Run2_20201030,2020-10-30,Run2,public_held_out_calibration,64,True,1,m_sin_phi,-1.4401358366012573,-0.12684200285688085
Run2_20201030,2020-10-30,Run2,public_held_out_calibration,64,True,2,modulation_magnitude,0.6231077909469604,0.12692651559716683
Run2_20201030,2020-10-30,Run2,public_held_out_calibration,64,True,3,baseline_rate,0.18101797997951508,0.1940120304379227
Run2_20201030,2020-10-30,Run2,public_held_out_calibration,65,True,0,m_cos_phi,0.2166679948568344,0.004480891484155203
Run2_20201030,2020-10-30,Run2,public_held_out_calibration,65,True,1,m_sin_phi,-0.06343033909797668,0.003882633138233782
Run2_20201030,2020-10-30,Run2,public_held_out_calibration,65,True,2,modulation_magnitude,-0.47387149930000305,0.005929016595963121
Run2_20201030,2020-10-30,Run2,public_held_out_calibration,65,True,3,baseline_rate,-0.49921542406082153,0.001179736375204854
Run2_20201030,2020-10-30,Run2,public_held_out_calibration,66,True,0,m_cos_phi,-1.0583508014678955,-0.09654135005159148
Run2_20201030,2020-10-30,Run2,public_held_out_calibration,66,True,1,m_sin_phi,-0.7747079730033875,-0.06365651009347228
Run2_20201030,2020-10-30,Run2,public_held_out_calibration,66,True,2,modulation_magnitude,0.5207738876342773,0.11563902231998924
Run2_20201030,2020-10-30,Run2,public_held_out_calibration,66,True,3,baseline_rate,0.28819048404693604,0.22439324914464365
Run2_20201030,2020-10-30,Run2,public_held_out_calibration,67,True,0,m_cos_phi,-0.5607630014419556,-0.057116492108823635
Run2_20201030,2020-10-30,Run2,public_held_out_calibration,67,True,1,m_sin_phi,-0.7729718089103699,-0.06349165317999361
Run2_20201030,2020-10-30,Run2,public_held_out_calibration,67,True,2,modulation_magnitude,0.246640145778656,0.0854018998407633
Run2_20201030,2020-10-30,Run2,public_held_out_calibration,67,True,3,baseline_rate,-0.07506943494081497,0.12141647219810703
Run2_20201030,2020-10-30,Run2,public_held_out_calibration,68,True,0,m_cos_phi,-0.300677627325058,-0.03650941748397196
Run2_20201030,2020-10-30,Run2,public_held_out_calibration,68,True,1,m_sin_phi,-0.5273565053939819,-0.04016932955650354
Run2_20201030,2020-10-30,Run2,public_held_out_calibration,68,True,2,modulation_magnitude,-0.03549887612462044,0.054281789985948486
Run2_20201030,2020-10-30,Run2,public_held_out_calibration,68,True,3,baseline_rate,0.0030212372075766325,0.1435535847918617
Run2_20201030,2020-10-30,Run2,public_held_out_calibration,69,True,0,m_cos_phi,0.22090308368206024,0.0048164458834005774
Run2_20201030,2020-10-30,Run2,public_held_out_calibration,69,True,1,m_sin_phi,-0.10968901962041855,-0.0005098452704580536
Run2_20201030,2020-10-30,Run2,public_held_out_calibration,69,True,2,modulation_magnitude,-0.48371422290802,0.004843358051158653
Run2_20201030,2020-10-30,Run2,public_held_out_calibration,69,True,3,baseline_rate,-0.49415096640586853,0.002615406811245613
Run2_20201030,2020-10-30,Run2,public_held_out_calibration,70,True,0,m_cos_phi,0.24638642370700836,0.006835540926201977
Run2_20201030,2020-10-30,Run2,public_held_out_calibration,70,True,1,m_sin_phi,0.205759659409523,0.029443484483882232
Run2_20201030,2020-10-30,Run2,public_held_out_calibration,70,True,2,modulation_magnitude,-0.253587007522583,0.030226533249917864
Run2_20201030,2020-10-30,Run2,public_held_out_calibration,70,True,3,baseline_rate,1.0938423871994019,0.45277912931184616
Run2_20201030,2020-10-30,Run2,public_held_out_calibration,71,True,0,m_cos_phi,3.583970546722412,0.2712788812071736
Run2_20201030,2020-10-30,Run2,public_held_out_calibration,71,True,1,m_sin_phi,0.9876989722251892,0.1036922851340405
Run2_20201030,2020-10-30,Run2,public_held_out_calibration,71,True,2,modulation_magnitude,2.105370044708252,0.29042096545923
Run2_20201030,2020-10-30,Run2,public_held_out_calibration,71,True,3,baseline_rate,2.7177178859710693,0.9131147080124364
Run2_20201030,2020-10-30,Run2,public_held_out_calibration,72,True,0,m_cos_phi,1.0150539875030518,0.06773858056321203
Run2_20201030,2020-10-30,Run2,public_held_out_calibration,72,True,1,m_sin_phi,0.7141241431236267,0.07771507358328744
Run2_20201030,2020-10-30,Run2,public_held_out_calibration,72,True,2,modulation_magnitude,0.4070291817188263,0.10309291040816038
Run2_20201030,2020-10-30,Run2,public_held_out_calibration,72,True,3,baseline_rate,2.5967018604278564,0.8788091333593187
Run2_20201030,2020-10-30,Run2,public_held_out_calibration,73,True,0,m_cos_phi,-0.9271327257156372,-0.08614468438618239
Run2_20201030,2020-10-30,Run2,public_held_out_calibration,73,True,1,m_sin_phi,-0.21274058520793915,-0.010295074155347583
Run2_20201030,2020-10-30,Run2,public_held_out_calibration,73,True,2,modulation_magnitude,0.25893184542655945,0.08675768196818656
Run2_20201030,2020-10-30,Run2,public_held_out_calibration,73,True,3,baseline_rate,0.33194616436958313,0.2367970919503266
Run2_20201030,2020-10-30,Run2,public_held_out_calibration,74,True,0,m_cos_phi,0.4345914423465729,0.02174739391695857
Run2_20201030,2020-10-30,Run2,public_held_out_calibration,74,True,1,m_sin_phi,-0.48729023337364197,-0.03636484934266049
Run2_20201030,2020-10-30,Run2,public_held_out_calibration,74,True,2,modulation_magnitude,-0.14347831904888153,0.042371590173117535
Run2_20201030,2020-10-30,Run2,public_held_out_calibration,74,True,3,baseline_rate,0.5872914791107178,0.3091822799273345
Run2_20201030,2020-10-30,Run2,public_held_out_calibration,75,True,0,m_cos_phi,0.05782333016395569,-0.008104683041902039
Run2_20201030,2020-10-30,Run2,public_held_out_calibration,75,True,1,m_sin_phi,-0.2848672568798065,-0.017143839499092817
Run2_20201030,2020-10-30,Run2,public_held_out_calibration,75,True,2,modulation_magnitude,-0.3557032346725464,0.018963049789074482
Run2_20201030,2020-10-30,Run2,public_held_out_calibration,75,True,3,baseline_rate,0.389824241399765,0.25320434614187004
Run2_20201030,2020-10-30,Run2,public_held_out_calibration,76,True,0,m_cos_phi,0.11920072883367538,-0.0032416312883739584
Run2_20201030,2020-10-30,Run2,public_held_out_calibration,76,True,1,m_sin_phi,-0.09004998952150345,0.0013549726340492674
Run2_20201030,2020-10-30,Run2,public_held_out_calibration,76,True,2,modulation_magnitude,-0.495771586894989,0.00351342329309956
Run2_20201030,2020-10-30,Run2,public_held_out_calibration,76,True,3,baseline_rate,-0.49600163102149963,0.0020907811441537305
Run2_20201030,2020-10-30,Run2,public_held_out_calibration,77,True,0,m_cos_phi,-0.1528111845254898,-0.02479366902395852
Run2_20201030,2020-10-30,Run2,public_held_out_calibration,77,True,1,m_sin_phi,-0.16662073135375977,-0.005915777989123683
Run2_20201030,2020-10-30,Run2,public_held_out_calibration,77,True,2,modulation_magnitude,-0.29653218388557434,0.025489653547368762
Run2_20201030,2020-10-30,Run2,public_held_out_calibration,77,True,3,baseline_rate,-0.2574889361858368,0.0697042647441366
Run2_20201030,2020-10-30,Run2,public_held_out_calibration,78,True,0,m_cos_phi,-0.09694970399141312,-0.020367654289646597
Run2_20201030,2020-10-30,Run2,public_held_out_calibration,78,True,1,m_sin_phi,-0.4023285210132599,-0.028297336761375025
Run2_20201030,2020-10-30,Run2,public_held_out_calibration,78,True,2,modulation_magnitude,-0.21153244376182556,0.03486517782769538
Run2_20201030,2020-10-30,Run2,public_held_out_calibration,78,True,3,baseline_rate,-0.16123440861701965,0.09699045982772514
Run2_20201030,2020-10-30,Run2,public_held_out_calibration,79,True,0,m_cos_phi,0.1227954551577568,-0.002956814066845115
Run2_20201030,2020-10-30,Run2,public_held_out_calibration,79,True,1,m_sin_phi,-0.37470054626464844,-0.025673931139152728
Run2_20201030,2020-10-30,Run2,public_held_out_calibration,79,True,2,modulation_magnitude,-0.293322890996933,0.02584364055199173
Run2_20201030,2020-10-30,Run2,public_held_out_calibration,79,True,3,baseline_rate,-0.3501238524913788,0.043444155617760494
Run2_20201030,2020-10-30,Run2,public_held_out_calibration,80,True,0,m_cos_phi,0.004904326982796192,-0.012297559520749249
Run2_20201030,2020-10-30,Run2,public_held_out_calibration,80,True,1,m_sin_phi,-0.12007454037666321,-0.0014959991159551045
Run2_20201030,2020-10-30,Run2,public_held_out_calibration,80,True,2,modulation_magnitude,-0.4153115153312683,0.012388219303584247
Run2_20201030,2020-10-30,Run2,public_held_out_calibration,80,True,3,baseline_rate,-0.38653600215911865,0.033122053953125175
Run2_20201030,2020-10-30,Run2,public_held_out_calibration,81,True,0,m_cos_phi,-1.7381623983383179,-0.1504041570437753
Run2_20201030,2020-10-30,Run2,public_held_out_calibration,81,True,1,m_sin_phi,-0.16146117448806763,-0.0054258538954181645
Run2_20201030,2020-10-30,Run2,public_held_out_calibration,81,True,2,modulation_magnitude,0.8368462324142456,0.15050199882450688
Run2_20201030,2020-10-30,Run2,public_held_out_calibration,81,True,3,baseline_rate,1.84561288356781,0.6658907297747838
Run2_20201030,2020-10-30,Run2,public_held_out_calibration,82,True,0,m_cos_phi,0.32379859685897827,0.012969059331191524
Run2_20201030,2020-10-30,Run2,public_held_out_calibration,82,True,1,m_sin_phi,-0.36835944652557373,-0.02507181401482761
Run2_20201030,2020-10-30,Run2,public_held_out_calibration,82,True,2,modulation_magnitude,-0.2717103958129883,0.02822751223278175
Run2_20201030,2020-10-30,Run2,public_held_out_calibration,82,True,3,baseline_rate,-0.23677554726600647,0.07557608797348703
Run2_20201030,2020-10-30,Run2,public_held_out_calibration,83,True,0,m_cos_phi,0.05715927854180336,-0.008157297155167387
Run2_20201030,2020-10-30,Run2,public_held_out_calibration,83,True,1,m_sin_phi,0.38099566102027893,0.046082963708269364
Run2_20201030,2020-10-30,Run2,public_held_out_calibration,83,True,2,modulation_magnitude,-0.10333552211523056,0.04679936567906301
Run2_20201030,2020-10-30,Run2,public_held_out_calibration,83,True,3,baseline_rate,0.14918380975723267,0.1849876925605347
Run2_20201030,2020-10-30,Run2,public_held_out_calibration,84,True,0,m_cos_phi,0.3827946186065674,0.017643429917580278
Run2_20201030,2020-10-30,Run2,public_held_out_calibration,84,True,1,m_sin_phi,0.11724335700273514,0.021038446926651688
Run2_20201030,2020-10-30,Run2,public_held_out_calibration,84,True,2,modulation_magnitude,-0.27869266271591187,0.027457363844271665
Run2_20201030,2020-10-30,Run2,public_held_out_calibration,84,True,3,baseline_rate,-0.4137154519557953,0.02541723436542842
Run2_20201030,2020-10-30,Run2,public_held_out_calibration,85,True,0,m_cos_phi,0.20822978019714355,0.0038123151761517704
Run2_20201030,2020-10-30,Run2,public_held_out_calibration,85,True,1,m_sin_phi,-0.17787405848503113,-0.006984334115061497
Run2_20201030,2020-10-30,Run2,public_held_out_calibration,85,True,2,modulation_magnitude,-0.4554850459098816,0.007957053857456042
Run2_20201030,2020-10-30,Run2,public_held_out_calibration,85,True,3,baseline_rate,-0.3543446660041809,0.042247641086644805
Run2_20201030,2020-10-30,Run2,public_held_out_calibration,86,True,0,m_cos_phi,0.3929077684879303,0.018444714630360348
Run2_20201030,2020-10-30,Run2,public_held_out_calibration,86,True,1,m_sin_phi,0.19400463998317719,0.02832729032441139
Run2_20201030,2020-10-30,Run2,public_held_out_calibration,86,True,2,modulation_magnitude,-0.22116227447986603,0.03380300150126214
Run2_20201030,2020-10-30,Run2,public_held_out_calibration,86,True,3,baseline_rate,-0.3868947923183441,0.033020344261893264
Run2_20201030,2020-10-30,Run2,public_held_out_calibration,87,True,0,m_cos_phi,0.11920072883367538,-0.0032416312883739584
Run2_20201030,2020-10-30,Run2,public_held_out_calibration,87,True,1,m_sin_phi,-0.09004998952150345,0.0013549726340492674
Run2_20201030,2020-10-30,Run2,public_held_out_calibration,87,True,2,modulation_magnitude,-0.495771586894989,0.00351342329309956
Run2_20201030,2020-10-30,Run2,public_held_out_calibration,87,True,3,baseline_rate,-0.49600163102149963,0.0020907811441537305
Run2_20201030,2020-10-30,Run2,public_held_out_calibration,88,True,0,m_cos_phi,0.11920072883367538,-0.0032416312883739584
Run2_20201030,2020-10-30,Run2,public_held_out_calibration,88,True,1,m_sin_phi,-0.09004998952150345,0.0013549726340492674
Run2_20201030,2020-10-30,Run2,public_held_out_calibration,88,True,2,modulation_magnitude,-0.495771586894989,0.00351342329309956
Run2_20201030,2020-10-30,Run2,public_held_out_calibration,88,True,3,baseline_rate,-0.49600163102149963,0.0020907811441537305
Run2_20201030,2020-10-30,Run2,public_held_out_calibration,89,True,0,m_cos_phi,-8.028133392333984,-0.6487709033536362
Run2_20201030,2020-10-30,Run2,public_held_out_calibration,89,True,1,m_sin_phi,-2.0901544094085693,-0.18856431127680295
Run2_20201030,2020-10-30,Run2,public_held_out_calibration,89,True,2,modulation_magnitude,5.597620964050293,0.6756184171175121
Run2_20201030,2020-10-30,Run2,public_held_out_calibration,89,True,3,baseline_rate,4.342625617980957,1.3737429037796858
Run2_20201030,2020-10-30,Run2,public_held_out_calibration,90,True,0,m_cos_phi,1.4351515769958496,0.10102373704612688
Run2_20201030,2020-10-30,Run2,public_held_out_calibration,90,True,1,m_sin_phi,-0.11001957207918167,-0.0005412327748498535
Run2_20201030,2020-10-30,Run2,public_held_out_calibration,90,True,2,modulation_magnitude,0.3882828652858734,0.10102518002889149
Run2_20201030,2020-10-30,Run2,public_held_out_calibration,90,True,3,baseline_rate,0.5517042279243469,0.2990940201551826
Run2_20201030,2020-10-30,Run2,public_held_out_calibration,91,True,0,m_cos_phi,0.20342865586280823,0.0034319126726400917
Run2_20201030,2020-10-30,Run2,public_held_out_calibration,91,True,1,m_sin_phi,-0.1642085164785385,-0.005686726886998228
Run2_20201030,2020-10-30,Run2,public_held_out_calibration,91,True,2,modulation_magnitude,-0.4674069881439209,0.006642056203096658
Run2_20201030,2020-10-30,Run2,public_held_out_calibration,91,True,3,baseline_rate,-0.3381921947002411,0.04682653720938834
Run2_20201030,2020-10-30,Run2,public_held_out_calibration,92,True,0,m_cos_phi,0.03557285666465759,-0.009867631725176462
Run2_20201030,2020-10-30,Run2,public_held_out_calibration,92,True,1,m_sin_phi,-0.2678322196006775,-0.015526282910907518
Run2_20201030,2020-10-30,Run2,public_held_out_calibration,92,True,2,modulation_magnitude,-0.36083856225013733,0.018396619958571003
Run2_20201030,2020-10-30,Run2,public_held_out_calibration,92,True,3,baseline_rate,-0.440962553024292,0.017693237022179176
Run2_20201030,2020-10-30,Run2,public_held_out_calibration,93,True,0,m_cos_phi,0.08066201955080032,-0.006295128859447385
Run2_20201030,2020-10-30,Run2,public_held_out_calibration,93,True,1,m_sin_phi,-0.10171571373939514,0.0002472574729135424
Run2_20201030,2020-10-30,Run2,public_held_out_calibration,93,True,2,modulation_magnitude,-0.47050824761390686,0.006299985351843285
Run2_20201030,2020-10-30,Run2,public_held_out_calibration,93,True,3,baseline_rate,-0.3799590468406677,0.03498648662354675
Run2_20201030,2020-10-30,Run2,public_held_out_calibration,94,True,0,m_cos_phi,0.12759166955947876,-0.002576800586930439
Run2_20201030,2020-10-30,Run2,public_held_out_calibration,94,True,1,m_sin_phi,-0.2010888159275055,-0.009188684080893683
Run2_20201030,2020-10-30,Run2,public_held_out_calibration,94,True,2,modulation_magnitude,-0.4411052465438843,0.009543154684421573
Run2_20201030,2020-10-30,Run2,public_held_out_calibration,94,True,3,baseline_rate,-0.45738276839256287,0.013038440918870187
Run2_20201030,2020-10-30,Run2,public_held_out_calibration,95,True,0,m_cos_phi,0.1919957548379898,0.002526061486671116
Run2_20201030,2020-10-30,Run2,public_held_out_calibration,95,True,1,m_sin_phi,-0.24594241380691528,-0.013447743310693205
Run2_20201030,2020-10-30,Run2,public_held_out_calibration,95,True,2,modulation_magnitude,-0.4035734236240387,0.013682938130319622
Run2_20201030,2020-10-30,Run2,public_held_out_calibration,95,True,3,baseline_rate,-0.4085580110549927,0.026879263654915775
Run1_20201118,2020-11-18,Run1,public_held_out_calibration,0,True,0,m_cos_phi,-4.933046340942383,-0.4035410819728611
Run1_20201118,2020-11-18,Run1,public_held_out_calibration,0,True,1,m_sin_phi,2.5512869358062744,0.2521622867111155
Run1_20201118,2020-11-18,Run1,public_held_out_calibration,0,True,2,modulation_magnitude,3.7864749431610107,0.4758478828859598
Run1_20201118,2020-11-18,Run1,public_held_out_calibration,0,True,3,baseline_rate,1.985705852508545,0.7056042287332929
Run1_20201118,2020-11-18,Run1,public_held_out_calibration,1,True,0,m_cos_phi,0.9631650447845459,0.06362731779637798
Run1_20201118,2020-11-18,Run1,public_held_out_calibration,1,True,1,m_sin_phi,0.0005009277374483645,0.009953206402395217
Run1_20201118,2020-11-18,Run1,public_held_out_calibration,1,True,2,modulation_magnitude,0.05624416843056679,0.06440110494533532
Run1_20201118,2020-11-18,Run1,public_held_out_calibration,1,True,3,baseline_rate,0.40789595246315,0.2583273075861223
Run1_20201118,2020-11-18,Run1,public_held_out_calibration,2,True,0,m_cos_phi,-0.3323185443878174,-0.03901638944010344
Run1_20201118,2020-11-18,Run1,public_held_out_calibration,2,True,1,m_sin_phi,0.12729498744010925,0.021992896322303945
Run1_20201118,2020-11-18,Run1,public_held_out_calibration,2,True,2,modulation_magnitude,-0.12157073616981506,0.04478801021048384
Run1_20201118,2020-11-18,Run1,public_held_out_calibration,2,True,3,baseline_rate,-0.23391573131084442,0.07638678745980387
Run1_20201118,2020-11-18,Run1,public_held_out_calibration,3,True,0,m_cos_phi,-1.2699689865112305,-0.1133082741663003
Run1_20201118,2020-11-18,Run1,public_held_out_calibration,3,True,1,m_sin_phi,-0.13386207818984985,-0.002805190417338288
Run1_20201118,2020-11-18,Run1,public_held_out_calibration,3,True,2,modulation_magnitude,0.49995771050453186,0.11334298501658835
Run1_20201118,2020-11-18,Run1,public_held_out_calibration,3,True,3,baseline_rate,0.2548649311065674,0.21494613468917834
Run1_20201118,2020-11-18,Run1,public_held_out_calibration,4,True,0,m_cos_phi,0.15135765075683594,-0.0006937752544615705
Run1_20201118,2020-11-18,Run1,public_held_out_calibration,4,True,1,m_sin_phi,-0.20404089987277985,-0.009468998280170782
Run1_20201118,2020-11-18,Run1,public_held_out_calibration,4,True,2,modulation_magnitude,-0.4415474534034729,0.009494378992366936
Run1_20201118,2020-11-18,Run1,public_held_out_calibration,4,True,3,baseline_rate,-0.45253363251686096,0.014413072022811058
Run1_20201118,2020-11-18,Run1,public_held_out_calibration,5,True,0,m_cos_phi,0.11203544586896896,-0.0038093507199769006
Run1_20201118,2020-11-18,Run1,public_held_out_calibration,5,True,1,m_sin_phi,-0.2755471169948578,-0.016258848557970662
Run1_20201118,2020-11-18,Run1,public_held_out_calibration,5,True,2,modulation_magnitude,-0.3762281537055969,0.016699138435158023
Run1_20201118,2020-11-18,Run1,public_held_out_calibration,5,True,3,baseline_rate,-0.37289851903915405,0.036988002228591554
Run1_20201118,2020-11-18,Run1,public_held_out_calibration,6,True,0,m_cos_phi,-0.5462092757225037,-0.05596337185748812
Run1_20201118,2020-11-18,Run1,public_held_out_calibration,6,True,1,m_sin_phi,1.2232974767684937,0.1260634667725764
Run1_20201118,2020-11-18,Run1,public_held_out_calibration,6,True,2,modulation_magnitude,0.7228409647941589,0.1379271467943579
Run1_20201118,2020-11-18,Run1,public_held_out_calibration,6,True,3,baseline_rate,1.2986170053482056,0.5108285563892458
Run1_20201118,2020-11-18,Run1,public_held_out_calibration,7,True,0,m_cos_phi,-0.13704913854599,-0.023544811187016457
Run1_20201118,2020-11-18,Run1,public_held_out_calibration,7,True,1,m_sin_phi,0.6299034953117371,0.06971792855230685
Run1_20201118,2020-11-18,Run1,public_held_out_calibration,7,True,2,modulation_magnitude,0.1395186334848404,0.0735863303108587
Run1_20201118,2020-11-18,Run1,public_held_out_calibration,7,True,3,baseline_rate,-0.1403423547744751,0.10291293091810516
Run1_20201118,2020-11-18,Run1,public_held_out_calibration,8,True,0,m_cos_phi,0.4582439363002777,0.023621427432387154
Run1_20201118,2020-11-18,Run1,public_held_out_calibration,8,True,1,m_sin_phi,0.02630101703107357,0.012403045738162505
Run1_20201118,2020-11-18,Run1,public_held_out_calibration,8,True,2,modulation_magnitude,-0.2857429087162018,0.026679717318979224
Run1_20201118,2020-11-18,Run1,public_held_out_calibration,8,True,3,baseline_rate,-0.35917356610298157,0.040878746412668754
Run1_20201118,2020-11-18,Run1,public_held_out_calibration,9,True,0,m_cos_phi,0.41378191113471985,0.02009861391905643
Run1_20201118,2020-11-18,Run1,public_held_out_calibration,9,True,1,m_sin_phi,-0.07517693191766739,0.0027672391245382455
Run1_20201118,2020-11-18,Run1,public_held_out_calibration,9,True,2,modulation_magnitude,-0.34368908405303955,0.020288218085785736
Run1_20201118,2020-11-18,Run1,public_held_out_calibration,9,True,3,baseline_rate,-0.3886956572532654,0.032509835788426145
Run1_20201118,2020-11-18,Run1,public_held_out_calibration,10,True,0,m_cos_phi,0.35373562574386597,0.015341028883004704
Run1_20201118,2020-11-18,Run1,public_held_out_calibration,10,True,1,m_sin_phi,-0.06942681968212128,0.003313239216995223
Run1_20201118,2020-11-18,Run1,public_held_out_calibration,10,True,2,modulation_magnitude,-0.38533422350883484,0.015694733263867944
Run1_20201118,2020-11-18,Run1,public_held_out_calibration,10,True,3,baseline_rate,-0.2130557894706726,0.08230015545255931
Run1_20201118,2020-11-18,Run1,public_held_out_calibration,11,True,0,m_cos_phi,0.07648684829473495,-0.006625935872096256
Run1_20201118,2020-11-18,Run1,public_held_out_calibration,11,True,1,m_sin_phi,-0.10535663366317749,-9.846492929010964e-05
Run1_20201118,2020-11-18,Run1,public_held_out_calibration,11,True,2,modulation_magnitude,-0.4675464928150177,0.006626668750979947
Run1_20201118,2020-11-18,Run1,public_held_out_calibration,11,True,3,baseline_rate,-0.46128204464912415,0.011933075640906843
Run1_20201118,2020-11-18,Run1,public_held_out_calibration,12,True,0,m_cos_phi,0.06780879199504852,-0.007313515303940532
Run1_20201118,2020-11-18,Run1,public_held_out_calibration,12,True,1,m_sin_phi,-0.415964812040329,-0.029592166471919423
Run1_20201118,2020-11-18,Run1,public_held_out_calibration,12,True,2,modulation_magnitude,-0.251266211271286,0.030482518522014557
Run1_20201118,2020-11-18,Run1,public_held_out_calibration,12,True,3,baseline_rate,-0.4506851136684418,0.014937089408669557
Run1_20201118,2020-11-18,Run1,public_held_out_calibration,13,True,0,m_cos_phi,0.16011390089988708,-3.7094727289854745e-10
Run1_20201118,2020-11-18,Run1,public_held_out_calibration,13,True,1,m_sin_phi,-0.10431966930627823,-3.060708353430641e-10
Run1_20201118,2020-11-18,Run1,public_held_out_calibration,13,True,2,modulation_magnitude,-0.5276247262954712,2.176528290931401e-09
Run1_20201118,2020-11-18,Run1,public_held_out_calibration,13,True,3,baseline_rate,-0.5033770799636841,-8.180240484989554e-09
Run1_20201118,2020-11-18,Run1,public_held_out_calibration,14,True,0,m_cos_phi,-2.881659746170044,-0.24100569609647593
Run1_20201118,2020-11-18,Run1,public_held_out_calibration,14,True,1,m_sin_phi,0.34310540556907654,0.042485106460947275
Run1_20201118,2020-11-18,Run1,public_held_out_calibration,14,True,2,modulation_magnitude,1.6910548210144043,0.244721738216942
Run1_20201118,2020-11-18,Run1,public_held_out_calibration,14,True,3,baseline_rate,1.8041048049926758,0.6541240362160181
Run1_20201118,2020-11-18,Run1,public_held_out_calibration,15,True,0,m_cos_phi,0.2519482672214508,0.0072762167033118
Run1_20201118,2020-11-18,Run1,public_held_out_calibration,15,True,1,m_sin_phi,0.038440361618995667,0.01355573337204885
Run1_20201118,2020-11-18,Run1,public_held_out_calibration,15,True,2,modulation_magnitude,-0.3881414234638214,0.015385097360282929
Run1_20201118,2020-11-18,Run1,public_held_out_calibration,15,True,3,baseline_rate,-0.4595399796962738,0.012426915518909176
Run1_20201118,2020-11-18,Run1,public_held_out_calibration,16,True,0,m_cos_phi,-0.23328426480293274,-0.031169709107718102
Run1_20201118,2020-11-18,Run1,public_held_out_calibration,16,True,1,m_sin_phi,0.4983355700969696,0.05722493773943915
Run1_20201118,2020-11-18,Run1,public_held_out_calibration,16,True,2,modulation_magnitude,0.06315351277589798,0.06516320993032093
Run1_20201118,2020-11-18,Run1,public_held_out_calibration,16,True,3,baseline_rate,-0.12134599685668945,0.10829801088384272
Run1_20201118,2020-11-18,Run1,public_held_out_calibration,17,True,0,m_cos_phi,0.23199622333049774,0.00569537710871626
Run1_20201118,2020-11-18,Run1,public_held_out_calibration,17,True,1,m_sin_phi,0.06807895004749298,0.016370056181648218
Run1_20201118,2020-11-18,Run1,public_held_out_calibration,17,True,2,modulation_magnitude,-0.37048590183258057,0.01733251239348821
Run1_20201118,2020-11-18,Run1,public_held_out_calibration,17,True,3,baseline_rate,-0.43917495012283325,0.01819998597968997
Run1_20201118,2020-11-18,Run1,public_held_out_calibration,18,True,0,m_cos_phi,0.047006528824567795,-0.008961719440660765
Run1_20201118,2020-11-18,Run1,public_held_out_calibration,18,True,1,m_sin_phi,-0.12782150506973267,-0.002231609703263082
Run1_20201118,2020-11-18,Run1,public_held_out_calibration,18,True,2,modulation_magnitude,-0.44389545917510986,0.009235392493228467
Run1_20201118,2020-11-18,Run1,public_held_out_calibration,18,True,3,baseline_rate,-0.45553746819496155,0.013561545882878612
Run1_20201118,2020-11-18,Run1,public_held_out_calibration,19,True,0,m_cos_phi,0.3212997317314148,0.012771069342957908
Run1_20201118,2020-11-18,Run1,public_held_out_calibration,19,True,1,m_sin_phi,0.09040962159633636,0.018490458050488767
Run1_20201118,2020-11-18,Run1,public_held_out_calibration,19,True,2,modulation_magnitude,-0.32388928532600403,0.02247214821828547
Run1_20201118,2020-11-18,Run1,public_held_out_calibration,19,True,3,baseline_rate,-0.3994879424571991,0.02945044308337419
Run1_20201118,2020-11-18,Run1,public_held_out_calibration,20,True,0,m_cos_phi,0.06026235222816467,-0.007911434537023698
Run1_20201118,2020-11-18,Run1,public_held_out_calibration,20,True,1,m_sin_phi,-0.3056371212005615,-0.019116035410217336
Run1_20201118,2020-11-18,Run1,public_held_out_calibration,20,True,2,modulation_magnitude,-0.34006017446517944,0.020688489073703575
Run1_20201118,2020-11-18,Run1,public_held_out_calibration,20,True,3,baseline_rate,-0.465483695268631,0.010741993399139282
Run1_20201118,2020-11-18,Run1,public_held_out_calibration,21,True,0,m_cos_phi,0.06516683101654053,-0.007522843057278905
Run1_20201118,2020-11-18,Run1,public_held_out_calibration,21,True,1,m_sin_phi,-0.23672562837600708,-0.012572566359133397
Run1_20201118,2020-11-18,Run1,public_held_out_calibration,21,True,2,modulation_magnitude,-0.3947935104370117,0.014651368023685052
Run1_20201118,2020-11-18,Run1,public_held_out_calibration,21,True,3,baseline_rate,-0.44916555285453796,0.015367853902110262
Run1_20201118,2020-11-18,Run1,public_held_out_calibration,22,True,0,m_cos_phi,0.1495329588651657,-0.0008383491741088545
Run1_20201118,2020-11-18,Run1,public_held_out_calibration,22,True,1,m_sin_phi,-0.1945248246192932,-0.008565402357970875
Run1_20201118,2020-11-18,Run1,public_held_out_calibration,22,True,2,modulation_magnitude,-0.4495985805988312,0.008606334647829117
Run1_20201118,2020-11-18,Run1,public_held_out_calibration,22,True,3,baseline_rate,-0.46037352085113525,0.012190623604791284
Run1_20201118,2020-11-18,Run1,public_held_out_calibration,23,True,0,m_cos_phi,0.1057770773768425,-0.004305213538041808
Run1_20201118,2020-11-18,Run1,public_held_out_calibration,23,True,1,m_sin_phi,-0.16605740785598755,-0.005862287784190734
Run1_20201118,2020-11-18,Run1,public_held_out_calibration,23,True,2,modulation_magnitude,-0.46168380975723267,0.007273326344004349
Run1_20201118,2020-11-18,Run1,public_held_out_calibration,23,True,3,baseline_rate,-0.4935855269432068,0.0027756973645924887
Run1_20201118,2020-11-18,Run1,public_held_out_calibration,24,True,0,m_cos_phi,0.045214783400297165,-0.009103682947036507
Run1_20201118,2020-11-18,Run1,public_held_out_calibration,24,True,1,m_sin_phi,-0.20708705484867096,-0.009758244964469087
Run1_20201118,2020-11-18,Run1,public_held_out_calibration,24,True,2,modulation_magnitude,-0.4066333770751953,0.013345423358671837
Run1_20201118,2020-11-18,Run1,public_held_out_calibration,24,True,3,baseline_rate,-0.4288005232810974,0.021140924362891056
Run1_20201118,2020-11-18,Run1,public_held_out_calibration,25,True,0,m_cos_phi,0.23572379350662231,0.005990719809356726
Run1_20201118,2020-11-18,Run1,public_held_out_calibration,25,True,1,m_sin_phi,-0.16184011101722717,-0.005461835693943318
Run1_20201118,2020-11-18,Run1,public_held_out_calibration,25,True,2,modulation_magnitude,-0.45412734150886536,0.008106809498575673
Run1_20201118,2020-11-18,Run1,public_held_out_calibration,25,True,3,baseline_rate,-0.46374157071113586,0.011235850173842543
Run1_20201118,2020-11-18,Run1,public_held_out_calibration,26,True,0,m_cos_phi,0.3407028019428253,0.014308412675528626
Run1_20201118,2020-11-18,Run1,public_held_out_calibration,26,True,1,m_sin_phi,0.10277285426855087,0.019664404906754807
Run1_20201118,2020-11-18,Run1,public_held_out_calibration,26,True,2,modulation_magnitude,-0.3071444034576416,0.024319119118425547
Run1_20201118,2020-11-18,Run1,public_held_out_calibration,26,True,3,baseline_rate,-0.42418110370635986,0.022450435581458095
Run1_20201118,2020-11-18,Run1,public_held_out_calibration,27,True,0,m_cos_phi,0.21130509674549103,0.004055978541775529
Run1_20201118,2020-11-18,Run1,public_held_out_calibration,27,True,1,m_sin_phi,0.05655372887849808,0.015275682443174454
Run1_20201118,2020-11-18,Run1,public_held_out_calibration,27,True,2,modulation_magnitude,-0.3843347132205963,0.01580497987123608
Run1_20201118,2020-11-18,Run1,public_held_out_calibration,27,True,3,baseline_rate,-0.4496968984603882,0.015217228261693805
Run1_20201118,2020-11-18,Run1,public_held_out_calibration,28,True,0,m_cos_phi,0.21130509674549103,0.004055978541775529
Run1_20201118,2020-11-18,Run1,public_held_out_calibration,28,True,1,m_sin_phi,0.056553736329078674,0.015275683150641983
Run1_20201118,2020-11-18,Run1,public_held_out_calibration,28,True,2,modulation_magnitude,-0.3843347132205963,0.01580497987123608
Run1_20201118,2020-11-18,Run1,public_held_out_calibration,28,True,3,baseline_rate,-0.4496968984603882,0.015217228261693805
Run1_20201118,2020-11-18,Run1,public_held_out_calibration,29,True,0,m_cos_phi,0.31565621495246887,0.012323922432812662
Run1_20201118,2020-11-18,Run1,public_held_out_calibration,29,True,1,m_sin_phi,-0.019665658473968506,0.008038294573734284
Run1_20201118,2020-11-18,Run1,public_held_out_calibration,29,True,2,modulation_magnitude,-0.39422833919525146,0.01471370676368533
Run1_20201118,2020-11-18,Run1,public_held_out_calibration,29,True,3,baseline_rate,-0.4466930627822876,0.01606875440162625
Run1_20201118,2020-11-18,Run1,public_held_out_calibration,30,True,0,m_cos_phi,0.07260211557149887,-0.006933730869785548
Run1_20201118,2020-11-18,Run1,public_held_out_calibration,30,True,1,m_sin_phi,-0.04738480597734451,0.005406231671359563
Run1_20201118,2020-11-18,Run1,public_held_out_calibration,30,True,2,modulation_magnitude,-0.44791290163993835,0.008792266086971479
Run1_20201118,2020-11-18,Run1,public_held_out_calibration,30,True,3,baseline_rate,-0.428697407245636,0.021170155655495293
Run1_20201118,2020-11-18,Run1,public_held_out_calibration,31,True,0,m_cos_phi,0.16014684736728668,2.6100423242692017e-06
Run1_20201118,2020-11-18,Run1,public_held_out_calibration,31,True,1,m_sin_phi,-0.19310124218463898,-0.008430226537204044
Run1_20201118,2020-11-18,Run1,public_held_out_calibration,31,True,2,modulation_magnitude,-0.4511951804161072,0.008430228693492747
Run1_20201118,2020-11-18,Run1,public_held_out_calibration,31,True,3,baseline_rate,-0.4688001871109009,0.00980183561449266
Run1_20201118,2020-11-18,Run1,public_held_out_calibration,32,True,0,m_cos_phi,1.6280733346939087,0.11630930652937899
Run1_20201118,2020-11-18,Run1,public_held_out_calibration,32,True,1,m_sin_phi,-3.994415760040283,-0.36938284679681743
Run1_20201118,2020-11-18,Run1,public_held_out_calibration,32,True,2,modulation_magnitude,2.98334002494812,0.3872616011500316
Run1_20201118,2020-11-18,Run1,public_held_out_calibration,32,True,3,baseline_rate,3.1870665550231934,1.046165481513171
Run1_20201118,2020-11-18,Run1,public_held_out_calibration,33,True,0,m_cos_phi,0.28380221128463745,0.009800067206765739
Run1_20201118,2020-11-18,Run1,public_held_out_calibration,33,True,1,m_sin_phi,0.009387336671352386,0.010797012557956509
Run1_20201118,2020-11-18,Run1,public_held_out_calibration,33,True,2,modulation_magnitude,-0.39542797207832336,0.014581386509454619
Run1_20201118,2020-11-18,Run1,public_held_out_calibration,33,True,3,baseline_rate,-0.4531165361404419,0.014247830736092482
Run1_20201118,2020-11-18,Run1,public_held_out_calibration,34,True,0,m_cos_phi,-0.5743001103401184,-0.058189063814235276
Run1_20201118,2020-11-18,Run1,public_held_out_calibration,34,True,1,m_sin_phi,-0.5115013718605042,-0.03866381035608146
Run1_20201118,2020-11-18,Run1,public_held_out_calibration,34,True,2,modulation_magnitude,0.10576363652944565,0.06986313312135067
Run1_20201118,2020-11-18,Run1,public_held_out_calibration,34,True,3,baseline_rate,-0.2020418792963028,0.08542237431583422
Run1_20201118,2020-11-18,Run1,public_held_out_calibration,35,True,0,m_cos_phi,0.22946538031101227,0.005494853449347081
Run1_20201118,2020-11-18,Run1,public_held_out_calibration,35,True,1,m_sin_phi,-0.05235040560364723,0.004934724726102846
Run1_20201118,2020-11-18,Run1,public_held_out_calibration,35,True,2,modulation_magnitude,-0.460667222738266,0.0073854565254085625
Run1_20201118,2020-11-18,Run1,public_held_out_calibration,35,True,3,baseline_rate,-0.4433249831199646,0.017023536280925455
Run1_20201118,2020-11-18,Run1,public_held_out_calibration,36,True,0,m_cos_phi,-0.2854498624801636,-0.03530289178988433
Run1_20201118,2020-11-18,Run1,public_held_out_calibration,36,True,1,m_sin_phi,0.08847348392009735,0.018306612708531622
Run1_20201118,2020-11-18,Run1,public_held_out_calibration,36,True,2,modulation_magnitude,-0.1670904904603958,0.03976715295886735
Run1_20201118,2020-11-18,Run1,public_held_out_calibration,36,True,3,baseline_rate,-0.2987523078918457,0.058006940591027956
Run1_20201118,2020-11-18,Run1,public_held_out_calibration,37,True,0,m_cos_phi,-0.9331240653991699,-0.08661938998768193
Run1_20201118,2020-11-18,Run1,public_held_out_calibration,37,True,1,m_sin_phi,-0.32802531123161316,-0.021241898928381797
Run1_20201118,2020-11-18,Run1,public_held_out_calibration,37,True,2,modulation_magnitude,0.2809469997882843,0.08918596720709426
Run1_20201118,2020-11-18,Run1,public_held_out_calibration,37,True,3,baseline_rate,0.42685389518737793,0.26370149762811224
Run1_20201118,2020-11-18,Run1,public_held_out_calibration,38,True,0,m_cos_phi,0.1507427990436554,-0.0007424911623812314
Run1_20201118,2020-11-18,Run1,public_held_out_calibration,38,True,1,m_sin_phi,0.015524101443588734,0.011379727119998365
Run1_20201118,2020-11-18,Run1,public_held_out_calibration,38,True,2,modulation_magnitude,-0.4242352843284607,0.0114039220247526
Run1_20201118,2020-11-18,Run1,public_held_out_calibration,38,True,3,baseline_rate,-0.3849119246006012,0.03358244681164191
Run1_20201118,2020-11-18,Run1,public_held_out_calibration,39,True,0,m_cos_phi,-0.2639669179916382,-0.033600755936456395
Run1_20201118,2020-11-18,Run1,public_held_out_calibration,39,True,1,m_sin_phi,-0.5967980623245239,-0.046763130677470954
Run1_20201118,2020-11-18,Run1,public_held_out_calibration,39,True,2,modulation_magnitude,-0.005569733679294586,0.05758299303994591
Run1_20201118,2020-11-18,Run1,public_held_out_calibration,39,True,3,baseline_rate,-0.010160589590668678,0.1398168057887354
Run1_20201118,2020-11-18,Run1,public_held_out_calibration,40,True,0,m_cos_phi,0.09702080488204956,-0.004998990192528474
Run1_20201118,2020-11-18,Run1,public_held_out_calibration,40,True,1,m_sin_phi,-0.26577863097190857,-0.015331285050823151
Run1_20201118,2020-11-18,Run1,public_held_out_calibration,40,True,2,modulation_magnitude,-0.38142701983451843,0.01612570026286586
Run1_20201118,2020-11-18,Run1,public_held_out_calibration,40,True,3,baseline_rate,-0.44274210929870605,0.017188769119293568
Run1_20201118,2020-11-18,Run1,public_held_out_calibration,41,True,0,m_cos_phi,0.13137266039848328,-0.0022772252623286526
Run1_20201118,2020-11-18,Run1,public_held_out_calibration,41,True,1,m_sin_phi,-0.0856207087635994,0.0017755535904319109
Run1_20201118,2020-11-18,Run1,public_held_out_calibration,41,True,2,modulation_magnitude,-0.5014452338218689,0.002887616503060908
Run1_20201118,2020-11-18,Run1,public_held_out_calibration,41,True,3,baseline_rate,-0.4667454659938812,0.01038430713720917
Run1_20201118,2020-11-18,Run1,public_held_out_calibration,42,True,0,m_cos_phi,0.15835508704185486,-0.00013935464469971848
Run1_20201118,2020-11-18,Run1,public_held_out_calibration,42,True,1,m_sin_phi,-0.27236679196357727,-0.01595686179841005
Run1_20201118,2020-11-18,Run1,public_held_out_calibration,42,True,2,modulation_magnitude,-0.3829522132873535,0.015957470475004953
Run1_20201118,2020-11-18,Run1,public_held_out_calibration,42,True,3,baseline_rate,-0.44206321239471436,0.017381222542855568
Run1_20201118,2020-11-18,Run1,public_held_out_calibration,43,True,0,m_cos_phi,0.22638559341430664,0.005250835889249572
Run1_20201118,2020-11-18,Run1,public_held_out_calibration,43,True,1,m_sin_phi,-0.13077794015407562,-0.002512337063577119
Run1_20201118,2020-11-18,Run1,public_held_out_calibration,43,True,2,modulation_magnitude,-0.4748515188694,0.005820919827023596
Run1_20201118,2020-11-18,Run1,public_held_out_calibration,43,True,3,baseline_rate,-0.45180317759513855,0.014620141092675176
Run1_20201118,2020-11-18,Run1,public_held_out_calibration,44,True,0,m_cos_phi,0.10760173946619034,-0.0041606419796910155
Run1_20201118,2020-11-18,Run1,public_held_out_calibration,44,True,1,m_sin_phi,-0.175573468208313,-0.006765882291455583
Run1_20201118,2020-11-18,Run1,public_held_out_calibration,44,True,2,modulation_magnitude,-0.45561426877975464,0.007942800494418645
Run1_20201118,2020-11-18,Run1,public_held_out_calibration,44,True,3,baseline_rate,-0.4857456386089325,0.004998145782612262
Run1_20201118,2020-11-18,Run1,public_held_out_calibration,45,True,0,m_cos_phi,0.21261371672153473,0.004159663070724795
Run1_20201118,2020-11-18,Run1,public_held_out_calibration,45,True,1,m_sin_phi,0.00025790330255404115,0.009930130093883997
Run1_20201118,2020-11-18,Run1,public_held_out_calibration,45,True,2,modulation_magnitude,-0.43001729249954224,0.010766162921982403
Run1_20201118,2020-11-18,Run1,public_held_out_calibration,45,True,3,baseline_rate,-0.4116082191467285,0.026014591881661886
Run1_20201118,2020-11-18,Run1,public_held_out_calibration,46,True,0,m_cos_phi,0.3457184433937073,0.014705811791187351
Run1_20201118,2020-11-18,Run1,public_held_out_calibration,46,True,1,m_sin_phi,-0.1279842108488083,-0.0022470593791614757
Run1_20201118,2020-11-18,Run1,public_held_out_calibration,46,True,2,modulation_magnitude,-0.392752468585968,0.014876496211180257
Run1_20201118,2020-11-18,Run1,public_held_out_calibration,46,True,3,baseline_rate,-0.4135325849056244,0.02546907344387339
Run1_20201118,2020-11-18,Run1,public_held_out_calibration,47,True,0,m_cos_phi,0.2175634652376175,0.004551841359840436
Run1_20201118,2020-11-18,Run1,public_held_out_calibration,47,True,1,m_sin_phi,-0.05293597653508186,0.004879122023128291
Run1_20201118,2020-11-18,Run1,public_held_out_calibration,47,True,2,modulation_magnitude,-0.46712905168533325,0.006672712767600064
Run1_20201118,2020-11-18,Run1,public_held_out_calibration,47,True,3,baseline_rate,-0.47011348605155945,0.009429542154610893
Run1_20201118,2020-11-18,Run1,public_held_out_calibration,48,True,0,m_cos_phi,0.1425355076789856,-0.0013927709645189523
Run1_20201118,2020-11-18,Run1,public_held_out_calibration,48,True,1,m_sin_phi,-0.1261989325284958,-0.0020775388397316075
Run1_20201118,2020-11-18,Run1,public_held_out_calibration,48,True,2,modulation_magnitude,-0.5049485564231873,0.0025011978379843036
Run1_20201118,2020-11-18,Run1,public_held_out_calibration,48,True,3,baseline_rate,-0.4708439111709595,0.009222481533097238
Run1_20201118,2020-11-18,Run1,public_held_out_calibration,49,True,0,m_cos_phi,0.18256384134292603,0.0017787524697459034
Run1_20201118,2020-11-18,Run1,public_held_out_calibration,49,True,1,m_sin_phi,0.07525269687175751,0.01705123704714473
Run1_20201118,2020-11-18,Run1,public_held_out_calibration,49,True,2,modulation_magnitude,-0.37219712138175964,0.01714376381132854
Run1_20201118,2020-11-18,Run1,public_held_out_calibration,49,True,3,baseline_rate,-0.4130653142929077,0.025601535130792996
Run1_20201118,2020-11-18,Run1,public_held_out_calibration,50,True,0,m_cos_phi,-0.8600847125053406,-0.08083233871367401
Run1_20201118,2020-11-18,Run1,public_held_out_calibration,50,True,1,m_sin_phi,0.7923828363418579,0.08514610309755888
Run1_20201118,2020-11-18,Run1,public_held_out_calibration,50,True,2,modulation_magnitude,0.5367764234542847,0.1174041119886029
Run1_20201118,2020-11-18,Run1,public_held_out_calibration,50,True,3,baseline_rate,0.17823128402233124,0.19322205897946843
Run1_20201118,2020-11-18,Run1,public_held_out_calibration,51,True,0,m_cos_phi,0.36697912216186523,0.016390337095380403
Run1_20201118,2020-11-18,Run1,public_held_out_calibration,51,True,1,m_sin_phi,-0.21391862630844116,-0.010406934676228552
Run1_20201118,2020-11-18,Run1,public_held_out_calibration,51,True,2,modulation_magnitude,-0.35160455107688904,0.019415137142665406
Run1_20201118,2020-11-18,Run1,public_held_out_calibration,51,True,3,baseline_rate,-0.39580896496772766,0.030493358154710215
Run1_20201118,2020-11-18,Run1,public_held_out_calibration,52,True,0,m_cos_phi,0.08626284450292587,-0.0058513645065264575
Run1_20201118,2020-11-18,Run1,public_held_out_calibration,52,True,1,m_sin_phi,0.12124790996313095,0.02141869798907592
Run1_20201118,2020-11-18,Run1,public_held_out_calibration,52,True,2,modulation_magnitude,-0.32632413506507874,0.022203582775445208
Run1_20201118,2020-11-18,Run1,public_held_out_calibration,52,True,3,baseline_rate,-0.3221191167831421,0.05138292692649671
Run1_20201118,2020-11-18,Run1,public_held_out_calibration,53,True,0,m_cos_phi,0.16014684736728668,2.6100423242692017e-06
Run1_20201118,2020-11-18,Run1,public_held_out_calibration,53,True,1,m_sin_phi,-0.19310125708580017,-0.008430227952139102
Run1_20201118,2020-11-18,Run1,public_held_out_calibration,53,True,2,modulation_magnitude,-0.4511951804161072,0.008430228693492747
Run1_20201118,2020-11-18,Run1,public_held_out_calibration,53,True,3,baseline_rate,-0.4688001871109009,0.00980183561449266
Run1_20201118,2020-11-18,Run1,public_held_out_calibration,54,True,0,m_cos_phi,0.25820663571357727,0.007772079521376707
Run1_20201118,2020-11-18,Run1,public_held_out_calibration,54,True,1,m_sin_phi,-0.07104934751987457,0.0031591725982689223
Run1_20201118,2020-11-18,Run1,public_held_out_calibration,54,True,2,modulation_magnitude,-0.45156341791152954,0.00838961186837972
Run1_20201118,2020-11-18,Run1,public_held_out_calibration,54,True,3,baseline_rate,-0.47995656728744507,0.006639229411826264
Run1_20201118,2020-11-18,Run1,public_held_out_calibration,55,True,0,m_cos_phi,0.1482119858264923,-0.0009430124604539181
Run1_20201118,2020-11-18,Run1,public_held_out_calibration,55,True,1,m_sin_phi,-0.10490524768829346,-5.560371651291973e-05
Run1_20201118,2020-11-18,Run1,public_held_out_calibration,55,True,2,modulation_magnitude,-0.5190604329109192,0.0009446490713753697
Run1_20201118,2020-11-18,Run1,public_held_out_calibration,55,True,3,baseline_rate,-0.38906192779541016,0.03240600556122786
Run1_20201118,2020-11-18,Run1,public_held_out_calibration,56,True,0,m_cos_phi,0.18243961036205292,0.0017689094053203736
Run1_20201118,2020-11-18,Run1,public_held_out_calibration,56,True,1,m_sin_phi,-0.18547610938549042,-0.007706184458930343
Run1_20201118,2020-11-18,Run1,public_held_out_calibration,56,True,2,modulation_magnitude,-0.45594245195388794,0.007906601685892856
Run1_20201118,2020-11-18,Run1,public_held_out_calibration,56,True,3,baseline_rate,-0.37047040462493896,0.037676323134267165
Run1_20201118,2020-11-18,Run1,public_held_out_calibration,57,True,0,m_cos_phi,0.14016185700893402,-0.001580839965542813
Run1_20201118,2020-11-18,Run1,public_held_out_calibration,57,True,1,m_sin_phi,-0.07468106597661972,0.0028143239184635904
Run1_20201118,2020-11-18,Run1,public_held_out_calibration,57,True,2,modulation_magnitude,-0.4983600080013275,0.003227918832793497
Run1_20201118,2020-11-18,Run1,public_held_out_calibration,57,True,3,baseline_rate,-0.48301202058792114,0.005773070728890772
Run1_20201118,2020-11-18,Run1,public_held_out_calibration,58,True,0,m_cos_phi,0.0920373871922493,-0.00539383615635558
Run1_20201118,2020-11-18,Run1,public_held_out_calibration,58,True,1,m_sin_phi,-0.7175243496894836,-0.058226657190183495
Run1_20201118,2020-11-18,Run1,public_held_out_calibration,58,True,2,modulation_magnitude,0.002525921678170562,0.058475948868499834
Run1_20201118,2020-11-18,Run1,public_held_out_calibration,58,True,3,baseline_rate,-0.3501850366592407,0.043426811154258615
Run1_20201118,2020-11-18,Run1,public_held_out_calibration,59,True,0,m_cos_phi,-0.005910537205636501,-0.013154442435236016
Run1_20201118,2020-11-18,Run1,public_held_out_calibration,59,True,1,m_sin_phi,-0.5455236434936523,-0.04189438442078597
Run1_20201118,2020-11-18,Run1,public_held_out_calibration,59,True,2,modulation_magnitude,-0.12952153384685516,0.043911032274309814
Run1_20201118,2020-11-18,Run1,public_held_out_calibration,59,True,3,baseline_rate,-0.27222326397895813,0.06552738337820596
Run1_20201118,2020-11-18,Run1,public_held_out_calibration,60,True,0,m_cos_phi,0.29079967737197876,0.010354490177824083
Run1_20201118,2020-11-18,Run1,public_held_out_calibration,60,True,1,m_sin_phi,-0.05893855169415474,0.004309149393451006
Run1_20201118,2020-11-18,Run1,public_held_out_calibration,60,True,2,modulation_magnitude,-0.42594483494758606,0.011215357526617398
Run1_20201118,2020-11-18,Run1,public_held_out_calibration,60,True,3,baseline_rate,-0.4426461160182953,0.017215981256136992
Run1_20201118,2020-11-18,Run1,public_held_out_calibration,61,True,0,m_cos_phi,0.5862876772880554,0.03376658432457891
Run1_20201118,2020-11-18,Run1,public_held_out_calibration,61,True,1,m_sin_phi,0.2509213387966156,0.03373179749600608
Run1_20201118,2020-11-18,Run1,public_held_out_calibration,61,True,2,modulation_magnitude,-0.09491124749183655,0.04772856841733941
Run1_20201118,2020-11-18,Run1,public_held_out_calibration,61,True,3,baseline_rate,-0.014715785160660744,0.13852550076541753
Run1_20201118,2020-11-18,Run1,public_held_out_calibration,62,True,0,m_cos_phi,1.093772530555725,0.07397560521926572
Run1_20201118,2020-11-18,Run1,public_held_out_calibration,62,True,1,m_sin_phi,0.25676897168159485,0.03428705763095019
Run1_20201118,2020-11-18,Run1,public_held_out_calibration,62,True,2,modulation_magnitude,0.21158438920974731,0.08153522805566693
Run1_20201118,2020-11-18,Run1,public_held_out_calibration,62,True,3,baseline_rate,0.5088734030723572,0.28695235500943816
Run1_20201118,2020-11-18,Run1,public_held_out_calibration,63,True,0,m_cos_phi,0.14509926736354828,-0.0011896392531747235
Run1_20201118,2020-11-18,Run1,public_held_out_calibration,63,True,1,m_sin_phi,-0.09455116838216782,0.0009275646160117335
Run1_20201118,2020-11-18,Run1,public_held_out_calibration,63,True,2,modulation_magnitude,-0.5139483213424683,0.0015085181616099064
Run1_20201118,2020-11-18,Run1,public_held_out_calibration,63,True,3,baseline_rate,-0.4321170151233673,0.020200766578244433
Run1_20201118,2020-11-18,Run1,public_held_out_calibration,64,True,0,m_cos_phi,-1.1868788003921509,-0.10672487565047639
Run1_20201118,2020-11-18,Run1,public_held_out_calibration,64,True,1,m_sin_phi,-4.437466621398926,-0.41145260149995977
Run1_20201118,2020-11-18,Run1,public_held_out_calibration,64,True,2,modulation_magnitude,3.3261046409606934,0.42506875179759973
Run1_20201118,2020-11-18,Run1,public_held_out_calibration,64,True,3,baseline_rate,0.6948651075363159,0.33967720920712097
Run1_20201118,2020-11-18,Run1,public_held_out_calibration,65,True,0,m_cos_phi,0.19196787476539612,0.002523852493803158
Run1_20201118,2020-11-18,Run1,public_held_out_calibration,65,True,1,m_sin_phi,-0.13337267935276031,-0.0027587197052281187
Run1_20201118,2020-11-18,Run1,public_held_out_calibration,65,True,2,modulation_magnitude,-0.4937261939048767,0.0037390314139442715
Run1_20201118,2020-11-18,Run1,public_held_out_calibration,65,True,3,baseline_rate,-0.4969535768032074,0.0018209239336437477
Run1_20201118,2020-11-18,Run1,public_held_out_calibration,66,True,0,m_cos_phi,-6.569613456726074,-0.5332095064201923
Run1_20201118,2020-11-18,Run1,public_held_out_calibration,66,True,1,m_sin_phi,-0.6751590967178345,-0.05420387796572079
Run1_20201118,2020-11-18,Run1,public_held_out_calibration,66,True,2,modulation_magnitude,4.331436634063721,0.5359574968385168
Run1_20201118,2020-11-18,Run1,public_held_out_calibration,66,True,3,baseline_rate,2.2289669513702393,0.7745637880126495
Run1_20201118,2020-11-18,Run1,public_held_out_calibration,67,True,0,m_cos_phi,-1.3908177614212036,-0.1228833597755834
Run1_20201118,2020-11-18,Run1,public_held_out_calibration,67,True,1,m_sin_phi,-0.9594979286193848,-0.08120318200497678
Run1_20201118,2020-11-18,Run1,public_held_out_calibration,67,True,2,modulation_magnitude,0.8077237606048584,0.14728977204411287
Run1_20201118,2020-11-18,Run1,public_held_out_calibration,67,True,3,baseline_rate,0.4105461835861206,0.25907859404780353
Run1_20201118,2020-11-18,Run1,public_held_out_calibration,68,True,0,m_cos_phi,-0.5894513130187988,-0.05938952333763581
Run1_20201118,2020-11-18,Run1,public_held_out_calibration,68,True,1,m_sin_phi,-0.9759025573730469,-0.08276087835059798
Run1_20201118,2020-11-18,Run1,public_held_out_calibration,68,True,2,modulation_magnitude,0.3958967924118042,0.10186500093344808
Run1_20201118,2020-11-18,Run1,public_held_out_calibration,68,True,3,baseline_rate,-0.26099395751953125,0.06871066269445691
Run1_20201118,2020-11-18,Run1,public_held_out_calibration,69,True,0,m_cos_phi,0.02479197271168232,-0.010721822318919633
Run1_20201118,2020-11-18,Run1,public_held_out_calibration,69,True,1,m_sin_phi,-0.3463335633277893,-0.022980353227663564
Run1_20201118,2020-11-18,Run1,public_held_out_calibration,69,True,2,modulation_magnitude,-0.29772111773490906,0.02535851340322348
Run1_20201118,2020-11-18,Run1,public_held_out_calibration,69,True,3,baseline_rate,-0.45301008224487305,0.014278008243948648
Run1_20201118,2020-11-18,Run1,public_held_out_calibration,70,True,0,m_cos_phi,0.455308198928833,0.023388823198882136
Run1_20201118,2020-11-18,Run1,public_held_out_calibration,70,True,1,m_sin_phi,-0.44057661294937134,-0.03192917225918013
Run1_20201118,2020-11-18,Run1,public_held_out_calibration,70,True,2,modulation_magnitude,-0.16879495978355408,0.039579148930842356
Run1_20201118,2020-11-18,Run1,public_held_out_calibration,70,True,3,baseline_rate,0.22567006945610046,0.20666998695302663
Run1_20201118,2020-11-18,Run1,public_held_out_calibration,71,True,0,m_cos_phi,2.16512131690979,0.15886067215009447
Run1_20201118,2020-11-18,Run1,public_held_out_calibration,71,True,1,m_sin_phi,-0.12162542343139648,-0.0016432627269225009
Run1_20201118,2020-11-18,Run1,public_held_out_calibration,71,True,2,modulation_magnitude,0.9127040505409241,0.15886916341423207
Run1_20201118,2020-11-18,Run1,public_held_out_calibration,71,True,3,baseline_rate,2.7060635089874268,0.9098109298735224
Run1_20201118,2020-11-18,Run1,public_held_out_calibration,72,True,0,m_cos_phi,-3.766329288482666,-0.3110998001523839
Run1_20201118,2020-11-18,Run1,public_held_out_calibration,72,True,1,m_sin_phi,-1.952359914779663,-0.175480078530466
Run1_20201118,2020-11-18,Run1,public_held_out_calibration,72,True,2,modulation_magnitude,2.7106010913848877,0.357178326894255
Run1_20201118,2020-11-18,Run1,public_held_out_calibration,72,True,3,baseline_rate,3.9279582500457764,1.2561931637096606
Run1_20201118,2020-11-18,Run1,public_held_out_calibration,73,True,0,m_cos_phi,-0.46824294328689575,-0.0497859463248842
Run1_20201118,2020-11-18,Run1,public_held_out_calibration,73,True,1,m_sin_phi,0.3182869255542755,0.040128475524431995
Run1_20201118,2020-11-18,Run1,public_held_out_calibration,73,True,2,modulation_magnitude,0.052107058465480804,0.06394477913926139
Run1_20201118,2020-11-18,Run1,public_held_out_calibration,73,True,3,baseline_rate,-0.08422369509935379,0.1188214261795888
Run1_20201118,2020-11-18,Run1,public_held_out_calibration,74,True,0,m_cos_phi,0.015557450242340565,-0.01145349165748484
Run1_20201118,2020-11-18,Run1,public_held_out_calibration,74,True,1,m_sin_phi,0.24767984449863434,0.03342400242803234
Run1_20201118,2020-11-18,Run1,public_held_out_calibration,74,True,2,modulation_magnitude,-0.20730066299438477,0.03533194588223765
Run1_20201118,2020-11-18,Run1,public_held_out_calibration,74,True,3,baseline_rate,-0.2043328583240509,0.0847729284948171
Run1_20201118,2020-11-18,Run1,public_held_out_calibration,75,True,0,m_cos_phi,-0.3133334219455719,-0.03751216092953191
Run1_20201118,2020-11-18,Run1,public_held_out_calibration,75,True,1,m_sin_phi,-0.7671875357627869,-0.06294240934891615
Run1_20201118,2020-11-18,Run1,public_held_out_calibration,75,True,2,modulation_magnitude,0.13667647540569305,0.07327283850440403
Run1_20201118,2020-11-18,Run1,public_held_out_calibration,75,True,3,baseline_rate,-0.33820807933807373,0.046822034238591215
Run1_20201118,2020-11-18,Run1,public_held_out_calibration,76,True,0,m_cos_phi,0.25820663571357727,0.007772079521376707
Run1_20201118,2020-11-18,Run1,public_held_out_calibration,76,True,1,m_sin_phi,-0.07104935497045517,0.0031591718908013933
Run1_20201118,2020-11-18,Run1,public_held_out_calibration,76,True,2,modulation_magnitude,-0.45156341791152954,0.00838961186837972
Run1_20201118,2020-11-18,Run1,public_held_out_calibration,76,True,3,baseline_rate,-0.47995656728744507,0.006639229411826264
Run1_20201118,2020-11-18,Run1,public_held_out_calibration,77,True,0,m_cos_phi,-1.252375602722168,-0.1119143158405933
Run1_20201118,2020-11-18,Run1,public_held_out_calibration,77,True,1,m_sin_phi,-1.5904576778411865,-0.14111576584674523
Run1_20201118,2020-11-18,Run1,public_held_out_calibration,77,True,2,modulation_magnitude,1.1052477359771729,0.18010685184954944
Run1_20201118,2020-11-18,Run1,public_held_out_calibration,77,True,3,baseline_rate,0.16082584857940674,0.18828797308235679
Run1_20201118,2020-11-18,Run1,public_held_out_calibration,78,True,0,m_cos_phi,0.11042071133852005,-0.0039372893058403635
Run1_20201118,2020-11-18,Run1,public_held_out_calibration,78,True,1,m_sin_phi,-0.8320444226264954,-0.06910087457071601
Run1_20201118,2020-11-18,Run1,public_held_out_calibration,78,True,2,modulation_magnitude,0.09986899793148041,0.06921295081233991
Run1_20201118,2020-11-18,Run1,public_held_out_calibration,78,True,3,baseline_rate,-0.1415737420320511,0.10256385774947274
Run1_20201118,2020-11-18,Run1,public_held_out_calibration,79,True,0,m_cos_phi,-0.2368733435869217,-0.031454078863561774
Run1_20201118,2020-11-18,Run1,public_held_out_calibration,79,True,1,m_sin_phi,-1.0832127332687378,-0.09295048223318325
Run1_20201118,2020-11-18,Run1,public_held_out_calibration,79,True,2,modulation_magnitude,0.36201879382133484,0.098128236586976
Run1_20201118,2020-11-18,Run1,public_held_out_calibration,79,True,3,baseline_rate,-0.41445884108543396,0.025206498711463077
Run1_20201118,2020-11-18,Run1,public_held_out_calibration,80,True,0,m_cos_phi,-0.023587726056575775,-0.0145550408004681
Run1_20201118,2020-11-18,Run1,public_held_out_calibration,80,True,1,m_sin_phi,-0.3010581135749817,-0.018681237186371824
Run1_20201118,2020-11-18,Run1,public_held_out_calibration,80,True,2,modulation_magnitude,-0.3129204511642456,0.02368201745859988
Run1_20201118,2020-11-18,Run1,public_held_out_calibration,80,True,3,baseline_rate,-0.3434208035469055,0.045344333258993785
Run1_20201118,2020-11-18,Run1,public_held_out_calibration,81,True,0,m_cos_phi,-2.7623019218444824,-0.23154874142807813
Run1_20201118,2020-11-18,Run1,public_held_out_calibration,81,True,1,m_sin_phi,-3.4403469562530518,-0.31677141841021594
Run1_20201118,2020-11-18,Run1,public_held_out_calibration,81,True,2,modulation_magnitude,3.029707908630371,0.39237600760183255
Run1_20201118,2020-11-18,Run1,public_held_out_calibration,81,True,3,baseline_rate,5.113945960998535,1.592396486973172
Run1_20201118,2020-11-18,Run1,public_held_out_calibration,82,True,0,m_cos_phi,-0.27435287833213806,-0.03442365595732122
Run1_20201118,2020-11-18,Run1,public_held_out_calibration,82,True,1,m_sin_phi,0.22545842826366425,0.03131397486303711
Run1_20201118,2020-11-18,Run1,public_held_out_calibration,82,True,2,modulation_magnitude,-0.10572770237922668,0.0465355067059019
Run1_20201118,2020-11-18,Run1,public_held_out_calibration,82,True,3,baseline_rate,0.05130631476640701,0.1572414193194842
Run1_20201118,2020-11-18,Run1,public_held_out_calibration,83,True,0,m_cos_phi,1.1829252243041992,0.08103934811261126
Run1_20201118,2020-11-18,Run1,public_held_out_calibration,83,True,1,m_sin_phi,2.3704097270965576,0.23498714844714286
Run1_20201118,2020-11-18,Run1,public_held_out_calibration,83,True,2,modulation_magnitude,1.7259308099746704,0.24856858152283134
Run1_20201118,2020-11-18,Run1,public_held_out_calibration,83,True,3,baseline_rate,1.831054449081421,0.6617637105732896
Run1_20201118,2020-11-18,Run1,public_held_out_calibration,84,True,0,m_cos_phi,-0.058488570153713226,-0.01732030317334099
Run1_20201118,2020-11-18,Run1,public_held_out_calibration,84,True,1,m_sin_phi,-0.43921422958374023,-0.03179980757669654
Run1_20201118,2020-11-18,Run1,public_held_out_calibration,84,True,2,modulation_magnitude,-0.19933301210403442,0.03621078273833733
Run1_20201118,2020-11-18,Run1,public_held_out_calibration,84,True,3,baseline_rate,-0.32374557852745056,0.05092185819994288
Run1_20201118,2020-11-18,Run1,public_held_out_calibration,85,True,0,m_cos_phi,-0.2642098069190979,-0.03362000050286351
Run1_20201118,2020-11-18,Run1,public_held_out_calibration,85,True,1,m_sin_phi,0.05799688771367073,0.015412717134873744
Run1_20201118,2020-11-18,Run1,public_held_out_calibration,85,True,2,modulation_magnitude,-0.19231802225112915,0.03698454048861288
Run1_20201118,2020-11-18,Run1,public_held_out_calibration,85,True,3,baseline_rate,-0.2839021682739258,0.06221665224686035
Run1_20201118,2020-11-18,Run1,public_held_out_calibration,86,True,0,m_cos_phi,0.15385553240776062,-0.0004958631890121801
Run1_20201118,2020-11-18,Run1,public_held_out_calibration,86,True,1,m_sin_phi,0.005170061253011227,0.010396562501678239
Run1_20201118,2020-11-18,Run1,public_held_out_calibration,86,True,2,modulation_magnitude,-0.433260977268219,0.0104083824715695
Run1_20201118,2020-11-18,Run1,public_held_out_calibration,86,True,3,baseline_rate,-0.34185680747032166,0.045787694242975796
Run1_20201118,2020-11-18,Run1,public_held_out_calibration,87,True,0,m_cos_phi,-0.9985249638557434,-0.09180123152568864
Run1_20201118,2020-11-18,Run1,public_held_out_calibration,87,True,1,m_sin_phi,-0.6155295968055725,-0.04854177762201051
Run1_20201118,2020-11-18,Run1,public_held_out_calibration,87,True,2,modulation_magnitude,0.4138471186161041,0.10384493309468978
Run1_20201118,2020-11-18,Run1,public_held_out_calibration,87,True,3,baseline_rate,0.26226726174354553,0.21704454442569077
Run1_20201118,2020-11-18,Run1,public_held_out_calibration,88,True,0,m_cos_phi,0.3244453966617584,0.013020306548950256
Run1_20201118,2020-11-18,Run1,public_held_out_calibration,88,True,1,m_sin_phi,-0.0087260277941823,0.009077063752131229
Run1_20201118,2020-11-18,Run1,public_held_out_calibration,88,True,2,modulation_magnitude,-0.3837267756462097,0.015872035764363357
Run1_20201118,2020-11-18,Run1,public_held_out_calibration,88,True,3,baseline_rate,-0.46295955777168274,0.01145753489000878
Run1_20201118,2020-11-18,Run1,public_held_out_calibration,89,True,0,m_cos_phi,-0.6658151745796204,-0.06543998195788259
Run1_20201118,2020-11-18,Run1,public_held_out_calibration,89,True,1,m_sin_phi,0.5189290642738342,0.059180386479217084
Run1_20201118,2020-11-18,Run1,public_held_out_calibration,89,True,2,modulation_magnitude,0.2722891867160797,0.08823100503244752
Run1_20201118,2020-11-18,Run1,public_held_out_calibration,89,True,3,baseline_rate,0.1533004641532898,0.18615468010677994
Run1_20201118,2020-11-18,Run1,public_held_out_calibration,90,True,0,m_cos_phi,0.44249019026756287,0.02237322721651802
Run1_20201118,2020-11-18,Run1,public_held_out_calibration,90,True,1,m_sin_phi,-0.005094274412840605,0.009421915748190603
Run1_20201118,2020-11-18,Run1,public_held_out_calibration,90,True,2,modulation_magnitude,-0.30753350257873535,0.024276201243006668
Run1_20201118,2020-11-18,Run1,public_held_out_calibration,90,True,3,baseline_rate,-0.17769691348075867,0.09232367551510823
Run1_20201118,2020-11-18,Run1,public_held_out_calibration,91,True,0,m_cos_phi,-0.012907990254461765,-0.013708864373227145
Run1_20201118,2020-11-18,Run1,public_held_out_calibration,91,True,1,m_sin_phi,-0.47719767689704895,-0.03540651382787141
Run1_20201118,2020-11-18,Run1,public_held_out_calibration,91,True,2,modulation_magnitude,-0.18340358138084412,0.03796780886923634
Run1_20201118,2020-11-18,Run1,public_held_out_calibration,91,True,3,baseline_rate,-0.28269368410110474,0.06255923285816145
Run1_20201118,2020-11-18,Run1,public_held_out_calibration,92,True,0,m_cos_phi,0.2164195030927658,0.004461202994007651
Run1_20201118,2020-11-18,Run1,public_held_out_calibration,92,True,1,m_sin_phi,-0.4405481219291687,-0.031926466903349215
Run1_20201118,2020-11-18,Run1,public_held_out_calibration,92,True,2,modulation_magnitude,-0.23536302149295807,0.032236650260350275
Run1_20201118,2020-11-18,Run1,public_held_out_calibration,92,True,3,baseline_rate,-0.4764213562011719,0.007641389640525631
Run1_20201118,2020-11-18,Run1,public_held_out_calibration,93,True,0,m_cos_phi,-0.04679658263921738,-0.016393924056321674
Run1_20201118,2020-11-18,Run1,public_held_out_calibration,93,True,1,m_sin_phi,0.12738469243049622,0.022001414231353156
Run1_20201118,2020-11-18,Run1,public_held_out_calibration,93,True,2,modulation_magnitude,-0.27887168526649475,0.027437617545432724
Run1_20201118,2020-11-18,Run1,public_held_out_calibration,93,True,3,baseline_rate,-0.3950181305408478,0.030717543582613693
Run1_20201118,2020-11-18,Run1,public_held_out_calibration,94,True,0,m_cos_phi,0.9783238172531128,0.0648283770890874
Run1_20201118,2020-11-18,Run1,public_held_out_calibration,94,True,1,m_sin_phi,-0.3977177143096924,-0.027859519066115723
Run1_20201118,2020-11-18,Run1,public_held_out_calibration,94,True,2,modulation_magnitude,0.11209159344434738,0.07056111071062504
Run1_20201118,2020-11-18,Run1,public_held_out_calibration,94,True,3,baseline_rate,0.3655432164669037,0.2463211708785158
Run1_20201118,2020-11-18,Run1,public_held_out_calibration,95,True,0,m_cos_phi,0.1464861035346985,-0.0010797575015830674
Run1_20201118,2020-11-18,Run1,public_held_out_calibration,95,True,1,m_sin_phi,-0.36173397302627563,-0.02444269426985546
Run1_20201118,2020-11-18,Run1,public_held_out_calibration,95,True,2,modulation_magnitude,-0.3058079183101654,0.024466534262662654
Run1_20201118,2020-11-18,Run1,public_held_out_calibration,95,True,3,baseline_rate,-0.4342748522758484,0.019589063762923686
Run1_20201119,2020-11-19,Run1,public_held_out_calibration,0,True,0,m_cos_phi,-0.3420061469078064,-0.03978395720027894
Run1_20201119,2020-11-19,Run1,public_held_out_calibration,0,True,1,m_sin_phi,1.693540334701538,0.17071522892801383
Run1_20201119,2020-11-19,Run1,public_held_out_calibration,0,True,2,modulation_magnitude,1.0615742206573486,0.17528963590639357
Run1_20201119,2020-11-19,Run1,public_held_out_calibration,0,True,3,baseline_rate,0.1825043112039566,0.19443337502059643
Run1_20201119,2020-11-19,Run1,public_held_out_calibration,1,True,0,m_cos_phi,1.1015989780426025,0.07459571001353638
Run1_20201119,2020-11-19,Run1,public_held_out_calibration,1,True,1,m_sin_phi,0.10099394619464874,0.019495489252062237
Run1_20201119,2020-11-19,Run1,public_held_out_calibration,1,True,2,modulation_magnitude,0.17138484120368958,0.07710119287108586
Run1_20201119,2020-11-19,Run1,public_held_out_calibration,1,True,3,baseline_rate,-0.1802692711353302,0.09159446459318854
Run1_20201119,2020-11-19,Run1,public_held_out_calibration,2,True,0,m_cos_phi,0.20820629596710205,0.003810454474516334
Run1_20201119,2020-11-19,Run1,public_held_out_calibration,2,True,1,m_sin_phi,0.007891517132520676,0.010654977485762218
Run1_20201119,2020-11-19,Run1,public_held_out_calibration,2,True,2,modulation_magnitude,-0.42503389716148376,0.011315834531829827
Run1_20201119,2020-11-19,Run1,public_held_out_calibration,2,True,3,baseline_rate,-0.34007012844085693,0.04629418130162222
Run1_20201119,2020-11-19,Run1,public_held_out_calibration,3,True,0,m_cos_phi,-0.9798006415367126,-0.09031766672071573
Run1_20201119,2020-11-19,Run1,public_held_out_calibration,3,True,1,m_sin_phi,0.7616913318634033,0.08223180097676064
Run1_20201119,2020-11-19,Run1,public_held_out_calibration,3,True,2,modulation_magnitude,0.5797560811042786,0.1221447949985861
Run1_20201119,2020-11-19,Run1,public_held_out_calibration,3,True,3,baseline_rate,0.05223708599805832,0.15750527397698977
Run1_20201119,2020-11-19,Run1,public_held_out_calibration,4,True,0,m_cos_phi,0.30849283933639526,0.011756354124185187
Run1_20201119,2020-11-19,Run1,public_held_out_calibration,4,True,1,m_sin_phi,-0.19291077554225922,-0.008412140837292581
Run1_20201119,2020-11-19,Run1,public_held_out_calibration,4,True,2,modulation_magnitude,-0.3965647518634796,0.01445599899107397
Run1_20201119,2020-11-19,Run1,public_held_out_calibration,4,True,3,baseline_rate,-0.371441513299942,0.03740103363440905
Run1_20201119,2020-11-19,Run1,public_held_out_calibration,5,True,0,m_cos_phi,0.2737638056278229,0.009004704625586779
Run1_20201119,2020-11-19,Run1,public_held_out_calibration,5,True,1,m_sin_phi,-0.06943051517009735,0.003312888313100837
Run1_20201119,2020-11-19,Run1,public_held_out_calibration,5,True,2,modulation_magnitude,-0.44063714146614075,0.00959478696607019
Run1_20201119,2020-11-19,Run1,public_held_out_calibration,5,True,3,baseline_rate,-0.429681658744812,0.02089114043308271
Run1_20201119,2020-11-19,Run1,public_held_out_calibration,6,True,0,m_cos_phi,-0.3315311372280121,-0.038954001625497
Run1_20201119,2020-11-19,Run1,public_held_out_calibration,6,True,1,m_sin_phi,3.9307806491851807,0.38315167686467433
Run1_20201119,2020-11-19,Run1,public_held_out_calibration,6,True,2,modulation_magnitude,2.9639852046966553,0.3851267524205557
Run1_20201119,2020-11-19,Run1,public_held_out_calibration,6,True,3,baseline_rate,1.4387032985687256,0.550540162917251
Run1_20201119,2020-11-19,Run1,public_held_out_calibration,7,True,0,m_cos_phi,-0.3128650188446045,-0.03747504843257232
Run1_20201119,2020-11-19,Run1,public_held_out_calibration,7,True,1,m_sin_phi,0.144822895526886,0.02365725330246793
Run1_20201119,2020-11-19,Run1,public_held_out_calibration,7,True,2,modulation_magnitude,-0.12583601474761963,0.04431754732659332
Run1_20201119,2020-11-19,Run1,public_held_out_calibration,7,True,3,baseline_rate,-0.2917127311229706,0.06000251700569681
Run1_20201119,2020-11-19,Run1,public_held_out_calibration,8,True,0,m_cos_phi,0.28335267305374146,0.009764449410485376
Run1_20201119,2020-11-19,Run1,public_held_out_calibration,8,True,1,m_sin_phi,-0.1213919147849083,-0.0016210899870959805
Run1_20201119,2020-11-19,Run1,public_held_out_calibration,8,True,2,modulation_magnitude,-0.4378872513771057,0.009898101555743555
Run1_20201119,2020-11-19,Run1,public_held_out_calibration,8,True,3,baseline_rate,-0.41360124945640564,0.025449608444405136
Run1_20201119,2020-11-19,Run1,public_held_out_calibration,9,True,0,m_cos_phi,0.4257071912288666,0.021043477265012545
Run1_20201119,2020-11-19,Run1,public_held_out_calibration,9,True,1,m_sin_phi,-0.2611251175403595,-0.014889412151687598
Run1_20201119,2020-11-19,Run1,public_held_out_calibration,9,True,2,modulation_magnitude,-0.2939149737358093,0.025778333457096902
Run1_20201119,2020-11-19,Run1,public_held_out_calibration,9,True,3,baseline_rate,-0.41575345396995544,0.02483950236732202
Run1_20201119,2020-11-19,Run1,public_held_out_calibration,10,True,0,m_cos_phi,-2.734008312225342,-0.22930698321000165
Run1_20201119,2020-11-19,Run1,public_held_out_calibration,10,True,1,m_sin_phi,1.4488180875778198,0.14747770519242032
Run1_20201119,2020-11-19,Run1,public_held_out_calibration,10,True,2,modulation_magnitude,1.9441454410552979,0.2726377912526541
Run1_20201119,2020-11-19,Run1,public_held_out_calibration,10,True,3,baseline_rate,0.9615787267684937,0.4152850796069423
Run1_20201119,2020-11-19,Run1,public_held_out_calibration,11,True,0,m_cos_phi,0.39070841670036316,0.018270455671868024
Run1_20201119,2020-11-19,Run1,public_held_out_calibration,11,True,1,m_sin_phi,-0.16676931083202362,-0.005929886306587084
Run1_20201119,2020-11-19,Run1,public_held_out_calibration,11,True,2,modulation_magnitude,-0.3534763753414154,0.01920867376036539
Run1_20201119,2020-11-19,Run1,public_held_out_calibration,11,True,3,baseline_rate,-0.4573272466659546,0.013054180195783971
Run1_20201119,2020-11-19,Run1,public_held_out_calibration,12,True,0,m_cos_phi,0.2036626636981964,0.003450453572692691
Run1_20201119,2020-11-19,Run1,public_held_out_calibration,12,True,1,m_sin_phi,0.04640958085656166,0.014312448069480788
Run1_20201119,2020-11-19,Run1,public_held_out_calibration,12,True,2,modulation_magnitude,-0.39414867758750916,0.014722493488638966
Run1_20201119,2020-11-19,Run1,public_held_out_calibration,12,True,3,baseline_rate,-0.3476897180080414,0.04413418309022976
Run1_20201119,2020-11-19,Run1,public_held_out_calibration,13,True,0,m_cos_phi,0.28605538606643677,0.00997859066672202
Run1_20201119,2020-11-19,Run1,public_held_out_calibration,13,True,1,m_sin_phi,-0.16859909892082214,-0.006103633257035224
Run1_20201119,2020-11-19,Run1,public_held_out_calibration,13,True,2,modulation_magnitude,-0.4215755760669708,0.011697289502675234
Run1_20201119,2020-11-19,Run1,public_held_out_calibration,13,True,3,baseline_rate,-0.45039716362953186,0.015018717370849366
Run1_20201119,2020-11-19,Run1,public_held_out_calibration,14,True,0,m_cos_phi,-0.7987016439437866,-0.07596883772348839
Run1_20201119,2020-11-19,Run1,public_held_out_calibration,14,True,1,m_sin_phi,2.5638418197631836,0.2533544317546301
Run1_20201119,2020-11-19,Run1,public_held_out_calibration,14,True,2,modulation_magnitude,1.8703584671020508,0.26449904206514674
Run1_20201119,2020-11-19,Run1,public_held_out_calibration,14,True,3,baseline_rate,3.8280189037323,1.2278623976780452
Run1_20201119,2020-11-19,Run1,public_held_out_calibration,15,True,0,m_cos_phi,0.4995937645435333,0.026897655475685678
Run1_20201119,2020-11-19,Run1,public_held_out_calibration,15,True,1,m_sin_phi,-0.28671538829803467,-0.017319328234597364
Run1_20201119,2020-11-19,Run1,public_held_out_calibration,15,True,2,modulation_magnitude,-0.23758743703365326,0.03199129584066662
Run1_20201119,2020-11-19,Run1,public_held_out_calibration,15,True,3,baseline_rate,-0.4329502582550049,0.019964559147631178
Run1_20201119,2020-11-19,Run1,public_held_out_calibration,16,True,0,m_cos_phi,-0.2641317844390869,-0.03361381862864832
Run1_20201119,2020-11-19,Run1,public_held_out_calibration,16,True,1,m_sin_phi,0.007784462533891201,0.01064481215013828
Run1_20201119,2020-11-19,Run1,public_held_out_calibration,16,True,2,modulation_magnitude,-0.20796151459217072,0.03525905353937031
Run1_20201119,2020-11-19,Run1,public_held_out_calibration,16,True,3,baseline_rate,-0.11021240055561066,0.11145415832257966
Run1_20201119,2020-11-19,Run1,public_held_out_calibration,17,True,0,m_cos_phi,0.3816211521625519,0.01755045386822074
Run1_20201119,2020-11-19,Run1,public_held_out_calibration,17,True,1,m_sin_phi,-0.08973319828510284,0.0013850534459149966
Run1_20201119,2020-11-19,Run1,public_held_out_calibration,17,True,2,modulation_magnitude,-0.3680152893066406,0.017605022493995648
Run1_20201119,2020-11-19,Run1,public_held_out_calibration,17,True,3,baseline_rate,-0.4725664258003235,0.00873418377299906
Run1_20201119,2020-11-19,Run1,public_held_out_calibration,18,True,0,m_cos_phi,0.604969322681427,0.03524676775297575
Run1_20201119,2020-11-19,Run1,public_held_out_calibration,18,True,1,m_sin_phi,-0.0664575845003128,0.003595182006524089
Run1_20201119,2020-11-19,Run1,public_held_out_calibration,18,True,2,modulation_magnitude,-0.20641487836837769,0.03542964847822416
Run1_20201119,2020-11-19,Run1,public_held_out_calibration,18,True,3,baseline_rate,-0.397340327501297,0.030059248114485904
Run1_20201119,2020-11-19,Run1,public_held_out_calibration,19,True,0,m_cos_phi,0.5953804850578308,0.034487025329373644
Run1_20201119,2020-11-19,Run1,public_held_out_calibration,19,True,1,m_sin_phi,-0.01449618674814701,0.008529160129854024
Run1_20201119,2020-11-19,Run1,public_held_out_calibration,19,True,2,modulation_magnitude,-0.205540731549263,0.035526067416861484
Run1_20201119,2020-11-19,Run1,public_held_out_calibration,19,True,3,baseline_rate,-0.41342076659202576,0.025500771654813015
Run1_20201119,2020-11-19,Run1,public_held_out_calibration,20,True,0,m_cos_phi,0.2914119362831116,0.010403000652948968
Run1_20201119,2020-11-19,Run1,public_held_out_calibration,20,True,1,m_sin_phi,-0.09878461062908173,0.0005255794436289651
Run1_20201119,2020-11-19,Run1,public_held_out_calibration,20,True,2,modulation_magnitude,-0.4331894814968109,0.01041626849968913
Run1_20201119,2020-11-19,Run1,public_held_out_calibration,20,True,3,baseline_rate,-0.46562376618385315,0.010702286151960116
Run1_20201119,2020-11-19,Run1,public_held_out_calibration,21,True,0,m_cos_phi,0.21608254313468933,0.004434504995224575
Run1_20201119,2020-11-19,Run1,public_held_out_calibration,21,True,1,m_sin_phi,-0.12968029081821442,-0.0024081101173341057
Run1_20201119,2020-11-19,Run1,public_held_out_calibration,21,True,2,modulation_magnitude,-0.4818755090236664,0.005046169337901807
Run1_20201119,2020-11-19,Run1,public_held_out_calibration,21,True,3,baseline_rate,-0.46796539425849915,0.010038482359330025
Run1_20201119,2020-11-19,Run1,public_held_out_calibration,22,True,0,m_cos_phi,0.08254551142454147,-0.006145896101822035
Run1_20201119,2020-11-19,Run1,public_held_out_calibration,22,True,1,m_sin_phi,-0.09610763937234879,0.0007797704043975839
Run1_20201119,2020-11-19,Run1,public_held_out_calibration,22,True,2,modulation_magnitude,-0.4714585542678833,0.006195165935982239
Run1_20201119,2020-11-19,Run1,public_held_out_calibration,22,True,3,baseline_rate,-0.4339076280593872,0.01969316433733681
Run1_20201119,2020-11-19,Run1,public_held_out_calibration,23,True,0,m_cos_phi,0.35944029688835144,0.01579302117355086
Run1_20201119,2020-11-19,Run1,public_held_out_calibration,23,True,1,m_sin_phi,-0.21926409006118774,-0.010914511499717783
Run1_20201119,2020-11-19,Run1,public_held_out_calibration,23,True,2,modulation_magnitude,-0.353577196598053,0.019197553112958676
Run1_20201119,2020-11-19,Run1,public_held_out_calibration,23,True,3,baseline_rate,-0.4684351682662964,0.009905311010971474
Run1_20201119,2020-11-19,Run1,public_held_out_calibration,24,True,0,m_cos_phi,0.7351490259170532,0.04556116112602204
Run1_20201119,2020-11-19,Run1,public_held_out_calibration,24,True,1,m_sin_phi,0.14881636202335358,0.024036451653209
Run1_20201119,2020-11-19,Run1,public_held_out_calibration,24,True,2,modulation_magnitude,-0.06060276925563812,0.051512814936872764
Run1_20201119,2020-11-19,Run1,public_held_out_calibration,24,True,3,baseline_rate,-0.3614625632762909,0.04022986240695747
Run1_20201119,2020-11-19,Run1,public_held_out_calibration,25,True,0,m_cos_phi,0.16465753316879272,0.00036000053087636985
Run1_20201119,2020-11-19,Run1,public_held_out_calibration,25,True,1,m_sin_phi,-0.14283771812915802,-0.003657469474854347
Run1_20201119,2020-11-19,Run1,public_held_out_calibration,25,True,2,modulation_magnitude,-0.49430540204048157,0.0036751443958096264
Run1_20201119,2020-11-19,Run1,public_held_out_calibration,25,True,3,baseline_rate,-0.49575746059417725,0.002159998479502434
Run1_20201119,2020-11-19,Run1,public_held_out_calibration,26,True,0,m_cos_phi,0.18355458974838257,0.0018572514103150084
Run1_20201119,2020-11-19,Run1,public_held_out_calibration,26,True,1,m_sin_phi,-0.07848192006349564,0.0024534150182823344
Run1_20201119,2020-11-19,Run1,public_held_out_calibration,26,True,2,modulation_magnitude,-0.4997272491455078,0.003077111282962619
Run1_20201119,2020-11-19,Run1,public_held_out_calibration,26,True,3,baseline_rate,-0.42273902893066406,0.022859234363693304
Run1_20201119,2020-11-19,Run1,public_held_out_calibration,27,True,0,m_cos_phi,0.2764665186405182,0.009218845881823423
Run1_20201119,2020-11-19,Run1,public_held_out_calibration,27,True,1,m_sin_phi,-0.1166376918554306,-0.0011696542493708773
Run1_20201119,2020-11-19,Run1,public_held_out_calibration,27,True,2,modulation_magnitude,-0.44337546825408936,0.009292747815709212
Run1_20201119,2020-11-19,Run1,public_held_out_calibration,27,True,3,baseline_rate,-0.46647754311561584,0.010460257807877404
Run1_20201119,2020-11-19,Run1,public_held_out_calibration,28,True,0,m_cos_phi,0.38063108921051025,0.017472009237470942
Run1_20201119,2020-11-19,Run1,public_held_out_calibration,28,True,1,m_sin_phi,0.04308440908789635,0.013996707433688804
Run1_20201119,2020-11-19,Run1,public_held_out_calibration,28,True,2,modulation_magnitude,-0.3246610462665558,0.022387022505827803
Run1_20201119,2020-11-19,Run1,public_held_out_calibration,28,True,3,baseline_rate,-0.43289846181869507,0.019979242380737006
Run1_20201119,2020-11-19,Run1,public_held_out_calibration,29,True,0,m_cos_phi,0.3816211521625519,0.01755045386822074
Run1_20201119,2020-11-19,Run1,public_held_out_calibration,29,True,1,m_sin_phi,-0.08973319828510284,0.0013850534459149966
Run1_20201119,2020-11-19,Run1,public_held_out_calibration,29,True,2,modulation_magnitude,-0.3680152893066406,0.017605022493995648
Run1_20201119,2020-11-19,Run1,public_held_out_calibration,29,True,3,baseline_rate,-0.4725664258003235,0.00873418377299906
Run1_20201119,2020-11-19,Run1,public_held_out_calibration,30,True,0,m_cos_phi,0.22354979813098907,0.005026150263529372
Run1_20201119,2020-11-19,Run1,public_held_out_calibration,30,True,1,m_sin_phi,-0.022052234038710594,0.0078116780442430145
Run1_20201119,2020-11-19,Run1,public_held_out_calibration,30,True,2,modulation_magnitude,-0.44340991973876953,0.009288947795489833
Run1_20201119,2020-11-19,Run1,public_held_out_calibration,30,True,3,baseline_rate,-0.4554428458213806,0.013588369395600708
Run1_20201119,2020-11-19,Run1,public_held_out_calibration,31,True,0,m_cos_phi,0.252395898103714,0.0073116833766166955
Run1_20201119,2020-11-19,Run1,public_held_out_calibration,31,True,1,m_sin_phi,-0.09062886238098145,0.0013000059443832868
Run1_20201119,2020-11-19,Run1,public_held_out_calibration,31,True,2,modulation_magnitude,-0.4602964222431183,0.007426356050987737
Run1_20201119,2020-11-19,Run1,public_held_out_calibration,31,True,3,baseline_rate,-0.4483966529369354,0.015585821344072492
Run1_20201119,2020-11-19,Run1,public_held_out_calibration,32,True,0,m_cos_phi,4.655618190765381,0.3561876272192208
Run1_20201119,2020-11-19,Run1,public_held_out_calibration,32,True,1,m_sin_phi,-5.6919074058532715,-0.530567630257103
Run1_20201119,2020-11-19,Run1,public_held_out_calibration,32,True,2,modulation_magnitude,5.265993118286133,0.6390396591652205
Run1_20201119,2020-11-19,Run1,public_held_out_calibration,32,True,3,baseline_rate,3.4022879600524902,1.1071763595686974
Run1_20201119,2020-11-19,Run1,public_held_out_calibration,33,True,0,m_cos_phi,0.12758594751358032,-0.0025772539558568397
Run1_20201119,2020-11-19,Run1,public_held_out_calibration,33,True,1,m_sin_phi,-0.05312129482626915,0.004861525183279369
Run1_20201119,2020-11-19,Run1,public_held_out_calibration,33,True,2,modulation_magnitude,-0.4777390658855438,0.005502421592546325
Run1_20201119,2020-11-19,Run1,public_held_out_calibration,33,True,3,baseline_rate,-0.4581506848335266,0.012820752272473257
Run1_20201119,2020-11-19,Run1,public_held_out_calibration,34,True,0,m_cos_phi,0.12736503779888153,-0.0025947570661013497
Run1_20201119,2020-11-19,Run1,public_held_out_calibration,34,True,1,m_sin_phi,-0.24647460877895355,-0.013498277716289975
Run1_20201119,2020-11-19,Run1,public_held_out_calibration,34,True,2,modulation_magnitude,-0.40300706028938293,0.013745408358908806
Run1_20201119,2020-11-19,Run1,public_held_out_calibration,34,True,3,baseline_rate,-0.21764223277568817,0.0809999923337803
Run1_20201119,2020-11-19,Run1,public_held_out_calibration,35,True,0,m_cos_phi,0.4301225244998932,0.021393312785439544
Run1_20201119,2020-11-19,Run1,public_held_out_calibration,35,True,1,m_sin_phi,-0.2227219045162201,-0.011242847179928628
Run1_20201119,2020-11-19,Run1,public_held_out_calibration,35,True,2,modulation_magnitude,-0.30851760506629944,0.02416765412565014
Run1_20201119,2020-11-19,Run1,public_held_out_calibration,35,True,3,baseline_rate,-0.4496772885322571,0.015222787276298888
Run1_20201119,2020-11-19,Run1,public_held_out_calibration,36,True,0,m_cos_phi,0.0578828901052475,-0.008099963990863435
Run1_20201119,2020-11-19,Run1,public_held_out_calibration,36,True,1,m_sin_phi,0.014921954832971096,0.011322550478638657
Run1_20201119,2020-11-19,Run1,public_held_out_calibration,36,True,2,modulation_magnitude,-0.40141016244888306,0.013921547185392402
Run1_20201119,2020-11-19,Run1,public_held_out_calibration,36,True,3,baseline_rate,-0.35128164291381836,0.043115945650598064
Run1_20201119,2020-11-19,Run1,public_held_out_calibration,37,True,0,m_cos_phi,-0.3521508574485779,-0.04058774252604369
Run1_20201119,2020-11-19,Run1,public_held_out_calibration,37,True,1,m_sin_phi,0.12385421246290207,0.021666178620331933
Run1_20201119,2020-11-19,Run1,public_held_out_calibration,37,True,2,modulation_magnitude,-0.11050502955913544,0.046008564542254216
Run1_20201119,2020-11-19,Run1,public_held_out_calibration,37,True,3,baseline_rate,-0.2578192353248596,0.06961063167594794
Run1_20201119,2020-11-19,Run1,public_held_out_calibration,38,True,0,m_cos_phi,0.19029928743839264,0.002391647045179246
Run1_20201119,2020-11-19,Run1,public_held_out_calibration,38,True,1,m_sin_phi,-0.1892818659543991,-0.008067558872745684
Run1_20201119,2020-11-19,Run1,public_held_out_calibration,38,True,2,modulation_magnitude,-0.4513368606567383,0.008414601274701283
Run1_20201119,2020-11-19,Run1,public_held_out_calibration,38,True,3,baseline_rate,-0.45275649428367615,0.014349895258043865
Run1_20201119,2020-11-19,Run1,public_held_out_calibration,39,True,0,m_cos_phi,0.44406697154045105,0.02249815869129934
Run1_20201119,2020-11-19,Run1,public_held_out_calibration,39,True,1,m_sin_phi,0.12535184621810913,0.021808385960869536
Run1_20201119,2020-11-19,Run1,public_held_out_calibration,39,True,2,modulation_magnitude,-0.24355334043502808,0.03133325297945033
Run1_20201119,2020-11-19,Run1,public_held_out_calibration,39,True,3,baseline_rate,0.17945022881031036,0.19356760496178227
Run1_20201119,2020-11-19,Run1,public_held_out_calibration,40,True,0,m_cos_phi,0.14189332723617554,-0.0014436521813214753
Run1_20201119,2020-11-19,Run1,public_held_out_calibration,40,True,1,m_sin_phi,-0.7651209235191345,-0.06274617483559108
Run1_20201119,2020-11-19,Run1,public_held_out_calibration,40,True,2,modulation_magnitude,0.04139091446995735,0.06276278178167846
Run1_20201119,2020-11-19,Run1,public_held_out_calibration,40,True,3,baseline_rate,-0.2346067577600479,0.07619089555760317
Run1_20201119,2020-11-19,Run1,public_held_out_calibration,41,True,0,m_cos_phi,0.10598620772361755,-0.004288643730235631
Run1_20201119,2020-11-19,Run1,public_held_out_calibration,41,True,1,m_sin_phi,-0.07026990503072739,0.0032331843138156957
Run1_20201119,2020-11-19,Run1,public_held_out_calibration,41,True,2,modulation_magnitude,-0.4789319634437561,0.005370844248842932
Run1_20201119,2020-11-19,Run1,public_held_out_calibration,41,True,3,baseline_rate,-0.4943732023239136,0.0025524074618381576
Run1_20201119,2020-11-19,Run1,public_held_out_calibration,42,True,0,m_cos_phi,0.19080092012882233,0.0024313923877270494
Run1_20201119,2020-11-19,Run1,public_held_out_calibration,42,True,1,m_sin_phi,-0.16420716047286987,-0.005686598127907949
Run1_20201119,2020-11-19,Run1,public_held_out_calibration,42,True,2,modulation_magnitude,-0.4715544879436493,0.006184584391790038
Run1_20201119,2020-11-19,Run1,public_held_out_calibration,42,True,3,baseline_rate,-0.45191529393196106,0.014588358398230916
Run1_20201119,2020-11-19,Run1,public_held_out_calibration,43,True,0,m_cos_phi,0.2586521506309509,0.007807378542630694
Run1_20201119,2020-11-19,Run1,public_held_out_calibration,43,True,1,m_sin_phi,-0.04353649541735649,0.005771646785966811
Run1_20201119,2020-11-19,Run1,public_held_out_calibration,43,True,2,modulation_magnitude,-0.43960055708885193,0.0097091228685533
Run1_20201119,2020-11-19,Run1,public_held_out_calibration,43,True,3,baseline_rate,-0.437904953956604,0.01856000398634805
Run1_20201119,2020-11-19,Run1,public_held_out_calibration,44,True,0,m_cos_phi,0.1105298176407814,-0.003928644599384357
Run1_20201119,2020-11-19,Run1,public_held_out_calibration,44,True,1,m_sin_phi,-0.10878796130418777,-0.00042428556243534477
Run1_20201119,2020-11-19,Run1,public_held_out_calibration,44,True,2,modulation_magnitude,-0.4918000102043152,0.003951490675898395
Run1_20201119,2020-11-19,Run1,public_held_out_calibration,44,True,3,baseline_rate,-0.4867536127567291,0.004712405673230613
Run1_20201119,2020-11-19,Run1,public_held_out_calibration,45,True,0,m_cos_phi,0.16218668222427368,0.00016423016134492485
Run1_20201119,2020-11-19,Run1,public_held_out_calibration,45,True,1,m_sin_phi,-0.09968026727437973,0.00044053264956478433
Run1_20201119,2020-11-19,Run1,public_held_out_calibration,45,True,2,modulation_magnitude,-0.5233622789382935,0.0004701527750201606
Run1_20201119,2020-11-19,Run1,public_held_out_calibration,45,True,3,baseline_rate,-0.4414539933204651,0.01755392372303355
Run1_20201119,2020-11-19,Run1,public_held_out_calibration,46,True,0,m_cos_phi,0.24906326830387115,0.007047632577083851
Run1_20201119,2020-11-19,Run1,public_held_out_calibration,46,True,1,m_sin_phi,0.008424900472164154,0.010705624732429864
Run1_20201119,2020-11-19,Run1,public_held_out_calibration,46,True,2,modulation_magnitude,-0.4114227294921875,0.012817154803883568
Run1_20201119,2020-11-19,Run1,public_held_out_calibration,46,True,3,baseline_rate,-0.4539853632450104,0.014001535975025625
Run1_20201119,2020-11-19,Run1,public_held_out_calibration,47,True,0,m_cos_phi,0.08501635491847992,-0.005950126322614713
Run1_20201119,2020-11-19,Run1,public_held_out_calibration,47,True,1,m_sin_phi,-0.13926510512828827,-0.003318233134956605
Run1_20201119,2020-11-19,Run1,public_held_out_calibration,47,True,2,modulation_magnitude,-0.46585872769355774,0.006812830295152894
Run1_20201119,2020-11-19,Run1,public_held_out_calibration,47,True,3,baseline_rate,-0.48821109533309937,0.004299239093805696
Run1_20201119,2020-11-19,Run1,public_held_out_calibration,48,True,0,m_cos_phi,0.1466113179922104,-0.0010698365143733124
Run1_20201119,2020-11-19,Run1,public_held_out_calibration,48,True,1,m_sin_phi,-0.06568679213523865,0.0036683723522696887
Run1_20201119,2020-11-19,Run1,public_held_out_calibration,48,True,2,modulation_magnitude,-0.49298131465911865,0.0038211920587221115
Run1_20201119,2020-11-19,Run1,public_held_out_calibration,48,True,3,baseline_rate,-0.48469242453575134,0.005296710487997736
Run1_20201119,2020-11-19,Run1,public_held_out_calibration,49,True,0,m_cos_phi,0.11148423701524734,-0.0038530240792385984
Run1_20201119,2020-11-19,Run1,public_held_out_calibration,49,True,1,m_sin_phi,0.1055903211236,0.019931936582717857
Run1_20201119,2020-11-19,Run1,public_held_out_calibration,49,True,2,modulation_magnitude,-0.34357377886772156,0.020300936319547658
Run1_20201119,2020-11-19,Run1,public_held_out_calibration,49,True,3,baseline_rate,-0.4267060458660126,0.021734665985126078
Run1_20201119,2020-11-19,Run1,public_held_out_calibration,50,True,0,m_cos_phi,-0.14967989921569824,-0.024545571143523404
Run1_20201119,2020-11-19,Run1,public_held_out_calibration,50,True,1,m_sin_phi,0.3484092056751251,0.042988727126014314
Run1_20201119,2020-11-19,Run1,public_held_out_calibration,50,True,2,modulation_magnitude,-0.0788268968462944,0.04950268231217042
Run1_20201119,2020-11-19,Run1,public_held_out_calibration,50,True,3,baseline_rate,-0.035172004252672195,0.13272657993628367
Run1_20201119,2020-11-19,Run1,public_held_out_calibration,51,True,0,m_cos_phi,0.6513491272926331,0.03892153069554549
Run1_20201119,2020-11-19,Run1,public_held_out_calibration,51,True,1,m_sin_phi,-0.039856813848018646,0.006121049787990107
Run1_20201119,2020-11-19,Run1,public_held_out_calibration,51,True,2,modulation_magnitude,-0.17042002081871033,0.03939990368644586
Run1_20201119,2020-11-19,Run1,public_held_out_calibration,51,True,3,baseline_rate,-0.3780090808868408,0.035539262194383525
Run1_20201119,2020-11-19,Run1,public_held_out_calibration,52,True,0,m_cos_phi,0.12033964693546295,-0.003151392571972389
Run1_20201119,2020-11-19,Run1,public_held_out_calibration,52,True,1,m_sin_phi,0.032603949308395386,0.013001538683203417
Run1_20201119,2020-11-19,Run1,public_held_out_calibration,52,True,2,modulation_magnitude,-0.4063379168510437,0.01337801280543216
Run1_20201119,2020-11-19,Run1,public_held_out_calibration,52,True,3,baseline_rate,-0.4289743900299072,0.021091636686286108
Run1_20201119,2020-11-19,Run1,public_held_out_calibration,53,True,0,m_cos_phi,0.1619548350572586,0.00014586045528797165
Run1_20201119,2020-11-19,Run1,public_held_out_calibration,53,True,1,m_sin_phi,-0.09563053399324417,0.0008250737950848963
Run1_20201119,2020-11-19,Run1,public_held_out_calibration,53,True,2,modulation_magnitude,-0.5200285315513611,0.0008378671883249034
Run1_20201119,2020-11-19,Run1,public_held_out_calibration,53,True,3,baseline_rate,-0.4589615762233734,0.01259088110470774
Run1_20201119,2020-11-19,Run1,public_held_out_calibration,54,True,0,m_cos_phi,0.1862572878599167,0.0020713914859034066
Run1_20201119,2020-11-19,Run1,public_held_out_calibration,54,True,1,m_sin_phi,-0.12568911910057068,-0.0020291296665919667
Run1_20201119,2020-11-19,Run1,public_held_out_calibration,54,True,2,modulation_magnitude,-0.5013360381126404,0.0028996608578046867
Run1_20201119,2020-11-19,Run1,public_held_out_calibration,54,True,3,baseline_rate,-0.4595348834991455,0.01242836018683846
Run1_20201119,2020-11-19,Run1,public_held_out_calibration,55,True,0,m_cos_phi,0.28726640343666077,0.010074541949661064
Run1_20201119,2020-11-19,Run1,public_held_out_calibration,55,True,1,m_sin_phi,-0.10806338489055634,-0.0003554836377721582
Run1_20201119,2020-11-19,Run1,public_held_out_calibration,55,True,2,modulation_magnitude,-0.43623077869415283,0.010080811524457722
Run1_20201119,2020-11-19,Run1,public_held_out_calibration,55,True,3,baseline_rate,-0.44836631417274475,0.01559442176484449
Run1_20201119,2020-11-19,Run1,public_held_out_calibration,56,True,0,m_cos_phi,0.48370203375816345,0.02563852245706011
Run1_20201119,2020-11-19,Run1,public_held_out_calibration,56,True,1,m_sin_phi,0.26275256276130676,0.03485522763336357
Run1_20201119,2020-11-19,Run1,public_held_out_calibration,56,True,2,modulation_magnitude,-0.13534079492092133,0.04326916415313631
Run1_20201119,2020-11-19,Run1,public_held_out_calibration,56,True,3,baseline_rate,-0.053408291190862656,0.12755696458868349
Run1_20201119,2020-11-19,Run1,public_held_out_calibration,57,True,0,m_cos_phi,-0.2038513869047165,-0.02883768442800627
Run1_20201119,2020-11-19,Run1,public_held_out_calibration,57,True,1,m_sin_phi,-0.052044495940208435,0.0049637722816424645
Run1_20201119,2020-11-19,Run1,public_held_out_calibration,57,True,2,modulation_magnitude,-0.2623336911201477,0.029261768600968185
Run1_20201119,2020-11-19,Run1,public_held_out_calibration,57,True,3,baseline_rate,-0.3668959438800812,0.03868960984052716
Run1_20201119,2020-11-19,Run1,public_held_out_calibration,58,True,0,m_cos_phi,-0.04105339199304581,-0.015938879790060034
Run1_20201119,2020-11-19,Run1,public_held_out_calibration,58,True,1,m_sin_phi,0.0019356233533471823,0.01008943747177955
Run1_20201119,2020-11-19,Run1,public_held_out_calibration,58,True,2,modulation_magnitude,-0.35660263895988464,0.018863844935959717
Run1_20201119,2020-11-19,Run1,public_held_out_calibration,58,True,3,baseline_rate,-0.4416308104991913,0.0175037996597327
Run1_20201119,2020-11-19,Run1,public_held_out_calibration,59,True,0,m_cos_phi,0.16294491291046143,0.00022430626668601406
Run1_20201119,2020-11-19,Run1,public_held_out_calibration,59,True,1,m_sin_phi,-0.22844815254211426,-0.011786581253890205
Run1_20201119,2020-11-19,Run1,public_held_out_calibration,59,True,2,modulation_magnitude,-0.42074671387672424,0.011788713518541494
Run1_20201119,2020-11-19,Run1,public_held_out_calibration,59,True,3,baseline_rate,-0.35752585530281067,0.041345838813103164
Run1_20201119,2020-11-19,Run1,public_held_out_calibration,60,True,0,m_cos_phi,0.18787728250026703,0.0021997468405976495
Run1_20201119,2020-11-19,Run1,public_held_out_calibration,60,True,1,m_sin_phi,-0.31035327911376953,-0.019563856696336757
Run1_20201119,2020-11-19,Run1,public_held_out_calibration,60,True,2,modulation_magnitude,-0.3491385579109192,0.019687137724890835
Run1_20201119,2020-11-19,Run1,public_held_out_calibration,60,True,3,baseline_rate,-0.45681822299957275,0.013198478021703153
Run1_20201119,2020-11-19,Run1,public_held_out_calibration,61,True,0,m_cos_phi,0.18427714705467224,0.0019145010437555676
Run1_20201119,2020-11-19,Run1,public_held_out_calibration,61,True,1,m_sin_phi,0.1399460881948471,0.02319417760148812
Run1_20201119,2020-11-19,Run1,public_held_out_calibration,61,True,2,modulation_magnitude,-0.3166281580924988,0.023273055074955362
Run1_20201119,2020-11-19,Run1,public_held_out_calibration,61,True,3,baseline_rate,-0.38019898533821106,0.03491846895396389
Run1_20201119,2020-11-19,Run1,public_held_out_calibration,62,True,0,m_cos_phi,0.8999300599098206,0.058617085842199934
Run1_20201119,2020-11-19,Run1,public_held_out_calibration,62,True,1,m_sin_phi,0.18217453360557556,0.027203966307183247
Run1_20201119,2020-11-19,Run1,public_held_out_calibration,62,True,2,modulation_magnitude,0.05824791267514229,0.06462211918360514
Run1_20201119,2020-11-19,Run1,public_held_out_calibration,62,True,3,baseline_rate,-0.26046785712242126,0.06885980142519177
Run1_20201119,2020-11-19,Run1,public_held_out_calibration,63,True,0,m_cos_phi,0.008530670776963234,-0.012010237185014289
Run1_20201119,2020-11-19,Run1,public_held_out_calibration,63,True,1,m_sin_phi,0.006403926759958267,0.010513723811453712
Run1_20201119,2020-11-19,Run1,public_held_out_calibration,63,True,2,modulation_magnitude,-0.3829115033149719,0.01596196081031609
Run1_20201119,2020-11-19,Run1,public_held_out_calibration,63,True,3,baseline_rate,-0.45825424790382385,0.012791394254612065
Run1_20201119,2020-11-19,Run1,public_held_out_calibration,64,True,0,m_cos_phi,0.2707371413707733,0.008764896076485673
Run1_20201119,2020-11-19,Run1,public_held_out_calibration,64,True,1,m_sin_phi,-1.6479206085205078,-0.14657214029276133
Run1_20201119,2020-11-19,Run1,public_held_out_calibration,64,True,2,modulation_magnitude,0.8035914301872253,0.14683397342510007
Run1_20201119,2020-11-19,Run1,public_held_out_calibration,64,True,3,baseline_rate,1.316933035850525,0.5160207774105992
Run1_20201119,2020-11-19,Run1,public_held_out_calibration,65,True,0,m_cos_phi,0.16465753316879272,0.00036000053087636985
Run1_20201119,2020-11-19,Run1,public_held_out_calibration,65,True,1,m_sin_phi,-0.14283771812915802,-0.003657469474854347
Run1_20201119,2020-11-19,Run1,public_held_out_calibration,65,True,2,modulation_magnitude,-0.49430540204048157,0.0036751443958096264
Run1_20201119,2020-11-19,Run1,public_held_out_calibration,65,True,3,baseline_rate,-0.49575746059417725,0.002159998479502434
Run1_20201119,2020-11-19,Run1,public_held_out_calibration,66,True,0,m_cos_phi,0.6961306929588318,0.04246966202985991
Run1_20201119,2020-11-19,Run1,public_held_out_calibration,66,True,1,m_sin_phi,-0.22339795529842377,-0.01130704136857541
Run1_20201119,2020-11-19,Run1,public_held_out_calibration,66,True,2,modulation_magnitude,-0.12917660176753998,0.04394907849750973
Run1_20201119,2020-11-19,Run1,public_held_out_calibration,66,True,3,baseline_rate,0.43684476613998413,0.2665337057408461
Run1_20201119,2020-11-19,Run1,public_held_out_calibration,67,True,0,m_cos_phi,-0.8444884419441223,-0.07959661558846687
Run1_20201119,2020-11-19,Run1,public_held_out_calibration,67,True,1,m_sin_phi,-0.527005136013031,-0.040135965387835704
Run1_20201119,2020-11-19,Run1,public_held_out_calibration,67,True,2,modulation_magnitude,0.28055962920188904,0.0891432399901293
Run1_20201119,2020-11-19,Run1,public_held_out_calibration,67,True,3,baseline_rate,0.32048213481903076,0.23354727342582393
Run1_20201119,2020-11-19,Run1,public_held_out_calibration,68,True,0,m_cos_phi,-0.1874871701002121,-0.027541115414801753
Run1_20201119,2020-11-19,Run1,public_held_out_calibration,68,True,1,m_sin_phi,0.03673059865832329,0.013393383369759204
Run1_20201119,2020-11-19,Run1,public_held_out_calibration,68,True,2,modulation_magnitude,-0.24997368454933167,0.03062508502453576
Run1_20201119,2020-11-19,Run1,public_held_out_calibration,68,True,3,baseline_rate,0.05964798852801323,0.1596061136703043
Run1_20201119,2020-11-19,Run1,public_held_out_calibration,69,True,0,m_cos_phi,0.0958162471652031,-0.0050944296644529485
Run1_20201119,2020-11-19,Run1,public_held_out_calibration,69,True,1,m_sin_phi,-0.130690798163414,-0.002504062523357886
Run1_20201119,2020-11-19,Run1,public_held_out_calibration,69,True,2,modulation_magnitude,-0.4761601388454437,0.005676578228552165
Run1_20201119,2020-11-19,Run1,public_held_out_calibration,69,True,3,baseline_rate,-0.4700998067855835,0.009433419947473709
Run1_20201119,2020-11-19,Run1,public_held_out_calibration,70,True,0,m_cos_phi,1.5135365724563599,0.1072343340718458
Run1_20201119,2020-11-19,Run1,public_held_out_calibration,70,True,1,m_sin_phi,1.0195505619049072,0.1067167427789748
Run1_20201119,2020-11-19,Run1,public_held_out_calibration,70,True,2,modulation_magnitude,0.8439604043960571,0.1512866964253794
Run1_20201119,2020-11-19,Run1,public_held_out_calibration,70,True,3,baseline_rate,0.8098709583282471,0.3722790219189349
Run1_20201119,2020-11-19,Run1,public_held_out_calibration,71,True,0,m_cos_phi,6.73988151550293,0.5213279009333576
Run1_20201119,2020-11-19,Run1,public_held_out_calibration,71,True,1,m_sin_phi,2.728604555130005,0.2689994252884311
Run1_20201119,2020-11-19,Run1,public_held_out_calibration,71,True,2,modulation_magnitude,4.790907859802246,0.586637459233124
Run1_20201119,2020-11-19,Run1,public_held_out_calibration,71,True,3,baseline_rate,3.559504508972168,1.1517440441498081
Run1_20201119,2020-11-19,Run1,public_held_out_calibration,72,True,0,m_cos_phi,-2.8282175064086914,-0.236771362556496
Run1_20201119,2020-11-19,Run1,public_held_out_calibration,72,True,1,m_sin_phi,-0.15095745027065277,-0.004428476077573462
Run1_20201119,2020-11-19,Run1,public_held_out_calibration,72,True,2,modulation_magnitude,1.6193511486053467,0.23681277848740656
Run1_20201119,2020-11-19,Run1,public_held_out_calibration,72,True,3,baseline_rate,3.993464708328247,1.2747629083759833
Run1_20201119,2020-11-19,Run1,public_held_out_calibration,73,True,0,m_cos_phi,-0.22954204678535461,-0.03087320582985198
Run1_20201119,2020-11-19,Run1,public_held_out_calibration,73,True,1,m_sin_phi,0.15862852334976196,0.024968162335011534
Run1_20201119,2020-11-19,Run1,public_held_out_calibration,73,True,2,modulation_magnitude,-0.1676451861858368,0.03970596967484208
Run1_20201119,2020-11-19,Run1,public_held_out_calibration,73,True,3,baseline_rate,0.07177919894456863,0.16304506436059296
Run1_20201119,2020-11-19,Run1,public_held_out_calibration,74,True,0,m_cos_phi,0.5841518640518188,0.033597359650206826
Run1_20201119,2020-11-19,Run1,public_held_out_calibration,74,True,1,m_sin_phi,-0.22681009769439697,-0.01163104027283346
Run1_20201119,2020-11-19,Run1,public_held_out_calibration,74,True,2,modulation_magnitude,-0.20529046654701233,0.03555367180249491
Run1_20201119,2020-11-19,Run1,public_held_out_calibration,74,True,3,baseline_rate,0.09083523601293564,0.16844706214813399
Run1_20201119,2020-11-19,Run1,public_held_out_calibration,75,True,0,m_cos_phi,-0.2758752107620239,-0.03454427334341226
Run1_20201119,2020-11-19,Run1,public_held_out_calibration,75,True,1,m_sin_phi,-0.41257113218307495,-0.029269920672198246
Run1_20201119,2020-11-19,Run1,public_held_out_calibration,75,True,2,modulation_magnitude,-0.11713466048240662,0.04527731212194985
Run1_20201119,2020-11-19,Run1,public_held_out_calibration,75,True,3,baseline_rate,-0.07145889103412628,0.12243998774469089
Run1_20201119,2020-11-19,Run1,public_held_out_calibration,76,True,0,m_cos_phi,0.12294969707727432,-0.0029445931768524725
Run1_20201119,2020-11-19,Run1,public_held_out_calibration,76,True,1,m_sin_phi,-0.28487783670425415,-0.017144844102984003
Run1_20201119,2020-11-19,Run1,public_held_out_calibration,76,True,2,modulation_magnitude,-0.36991146206855774,0.01739587345726723
Run1_20201119,2020-11-19,Run1,public_held_out_calibration,76,True,3,baseline_rate,-0.4659256637096405,0.010616704361763318
Run1_20201119,2020-11-19,Run1,public_held_out_calibration,77,True,0,m_cos_phi,-0.09351229667663574,-0.02009530176197316
Run1_20201119,2020-11-19,Run1,public_held_out_calibration,77,True,1,m_sin_phi,-0.3129076659679413,-0.01980640769385067
Run1_20201119,2020-11-19,Run1,public_held_out_calibration,77,True,2,modulation_magnitude,-0.27181923389434814,0.02821550732461464
Run1_20201119,2020-11-19,Run1,public_held_out_calibration,77,True,3,baseline_rate,-0.20606818795204163,0.08428099794401955
Run1_20201119,2020-11-19,Run1,public_held_out_calibration,78,True,0,m_cos_phi,0.7604174613952637,0.047563228859822004
Run1_20201119,2020-11-19,Run1,public_held_out_calibration,78,True,1,m_sin_phi,0.0003762083069887012,0.009941363708240277
Run1_20201119,2020-11-19,Run1,public_held_out_calibration,78,True,2,modulation_magnitude,-0.08709176629781723,0.04859106206364178
Run1_20201119,2020-11-19,Run1,public_held_out_calibration,78,True,3,baseline_rate,-0.1366557478904724,0.10395800876715988
Run1_20201119,2020-11-19,Run1,public_held_out_calibration,79,True,0,m_cos_phi,0.42973536252975464,0.02136263718271625
Run1_20201119,2020-11-19,Run1,public_held_out_calibration,79,True,1,m_sin_phi,-0.37232810258865356,-0.025448656498697098
Run1_20201119,2020-11-19,Run1,public_held_out_calibration,79,True,2,modulation_magnitude,-0.22638943791389465,0.033226442118590827
Run1_20201119,2020-11-19,Run1,public_held_out_calibration,79,True,3,baseline_rate,-0.21653838455677032,0.08131291078660352
Run1_20201119,2020-11-19,Run1,public_held_out_calibration,80,True,0,m_cos_phi,0.006506707519292831,-0.012170599766072099
Run1_20201119,2020-11-19,Run1,public_held_out_calibration,80,True,1,m_sin_phi,-0.16246435046195984,-0.005521110153393405
Run1_20201119,2020-11-19,Run1,public_held_out_calibration,80,True,2,modulation_magnitude,-0.4064616858959198,0.013364361002689007
Run1_20201119,2020-11-19,Run1,public_held_out_calibration,80,True,3,baseline_rate,-0.29633525013923645,0.05869212715868155
Run1_20201119,2020-11-19,Run1,public_held_out_calibration,81,True,0,m_cos_phi,0.04084131121635437,-0.009450201731378893
Run1_20201119,2020-11-19,Run1,public_held_out_calibration,81,True,1,m_sin_phi,-1.7902820110321045,-0.1600900223356767
Run1_20201119,2020-11-19,Run1,public_held_out_calibration,81,True,2,modulation_magnitude,0.9262991547584534,0.1603687118775503
Run1_20201119,2020-11-19,Run1,public_held_out_calibration,81,True,3,baseline_rate,4.024435997009277,1.283542636938222
Run1_20201119,2020-11-19,Run1,public_held_out_calibration,82,True,0,m_cos_phi,-0.20297871530056,-0.028768540944137166
Run1_20201119,2020-11-19,Run1,public_held_out_calibration,82,True,1,m_sin_phi,-0.3053438365459442,-0.019088186658405615
Run1_20201119,2020-11-19,Run1,public_held_out_calibration,82,True,2,modulation_magnitude,-0.21461492776870728,0.034525177921717276
Run1_20201119,2020-11-19,Run1,public_held_out_calibration,82,True,3,baseline_rate,-0.33119499683380127,0.04881010006969788
Run1_20201119,2020-11-19,Run1,public_held_out_calibration,83,True,0,m_cos_phi,0.3012903332710266,0.011185685433264148
Run1_20201119,2020-11-19,Run1,public_held_out_calibration,83,True,1,m_sin_phi,0.3273179233074188,0.040986011065688555
Run1_20201119,2020-11-19,Run1,public_held_out_calibration,83,True,2,modulation_magnitude,-0.14245040714740753,0.042484969496116354
Run1_20201119,2020-11-19,Run1,public_held_out_calibration,83,True,3,baseline_rate,0.5628770589828491,0.30226128984730494
Run1_20201119,2020-11-19,Run1,public_held_out_calibration,84,True,0,m_cos_phi,-0.06543534249067307,-0.017870709579067
Run1_20201119,2020-11-19,Run1,public_held_out_calibration,84,True,1,m_sin_phi,-0.05531337857246399,0.004653376563032108
Run1_20201119,2020-11-19,Run1,public_held_out_calibration,84,True,2,modulation_magnitude,-0.36020389199256897,0.018466624483304495
Run1_20201119,2020-11-19,Run1,public_held_out_calibration,84,True,3,baseline_rate,-0.3998624384403229,0.029344281111447934
Run1_20201119,2020-11-19,Run1,public_held_out_calibration,85,True,0,m_cos_phi,0.20826604962348938,0.003815188873982134
Run1_20201119,2020-11-19,Run1,public_held_out_calibration,85,True,1,m_sin_phi,-0.353740394115448,-0.023683666507337442
Run1_20201119,2020-11-19,Run1,public_held_out_calibration,85,True,2,modulation_magnitude,-0.31013742089271545,0.023988987431044828
Run1_20201119,2020-11-19,Run1,public_held_out_calibration,85,True,3,baseline_rate,-0.4226265549659729,0.022891118438343128
Run1_20201119,2020-11-19,Run1,public_held_out_calibration,86,True,0,m_cos_phi,0.20523382723331451,0.0035749399430853313
Run1_20201119,2020-11-19,Run1,public_held_out_calibration,86,True,1,m_sin_phi,0.02597426064312458,0.012372018688476732
Run1_20201119,2020-11-19,Run1,public_held_out_calibration,86,True,2,modulation_magnitude,-0.41086962819099426,0.012878162221921174
Run1_20201119,2020-11-19,Run1,public_held_out_calibration,86,True,3,baseline_rate,-0.28660786151885986,0.06144964340496628
Run1_20201119,2020-11-19,Run1,public_held_out_calibration,87,True,0,m_cos_phi,0.4758833050727844,0.025019029238580792
Run1_20201119,2020-11-19,Run1,public_held_out_calibration,87,True,1,m_sin_phi,-0.34167760610580444,-0.022538248279178497
Run1_20201119,2020-11-19,Run1,public_held_out_calibration,87,True,2,modulation_magnitude,-0.22233369946479797,0.033673792595766416
Run1_20201119,2020-11-19,Run1,public_held_out_calibration,87,True,3,baseline_rate,-0.35581833124160767,0.041829887052918124
Run1_20201119,2020-11-19,Run1,public_held_out_calibration,88,True,0,m_cos_phi,0.1105298176407814,-0.003928644599384357
Run1_20201119,2020-11-19,Run1,public_held_out_calibration,88,True,1,m_sin_phi,-0.10878796130418777,-0.00042428556243534477
Run1_20201119,2020-11-19,Run1,public_held_out_calibration,88,True,2,modulation_magnitude,-0.4918000102043152,0.003951490675898395
Run1_20201119,2020-11-19,Run1,public_held_out_calibration,88,True,3,baseline_rate,-0.4867536127567291,0.004712405673230613
Run1_20201119,2020-11-19,Run1,public_held_out_calibration,89,True,0,m_cos_phi,0.4009140729904175,0.01907906984895824
Run1_20201119,2020-11-19,Run1,public_held_out_calibration,89,True,1,m_sin_phi,-0.4535442888736725,-0.03316051383367169
Run1_20201119,2020-11-19,Run1,public_held_out_calibration,89,True,2,modulation_magnitude,-0.1807778924703598,0.038257423991553074
Run1_20201119,2020-11-19,Run1,public_held_out_calibration,89,True,3,baseline_rate,-0.2991088926792145,0.057905856077730355
Run1_20201119,2020-11-19,Run1,public_held_out_calibration,90,True,0,m_cos_phi,1.0097917318344116,0.06732164171908472
Run1_20201119,2020-11-19,Run1,public_held_out_calibration,90,True,1,m_sin_phi,-0.1181994080543518,-0.0013179465181254457
Run1_20201119,2020-11-19,Run1,public_held_out_calibration,90,True,2,modulation_magnitude,0.0828390121459961,0.06733453277255563
Run1_20201119,2020-11-19,Run1,public_held_out_calibration,90,True,3,baseline_rate,0.4810923635959625,0.2790769970192821
Run1_20201119,2020-11-19,Run1,public_held_out_calibration,91,True,0,m_cos_phi,0.007379399612545967,-0.012101454658811656
Run1_20201119,2020-11-19,Run1,public_held_out_calibration,91,True,1,m_sin_phi,-0.4157636761665344,-0.029573067678506426
Run1_20201119,2020-11-19,Run1,public_held_out_calibration,91,True,2,modulation_magnitude,-0.23793217539787292,0.0319532709843624
Run1_20201119,2020-11-19,Run1,public_held_out_calibration,91,True,3,baseline_rate,-0.26063427329063416,0.06881262583620273
Run1_20201119,2020-11-19,Run1,public_held_out_calibration,92,True,0,m_cos_phi,0.25055497884750366,0.007165823731029697
Run1_20201119,2020-11-19,Run1,public_held_out_calibration,92,True,1,m_sin_phi,-0.0993179902434349,0.0004749325506950841
Run1_20201119,2020-11-19,Run1,public_held_out_calibration,92,True,2,modulation_magnitude,-0.4625159204006195,0.0071815440217333215
Run1_20201119,2020-11-19,Run1,public_held_out_calibration,92,True,3,baseline_rate,-0.4928121268749237,0.0029949405074747304
Run1_20201119,2020-11-19,Run1,public_held_out_calibration,93,True,0,m_cos_phi,-0.028865395113825798,-0.014973200877624687
Run1_20201119,2020-11-19,Run1,public_held_out_calibration,93,True,1,m_sin_phi,-0.1701045036315918,-0.006246578486205578
Run1_20201119,2020-11-19,Run1,public_held_out_calibration,93,True,2,modulation_magnitude,-0.380536288022995,0.016223948536496335
Run1_20201119,2020-11-19,Run1,public_held_out_calibration,93,True,3,baseline_rate,-0.4383104145526886,0.01844506417829006
Run1_20201119,2020-11-19,Run1,public_held_out_calibration,94,True,0,m_cos_phi,0.6957595944404602,0.042440259165945626
Run1_20201119,2020-11-19,Run1,public_held_out_calibration,94,True,1,m_sin_phi,0.05497611686587334,0.015125880792446755
Run1_20201119,2020-11-19,Run1,public_held_out_calibration,94,True,2,modulation_magnitude,-0.11914866417646408,0.04505516626001177
Run1_20201119,2020-11-19,Run1,public_held_out_calibration,94,True,3,baseline_rate,-0.3035331666469574,0.05665166465799931
Run1_20201119,2020-11-19,Run1,public_held_out_calibration,95,True,0,m_cos_phi,0.2648157775402069,0.00829573479914858
Run1_20201119,2020-11-19,Run1,public_held_out_calibration,95,True,1,m_sin_phi,-0.26671871542930603,-0.015420550473762784
Run1_20201119,2020-11-19,Run1,public_held_out_calibration,95,True,2,modulation_magnitude,-0.3688735365867615,0.01751035728441286
Run1_20201119,2020-11-19,Run1,public_held_out_calibration,95,True,3,baseline_rate,-0.4275686740875244,0.02149012848095566
Run1_20201124,2020-11-24,Run1,public_held_out_calibration,0,True,0,m_cos_phi,0.059225019067525864,-0.007993624479171346
Run1_20201124,2020-11-24,Run1,public_held_out_calibration,0,True,1,m_sin_phi,-0.08498717099428177,0.0018357109693581952
Run1_20201124,2020-11-24,Run1,public_held_out_calibration,0,True,2,modulation_magnitude,-0.45326706767082214,0.008201698238759603
Run1_20201124,2020-11-24,Run1,public_held_out_calibration,0,True,3,baseline_rate,-0.41873621940612793,0.023993949211167376
Run1_20201124,2020-11-24,Run1,public_held_out_calibration,1,True,0,m_cos_phi,0.3951299488544464,0.018620782341965292
Run1_20201124,2020-11-24,Run1,public_held_out_calibration,1,True,1,m_sin_phi,-0.36935895681381226,-0.02516672219877858
Run1_20201124,2020-11-24,Run1,public_held_out_calibration,1,True,2,modulation_magnitude,-0.24379581212997437,0.031306508200466876
Run1_20201124,2020-11-24,Run1,public_held_out_calibration,1,True,3,baseline_rate,-0.24548546969890594,0.07310700263620662
Run1_20201124,2020-11-24,Run1,public_held_out_calibration,2,True,0,m_cos_phi,0.07637998461723328,-0.0066344028909912645
Run1_20201124,2020-11-24,Run1,public_held_out_calibration,2,True,1,m_sin_phi,-0.03409479185938835,0.006668180767292198
Run1_20201124,2020-11-24,Run1,public_held_out_calibration,2,True,2,modulation_magnitude,-0.4423452913761139,0.009406376967026953
Run1_20201124,2020-11-24,Run1,public_held_out_calibration,2,True,3,baseline_rate,-0.4143206477165222,0.025245673712563033
Run1_20201124,2020-11-24,Run1,public_held_out_calibration,3,True,0,m_cos_phi,0.4891326427459717,0.02606880026506886
Run1_20201124,2020-11-24,Run1,public_held_out_calibration,3,True,1,m_sin_phi,-0.1191963478922844,-0.0014126106257789095
Run1_20201124,2020-11-24,Run1,public_held_out_calibration,3,True,2,modulation_magnitude,-0.29093486070632935,0.026107041780502716
Run1_20201124,2020-11-24,Run1,public_held_out_calibration,3,True,3,baseline_rate,-0.16113364696502686,0.09701902370064275
Run1_20201124,2020-11-24,Run1,public_held_out_calibration,4,True,0,m_cos_phi,0.259333074092865,0.00786132944487239
Run1_20201124,2020-11-24,Run1,public_held_out_calibration,4,True,1,m_sin_phi,-0.16629087924957275,-0.005884456986679609
Run1_20201124,2020-11-24,Run1,public_held_out_calibration,4,True,2,modulation_magnitude,-0.4385976791381836,0.009819740931185095
Run1_20201124,2020-11-24,Run1,public_held_out_calibration,4,True,3,baseline_rate,-0.4782789945602417,0.007114787059425254
Run1_20201124,2020-11-24,Run1,public_held_out_calibration,5,True,0,m_cos_phi,0.38300541043281555,0.017660131367665866
Run1_20201124,2020-11-24,Run1,public_held_out_calibration,5,True,1,m_sin_phi,-0.22365209460258484,-0.011331173085989743
Run1_20201124,2020-11-24,Run1,public_held_out_calibration,5,True,2,modulation_magnitude,-0.3373923897743225,0.020982747386816047
Run1_20201124,2020-11-24,Run1,public_held_out_calibration,5,True,3,baseline_rate,-0.40908491611480713,0.0267298968187184
Run1_20201124,2020-11-24,Run1,public_held_out_calibration,6,True,0,m_cos_phi,-0.8385908603668213,-0.07912933862573013
Run1_20201124,2020-11-24,Run1,public_held_out_calibration,6,True,1,m_sin_phi,2.9165103435516357,0.2868419601205652
Run1_20201124,2020-11-24,Run1,public_held_out_calibration,6,True,2,modulation_magnitude,2.170060396194458,0.29755635152251436
Run1_20201124,2020-11-24,Run1,public_held_out_calibration,6,True,3,baseline_rate,0.8403459191322327,0.3809180516525519
Run1_20201124,2020-11-24,Run1,public_held_out_calibration,7,True,0,m_cos_phi,-0.06547798216342926,-0.01787408800402246
Run1_20201124,2020-11-24,Run1,public_held_out_calibration,7,True,1,m_sin_phi,0.33323755860328674,0.041548108166832964
Run1_20201124,2020-11-24,Run1,public_held_out_calibration,7,True,2,modulation_magnitude,-0.11756608635187149,0.045229725579821134
Run1_20201124,2020-11-24,Run1,public_held_out_calibration,7,True,3,baseline_rate,-0.3890117406845093,0.03242023258340865
Run1_20201124,2020-11-24,Run1,public_held_out_calibration,8,True,0,m_cos_phi,0.5181831121444702,0.028370525968847815
Run1_20201124,2020-11-24,Run1,public_held_out_calibration,8,True,1,m_sin_phi,-0.2098829299211502,-0.010023726399533084
Run1_20201124,2020-11-24,Run1,public_held_out_calibration,8,True,2,modulation_magnitude,-0.25483185052871704,0.030089226290952897
Run1_20201124,2020-11-24,Run1,public_held_out_calibration,8,True,3,baseline_rate,-0.37272006273269653,0.037038590951167905
Run1_20201124,2020-11-24,Run1,public_held_out_calibration,9,True,0,m_cos_phi,0.2863024175167084,0.00999816345334148
Run1_20201124,2020-11-24,Run1,public_held_out_calibration,9,True,1,m_sin_phi,-0.15558993816375732,-0.004868352503342166
Run1_20201124,2020-11-24,Run1,public_held_out_calibration,9,True,2,modulation_magnitude,-0.42680537700653076,0.011120439201500965
Run1_20201124,2020-11-24,Run1,public_held_out_calibration,9,True,3,baseline_rate,-0.42588290572166443,0.021968009424932156
Run1_20201124,2020-11-24,Run1,public_held_out_calibration,10,True,0,m_cos_phi,0.03613191843032837,-0.00982333616428921
Run1_20201124,2020-11-24,Run1,public_held_out_calibration,10,True,1,m_sin_phi,0.06146016716957092,0.015741571742517113
Run1_20201124,2020-11-24,Run1,public_held_out_calibration,10,True,2,modulation_magnitude,-0.3594009280204773,0.018555191909576774
Run1_20201124,2020-11-24,Run1,public_held_out_calibration,10,True,3,baseline_rate,-0.1769227832555771,0.09254312564257683
Run1_20201124,2020-11-24,Run1,public_held_out_calibration,11,True,0,m_cos_phi,0.0946698859333992,-0.005185258114653313
Run1_20201124,2020-11-24,Run1,public_held_out_calibration,11,True,1,m_sin_phi,-0.1968519240617752,-0.008786371351044986
Run1_20201124,2020-11-24,Run1,public_held_out_calibration,11,True,2,modulation_magnitude,-0.43512922525405884,0.010202313555036202
Run1_20201124,2020-11-24,Run1,public_held_out_calibration,11,True,3,baseline_rate,-0.4342363774776459,0.01959997058337226
Run1_20201124,2020-11-24,Run1,public_held_out_calibration,12,True,0,m_cos_phi,0.08108150959014893,-0.00626189184035475
Run1_20201124,2020-11-24,Run1,public_held_out_calibration,12,True,1,m_sin_phi,0.017822613939642906,0.011597981648597128
Run1_20201124,2020-11-24,Run1,public_held_out_calibration,12,True,2,modulation_magnitude,-0.4081289768218994,0.013180457775030519
Run1_20201124,2020-11-24,Run1,public_held_out_calibration,12,True,3,baseline_rate,-0.4543122351169586,0.013908874467140286
Run1_20201124,2020-11-24,Run1,public_held_out_calibration,13,True,0,m_cos_phi,0.24500194191932678,0.006725845717033163
Run1_20201124,2020-11-24,Run1,public_held_out_calibration,13,True,1,m_sin_phi,-0.1350935697555542,-0.0029221263102723327
Run1_20201124,2020-11-24,Run1,public_held_out_calibration,13,True,2,modulation_magnitude,-0.4611409902572632,0.0073331996729626425
Run1_20201124,2020-11-24,Run1,public_held_out_calibration,13,True,3,baseline_rate,-0.4814123809337616,0.006226535940027311
Run1_20201124,2020-11-24,Run1,public_held_out_calibration,14,True,0,m_cos_phi,-0.015002173371613026,-0.013874790611562424
Run1_20201124,2020-11-24,Run1,public_held_out_calibration,14,True,1,m_sin_phi,-0.13095247745513916,-0.0025289101979115713
Run1_20201124,2020-11-24,Run1,public_held_out_calibration,14,True,2,modulation_magnitude,-0.3997616767883301,0.0141033761805609
Run1_20201124,2020-11-24,Run1,public_held_out_calibration,14,True,3,baseline_rate,-0.41578513383865356,0.024830521770779157
Run1_20201124,2020-11-24,Run1,public_held_out_calibration,15,True,0,m_cos_phi,0.2587962746620178,0.007818797772464414
Run1_20201124,2020-11-24,Run1,public_held_out_calibration,15,True,1,m_sin_phi,-0.23816172778606415,-0.012708930725348955
Run1_20201124,2020-11-24,Run1,public_held_out_calibration,15,True,2,modulation_magnitude,-0.3923446536064148,0.014921478457444959
Run1_20201124,2020-11-24,Run1,public_held_out_calibration,15,True,3,baseline_rate,-0.4275517463684082,0.021494927144019016
Run1_20201124,2020-11-24,Run1,public_held_out_calibration,16,True,0,m_cos_phi,0.17537200450897217,0.0012089291229688826
Run1_20201124,2020-11-24,Run1,public_held_out_calibration,16,True,1,m_sin_phi,-0.27635547518730164,-0.0163356059549975
Run1_20201124,2020-11-24,Run1,public_held_out_calibration,16,True,2,modulation_magnitude,-0.37911900877952576,0.016380275319846538
Run1_20201124,2020-11-24,Run1,public_held_out_calibration,16,True,3,baseline_rate,-0.45193642377853394,0.014582368517752187
Run1_20201124,2020-11-24,Run1,public_held_out_calibration,17,True,0,m_cos_phi,0.24751810729503632,0.006925206437880194
Run1_20201124,2020-11-24,Run1,public_held_out_calibration,17,True,1,m_sin_phi,-0.1290026307106018,-0.0023437631157010586
Run1_20201124,2020-11-24,Run1,public_held_out_calibration,17,True,2,modulation_magnitude,-0.46134164929389954,0.00731106685623506
Run1_20201124,2020-11-24,Run1,public_held_out_calibration,17,True,3,baseline_rate,-0.4731122851371765,0.008579443785906804
Run1_20201124,2020-11-24,Run1,public_held_out_calibration,18,True,0,m_cos_phi,0.4552552103996277,0.023384624813719945
Run1_20201124,2020-11-24,Run1,public_held_out_calibration,18,True,1,m_sin_phi,-0.2963242530822754,-0.01823173495740349
Run1_20201124,2020-11-24,Run1,public_held_out_calibration,18,True,2,modulation_magnitude,-0.25879645347595215,0.029651928116399162
Run1_20201124,2020-11-24,Run1,public_held_out_calibration,18,True,3,baseline_rate,-0.4363829493522644,0.018991461244526775
Run1_20201124,2020-11-24,Run1,public_held_out_calibration,19,True,0,m_cos_phi,0.1635570526123047,0.00027280729662493286
Run1_20201124,2020-11-24,Run1,public_held_out_calibration,19,True,1,m_sin_phi,-0.2390672117471695,-0.012794910669083892
Run1_20201124,2020-11-24,Run1,public_held_out_calibration,19,True,2,modulation_magnitude,-0.41159799695014954,0.012797822694099681
Run1_20201124,2020-11-24,Run1,public_held_out_calibration,19,True,3,baseline_rate,-0.44676974415779114,0.016047016795883273
Run1_20201124,2020-11-24,Run1,public_held_out_calibration,20,True,0,m_cos_phi,0.1617836207151413,0.00013229480694332274
Run1_20201124,2020-11-24,Run1,public_held_out_calibration,20,True,1,m_sin_phi,-0.06168094649910927,0.0040487461603102015
Run1_20201124,2020-11-24,Run1,public_held_out_calibration,20,True,2,modulation_magnitude,-0.4908986985683441,0.004050905910755409
Run1_20201124,2020-11-24,Run1,public_held_out_calibration,20,True,3,baseline_rate,-0.4720122814178467,0.008891272401520212
Run1_20201124,2020-11-24,Run1,public_held_out_calibration,21,True,0,m_cos_phi,0.23570314049720764,0.005989083430887998
Run1_20201124,2020-11-24,Run1,public_held_out_calibration,21,True,1,m_sin_phi,-0.09171437472105026,0.0011969314627450212
Run1_20201124,2020-11-24,Run1,public_held_out_calibration,21,True,2,modulation_magnitude,-0.4722532033920288,0.006107515642617578
Run1_20201124,2020-11-24,Run1,public_held_out_calibration,21,True,3,baseline_rate,-0.46794557571411133,0.010044100512388354
Run1_20201124,2020-11-24,Run1,public_held_out_calibration,22,True,0,m_cos_phi,0.14860859513282776,-0.0009115883267427627
Run1_20201124,2020-11-24,Run1,public_held_out_calibration,22,True,1,m_sin_phi,-0.17545004189014435,-0.006754162384370099
Run1_20201124,2020-11-24,Run1,public_held_out_calibration,22,True,2,modulation_magnitude,-0.46583542227745056,0.006815400897066004
Run1_20201124,2020-11-24,Run1,public_held_out_calibration,22,True,3,baseline_rate,-0.4705478250980377,0.009306415894953624
Run1_20201124,2020-11-24,Run1,public_held_out_calibration,23,True,0,m_cos_phi,0.18541353940963745,0.002004539640279468
Run1_20201124,2020-11-24,Run1,public_held_out_calibration,23,True,1,m_sin_phi,-0.13625745475292206,-0.0030326426428481934
Run1_20201124,2020-11-24,Run1,public_held_out_calibration,23,True,2,modulation_magnitude,-0.49466702342033386,0.0036352573323650272
Run1_20201124,2020-11-24,Run1,public_held_out_calibration,23,True,3,baseline_rate,-0.48234573006629944,0.0059619505002066475
Run1_20201124,2020-11-24,Run1,public_held_out_calibration,24,True,0,m_cos_phi,0.25681689381599426,0.007661967543377113
Run1_20201124,2020-11-24,Run1,public_held_out_calibration,24,True,1,m_sin_phi,-0.17238181829452515,-0.006462820181250883
Run1_20201124,2020-11-24,Run1,public_held_out_calibration,24,True,2,modulation_magnitude,-0.4367489218711853,0.010023660009289781
Run1_20201124,2020-11-24,Run1,public_held_out_calibration,24,True,3,baseline_rate,-0.4865790605545044,0.004761887661896225
Run1_20201124,2020-11-24,Run1,public_held_out_calibration,25,True,0,m_cos_phi,0.08902020752429962,-0.005632893222848212
Run1_20201124,2020-11-24,Run1,public_held_out_calibration,25,True,1,m_sin_phi,-0.176613911986351,-0.006864677302010902
Run1_20201124,2020-11-24,Run1,public_held_out_calibration,25,True,2,modulation_magnitude,-0.4471180737018585,0.008879936103624475
Run1_20201124,2020-11-24,Run1,public_held_out_calibration,25,True,3,baseline_rate,-0.47148117423057556,0.00904183045513296
Run1_20201124,2020-11-24,Run1,public_held_out_calibration,26,True,0,m_cos_phi,0.21071317791938782,0.004009079651506209
Run1_20201124,2020-11-24,Run1,public_held_out_calibration,26,True,1,m_sin_phi,-0.1681952327489853,-0.0060652842721580225
Run1_20201124,2020-11-24,Run1,public_held_out_calibration,26,True,2,modulation_magnitude,-0.46170929074287415,0.007270515775416486
Run1_20201124,2020-11-24,Run1,public_held_out_calibration,26,True,3,baseline_rate,-0.4613143801689148,0.01192390918065378
Run1_20201124,2020-11-24,Run1,public_held_out_calibration,27,True,0,m_cos_phi,0.2225281298160553,0.0049452014778501585
Run1_20201124,2020-11-24,Run1,public_held_out_calibration,27,True,1,m_sin_phi,-0.20548346638679504,-0.009605976728201515
Run1_20201124,2020-11-24,Run1,public_held_out_calibration,27,True,2,modulation_magnitude,-0.42967283725738525,0.010804156549746757
Run1_20201124,2020-11-24,Run1,public_held_out_calibration,27,True,3,baseline_rate,-0.4664810597896576,0.010459260902522693
Run1_20201124,2020-11-24,Run1,public_held_out_calibration,28,True,0,m_cos_phi,0.1885470300912857,0.002252812256654968
Run1_20201124,2020-11-24,Run1,public_held_out_calibration,28,True,1,m_sin_phi,-0.16258639097213745,-0.0055326984715184935
Run1_20201124,2020-11-24,Run1,public_held_out_calibration,28,True,2,modulation_magnitude,-0.47346577048301697,0.005973768737197238
Run1_20201124,2020-11-24,Run1,public_held_out_calibration,28,True,3,baseline_rate,-0.45340093970298767,0.014167208127617847
Run1_20201124,2020-11-24,Run1,public_held_out_calibration,29,True,0,m_cos_phi,0.14860859513282776,-0.0009115883267427627
Run1_20201124,2020-11-24,Run1,public_held_out_calibration,29,True,1,m_sin_phi,-0.17545004189014435,-0.006754162384370099
Run1_20201124,2020-11-24,Run1,public_held_out_calibration,29,True,2,modulation_magnitude,-0.46583542227745056,0.006815400897066004
Run1_20201124,2020-11-24,Run1,public_held_out_calibration,29,True,3,baseline_rate,-0.4705478250980377,0.009306415894953624
Run1_20201124,2020-11-24,Run1,public_held_out_calibration,30,True,0,m_cos_phi,0.05190562456846237,-0.00857355447009478
Run1_20201124,2020-11-24,Run1,public_held_out_calibration,30,True,1,m_sin_phi,-0.10738788545131683,-0.0002913418017225222
Run1_20201124,2020-11-24,Run1,public_held_out_calibration,30,True,2,modulation_magnitude,-0.4498508870601654,0.008578505087987187
Run1_20201124,2020-11-24,Run1,public_held_out_calibration,30,True,3,baseline_rate,-0.487345814704895,0.0045445285011673775
Run1_20201124,2020-11-24,Run1,public_held_out_calibration,31,True,0,m_cos_phi,-0.10209870338439941,-0.020775619616781427
Run1_20201124,2020-11-24,Run1,public_held_out_calibration,31,True,1,m_sin_phi,-0.030270766466856003,0.007031289891488657
Run1_20201124,2020-11-24,Run1,public_held_out_calibration,31,True,2,modulation_magnitude,-0.32877543568611145,0.021933202790078044
Run1_20201124,2020-11-24,Run1,public_held_out_calibration,31,True,3,baseline_rate,-0.45306769013404846,0.014261677582502408
Run1_20201124,2020-11-24,Run1,public_held_out_calibration,32,True,0,m_cos_phi,3.4195101261138916,0.2582483593186531
Run1_20201124,2020-11-24,Run1,public_held_out_calibration,32,True,1,m_sin_phi,-4.660297870635986,-0.43261147244053433
Run1_20201124,2020-11-24,Run1,public_held_out_calibration,32,True,2,modulation_magnitude,4.040166854858398,0.503830258765916
Run1_20201124,2020-11-24,Run1,public_held_out_calibration,32,True,3,baseline_rate,4.922032833099365,1.537993030021866
Run1_20201124,2020-11-24,Run1,public_held_out_calibration,33,True,0,m_cos_phi,0.03371942415833473,-0.010014482820127901
Run1_20201124,2020-11-24,Run1,public_held_out_calibration,33,True,1,m_sin_phi,-0.16465574502944946,-0.0057291933328942335
Run1_20201124,2020-11-24,Run1,public_held_out_calibration,33,True,2,modulation_magnitude,-0.42302438616752625,0.011537484846148471
Run1_20201124,2020-11-24,Run1,public_held_out_calibration,33,True,3,baseline_rate,-0.47355228662490845,0.008454712339661441
Run1_20201124,2020-11-24,Run1,public_held_out_calibration,34,True,0,m_cos_phi,1.919740915298462,0.13941870135627354
Run1_20201124,2020-11-24,Run1,public_held_out_calibration,34,True,1,m_sin_phi,-1.135744571685791,-0.09793862636980322
Run1_20201124,2020-11-24,Run1,public_held_out_calibration,34,True,2,modulation_magnitude,1.0170682668685913,0.17038060148160472
Run1_20201124,2020-11-24,Run1,public_held_out_calibration,34,True,3,baseline_rate,0.8485148549079895,0.38323377830804084
Run1_20201124,2020-11-24,Run1,public_held_out_calibration,35,True,0,m_cos_phi,0.13062836229801178,-0.0023361974615598857
Run1_20201124,2020-11-24,Run1,public_held_out_calibration,35,True,1,m_sin_phi,-0.12111154198646545,-0.0015944672765120238
Run1_20201124,2020-11-24,Run1,public_held_out_calibration,35,True,2,modulation_magnitude,-0.5019816160202026,0.0028284532124827066
Run1_20201124,2020-11-24,Run1,public_held_out_calibration,35,True,3,baseline_rate,-0.4229695796966553,0.02279387792450649
Run1_20201124,2020-11-24,Run1,public_held_out_calibration,36,True,0,m_cos_phi,0.11316372454166412,-0.0037199549864228576
Run1_20201124,2020-11-24,Run1,public_held_out_calibration,36,True,1,m_sin_phi,-0.0635852962732315,0.003867919228565553
Run1_20201124,2020-11-24,Run1,public_held_out_calibration,36,True,2,modulation_magnitude,-0.4789717495441437,0.005366455817188198
Run1_20201124,2020-11-24,Run1,public_held_out_calibration,36,True,3,baseline_rate,-0.3139440715312958,0.053700385493830716
Run1_20201124,2020-11-24,Run1,public_held_out_calibration,37,True,0,m_cos_phi,0.91836017370224,0.060077339928207074
Run1_20201124,2020-11-24,Run1,public_held_out_calibration,37,True,1,m_sin_phi,-1.2459303140640259,-0.10840127876014272
Run1_20201124,2020-11-24,Run1,public_held_out_calibration,37,True,2,modulation_magnitude,0.5959951281547546,0.12393597200323869
Run1_20201124,2020-11-24,Run1,public_held_out_calibration,37,True,3,baseline_rate,0.7089200019836426,0.34366148507918126
Run1_20201124,2020-11-24,Run1,public_held_out_calibration,38,True,0,m_cos_phi,0.18145477771759033,0.0016908791821048652
Run1_20201124,2020-11-24,Run1,public_held_out_calibration,38,True,1,m_sin_phi,-0.004697635769844055,0.00945957844534795
Run1_20201124,2020-11-24,Run1,public_held_out_calibration,38,True,2,modulation_magnitude,-0.44050365686416626,0.009609510400812926
Run1_20201124,2020-11-24,Run1,public_held_out_calibration,38,True,3,baseline_rate,-0.45929667353630066,0.012495887852094434
Run1_20201124,2020-11-24,Run1,public_held_out_calibration,39,True,0,m_cos_phi,0.7177543044090271,0.04418294320272853
Run1_20201124,2020-11-24,Run1,public_held_out_calibration,39,True,1,m_sin_phi,-0.36305752396583557,-0.02456837163157788
Run1_20201124,2020-11-24,Run1,public_held_out_calibration,39,True,2,modulation_magnitude,-0.06929277628660202,0.05055430174852188
Run1_20201124,2020-11-24,Run1,public_held_out_calibration,39,True,3,baseline_rate,1.0295006036758423,0.43453954618164303
Run1_20201124,2020-11-24,Run1,public_held_out_calibration,40,True,0,m_cos_phi,0.3186943233013153,0.01256463771976657
Run1_20201124,2020-11-24,Run1,public_held_out_calibration,40,True,1,m_sin_phi,-0.34541648626327515,-0.022893272464453496
Run1_20201124,2020-11-24,Run1,public_held_out_calibration,40,True,2,modulation_magnitude,-0.2908663749694824,0.02611459579993536
Run1_20201124,2020-11-24,Run1,public_held_out_calibration,40,True,3,baseline_rate,-0.3989558517932892,0.029601279932552238
Run1_20201124,2020-11-24,Run1,public_held_out_calibration,41,True,0,m_cos_phi,0.12330897152423859,-0.0029161271573212577
Run1_20201124,2020-11-24,Run1,public_held_out_calibration,41,True,1,m_sin_phi,-0.14351226389408112,-0.0037215207550602702
Run1_20201124,2020-11-24,Run1,public_held_out_calibration,41,True,2,modulation_magnitude,-0.4847605526447296,0.004727947229461238
Run1_20201124,2020-11-24,Run1,public_held_out_calibration,41,True,3,baseline_rate,-0.49157917499542236,0.003344457214506491
Run1_20201124,2020-11-24,Run1,public_held_out_calibration,42,True,0,m_cos_phi,0.23821933567523956,0.00618844651303152
Run1_20201124,2020-11-24,Run1,public_held_out_calibration,42,True,1,m_sin_phi,-0.08562344312667847,0.0017752939498487663
Run1_20201124,2020-11-24,Run1,public_held_out_calibration,42,True,2,modulation_magnitude,-0.4692564904689789,0.0064380549446239055
Run1_20201124,2020-11-24,Run1,public_held_out_calibration,42,True,3,baseline_rate,-0.459645539522171,0.01239699146156692
Run1_20201124,2020-11-24,Run1,public_held_out_calibration,43,True,0,m_cos_phi,0.09436022490262985,-0.0052097931658500185
Run1_20201124,2020-11-24,Run1,public_held_out_calibration,43,True,1,m_sin_phi,-0.08843329548835754,0.0015084853057003578
Run1_20201124,2020-11-24,Run1,public_held_out_calibration,43,True,2,modulation_magnitude,-0.4784519672393799,0.005423788129165885
Run1_20201124,2020-11-24,Run1,public_held_out_calibration,43,True,3,baseline_rate,-0.46189889311790466,0.011758211683010167
Run1_20201124,2020-11-24,Run1,public_held_out_calibration,44,True,0,m_cos_phi,0.19722850620746613,0.0029406626472716635
Run1_20201124,2020-11-24,Run1,public_held_out_calibration,44,True,1,m_sin_phi,-0.1735456883907318,-0.006573335098891686
Run1_20201124,2020-11-24,Run1,public_held_out_calibration,44,True,2,modulation_magnitude,-0.4623383581638336,0.0072011292470508526
Run1_20201124,2020-11-24,Run1,public_held_out_calibration,44,True,3,baseline_rate,-0.48751240968704224,0.004497302222075561
Run1_20201124,2020-11-24,Run1,public_held_out_calibration,45,True,0,m_cos_phi,0.3346126675605774,0.0138258793761592
Run1_20201124,2020-11-24,Run1,public_held_out_calibration,45,True,1,m_sin_phi,-0.045266974717378616,0.005607329670212768
Run1_20201124,2020-11-24,Run1,public_held_out_calibration,45,True,2,modulation_magnitude,-0.3923608958721161,0.014919686925421116
Run1_20201124,2020-11-24,Run1,public_held_out_calibration,45,True,3,baseline_rate,-0.4705100953578949,0.009317111506640607
Run1_20201124,2020-11-24,Run1,public_held_out_calibration,46,True,0,m_cos_phi,0.02075035870075226,-0.011042047328922111
Run1_20201124,2020-11-24,Run1,public_held_out_calibration,46,True,1,m_sin_phi,-0.16681846976280212,-0.005934554177343454
Run1_20201124,2020-11-24,Run1,public_held_out_calibration,46,True,2,modulation_magnitude,-0.41397374868392944,0.012535775798054427
Run1_20201124,2020-11-24,Run1,public_held_out_calibration,46,True,3,baseline_rate,-0.4383030831813812,0.01844714247250412
Run1_20201124,2020-11-24,Run1,public_held_out_calibration,47,True,0,m_cos_phi,0.18122762441635132,0.0016728813802453502
Run1_20201124,2020-11-24,Run1,public_held_out_calibration,47,True,1,m_sin_phi,-0.18498709797859192,-0.007659750535131682
Run1_20201124,2020-11-24,Run1,public_held_out_calibration,47,True,2,modulation_magnitude,-0.45654353499412537,0.007840301852151788
Run1_20201124,2020-11-24,Run1,public_held_out_calibration,47,True,3,baseline_rate,-0.3809069097042084,0.03471778683705029
Run1_20201124,2020-11-24,Run1,public_held_out_calibration,48,True,0,m_cos_phi,0.07835937291383743,-0.00647757207157984
Run1_20201124,2020-11-24,Run1,public_held_out_calibration,48,True,1,m_sin_phi,-0.09987469762563705,0.00042207057692789096
Run1_20201124,2020-11-24,Run1,public_held_out_calibration,48,True,2,modulation_magnitude,-0.4687736928462982,0.0064913078231307875
Run1_20201124,2020-11-24,Run1,public_held_out_calibration,48,True,3,baseline_rate,-0.4963969588279724,0.0019787137752533823
Run1_20201124,2020-11-24,Run1,public_held_out_calibration,49,True,0,m_cos_phi,-0.00036337488563731313,-0.012714929877974682
Run1_20201124,2020-11-24,Run1,public_held_out_calibration,49,True,1,m_sin_phi,-0.08615104109048843,0.0017251960517173925
Run1_20201124,2020-11-24,Run1,public_held_out_calibration,49,True,2,modulation_magnitude,-0.41129326820373535,0.012831434464638747
Run1_20201124,2020-11-24,Run1,public_held_out_calibration,49,True,3,baseline_rate,-0.41966959834098816,0.02372935532299625
Run1_20201124,2020-11-24,Run1,public_held_out_calibration,50,True,0,m_cos_phi,-0.17669686675071716,-0.026686178503786184
Run1_20201124,2020-11-24,Run1,public_held_out_calibration,50,True,1,m_sin_phi,0.38957375288009644,0.04689749371337282
Run1_20201124,2020-11-24,Run1,public_held_out_calibration,50,True,2,modulation_magnitude,-0.038429275155067444,0.05395856514760189
Run1_20201124,2020-11-24,Run1,public_held_out_calibration,50,True,3,baseline_rate,-0.13159142434597015,0.10539364118562355
Run1_20201124,2020-11-24,Run1,public_held_out_calibration,51,True,0,m_cos_phi,0.2728177309036255,0.008929745268458689
Run1_20201124,2020-11-24,Run1,public_held_out_calibration,51,True,1,m_sin_phi,-0.16094040870666504,-0.005376404745010888
Run1_20201124,2020-11-24,Run1,public_held_out_calibration,51,True,2,modulation_magnitude,-0.4331253468990326,0.010423342585772266
Run1_20201124,2020-11-24,Run1,public_held_out_calibration,51,True,3,baseline_rate,-0.45208093523979187,0.014541402466353937
Run1_20201124,2020-11-24,Run1,public_held_out_calibration,52,True,0,m_cos_phi,0.08871056139469147,-0.005657427093396672
Run1_20201124,2020-11-24,Run1,public_held_out_calibration,52,True,1,m_sin_phi,-0.06819529086351395,0.0034301786472669127
Run1_20201124,2020-11-24,Run1,public_held_out_calibration,52,True,2,modulation_magnitude,-0.4676424264907837,0.006616087206787746
Run1_20201124,2020-11-24,Run1,public_held_out_calibration,52,True,3,baseline_rate,-0.35804009437561035,0.04120006252585284
Run1_20201124,2020-11-24,Run1,public_held_out_calibration,53,True,0,m_cos_phi,0.16576357185840607,0.00044763414692350345
Run1_20201124,2020-11-24,Run1,public_held_out_calibration,53,True,1,m_sin_phi,-0.12455766648054123,-0.0019216929401698613
Run1_20201124,2020-11-24,Run1,public_held_out_calibration,53,True,2,modulation_magnitude,-0.5097360014915466,0.0019731396649382837
Run1_20201124,2020-11-24,Run1,public_held_out_calibration,53,True,3,baseline_rate,-0.466132253408432,0.01055814039634928
Run1_20201124,2020-11-24,Run1,public_held_out_calibration,54,True,0,m_cos_phi,-0.049498867243528366,-0.01660803136892125
Run1_20201124,2020-11-24,Run1,public_held_out_calibration,54,True,1,m_sin_phi,-0.09124314039945602,0.0012416773690194782
Run1_20201124,2020-11-24,Run1,public_held_out_calibration,54,True,2,modulation_magnitude,-0.3766339123249054,0.016654383006709184
Run1_20201124,2020-11-24,Run1,public_held_out_calibration,54,True,3,baseline_rate,-0.4641522169113159,0.011119440352803878
Run1_20201124,2020-11-24,Run1,public_held_out_calibration,55,True,0,m_cos_phi,0.09184405207633972,-0.005409154477021172
Run1_20201124,2020-11-24,Run1,public_held_out_calibration,55,True,1,m_sin_phi,-0.09452423453330994,0.0009301221111290836
Run1_20201124,2020-11-24,Run1,public_held_out_calibration,55,True,2,modulation_magnitude,-0.47786492109298706,0.0054885396847725865
Run1_20201124,2020-11-24,Run1,public_held_out_calibration,55,True,3,baseline_rate,-0.47019895911216736,0.009405312285481138
Run1_20201124,2020-11-24,Run1,public_held_out_calibration,56,True,0,m_cos_phi,1.2297254800796509,0.0847474242260855
Run1_20201124,2020-11-24,Run1,public_held_out_calibration,56,True,1,m_sin_phi,-0.8773693442344666,-0.07340468819640034
Run1_20201124,2020-11-24,Run1,public_held_out_calibration,56,True,2,modulation_magnitude,0.4888489246368408,0.11211767901593639
Run1_20201124,2020-11-24,Run1,public_held_out_calibration,56,True,3,baseline_rate,-0.042856406420469284,0.1305482086747204
Run1_20201124,2020-11-24,Run1,public_held_out_calibration,57,True,0,m_cos_phi,0.4244881272315979,0.02094688843202075
Run1_20201124,2020-11-24,Run1,public_held_out_calibration,57,True,1,m_sin_phi,-0.3840468227863312,-0.02656140387636663
Run1_20201124,2020-11-24,Run1,public_held_out_calibration,57,True,2,modulation_magnitude,-0.22094278037548065,0.03382721183769444
Run1_20201124,2020-11-24,Run1,public_held_out_calibration,57,True,3,baseline_rate,0.2414284348487854,0.21113716208923883
Run1_20201124,2020-11-24,Run1,public_held_out_calibration,58,True,0,m_cos_phi,0.3234170079231262,0.01293882529091217
Run1_20201124,2020-11-24,Run1,public_held_out_calibration,58,True,1,m_sin_phi,-0.2248159646987915,-0.011441688003630546
Run1_20201124,2020-11-24,Run1,public_held_out_calibration,58,True,2,modulation_magnitude,-0.37103360891342163,0.0172720999613154
Run1_20201124,2020-11-24,Run1,public_held_out_calibration,58,True,3,baseline_rate,-0.41001829504966736,0.026465302930547274
Run1_20201124,2020-11-24,Run1,public_held_out_calibration,59,True,0,m_cos_phi,0.3948203921318054,0.018596255555306307
Run1_20201124,2020-11-24,Run1,public_held_out_calibration,59,True,1,m_sin_phi,-0.2609403431415558,-0.014871866956968294
Run1_20201124,2020-11-24,Run1,public_held_out_calibration,59,True,2,modulation_magnitude,-0.3117454946041107,0.02381161589904024
Run1_20201124,2020-11-24,Run1,public_held_out_calibration,59,True,3,baseline_rate,-0.4142516255378723,0.02526524009223685
Run1_20201124,2020-11-24,Run1,public_held_out_calibration,60,True,0,m_cos_phi,0.06318376958370209,-0.007679964906482928
Run1_20201124,2020-11-24,Run1,public_held_out_calibration,60,True,1,m_sin_phi,-0.21654696762561798,-0.01065650799643536
Run1_20201124,2020-11-24,Run1,public_held_out_calibration,60,True,2,modulation_magnitude,-0.40853598713874817,0.013135564283563328
Run1_20201124,2020-11-24,Run1,public_held_out_calibration,60,True,3,baseline_rate,-0.4417853057384491,0.017460003410929126
Run1_20201124,2020-11-24,Run1,public_held_out_calibration,61,True,0,m_cos_phi,0.11524679511785507,-0.0035549092165169105
Run1_20201124,2020-11-24,Run1,public_held_out_calibration,61,True,1,m_sin_phi,-0.3493902087211609,-0.023270596026242707
Run1_20201124,2020-11-24,Run1,public_held_out_calibration,61,True,2,modulation_magnitude,-0.3142029345035553,0.02354055874744021
Run1_20201124,2020-11-24,Run1,public_held_out_calibration,61,True,3,baseline_rate,-0.26103895902633667,0.0686979056852568
Run1_20201124,2020-11-24,Run1,public_held_out_calibration,62,True,0,m_cos_phi,0.16042354702949524,2.4533499601187003e-05
Run1_20201124,2020-11-24,Run1,public_held_out_calibration,62,True,1,m_sin_phi,-0.2127382904291153,-0.01029485625534865
Run1_20201124,2020-11-24,Run1,public_held_out_calibration,62,True,2,modulation_magnitude,-0.43428996205329895,0.010294884808840665
Run1_20201124,2020-11-24,Run1,public_held_out_calibration,62,True,3,baseline_rate,-0.4757145047187805,0.007841767616822537
Run1_20201124,2020-11-24,Run1,public_held_out_calibration,63,True,0,m_cos_phi,-0.08347997814416885,-0.019300421475602625
Run1_20201124,2020-11-24,Run1,public_held_out_calibration,63,True,1,m_sin_phi,-0.04834604635834694,0.005314957394371322
Run1_20201124,2020-11-24,Run1,public_held_out_calibration,63,True,2,modulation_magnitude,-0.3461310863494873,0.020018863711412038
Run1_20201124,2020-11-24,Run1,public_held_out_calibration,63,True,3,baseline_rate,-0.451072096824646,0.014827387577899032
Run1_20201124,2020-11-24,Run1,public_held_out_calibration,64,True,0,m_cos_phi,-2.507326364517212,-0.21134652761579886
Run1_20201124,2020-11-24,Run1,public_held_out_calibration,64,True,1,m_sin_phi,-1.0743886232376099,-0.09211259165027208
Run1_20201124,2020-11-24,Run1,public_held_out_calibration,64,True,2,modulation_magnitude,1.562548041343689,0.2305473603749002
Run1_20201124,2020-11-24,Run1,public_held_out_calibration,64,True,3,baseline_rate,2.008985996246338,0.7122036745946758
Run1_20201124,2020-11-24,Run1,public_held_out_calibration,65,True,0,m_cos_phi,0.1482989490032196,-0.0009361221972912226
Run1_20201124,2020-11-24,Run1,public_held_out_calibration,65,True,1,m_sin_phi,-0.06703142076730728,0.0035406935649077154
Run1_20201124,2020-11-24,Run1,public_held_out_calibration,65,True,2,modulation_magnitude,-0.4944213628768921,0.0036623538433238068
Run1_20201124,2020-11-24,Run1,public_held_out_calibration,65,True,3,baseline_rate,-0.4982103705406189,0.0014646485462410652
Run1_20201124,2020-11-24,Run1,public_held_out_calibration,66,True,0,m_cos_phi,-3.0126588344573975,-0.2513850109552642
Run1_20201124,2020-11-24,Run1,public_held_out_calibration,66,True,1,m_sin_phi,0.03655228763818741,0.013376451903121311
Run1_20201124,2020-11-24,Run1,public_held_out_calibration,66,True,2,modulation_magnitude,1.75468909740448,0.2517406385393146
Run1_20201124,2020-11-24,Run1,public_held_out_calibration,66,True,3,baseline_rate,0.6187426447868347,0.31809804382873885
Run1_20201124,2020-11-24,Run1,public_held_out_calibration,67,True,0,m_cos_phi,-0.561448335647583,-0.0571707924829461
Run1_20201124,2020-11-24,Run1,public_held_out_calibration,67,True,1,m_sin_phi,-1.1750015020370483,-0.1016662558009056
Run1_20201124,2020-11-24,Run1,public_held_out_calibration,67,True,2,modulation_magnitude,0.5298348069190979,0.1166384473609745
Run1_20201124,2020-11-24,Run1,public_held_out_calibration,67,True,3,baseline_rate,0.39430785179138184,0.2544753582273742
Run1_20201124,2020-11-24,Run1,public_held_out_calibration,68,True,0,m_cos_phi,-0.46027010679244995,-0.049154242842246454
Run1_20201124,2020-11-24,Run1,public_held_out_calibration,68,True,1,m_sin_phi,-0.25633886456489563,-0.014434935011055305
Run1_20201124,2020-11-24,Run1,public_held_out_calibration,68,True,2,modulation_magnitude,-0.06316732615232468,0.05122994271375586
Run1_20201124,2020-11-24,Run1,public_held_out_calibration,68,True,3,baseline_rate,-0.05921711400151253,0.1259102818151997
Run1_20201124,2020-11-24,Run1,public_held_out_calibration,69,True,0,m_cos_phi,0.12330897152423859,-0.0029161271573212577
Run1_20201124,2020-11-24,Run1,public_held_out_calibration,69,True,1,m_sin_phi,-0.14351226389408112,-0.0037215207550602702
Run1_20201124,2020-11-24,Run1,public_held_out_calibration,69,True,2,modulation_magnitude,-0.4847605526447296,0.004727947229461238
Run1_20201124,2020-11-24,Run1,public_held_out_calibration,69,True,3,baseline_rate,-0.49157917499542236,0.003344457214506491
Run1_20201124,2020-11-24,Run1,public_held_out_calibration,70,True,0,m_cos_phi,0.21101488173007965,0.0040329842365396384
Run1_20201124,2020-11-24,Run1,public_held_out_calibration,70,True,1,m_sin_phi,0.4610556364059448,0.05368503340222297
Run1_20201124,2020-11-24,Run1,public_held_out_calibration,70,True,2,modulation_magnitude,-0.0395377054810524,0.05383630459222616
Run1_20201124,2020-11-24,Run1,public_held_out_calibration,70,True,3,baseline_rate,0.9797667264938354,0.42044100651470373
Run1_20201124,2020-11-24,Run1,public_held_out_calibration,71,True,0,m_cos_phi,5.304758548736572,0.40762029175922265
Run1_20201124,2020-11-24,Run1,public_held_out_calibration,71,True,1,m_sin_phi,0.9694786071777344,0.10196217612173086
Run1_20201124,2020-11-24,Run1,public_held_out_calibration,71,True,2,modulation_magnitude,3.281775712966919,0.4201792434282634
Run1_20201124,2020-11-24,Run1,public_held_out_calibration,71,True,3,baseline_rate,4.196594715118408,1.3323461216813968
Run1_20201124,2020-11-24,Run1,public_held_out_calibration,72,True,0,m_cos_phi,-0.980713963508606,-0.09039003101299947
Run1_20201124,2020-11-24,Run1,public_held_out_calibration,72,True,1,m_sin_phi,-0.7227741479873657,-0.05872515013060031
Run1_20201124,2020-11-24,Run1,public_held_out_calibration,72,True,2,modulation_magnitude,0.4496269226074219,0.10779146776147286
Run1_20201124,2020-11-24,Run1,public_held_out_calibration,72,True,3,baseline_rate,3.528843402862549,1.1430522460191952
Run1_20201124,2020-11-24,Run1,public_held_out_calibration,73,True,0,m_cos_phi,0.3786332905292511,0.01731371972715179
Run1_20201124,2020-11-24,Run1,public_held_out_calibration,73,True,1,m_sin_phi,0.23635132610797882,0.032348306539791816
Run1_20201124,2020-11-24,Run1,public_held_out_calibration,73,True,2,modulation_magnitude,-0.19498565793037415,0.036690298611574024
Run1_20201124,2020-11-24,Run1,public_held_out_calibration,73,True,3,baseline_rate,-0.12536893784999847,0.10715758917563045
Run1_20201124,2020-11-24,Run1,public_held_out_calibration,74,True,0,m_cos_phi,-0.055685341358184814,-0.017098197854362063
Run1_20201124,2020-11-24,Run1,public_held_out_calibration,74,True,1,m_sin_phi,-0.14287598431110382,-0.0036611030280833123
Run1_20201124,2020-11-24,Run1,public_held_out_calibration,74,True,2,modulation_magnitude,-0.36909645795822144,0.01748576891828746
Run1_20201124,2020-11-24,Run1,public_held_out_calibration,74,True,3,baseline_rate,-0.1684626042842865,0.09494141380297183
Run1_20201124,2020-11-24,Run1,public_held_out_calibration,75,True,0,m_cos_phi,0.3308168947696686,0.013525132848497545
Run1_20201124,2020-11-24,Run1,public_held_out_calibration,75,True,1,m_sin_phi,-0.3067059814929962,-0.019217528701928277
Run1_20201124,2020-11-24,Run1,public_held_out_calibration,75,True,2,modulation_magnitude,-0.3145720660686493,0.023499843305885504
Run1_20201124,2020-11-24,Run1,public_held_out_calibration,75,True,3,baseline_rate,-0.2700367569923401,0.06614721350667274
Run1_20201124,2020-11-24,Run1,public_held_out_calibration,76,True,0,m_cos_phi,0.1036590039730072,-0.004473032650677222
Run1_20201124,2020-11-24,Run1,public_held_out_calibration,76,True,1,m_sin_phi,-0.13181248307228088,-0.002610571759849467
Run1_20201124,2020-11-24,Run1,public_held_out_calibration,76,True,2,modulation_magnitude,-0.480670303106308,0.005179104301285653
Run1_20201124,2020-11-24,Run1,public_held_out_calibration,76,True,3,baseline_rate,-0.47536563873291016,0.007940664007350051
Run1_20201124,2020-11-24,Run1,public_held_out_calibration,77,True,0,m_cos_phi,-0.1997913271188736,-0.02851599792305648
Run1_20201124,2020-11-24,Run1,public_held_out_calibration,77,True,1,m_sin_phi,-0.9463147521018982,-0.0799513776396763
Run1_20201124,2020-11-24,Run1,public_held_out_calibration,77,True,2,modulation_magnitude,0.24194969236850739,0.08488453990803213
Run1_20201124,2020-11-24,Run1,public_held_out_calibration,77,True,3,baseline_rate,0.11492282152175903,0.17527540128071628
Run1_20201124,2020-11-24,Run1,public_held_out_calibration,78,True,0,m_cos_phi,0.06046164780855179,-0.007895643957059773
Run1_20201124,2020-11-24,Run1,public_held_out_calibration,78,True,1,m_sin_phi,-0.3342442810535431,-0.02183241924497148
Run1_20201124,2020-11-24,Run1,public_held_out_calibration,78,True,2,modulation_magnitude,-0.31714287400245667,0.023216281589480525
Run1_20201124,2020-11-24,Run1,public_held_out_calibration,78,True,3,baseline_rate,-0.3427664637565613,0.045529825241773736
Run1_20201124,2020-11-24,Run1,public_held_out_calibration,79,True,0,m_cos_phi,0.4366147518157959,0.021907704697074593
Run1_20201124,2020-11-24,Run1,public_held_out_calibration,79,True,1,m_sin_phi,-0.7141710519790649,-0.05790824586446952
Run1_20201124,2020-11-24,Run1,public_held_out_calibration,79,True,2,modulation_magnitude,0.03369348868727684,0.0619137509232727
Run1_20201124,2020-11-24,Run1,public_held_out_calibration,79,True,3,baseline_rate,-0.26580989360809326,0.06734544305293255
Run1_20201124,2020-11-24,Run1,public_held_out_calibration,80,True,0,m_cos_phi,4.115436553955078,0.3133879759949991
Run1_20201124,2020-11-24,Run1,public_held_out_calibration,80,True,1,m_sin_phi,-1.849593997001648,-0.16572197324317095
Run1_20201124,2020-11-24,Run1,public_held_out_calibration,80,True,2,modulation_magnitude,2.686389923095703,0.3545078199512943
Run1_20201124,2020-11-24,Run1,public_held_out_calibration,80,True,3,baseline_rate,1.2174081802368164,0.4878075110372322
Run1_20201124,2020-11-24,Run1,public_held_out_calibration,81,True,0,m_cos_phi,0.7536931037902832,0.04703044480981333
Run1_20201124,2020-11-24,Run1,public_held_out_calibration,81,True,1,m_sin_phi,-0.9076566100120544,-0.07628060595894492
Run1_20201124,2020-11-24,Run1,public_held_out_calibration,81,True,2,modulation_magnitude,0.28482377529144287,0.08961357795986036
Run1_20201124,2020-11-24,Run1,public_held_out_calibration,81,True,3,baseline_rate,2.800156593322754,0.9364843998913841
Run1_20201124,2020-11-24,Run1,public_held_out_calibration,82,True,0,m_cos_phi,0.25003230571746826,0.007124411313158774
Run1_20201124,2020-11-24,Run1,public_held_out_calibration,82,True,1,m_sin_phi,0.061505675315856934,0.01574589295418427
Run1_20201124,2020-11-24,Run1,public_held_out_calibration,82,True,2,modulation_magnitude,-0.37093785405158997,0.017282661782219266
Run1_20201124,2020-11-24,Run1,public_held_out_calibration,82,True,3,baseline_rate,-0.3583889305591583,0.04110117458367579
Run1_20201124,2020-11-24,Run1,public_held_out_calibration,83,True,0,m_cos_phi,0.47867774963378906,0.0252404385654188
Run1_20201124,2020-11-24,Run1,public_held_out_calibration,83,True,1,m_sin_phi,0.06914924830198288,0.016471686014592257
Run1_20201124,2020-11-24,Run1,public_held_out_calibration,83,True,2,modulation_magnitude,-0.25437504053115845,0.03013961271822163
Run1_20201124,2020-11-24,Run1,public_held_out_calibration,83,True,3,baseline_rate,0.27104613184928894,0.21953317502176883
Run1_20201124,2020-11-24,Run1,public_held_out_calibration,84,True,0,m_cos_phi,0.5448427796363831,0.030482823745471954
Run1_20201124,2020-11-24,Run1,public_held_out_calibration,84,True,1,m_sin_phi,-0.09076337516307831,0.001287233325614645
Run1_20201124,2020-11-24,Run1,public_held_out_calibration,84,True,2,modulation_magnitude,-0.25101718306541443,0.030509986488236995
Run1_20201124,2020-11-24,Run1,public_held_out_calibration,84,True,3,baseline_rate,-0.34798651933670044,0.04405004596796225
Run1_20201124,2020-11-24,Run1,public_held_out_calibration,85,True,0,m_cos_phi,-0.06780795753002167,-0.018058696525037776
Run1_20201124,2020-11-24,Run1,public_held_out_calibration,85,True,1,m_sin_phi,-0.18158648908138275,-0.007336846790608531
Run1_20201124,2020-11-24,Run1,public_held_out_calibration,85,True,2,modulation_magnitude,-0.3509058952331543,0.01949219931740842
Run1_20201124,2020-11-24,Run1,public_held_out_calibration,85,True,3,baseline_rate,-0.438485324382782,0.018395480809418885
Run1_20201124,2020-11-24,Run1,public_held_out_calibration,86,True,0,m_cos_phi,0.17557796835899353,0.0012252480430228196
Run1_20201124,2020-11-24,Run1,public_held_out_calibration,86,True,1,m_sin_phi,-0.16474910080432892,-0.005738057901032656
Run1_20201124,2020-11-24,Run1,public_held_out_calibration,86,True,2,modulation_magnitude,-0.47442999482154846,0.005867414192060716
Run1_20201124,2020-11-24,Run1,public_held_out_calibration,86,True,3,baseline_rate,-0.41815173625946045,0.024159638260460525
Run1_20201124,2020-11-24,Run1,public_held_out_calibration,87,True,0,m_cos_phi,0.1823817491531372,0.0017643249481817946
Run1_20201124,2020-11-24,Run1,public_held_out_calibration,87,True,1,m_sin_phi,-0.1455361396074295,-0.003913697234638969
Run1_20201124,2020-11-24,Run1,public_held_out_calibration,87,True,2,modulation_magnitude,-0.48870381712913513,0.004293002700648918
Run1_20201124,2020-11-24,Run1,public_held_out_calibration,87,True,3,baseline_rate,-0.4109894037246704,0.026190013430689163
Run1_20201124,2020-11-24,Run1,public_held_out_calibration,88,True,0,m_cos_phi,0.06654442101716995,-0.00741369389792379
Run1_20201124,2020-11-24,Run1,public_held_out_calibration,88,True,1,m_sin_phi,-0.06258644908666611,0.003962764447906442
Run1_20201124,2020-11-24,Run1,public_held_out_calibration,88,True,2,modulation_magnitude,-0.4514118432998657,0.008406330642459103
Run1_20201124,2020-11-24,Run1,public_held_out_calibration,88,True,3,baseline_rate,-0.4912302792072296,0.003443362053384469
Run1_20201124,2020-11-24,Run1,public_held_out_calibration,89,True,0,m_cos_phi,-2.912921667098999,-0.24348263944512283
Run1_20201124,2020-11-24,Run1,public_held_out_calibration,89,True,1,m_sin_phi,0.5412092804908752,0.06129599737795122
Run1_20201124,2020-11-24,Run1,public_held_out_calibration,89,True,2,modulation_magnitude,1.7486965656280518,0.25107965855174363
Run1_20201124,2020-11-24,Run1,public_held_out_calibration,89,True,3,baseline_rate,0.8560557961463928,0.3853714813225597
Run1_20201124,2020-11-24,Run1,public_held_out_calibration,90,True,0,m_cos_phi,1.485482931137085,0.10501158901312024
Run1_20201124,2020-11-24,Run1,public_held_out_calibration,90,True,1,m_sin_phi,-0.20560982823371887,-0.009617975377493426
Run1_20201124,2020-11-24,Run1,public_held_out_calibration,90,True,2,modulation_magnitude,0.4284090995788574,0.10545112866525486
Run1_20201124,2020-11-24,Run1,public_held_out_calibration,90,True,3,baseline_rate,-0.14456212520599365,0.1017167120792557
Run1_20201124,2020-11-24,Run1,public_held_out_calibration,91,True,0,m_cos_phi,0.6208849549293518,0.03650779453138764
Run1_20201124,2020-11-24,Run1,public_held_out_calibration,91,True,1,m_sin_phi,-1.1999149322509766,-0.10403190270361051
Run1_20201124,2020-11-24,Run1,public_held_out_calibration,91,True,2,modulation_magnitude,0.4719325304031372,0.11025179019506748
Run1_20201124,2020-11-24,Run1,public_held_out_calibration,91,True,3,baseline_rate,-0.041322868317365646,0.13098293544452855
Run1_20201124,2020-11-24,Run1,public_held_out_calibration,92,True,0,m_cos_phi,0.04155443608760834,-0.009393699448277948
Run1_20201124,2020-11-24,Run1,public_held_out_calibration,92,True,1,m_sin_phi,-0.13906729221343994,-0.003299449872061544
Run1_20201124,2020-11-24,Run1,public_held_out_calibration,92,True,2,modulation_magnitude,-0.4373595714569092,0.009956304979622743
Run1_20201124,2020-11-24,Run1,public_held_out_calibration,92,True,3,baseline_rate,-0.4845990836620331,0.005323170721649895
Run1_20201124,2020-11-24,Run1,public_held_out_calibration,93,True,0,m_cos_phi,-0.08100617676973343,-0.019104417337718504
Run1_20201124,2020-11-24,Run1,public_held_out_calibration,93,True,1,m_sin_phi,-0.17962130904197693,-0.007150243740223328
Run1_20201124,2020-11-24,Run1,public_held_out_calibration,93,True,2,modulation_magnitude,-0.3426879644393921,0.020398642202748896
Run1_20201124,2020-11-24,Run1,public_held_out_calibration,93,True,3,baseline_rate,-0.35952672362327576,0.040778633459674474
Run1_20201124,2020-11-24,Run1,public_held_out_calibration,94,True,0,m_cos_phi,0.3175613582134247,0.012474870672339211
Run1_20201124,2020-11-24,Run1,public_held_out_calibration,94,True,1,m_sin_phi,-0.3161843419075012,-0.020117543423496365
Run1_20201124,2020-11-24,Run1,public_held_out_calibration,94,True,2,modulation_magnitude,-0.3130161762237549,0.023671458924910738
Run1_20201124,2020-11-24,Run1,public_held_out_calibration,94,True,3,baseline_rate,-0.3399442434310913,0.046329867133980684
Run1_20201124,2020-11-24,Run1,public_held_out_calibration,95,True,0,m_cos_phi,-0.002342753577977419,-0.012871759936421416
Run1_20201124,2020-11-24,Run1,public_held_out_calibration,95,True,1,m_sin_phi,-0.02037113346159458,0.007971306418948582
Run1_20201124,2020-11-24,Run1,public_held_out_calibration,95,True,2,modulation_magnitude,-0.3903622329235077,0.015140140693580717
Run1_20201124,2020-11-24,Run1,public_held_out_calibration,95,True,3,baseline_rate,-0.47869691252708435,0.006996315840873457
Run2_20201124,2020-11-24,Run2,public_held_out_calibration,0,True,0,m_cos_phi,0.490311861038208,0.02616223204465129
Run2_20201124,2020-11-24,Run2,public_held_out_calibration,0,True,1,m_sin_phi,0.0532737597823143,0.01496423401288094
Run2_20201124,2020-11-24,Run2,public_held_out_calibration,0,True,2,modulation_magnitude,-0.2543758749961853,0.030139520676209397
Run2_20201124,2020-11-24,Run2,public_held_out_calibration,0,True,3,baseline_rate,-0.45121902227401733,0.014785737210113226
Run2_20201124,2020-11-24,Run2,public_held_out_calibration,1,True,0,m_cos_phi,1.641660451889038,0.11738584049030365
Run2_20201124,2020-11-24,Run2,public_held_out_calibration,1,True,1,m_sin_phi,0.43344923853874207,0.05106367660596467
Run2_20201124,2020-11-24,Run2,public_held_out_calibration,1,True,2,modulation_magnitude,0.6329441070556641,0.12801146739080593
Run2_20201124,2020-11-24,Run2,public_held_out_calibration,1,True,3,baseline_rate,-0.2707274854183197,0.06595140608797667
Run2_20201124,2020-11-24,Run2,public_held_out_calibration,2,True,0,m_cos_phi,0.14860796928405762,-0.0009116379139690878
Run2_20201124,2020-11-24,Run2,public_held_out_calibration,2,True,1,m_sin_phi,0.068452849984169,0.016405559732123765
Run2_20201124,2020-11-24,Run2,public_held_out_calibration,2,True,2,modulation_magnitude,-0.37866029143333435,0.01643087212885752
Run2_20201124,2020-11-24,Run2,public_held_out_calibration,2,True,3,baseline_rate,-0.39776530861854553,0.02993877463687422
Run2_20201124,2020-11-24,Run2,public_held_out_calibration,3,True,0,m_cos_phi,-0.20691260695457458,-0.02908023090038947
Run2_20201124,2020-11-24,Run2,public_held_out_calibration,3,True,1,m_sin_phi,0.45281386375427246,0.052902438481378766
Run2_20201124,2020-11-24,Run2,public_held_out_calibration,3,True,2,modulation_magnitude,0.019681917503476143,0.06036826589416559
Run2_20201124,2020-11-24,Run2,public_held_out_calibration,3,True,3,baseline_rate,-0.17616209387779236,0.09275876556398632
Run2_20201124,2020-11-24,Run2,public_held_out_calibration,4,True,0,m_cos_phi,0.20731161534786224,0.0037395671731881297
Run2_20201124,2020-11-24,Run2,public_held_out_calibration,4,True,1,m_sin_phi,-0.07584386318922043,0.0027039108761469643
Run2_20201124,2020-11-24,Run2,public_held_out_calibration,4,True,2,modulation_magnitude,-0.4857872426509857,0.0046147026822660475
Run2_20201124,2020-11-24,Run2,public_held_out_calibration,4,True,3,baseline_rate,-0.48907899856567383,0.0040532062316032125
Run2_20201124,2020-11-24,Run2,public_held_out_calibration,5,True,0,m_cos_phi,0.32324647903442383,0.01292531395238683
Run2_20201124,2020-11-24,Run2,public_held_out_calibration,5,True,1,m_sin_phi,0.21946947276592255,0.030745295484002844
Run2_20201124,2020-11-24,Run2,public_held_out_calibration,5,True,2,modulation_magnitude,-0.22525368630886078,0.033351716228063544
Run2_20201124,2020-11-24,Run2,public_held_out_calibration,5,True,3,baseline_rate,-0.3529908061027527,0.0426314327515076
Run2_20201124,2020-11-24,Run2,public_held_out_calibration,6,True,0,m_cos_phi,-1.111040472984314,-0.10071605613256374
Run2_20201124,2020-11-24,Run2,public_held_out_calibration,6,True,1,m_sin_phi,2.2134056091308594,0.2200788719798652
Run2_20201124,2020-11-24,Run2,public_held_out_calibration,6,True,2,modulation_magnitude,1.666649580001831,0.24202982493170744
Run2_20201124,2020-11-24,Run2,public_held_out_calibration,6,True,3,baseline_rate,0.4713238477706909,0.27630782204935755
Run2_20201124,2020-11-24,Run2,public_held_out_calibration,7,True,0,m_cos_phi,-0.049222078174352646,-0.016586100827754857
Run2_20201124,2020-11-24,Run2,public_held_out_calibration,7,True,1,m_sin_phi,0.32736968994140625,0.040990926550080076
Run2_20201124,2020-11-24,Run2,public_held_out_calibration,7,True,2,modulation_magnitude,-0.12672589719295502,0.04421939273858244
Run2_20201124,2020-11-24,Run2,public_held_out_calibration,7,True,3,baseline_rate,-0.32235217094421387,0.05131686082587095
Run2_20201124,2020-11-24,Run2,public_held_out_calibration,8,True,0,m_cos_phi,0.5662320852279663,0.03217754040532306
Run2_20201124,2020-11-24,Run2,public_held_out_calibration,8,True,1,m_sin_phi,-0.09529699385166168,0.0008567449939558269
Run2_20201124,2020-11-24,Run2,public_held_out_calibration,8,True,2,modulation_magnitude,-0.2357955276966095,0.03218894455668786
Run2_20201124,2020-11-24,Run2,public_held_out_calibration,8,True,3,baseline_rate,-0.3599073886871338,0.04067072267920224
Run2_20201124,2020-11-24,Run2,public_held_out_calibration,9,True,0,m_cos_phi,0.2309316247701645,0.005611026875440794
Run2_20201124,2020-11-24,Run2,public_held_out_calibration,9,True,1,m_sin_phi,-0.18904834985733032,-0.008045385425451634
Run2_20201124,2020-11-24,Run2,public_held_out_calibration,9,True,2,modulation_magnitude,-0.4386971890926361,0.009808764921226176
Run2_20201124,2020-11-24,Run2,public_held_out_calibration,9,True,3,baseline_rate,-0.44079598784446716,0.01774045485292053
Run2_20201124,2020-11-24,Run2,public_held_out_calibration,10,True,0,m_cos_phi,-0.2807585895061493,-0.03493119302524095
Run2_20201124,2020-11-24,Run2,public_held_out_calibration,10,True,1,m_sin_phi,0.14369280636310577,0.02354994604260363
Run2_20201124,2020-11-24,Run2,public_held_out_calibration,10,True,2,modulation_magnitude,-0.145684614777565,0.04212823437998525
Run2_20201124,2020-11-24,Run2,public_held_out_calibration,10,True,3,baseline_rate,-0.2835753858089447,0.0623092884096943
Run2_20201124,2020-11-24,Run2,public_held_out_calibration,11,True,0,m_cos_phi,0.39958497881889343,0.018973763109319197
Run2_20201124,2020-11-24,Run2,public_held_out_calibration,11,True,1,m_sin_phi,0.0804952085018158,0.01754903808431818
Run2_20201124,2020-11-24,Run2,public_held_out_calibration,11,True,2,modulation_magnitude,-0.29330912232398987,0.025845159245193594
Run2_20201124,2020-11-24,Run2,public_held_out_calibration,11,True,3,baseline_rate,-0.41958683729171753,0.02375281639223381
Run2_20201124,2020-11-24,Run2,public_held_out_calibration,12,True,0,m_cos_phi,0.29618629813194275,0.010781282712211127
Run2_20201124,2020-11-24,Run2,public_held_out_calibration,12,True,1,m_sin_phi,0.03535331040620804,0.013262603398483841
Run2_20201124,2020-11-24,Run2,public_held_out_calibration,12,True,2,modulation_magnitude,-0.37266743183135986,0.017091888275790446
Run2_20201124,2020-11-24,Run2,public_held_out_calibration,12,True,3,baseline_rate,-0.4724094271659851,0.00877868968324158
Run2_20201124,2020-11-24,Run2,public_held_out_calibration,13,True,0,m_cos_phi,0.2579917907714844,0.007755056934968252
Run2_20201124,2020-11-24,Run2,public_held_out_calibration,13,True,1,m_sin_phi,-0.004932186100631952,0.00943730679271753
Run2_20201124,2020-11-24,Run2,public_held_out_calibration,13,True,2,modulation_magnitude,-0.4168829023838043,0.012214894332903237
Run2_20201124,2020-11-24,Run2,public_held_out_calibration,13,True,3,baseline_rate,-0.4624810218811035,0.011593190053403646
Run2_20201124,2020-11-24,Run2,public_held_out_calibration,14,True,0,m_cos_phi,-0.09201434254646301,-0.01997661591641231
Run2_20201124,2020-11-24,Run2,public_held_out_calibration,14,True,1,m_sin_phi,0.21905767917633057,0.030706193753674782
Run2_20201124,2020-11-24,Run2,public_held_out_calibration,14,True,2,modulation_magnitude,-0.19551023840904236,0.03663243705802599
Run2_20201124,2020-11-24,Run2,public_held_out_calibration,14,True,3,baseline_rate,-0.326947420835495,0.05001420121952993
Run2_20201124,2020-11-24,Run2,public_held_out_calibration,15,True,0,m_cos_phi,0.1964561492204666,0.0028794672873935223
Run2_20201124,2020-11-24,Run2,public_held_out_calibration,15,True,1,m_sin_phi,0.07438446581363678,0.016968794441054813
Run2_20201124,2020-11-24,Run2,public_held_out_calibration,15,True,2,modulation_magnitude,-0.3715841472148895,0.017211375243743943
Run2_20201124,2020-11-24,Run2,public_held_out_calibration,15,True,3,baseline_rate,-0.46500372886657715,0.010878054083356403
Run2_20201124,2020-11-24,Run2,public_held_out_calibration,16,True,0,m_cos_phi,0.14911901950836182,-0.0008711464017299164
Run2_20201124,2020-11-24,Run2,public_held_out_calibration,16,True,1,m_sin_phi,0.0427098385989666,0.013961140211135648
Run2_20201124,2020-11-24,Run2,public_held_out_calibration,16,True,2,modulation_magnitude,-0.4008050262928009,0.01398829408033575
Run2_20201124,2020-11-24,Run2,public_held_out_calibration,16,True,3,baseline_rate,-0.42666587233543396,0.02174605436155108
Run2_20201124,2020-11-24,Run2,public_held_out_calibration,17,True,0,m_cos_phi,0.2281501144170761,0.005390642351280173
Run2_20201124,2020-11-24,Run2,public_held_out_calibration,17,True,1,m_sin_phi,-0.034483179450035095,0.006631301546206503
Run2_20201124,2020-11-24,Run2,public_held_out_calibration,17,True,2,modulation_magnitude,-0.4501460790634155,0.008545945226159368
Run2_20201124,2020-11-24,Run2,public_held_out_calibration,17,True,3,baseline_rate,-0.4878932237625122,0.0043893491998510115
Run2_20201124,2020-11-24,Run2,public_held_out_calibration,18,True,0,m_cos_phi,0.23701392114162445,0.00609293915383291
Run2_20201124,2020-11-24,Run2,public_held_out_calibration,18,True,1,m_sin_phi,-0.049491703510284424,0.0052061718811051705
Run2_20201124,2020-11-24,Run2,public_held_out_calibration,18,True,2,modulation_magnitude,-0.4549665153026581,0.008014248106415378
Run2_20201124,2020-11-24,Run2,public_held_out_calibration,18,True,3,baseline_rate,-0.4110308587551117,0.026178261775194223
Run2_20201124,2020-11-24,Run2,public_held_out_calibration,19,True,0,m_cos_phi,0.24054299294948578,0.006372554439190603
Run2_20201124,2020-11-24,Run2,public_held_out_calibration,19,True,1,m_sin_phi,0.031482525169849396,0.012895054208075352
Run2_20201124,2020-11-24,Run2,public_held_out_calibration,19,True,2,modulation_magnitude,-0.3972198963165283,0.01438373614982602
Run2_20201124,2020-11-24,Run2,public_held_out_calibration,19,True,3,baseline_rate,-0.4392702579498291,0.01817296815490721
Run2_20201124,2020-11-24,Run2,public_held_out_calibration,20,True,0,m_cos_phi,0.33340099453926086,0.01372987614469734
Run2_20201124,2020-11-24,Run2,public_held_out_calibration,20,True,1,m_sin_phi,-0.1277599185705185,-0.0022257617766683335
Run2_20201124,2020-11-24,Run2,public_held_out_calibration,20,True,2,modulation_magnitude,-0.4015228748321533,0.013909114939311351
Run2_20201124,2020-11-24,Run2,public_held_out_calibration,20,True,3,baseline_rate,-0.48337242007255554,0.005670904826733825
Run2_20201124,2020-11-24,Run2,public_held_out_calibration,21,True,0,m_cos_phi,0.16948877274990082,0.0007427891244928819
Run2_20201124,2020-11-24,Run2,public_held_out_calibration,21,True,1,m_sin_phi,-0.14507120847702026,-0.003869549845894049
Run2_20201124,2020-11-24,Run2,public_held_out_calibration,21,True,2,modulation_magnitude,-0.4919023811817169,0.003940199093326102
Run2_20201124,2020-11-24,Run2,public_held_out_calibration,21,True,3,baseline_rate,-0.45541518926620483,0.013596209464830977
Run2_20201124,2020-11-24,Run2,public_held_out_calibration,22,True,0,m_cos_phi,-0.06645317375659943,-0.017951354347822912
Run2_20201124,2020-11-24,Run2,public_held_out_calibration,22,True,1,m_sin_phi,-0.24891187250614166,-0.013729707324247942
Run2_20201124,2020-11-24,Run2,public_held_out_calibration,22,True,2,modulation_magnitude,-0.32273098826408386,0.02259990910569587
Run2_20201124,2020-11-24,Run2,public_held_out_calibration,22,True,3,baseline_rate,-0.4263412356376648,0.021838082243151646
Run2_20201124,2020-11-24,Run2,public_held_out_calibration,23,True,0,m_cos_phi,0.2601228654384613,0.007923906163198158
Run2_20201124,2020-11-24,Run2,public_held_out_calibration,23,True,1,m_sin_phi,-0.13695316016674042,-0.0030987031308364887
Run2_20201124,2020-11-24,Run2,public_held_out_calibration,23,True,2,modulation_magnitude,-0.4504878520965576,0.008508247447720052
Run2_20201124,2020-11-24,Run2,public_held_out_calibration,23,True,3,baseline_rate,-0.474950909614563,0.008058231252402237
Run2_20201124,2020-11-24,Run2,public_held_out_calibration,24,True,0,m_cos_phi,0.05685466527938843,-0.008181432261770816
Run2_20201124,2020-11-24,Run2,public_held_out_calibration,24,True,1,m_sin_phi,-0.1462627500295639,-0.003982692297937573
Run2_20201124,2020-11-24,Run2,public_held_out_calibration,24,True,2,modulation_magnitude,-0.44512906670570374,0.009099324814213938
Run2_20201124,2020-11-24,Run2,public_held_out_calibration,24,True,3,baseline_rate,-0.46773189306259155,0.010104675185212741
Run2_20201124,2020-11-24,Run2,public_held_out_calibration,25,True,0,m_cos_phi,0.18434207141399384,0.0019196451281626725
Run2_20201124,2020-11-24,Run2,public_held_out_calibration,25,True,1,m_sin_phi,0.014816420152783394,0.011312529466390636
Run2_20201124,2020-11-24,Run2,public_held_out_calibration,25,True,2,modulation_magnitude,-0.42359769344329834,0.01147424869652891
Run2_20201124,2020-11-24,Run2,public_held_out_calibration,25,True,3,baseline_rate,-0.4777948260307312,0.00725203896105775
Run2_20201124,2020-11-24,Run2,public_held_out_calibration,26,True,0,m_cos_phi,0.2991577386856079,0.011016715778913166
Run2_20201124,2020-11-24,Run2,public_held_out_calibration,26,True,1,m_sin_phi,0.10353221744298935,0.019736509997310914
Run2_20201124,2020-11-24,Run2,public_held_out_calibration,26,True,2,modulation_magnitude,-0.3227025270462036,0.022603048395755998
Run2_20201124,2020-11-24,Run2,public_held_out_calibration,26,True,3,baseline_rate,-0.43120893836021423,0.02045818781687192
Run2_20201124,2020-11-24,Run2,public_held_out_calibration,27,True,0,m_cos_phi,0.3928056061267853,0.0184366201059869
Run2_20201124,2020-11-24,Run2,public_held_out_calibration,27,True,1,m_sin_phi,-0.0750555768609047,0.0027787623556506658
Run2_20201124,2020-11-24,Run2,public_held_out_calibration,27,True,2,modulation_magnitude,-0.3585880696773529,0.01864485069113697
Run2_20201124,2020-11-24,Run2,public_held_out_calibration,27,True,3,baseline_rate,-0.46837976574897766,0.009921016494483403
Run2_20201124,2020-11-24,Run2,public_held_out_calibration,28,True,0,m_cos_phi,0.10716322064399719,-0.004195386686593583
Run2_20201124,2020-11-24,Run2,public_held_out_calibration,28,True,1,m_sin_phi,-0.04640920087695122,0.005498869945743723
Run2_20201124,2020-11-24,Run2,public_held_out_calibration,28,True,2,modulation_magnitude,-0.46491825580596924,0.006916564930155467
Run2_20201124,2020-11-24,Run2,public_held_out_calibration,28,True,3,baseline_rate,-0.46486926078796387,0.010916173040648403
Run2_20201124,2020-11-24,Run2,public_held_out_calibration,29,True,0,m_cos_phi,0.14614759385585785,-0.0011065782877837105
Run2_20201124,2020-11-24,Run2,public_held_out_calibration,29,True,1,m_sin_phi,-0.02546907216310501,0.00748723325857481
Run2_20201124,2020-11-24,Run2,public_held_out_calibration,29,True,2,modulation_magnitude,-0.4590071439743042,0.00756856424710417
Run2_20201124,2020-11-24,Run2,public_held_out_calibration,29,True,3,baseline_rate,-0.46786636114120483,0.010066556227920742
Run2_20201124,2020-11-24,Run2,public_held_out_calibration,30,True,0,m_cos_phi,0.20731161534786224,0.0037395671731881297
Run2_20201124,2020-11-24,Run2,public_held_out_calibration,30,True,1,m_sin_phi,-0.07584386318922043,0.0027039108761469643
Run2_20201124,2020-11-24,Run2,public_held_out_calibration,30,True,2,modulation_magnitude,-0.4857872426509857,0.0046147026822660475
Run2_20201124,2020-11-24,Run2,public_held_out_calibration,30,True,3,baseline_rate,-0.48907899856567383,0.0040532062316032125
Run2_20201124,2020-11-24,Run2,public_held_out_calibration,31,True,0,m_cos_phi,0.12563841044902802,-0.002731561139642791
Run2_20201124,2020-11-24,Run2,public_held_out_calibration,31,True,1,m_sin_phi,0.15911313891410828,0.025014178852968083
Run2_20201124,2020-11-24,Run2,public_held_out_calibration,31,True,2,modulation_magnitude,-0.29949477314949036,0.025162878106219866
Run2_20201124,2020-11-24,Run2,public_held_out_calibration,31,True,3,baseline_rate,-0.3864811360836029,0.03313760736632876
Run2_20201124,2020-11-24,Run2,public_held_out_calibration,32,True,0,m_cos_phi,2.384136199951172,0.17621365116366405
Run2_20201124,2020-11-24,Run2,public_held_out_calibration,32,True,1,m_sin_phi,-6.932093620300293,-0.6483291208182749
Run2_20201124,2020-11-24,Run2,public_held_out_calibration,32,True,2,modulation_magnitude,5.56345272064209,0.6718496385868562
Run2_20201124,2020-11-24,Run2,public_held_out_calibration,32,True,3,baseline_rate,4.484169960021973,1.4138678374057747
Run2_20201124,2020-11-24,Run2,public_held_out_calibration,33,True,0,m_cos_phi,0.36537376046180725,0.01626314113726357
Run2_20201124,2020-11-24,Run2,public_held_out_calibration,33,True,1,m_sin_phi,-0.23022989928722382,-0.011955766453711325
Run2_20201124,2020-11-24,Run2,public_held_out_calibration,33,True,2,modulation_magnitude,-0.3446257710456848,0.02018490092705294
Run2_20201124,2020-11-24,Run2,public_held_out_calibration,33,True,3,baseline_rate,-0.47043007612228394,0.009339795327635514
Run2_20201124,2020-11-24,Run2,public_held_out_calibration,34,True,0,m_cos_phi,1.9086133241653442,0.1385370404722135
Run2_20201124,2020-11-24,Run2,public_held_out_calibration,34,True,1,m_sin_phi,-0.7787353992462158,-0.06403893308121056
Run2_20201124,2020-11-24,Run2,public_held_out_calibration,34,True,2,modulation_magnitude,0.8560671210289001,0.1526220748110192
Run2_20201124,2020-11-24,Run2,public_held_out_calibration,34,True,3,baseline_rate,1.4531006813049316,0.5546215272328396
Run2_20201124,2020-11-24,Run2,public_held_out_calibration,35,True,0,m_cos_phi,0.54836505651474,0.030761900655229546
Run2_20201124,2020-11-24,Run2,public_held_out_calibration,35,True,1,m_sin_phi,-0.0684787780046463,0.0034032602152558322
Run2_20201124,2020-11-24,Run2,public_held_out_calibration,35,True,2,modulation_magnitude,-0.24703176319599152,0.0309495807822745
Run2_20201124,2020-11-24,Run2,public_held_out_calibration,35,True,3,baseline_rate,-0.46099627017974854,0.012014086873502805
Run2_20201124,2020-11-24,Run2,public_held_out_calibration,36,True,0,m_cos_phi,0.08033954352140427,-0.0063206792681355095
Run2_20201124,2020-11-24,Run2,public_held_out_calibration,36,True,1,m_sin_phi,0.030757060274481773,0.012826167917909331
Run2_20201124,2020-11-24,Run2,public_held_out_calibration,36,True,2,modulation_magnitude,-0.39798808097839355,0.01429900490313507
Run2_20201124,2020-11-24,Run2,public_held_out_calibration,36,True,3,baseline_rate,-0.3485167324542999,0.04389974136486341
Run2_20201124,2020-11-24,Run2,public_held_out_calibration,37,True,0,m_cos_phi,0.4096176028251648,0.019768667598978773
Run2_20201124,2020-11-24,Run2,public_held_out_calibration,37,True,1,m_sin_phi,-1.3925057649612427,-0.12231930443746286
Run2_20201124,2020-11-24,Run2,public_held_out_calibration,37,True,2,modulation_magnitude,0.5957276225090027,0.12390646596388821
Run2_20201124,2020-11-24,Run2,public_held_out_calibration,37,True,3,baseline_rate,0.3249186873435974,0.234804945565946
Run2_20201124,2020-11-24,Run2,public_held_out_calibration,38,True,0,m_cos_phi,0.13139139115810394,-0.0022757411874836375
Run2_20201124,2020-11-24,Run2,public_held_out_calibration,38,True,1,m_sin_phi,0.07272687554359436,0.01681139848013702
Run2_20201124,2020-11-24,Run2,public_held_out_calibration,38,True,2,modulation_magnitude,-0.3738202750682831,0.01696472894867429
Run2_20201124,2020-11-24,Run2,public_held_out_calibration,38,True,3,baseline_rate,-0.439287006855011,0.018168220181946637
Run2_20201124,2020-11-24,Run2,public_held_out_calibration,39,True,0,m_cos_phi,0.01503134798258543,-0.011495175772033336
Run2_20201124,2020-11-24,Run2,public_held_out_calibration,39,True,1,m_sin_phi,1.2899385690689087,0.13239135065848195
Run2_20201124,2020-11-24,Run2,public_held_out_calibration,39,True,2,modulation_magnitude,0.6771687269210815,0.132889470508613
Run2_20201124,2020-11-24,Run2,public_held_out_calibration,39,True,3,baseline_rate,0.8520245552062988,0.3842287067487433
Run2_20201124,2020-11-24,Run2,public_held_out_calibration,40,True,0,m_cos_phi,0.14112766087055206,-0.0015043174301372364
Run2_20201124,2020-11-24,Run2,public_held_out_calibration,40,True,1,m_sin_phi,-0.2840989828109741,-0.01707088827737202
Run2_20201124,2020-11-24,Run2,public_held_out_calibration,40,True,2,modulation_magnitude,-0.3722580373287201,0.017137044744435448
Run2_20201124,2020-11-24,Run2,public_held_out_calibration,40,True,3,baseline_rate,-0.41176095604896545,0.025971294085535668
Run2_20201124,2020-11-24,Run2,public_held_out_calibration,41,True,0,m_cos_phi,0.06024433299899101,-0.007912862235914975
Run2_20201124,2020-11-24,Run2,public_held_out_calibration,41,True,1,m_sin_phi,-0.06848734617233276,0.0034024466275974774
Run2_20201124,2020-11-24,Run2,public_held_out_calibration,41,True,2,modulation_magnitude,-0.4495348632335663,0.008613362712906136
Run2_20201124,2020-11-24,Run2,public_held_out_calibration,41,True,3,baseline_rate,-0.4433354437351227,0.017020570909912713
Run2_20201124,2020-11-24,Run2,public_held_out_calibration,42,True,0,m_cos_phi,0.21528847515583038,0.004371589430852252
Run2_20201124,2020-11-24,Run2,public_held_out_calibration,42,True,1,m_sin_phi,-0.32959064841270447,-0.02139053502635546
Run2_20201124,2020-11-24,Run2,public_held_out_calibration,42,True,2,modulation_magnitude,-0.32968685030937195,0.021832673189430052
Run2_20201124,2020-11-24,Run2,public_held_out_calibration,42,True,3,baseline_rate,-0.4253476560115814,0.02211974179925935
Run2_20201124,2020-11-24,Run2,public_held_out_calibration,43,True,0,m_cos_phi,0.37011489272117615,0.016638790350937516
Run2_20201124,2020-11-24,Run2,public_held_out_calibration,43,True,1,m_sin_phi,0.022002363577485085,0.011994868456232127
Run2_20201124,2020-11-24,Run2,public_held_out_calibration,43,True,2,modulation_magnitude,-0.34166380763053894,0.02051160733669266
Run2_20201124,2020-11-24,Run2,public_held_out_calibration,43,True,3,baseline_rate,-0.42126375436782837,0.02327744460834502
Run2_20201124,2020-11-24,Run2,public_held_out_calibration,44,True,0,m_cos_phi,0.4486348628997803,0.022860081688467204
Run2_20201124,2020-11-24,Run2,public_held_out_calibration,44,True,1,m_sin_phi,-0.02944761887192726,0.007109451611560569
Run2_20201124,2020-11-24,Run2,public_held_out_calibration,44,True,2,modulation_magnitude,-0.3105807602405548,0.02394008682483073
Run2_20201124,2020-11-24,Run2,public_held_out_calibration,44,True,3,baseline_rate,-0.4535905420780182,0.014113459721968091
Run2_20201124,2020-11-24,Run2,public_held_out_calibration,45,True,0,m_cos_phi,0.36848461627960205,0.016509620348953646
Run2_20201124,2020-11-24,Run2,public_held_out_calibration,45,True,1,m_sin_phi,-0.15885215997695923,-0.005178115745981593
Run2_20201124,2020-11-24,Run2,public_held_out_calibration,45,True,2,modulation_magnitude,-0.37075695395469666,0.017302615175585734
Run2_20201124,2020-11-24,Run2,public_held_out_calibration,45,True,3,baseline_rate,-0.48186546564102173,0.006098095667928405
Run2_20201124,2020-11-24,Run2,public_held_out_calibration,46,True,0,m_cos_phi,0.18434207141399384,0.0019196451281626725
Run2_20201124,2020-11-24,Run2,public_held_out_calibration,46,True,1,m_sin_phi,0.014816420152783394,0.011312529466390636
Run2_20201124,2020-11-24,Run2,public_held_out_calibration,46,True,2,modulation_magnitude,-0.42359769344329834,0.01147424869652891
Run2_20201124,2020-11-24,Run2,public_held_out_calibration,46,True,3,baseline_rate,-0.4777948260307312,0.00725203896105775
Run2_20201124,2020-11-24,Run2,public_held_out_calibration,47,True,0,m_cos_phi,0.03388511389493942,-0.010001354897120396
Run2_20201124,2020-11-24,Run2,public_held_out_calibration,47,True,1,m_sin_phi,-0.05560245364904404,0.004625927530374274
Run2_20201124,2020-11-24,Run2,public_held_out_calibration,47,True,2,modulation_magnitude,-0.42772176861763,0.01101936063599429
Run2_20201124,2020-11-24,Run2,public_held_out_calibration,47,True,3,baseline_rate,-0.4564477503299713,0.013303499466316815
Run2_20201124,2020-11-24,Run2,public_held_out_calibration,48,True,0,m_cos_phi,0.12256988883018494,-0.0029746861296664484
Run2_20201124,2020-11-24,Run2,public_held_out_calibration,48,True,1,m_sin_phi,-0.1671493500471115,-0.00596597281030653
Run2_20201124,2020-11-24,Run2,public_held_out_calibration,48,True,2,modulation_magnitude,-0.4671858251094818,0.0066664506235534216
Run2_20201124,2020-11-24,Run2,public_held_out_calibration,48,True,3,baseline_rate,-0.4338814318180084,0.01970059043739436
Run2_20201124,2020-11-24,Run2,public_held_out_calibration,49,True,0,m_cos_phi,0.20382912456989288,0.0034636425942469184
Run2_20201124,2020-11-24,Run2,public_held_out_calibration,49,True,1,m_sin_phi,-0.11827974021434784,-0.001325574433023169
Run2_20201124,2020-11-24,Run2,public_held_out_calibration,49,True,2,modulation_magnitude,-0.4940017759799957,0.0037086345394039544
Run2_20201124,2020-11-24,Run2,public_held_out_calibration,49,True,3,baseline_rate,-0.36027535796165466,0.04056641089602753
Run2_20201124,2020-11-24,Run2,public_held_out_calibration,50,True,0,m_cos_phi,-0.29497167468070984,-0.036057323657676665
Run2_20201124,2020-11-24,Run2,public_held_out_calibration,50,True,1,m_sin_phi,-0.3258714973926544,-0.021037384215097266
Run2_20201124,2020-11-24,Run2,public_held_out_calibration,50,True,2,modulation_magnitude,-0.14915288984775543,0.04174568147942248
Run2_20201124,2020-11-24,Run2,public_held_out_calibration,50,True,3,baseline_rate,-0.10469610244035721,0.11301791631208746
Run2_20201124,2020-11-24,Run2,public_held_out_calibration,51,True,0,m_cos_phi,-0.036793194711208344,-0.015601335998520427
Run2_20201124,2020-11-24,Run2,public_held_out_calibration,51,True,1,m_sin_phi,0.03232505917549133,0.012975056758657733
Run2_20201124,2020-11-24,Run2,public_held_out_calibration,51,True,2,modulation_magnitude,-0.34365734457969666,0.020291718969465355
Run2_20201124,2020-11-24,Run2,public_held_out_calibration,51,True,3,baseline_rate,-0.4305610656738281,0.020641846507601258
Run2_20201124,2020-11-24,Run2,public_held_out_calibration,52,True,0,m_cos_phi,-0.08297903090715408,-0.01926073044287413
Run2_20201124,2020-11-24,Run2,public_held_out_calibration,52,True,1,m_sin_phi,-0.33476924896240234,-0.021882267407065115
Run2_20201124,2020-11-24,Run2,public_held_out_calibration,52,True,2,modulation_magnitude,-0.2633334696292877,0.029151492408667545
Run2_20201124,2020-11-24,Run2,public_held_out_calibration,52,True,3,baseline_rate,-0.40572771430015564,0.027681595050098373
Run2_20201124,2020-11-24,Run2,public_held_out_calibration,53,True,0,m_cos_phi,0.32476940751075745,0.013045978564407701
Run2_20201124,2020-11-24,Run2,public_held_out_calibration,53,True,1,m_sin_phi,-0.14489206671714783,-0.0038525394966266724
Run2_20201124,2020-11-24,Run2,public_held_out_calibration,53,True,2,modulation_magnitude,-0.4042988121509552,0.013602927323970393
Run2_20201124,2020-11-24,Run2,public_held_out_calibration,53,True,3,baseline_rate,-0.48386359214782715,0.005531667562742371
Run2_20201124,2020-11-24,Run2,public_held_out_calibration,54,True,0,m_cos_phi,0.2830924391746521,0.009743830569520107
Run2_20201124,2020-11-24,Run2,public_held_out_calibration,54,True,1,m_sin_phi,-0.2276134490966797,-0.011707322251680807
Run2_20201124,2020-11-24,Run2,public_held_out_calibration,54,True,2,modulation_magnitude,-0.3895324468612671,0.015231666613103378
Run2_20201124,2020-11-24,Run2,public_held_out_calibration,54,True,3,baseline_rate,-0.486235111951828,0.004859390074597236
Run2_20201124,2020-11-24,Run2,public_held_out_calibration,55,True,0,m_cos_phi,0.1754782497882843,0.001217347144961689
Run2_20201124,2020-11-24,Run2,public_held_out_calibration,55,True,1,m_sin_phi,0.029824940487742424,0.012737658777758204
Run2_20201124,2020-11-24,Run2,public_held_out_calibration,55,True,2,modulation_magnitude,-0.411617249250412,0.012795699153388851
Run2_20201124,2020-11-24,Run2,public_held_out_calibration,55,True,3,baseline_rate,-0.4135535955429077,0.025463117356796516
Run2_20201124,2020-11-24,Run2,public_held_out_calibration,56,True,0,m_cos_phi,-1.0876704454421997,-0.0988644029852832
Run2_20201124,2020-11-24,Run2,public_held_out_calibration,56,True,1,m_sin_phi,-0.25746774673461914,-0.014542127661179904
Run2_20201124,2020-11-24,Run2,public_held_out_calibration,56,True,2,modulation_magnitude,0.37833744287490845,0.09992819374215278
Run2_20201124,2020-11-24,Run2,public_held_out_calibration,56,True,3,baseline_rate,0.19593414664268494,0.19824045941420732
Run2_20201124,2020-11-24,Run2,public_held_out_calibration,57,True,0,m_cos_phi,0.23965603113174438,0.006302278713653742
Run2_20201124,2020-11-24,Run2,public_held_out_calibration,57,True,1,m_sin_phi,-0.20725570619106293,-0.009774259199455626
Run2_20201124,2020-11-24,Run2,public_held_out_calibration,57,True,2,modulation_magnitude,-0.4221864342689514,0.011629911462505138
Run2_20201124,2020-11-24,Run2,public_held_out_calibration,57,True,3,baseline_rate,-0.02909047342836857,0.13445056986870701
Run2_20201124,2020-11-24,Run2,public_held_out_calibration,58,True,0,m_cos_phi,0.16521641612052917,0.0004042819239846729
Run2_20201124,2020-11-24,Run2,public_held_out_calibration,58,True,1,m_sin_phi,-0.16816174983978271,-0.006062104913082678
Run2_20201124,2020-11-24,Run2,public_held_out_calibration,58,True,2,modulation_magnitude,-0.4725428521633148,0.0060755672027281715
Run2_20201124,2020-11-24,Run2,public_held_out_calibration,58,True,3,baseline_rate,-0.4746464788913727,0.008144531152388446
Run2_20201124,2020-11-24,Run2,public_held_out_calibration,59,True,0,m_cos_phi,0.022049864754080772,-0.010939084913956204
Run2_20201124,2020-11-24,Run2,public_held_out_calibration,59,True,1,m_sin_phi,-0.10877283662557602,-0.00042284940335146626
Run2_20201124,2020-11-24,Run2,public_held_out_calibration,59,True,2,modulation_magnitude,-0.4283755123615265,0.010947252293838305
Run2_20201124,2020-11-24,Run2,public_held_out_calibration,59,True,3,baseline_rate,-0.4334069788455963,0.019835088176775706
Run2_20201124,2020-11-24,Run2,public_held_out_calibration,60,True,0,m_cos_phi,0.3204144835472107,0.012700929391969318
Run2_20201124,2020-11-24,Run2,public_held_out_calibration,60,True,1,m_sin_phi,0.1544893980026245,0.02457513299407843
Run2_20201124,2020-11-24,Run2,public_held_out_calibration,60,True,2,modulation_magnitude,-0.2768268287181854,0.027663166496412428
Run2_20201124,2020-11-24,Run2,public_held_out_calibration,60,True,3,baseline_rate,-0.4468272030353546,0.01603072837618935
Run2_20201124,2020-11-24,Run2,public_held_out_calibration,61,True,0,m_cos_phi,0.07685278356075287,-0.006596942102799153
Run2_20201124,2020-11-24,Run2,public_held_out_calibration,61,True,1,m_sin_phi,-0.3051019608974457,-0.019065219432544023
Run2_20201124,2020-11-24,Run2,public_held_out_calibration,61,True,2,modulation_magnitude,-0.3447219431400299,0.020174293085142958
Run2_20201124,2020-11-24,Run2,public_held_out_calibration,61,True,3,baseline_rate,-0.37911298871040344,0.03522632684485938
Run2_20201124,2020-11-24,Run2,public_held_out_calibration,62,True,0,m_cos_phi,-0.011692587286233902,-0.013612565610751248
Run2_20201124,2020-11-24,Run2,public_held_out_calibration,62,True,1,m_sin_phi,-0.19035619497299194,-0.008169571445622914
Run2_20201124,2020-11-24,Run2,public_held_out_calibration,62,True,2,modulation_magnitude,-0.38369184732437134,0.0158758883800183
Run2_20201124,2020-11-24,Run2,public_held_out_calibration,62,True,3,baseline_rate,-0.4543151557445526,0.013908046528794848
Run2_20201124,2020-11-24,Run2,public_held_out_calibration,63,True,0,m_cos_phi,0.07797197997570038,-0.006508265974350946
Run2_20201124,2020-11-24,Run2,public_held_out_calibration,63,True,1,m_sin_phi,-0.09850438684225082,0.0005521880048623418
Run2_20201124,2020-11-24,Run2,public_held_out_calibration,63,True,2,modulation_magnitude,-0.4684079587459564,0.006531648522207112
Run2_20201124,2020-11-24,Run2,public_held_out_calibration,63,True,3,baseline_rate,-0.43071430921554565,0.020598405089517158
Run2_20201124,2020-11-24,Run2,public_held_out_calibration,64,True,0,m_cos_phi,-0.8893358707427979,-0.08314996538802788
Run2_20201124,2020-11-24,Run2,public_held_out_calibration,64,True,1,m_sin_phi,-2.975574016571045,-0.27263905061587224
Run2_20201124,2020-11-24,Run2,public_held_out_calibration,64,True,2,modulation_magnitude,2.056556463241577,0.28503679701842977
Run2_20201124,2020-11-24,Run2,public_held_out_calibration,64,True,3,baseline_rate,2.0803050994873047,0.7324211855354292
Run2_20201124,2020-11-24,Run2,public_held_out_calibration,65,True,0,m_cos_phi,0.3070417642593384,0.011641382598005734
Run2_20201124,2020-11-24,Run2,public_held_out_calibration,65,True,1,m_sin_phi,-0.11487501859664917,-0.0010022801664240077
Run2_20201124,2020-11-24,Run2,public_held_out_calibration,65,True,2,modulation_magnitude,-0.42169198393821716,0.011684449641968575
Run2_20201124,2020-11-24,Run2,public_held_out_calibration,65,True,3,baseline_rate,-0.4964846968650818,0.00195384183148839
Run2_20201124,2020-11-24,Run2,public_held_out_calibration,66,True,0,m_cos_phi,-1.620036005973816,-0.14104477114641334
Run2_20201124,2020-11-24,Run2,public_held_out_calibration,66,True,1,m_sin_phi,-0.9793357253074646,-0.08308687372822288
Run2_20201124,2020-11-24,Run2,public_held_out_calibration,66,True,2,modulation_magnitude,0.9564833641052246,0.16369804896965334
Run2_20201124,2020-11-24,Run2,public_held_out_calibration,66,True,3,baseline_rate,0.65516597032547,0.32842331362479804
Run2_20201124,2020-11-24,Run2,public_held_out_calibration,67,True,0,m_cos_phi,-1.9378372430801392,-0.16622478686685405
Run2_20201124,2020-11-24,Run2,public_held_out_calibration,67,True,1,m_sin_phi,-0.889956533908844,-0.07459990081912071
Run2_20201124,2020-11-24,Run2,public_held_out_calibration,67,True,2,modulation_magnitude,1.1241991519927979,0.18219720484053958
Run2_20201124,2020-11-24,Run2,public_held_out_calibration,67,True,3,baseline_rate,0.597805917263031,0.3121629086610138
Run2_20201124,2020-11-24,Run2,public_held_out_calibration,68,True,0,m_cos_phi,-0.36217135190963745,-0.04138168596803116
Run2_20201124,2020-11-24,Run2,public_held_out_calibration,68,True,1,m_sin_phi,-0.3765149712562561,-0.02584621929155606
Run2_20201124,2020-11-24,Run2,public_held_out_calibration,68,True,2,modulation_magnitude,-0.08528748899698257,0.04879007497377291
Run2_20201124,2020-11-24,Run2,public_held_out_calibration,68,True,3,baseline_rate,-0.012684349901974201,0.13910137122230146
Run2_20201124,2020-11-24,Run2,public_held_out_calibration,69,True,0,m_cos_phi,0.22717031836509705,0.005313011187171757
Run2_20201124,2020-11-24,Run2,public_held_out_calibration,69,True,1,m_sin_phi,-0.2378818839788437,-0.012682358244959557
Run2_20201124,2020-11-24,Run2,public_held_out_calibration,69,True,2,modulation_magnitude,-0.402962863445282,0.013750283298342492
Run2_20201124,2020-11-24,Run2,public_held_out_calibration,69,True,3,baseline_rate,-0.48892778158187866,0.004096073161855784
Run2_20201124,2020-11-24,Run2,public_held_out_calibration,70,True,0,m_cos_phi,-0.6409594416618347,-0.06347061345789928
Run2_20201124,2020-11-24,Run2,public_held_out_calibration,70,True,1,m_sin_phi,0.7824991941452026,0.08420760497228308
Run2_20201124,2020-11-24,Run2,public_held_out_calibration,70,True,2,modulation_magnitude,0.4283876121044159,0.10544875858343983
Run2_20201124,2020-11-24,Run2,public_held_out_calibration,70,True,3,baseline_rate,1.249704360961914,0.49696281946768295
Run2_20201124,2020-11-24,Run2,public_held_out_calibration,71,True,0,m_cos_phi,3.7739791870117188,0.28633363868095785
Run2_20201124,2020-11-24,Run2,public_held_out_calibration,71,True,1,m_sin_phi,4.3660054206848145,0.42447830767535066
Run2_20201124,2020-11-24,Run2,public_held_out_calibration,71,True,2,modulation_magnitude,4.11445426940918,0.5120242068630461
Run2_20201124,2020-11-24,Run2,public_held_out_calibration,71,True,3,baseline_rate,4.796812057495117,1.5024954944985325
Run2_20201124,2020-11-24,Run2,public_held_out_calibration,72,True,0,m_cos_phi,-0.6361808180809021,-0.06309199373323882
Run2_20201124,2020-11-24,Run2,public_held_out_calibration,72,True,1,m_sin_phi,-1.2852954864501953,-0.11213918627950648
Run2_20201124,2020-11-24,Run2,public_held_out_calibration,72,True,2,modulation_magnitude,0.638908326625824,0.1286693245243904
Run2_20201124,2020-11-24,Run2,public_held_out_calibration,72,True,3,baseline_rate,3.377401828765869,1.1001216489975292
Run2_20201124,2020-11-24,Run2,public_held_out_calibration,73,True,0,m_cos_phi,0.6582642793655396,0.03946943176569384
Run2_20201124,2020-11-24,Run2,public_held_out_calibration,73,True,1,m_sin_phi,0.12581627070903778,0.021852485241822484
Run2_20201124,2020-11-24,Run2,public_held_out_calibration,73,True,2,modulation_magnitude,-0.1186058521270752,0.04511503876716638
Run2_20201124,2020-11-24,Run2,public_held_out_calibration,73,True,3,baseline_rate,-0.2541089653968811,0.0706624175152708
Run2_20201124,2020-11-24,Run2,public_held_out_calibration,74,True,0,m_cos_phi,-0.9910448789596558,-0.09120856971924418
Run2_20201124,2020-11-24,Run2,public_held_out_calibration,74,True,1,m_sin_phi,-0.26175108551979065,-0.014948850743604414
Run2_20201124,2020-11-24,Run2,public_held_out_calibration,74,True,2,modulation_magnitude,0.31031692028045654,0.09242548773133041
Run2_20201124,2020-11-24,Run2,public_held_out_calibration,74,True,3,baseline_rate,0.15685638785362244,0.18716271193905154
Run2_20201124,2020-11-24,Run2,public_held_out_calibration,75,True,0,m_cos_phi,0.1957406848669052,0.0028227796425179807
Run2_20201124,2020-11-24,Run2,public_held_out_calibration,75,True,1,m_sin_phi,-0.7031722068786621,-0.056863853999452374
Run2_20201124,2020-11-24,Run2,public_held_out_calibration,75,True,2,modulation_magnitude,-0.011454780586063862,0.05693386870044854
Run2_20201124,2020-11-24,Run2,public_held_out_calibration,75,True,3,baseline_rate,-0.06936293095350266,0.12303414967236148
Run2_20201124,2020-11-24,Run2,public_held_out_calibration,76,True,0,m_cos_phi,0.27473968267440796,0.00908202527920654
Run2_20201124,2020-11-24,Run2,public_held_out_calibration,76,True,1,m_sin_phi,-0.23834794759750366,-0.012726613168768885
Run2_20201124,2020-11-24,Run2,public_held_out_calibration,76,True,2,modulation_magnitude,-0.38587677478790283,0.015634889519842154
Run2_20201124,2020-11-24,Run2,public_held_out_calibration,76,True,3,baseline_rate,-0.45089438557624817,0.01487776509171379
Run2_20201124,2020-11-24,Run2,public_held_out_calibration,77,True,0,m_cos_phi,0.2020696997642517,0.0033242399139163936
Run2_20201124,2020-11-24,Run2,public_held_out_calibration,77,True,1,m_sin_phi,-0.015200621448457241,0.00846227075522206
Run2_20201124,2020-11-24,Run2,public_held_out_calibration,77,True,2,modulation_magnitude,-0.4451974034309387,0.009091787230854909
Run2_20201124,2020-11-24,Run2,public_held_out_calibration,77,True,3,baseline_rate,-0.1829664409160614,0.09082987197952708
Run2_20201124,2020-11-24,Run2,public_held_out_calibration,78,True,0,m_cos_phi,0.14966216683387756,-0.0008281117731692156
Run2_20201124,2020-11-24,Run2,public_held_out_calibration,78,True,1,m_sin_phi,-0.5250504016876221,-0.039950354206926164
Run2_20201124,2020-11-24,Run2,public_held_out_calibration,78,True,2,modulation_magnitude,-0.1653517335653305,0.03995893892743074
Run2_20201124,2020-11-24,Run2,public_held_out_calibration,78,True,3,baseline_rate,-0.2763659358024597,0.06435302042200597
Run2_20201124,2020-11-24,Run2,public_held_out_calibration,79,True,0,m_cos_phi,0.010989980772137642,-0.011815381227549243
Run2_20201124,2020-11-24,Run2,public_held_out_calibration,79,True,1,m_sin_phi,-0.7618442177772522,-0.06243503627607527
Run2_20201124,2020-11-24,Run2,public_held_out_calibration,79,True,2,modulation_magnitude,0.04846615716814995,0.06354318545831952
Run2_20201124,2020-11-24,Run2,public_held_out_calibration,79,True,3,baseline_rate,-0.18369510769844055,0.09062330981069078
Run2_20201124,2020-11-24,Run2,public_held_out_calibration,80,True,0,m_cos_phi,-0.5742727518081665,-0.05818689614405592
Run2_20201124,2020-11-24,Run2,public_held_out_calibration,80,True,1,m_sin_phi,0.49058133363723755,0.056488636663822867
Run2_20201124,2020-11-24,Run2,public_held_out_calibration,80,True,2,modulation_magnitude,0.20760898292064667,0.08109673826577624
Run2_20201124,2020-11-24,Run2,public_held_out_calibration,80,True,3,baseline_rate,0.8968073725700378,0.39692372195315606
Run2_20201124,2020-11-24,Run2,public_held_out_calibration,81,True,0,m_cos_phi,-2.1217238903045654,-0.1807944868153193
Run2_20201124,2020-11-24,Run2,public_held_out_calibration,81,True,1,m_sin_phi,-1.2092739343643188,-0.10492058379536395
Run2_20201124,2020-11-24,Run2,public_held_out_calibration,81,True,2,modulation_magnitude,1.367499828338623,0.20903342098872102
Run2_20201124,2020-11-24,Run2,public_held_out_calibration,81,True,3,baseline_rate,2.796306610107422,0.9353930081850876
Run2_20201124,2020-11-24,Run2,public_held_out_calibration,82,True,0,m_cos_phi,-1.084395408630371,-0.09860491539122052
Run2_20201124,2020-11-24,Run2,public_held_out_calibration,82,True,1,m_sin_phi,0.6847968101501465,0.07493030593717975
Run2_20201124,2020-11-24,Run2,public_held_out_calibration,82,True,2,modulation_magnitude,0.5951665639877319,0.12384458085951966
Run2_20201124,2020-11-24,Run2,public_held_out_calibration,82,True,3,baseline_rate,-0.043705910444259644,0.1303073916128854
Run2_20201124,2020-11-24,Run2,public_held_out_calibration,83,True,0,m_cos_phi,-0.3056907653808594,-0.03690661825072539
Run2_20201124,2020-11-24,Run2,public_held_out_calibration,83,True,1,m_sin_phi,1.5306841135025024,0.15525126784527465
Run2_20201124,2020-11-24,Run2,public_held_out_calibration,83,True,2,modulation_magnitude,0.9191281795501709,0.15957774884541642
Run2_20201124,2020-11-24,Run2,public_held_out_calibration,83,True,3,baseline_rate,0.37689208984375,0.24953834497682692
Run2_20201124,2020-11-24,Run2,public_held_out_calibration,84,True,0,m_cos_phi,0.3238867223262787,0.012976041684917394
Run2_20201124,2020-11-24,Run2,public_held_out_calibration,84,True,1,m_sin_phi,-0.09020718932151794,0.001340045776654808
Run2_20201124,2020-11-24,Run2,public_held_out_calibration,84,True,2,modulation_magnitude,-0.40935659408569336,0.013045050826175242
Run2_20201124,2020-11-24,Run2,public_held_out_calibration,84,True,3,baseline_rate,-0.3375947177410126,0.04699590973948364
Run2_20201124,2020-11-24,Run2,public_held_out_calibration,85,True,0,m_cos_phi,-0.20219625532627106,-0.02870654510474835
Run2_20201124,2020-11-24,Run2,public_held_out_calibration,85,True,1,m_sin_phi,-0.16264194250106812,-0.005537973349414749
Run2_20201124,2020-11-24,Run2,public_held_out_calibration,85,True,2,modulation_magnitude,-0.2625686824321747,0.029235848912880114
Run2_20201124,2020-11-24,Run2,public_held_out_calibration,85,True,3,baseline_rate,-0.37473785877227783,0.03646658693467586
Run2_20201124,2020-11-24,Run2,public_held_out_calibration,86,True,0,m_cos_phi,-0.14664578437805176,-0.02430517227029938
Run2_20201124,2020-11-24,Run2,public_held_out_calibration,86,True,1,m_sin_phi,-0.12343163788318634,-0.0018147712501088709
Run2_20201124,2020-11-24,Run2,public_held_out_calibration,86,True,2,modulation_magnitude,-0.30665749311447144,0.024372825632564155
Run2_20201124,2020-11-24,Run2,public_held_out_calibration,86,True,3,baseline_rate,-0.3957805037498474,0.030501426329403003
Run2_20201124,2020-11-24,Run2,public_held_out_calibration,87,True,0,m_cos_phi,0.3279268443584442,0.013296148482514258
Run2_20201124,2020-11-24,Run2,public_held_out_calibration,87,True,1,m_sin_phi,-0.03497598320245743,0.006584507521435579
Run2_20201124,2020-11-24,Run2,public_held_out_calibration,87,True,2,modulation_magnitude,-0.3931084871292114,0.014837227144103515
Run2_20201124,2020-11-24,Run2,public_held_out_calibration,87,True,3,baseline_rate,-0.3947347104549408,0.030797887395523027
Run2_20201124,2020-11-24,Run2,public_held_out_calibration,88,True,0,m_cos_phi,0.21603602170944214,0.004430819011401077
Run2_20201124,2020-11-24,Run2,public_held_out_calibration,88,True,1,m_sin_phi,-0.09405121952295303,0.0009750371021429727
Run2_20201124,2020-11-24,Run2,public_held_out_calibration,88,True,2,modulation_magnitude,-0.48649320006370544,0.0045368351399159845
Run2_20201124,2020-11-24,Run2,public_held_out_calibration,88,True,3,baseline_rate,-0.5006843209266663,0.0007633340775523578
Run2_20201124,2020-11-24,Run2,public_held_out_calibration,89,True,0,m_cos_phi,-1.9176106452941895,-0.164622193828329
Run2_20201124,2020-11-24,Run2,public_held_out_calibration,89,True,1,m_sin_phi,-1.2619433403015137,-0.10992179061243945
Run2_20201124,2020-11-24,Run2,public_held_out_calibration,89,True,2,modulation_magnitude,1.2669947147369385,0.19794764435578394
Run2_20201124,2020-11-24,Run2,public_held_out_calibration,89,True,3,baseline_rate,1.0988284349441528,0.45419257213781705
Run2_20201124,2020-11-24,Run2,public_held_out_calibration,90,True,0,m_cos_phi,0.8690909743309021,0.05617364456817686
Run2_20201124,2020-11-24,Run2,public_held_out_calibration,90,True,1,m_sin_phi,-0.1282173991203308,-0.002269201697884249
Run2_20201124,2020-11-24,Run2,public_held_out_calibration,90,True,2,modulation_magnitude,-0.017931649461388588,0.056219466029185164
Run2_20201124,2020-11-24,Run2,public_held_out_calibration,90,True,3,baseline_rate,-0.3218962252140045,0.051446112139614364
Run2_20201124,2020-11-24,Run2,public_held_out_calibration,91,True,0,m_cos_phi,0.05457602068781853,-0.008361973744741291
Run2_20201124,2020-11-24,Run2,public_held_out_calibration,91,True,1,m_sin_phi,-0.49187061190605164,-0.036799777740531336
Run2_20201124,2020-11-24,Run2,public_held_out_calibration,91,True,2,modulation_magnitude,-0.18548831343650818,0.037737861624957736
Run2_20201124,2020-11-24,Run2,public_held_out_calibration,91,True,3,baseline_rate,-0.22599363327026367,0.07863254065257763
Run2_20201124,2020-11-24,Run2,public_held_out_calibration,92,True,0,m_cos_phi,0.33340099453926086,0.01372987614469734
Run2_20201124,2020-11-24,Run2,public_held_out_calibration,92,True,1,m_sin_phi,-0.1277599185705185,-0.0022257617766683335
Run2_20201124,2020-11-24,Run2,public_held_out_calibration,92,True,2,modulation_magnitude,-0.4015228748321533,0.013909114939311351
Run2_20201124,2020-11-24,Run2,public_held_out_calibration,92,True,3,baseline_rate,-0.48337242007255554,0.005670904826733825
Run2_20201124,2020-11-24,Run2,public_held_out_calibration,93,True,0,m_cos_phi,0.0061744581907987595,-0.01219692453242846
Run2_20201124,2020-11-24,Run2,public_held_out_calibration,93,True,1,m_sin_phi,-0.21717441082000732,-0.01071608666692292
Run2_20201124,2020-11-24,Run2,public_held_out_calibration,93,True,2,modulation_magnitude,-0.38042929768562317,0.016235749637350638
Run2_20201124,2020-11-24,Run2,public_held_out_calibration,93,True,3,baseline_rate,-0.35322630405426025,0.04256467388614382
Run2_20201124,2020-11-24,Run2,public_held_out_calibration,94,True,0,m_cos_phi,1.4094798564910889,0.09898971624820163
Run2_20201124,2020-11-24,Run2,public_held_out_calibration,94,True,1,m_sin_phi,0.3784421384334564,0.045840494776988816
Run2_20201124,2020-11-24,Run2,public_held_out_calibration,94,True,2,modulation_magnitude,0.4613865613937378,0.10908856324445271
Run2_20201124,2020-11-24,Run2,public_held_out_calibration,94,True,3,baseline_rate,-0.3346253037452698,0.04783767803463057
Run2_20201124,2020-11-24,Run2,public_held_out_calibration,95,True,0,m_cos_phi,0.3432445824146271,0.014509802930710247
Run2_20201124,2020-11-24,Run2,public_held_out_calibration,95,True,1,m_sin_phi,0.06063028797507286,0.015662770825532746
Run2_20201124,2020-11-24,Run2,public_held_out_calibration,95,True,2,modulation_magnitude,-0.3340555429458618,0.021350803670451945
Run2_20201124,2020-11-24,Run2,public_held_out_calibration,95,True,3,baseline_rate,-0.4054754972457886,0.027753093440072263
