left_tag,right_tag,replicate,shuffle_seed,flattened_r_electrode_row_shuffle
Run1_20201019,Run2_20201019,0,20260914,0.005102319044512845
Run1_20201019,Run2_20201019,1,20260914,0.014268491249357586
Run1_20201019,Run2_20201019,2,20260914,-0.05151903158406521
Run1_20201019,Run2_20201019,3,20260914,0.15705548424292942
Run1_20201019,Run2_20201019,4,20260914,-0.09773524448515877
Run1_20201019,Run2_20201019,5,20260914,0.10823422472459053
Run1_20201019,Run2_20201019,6,20260914,-0.0226541322868745
Run1_20201019,Run2_20201019,7,20260914,-0.028124478843194488
Run1_20201019,Run2_20201019,8,20260914,-0.036550821563142856
Run1_20201019,Run2_20201019,9,20260914,-0.029452307506638107
Run1_20201019,Run2_20201019,10,20260914,0.13473328808982832
Run1_20201019,Run2_20201019,11,20260914,0.08993104221371387
Run1_20201019,Run2_20201019,12,20260914,0.12085211528649949
Run1_20201019,Run2_20201019,13,20260914,-0.08144265090987855
Run1_20201019,Run2_20201019,14,20260914,0.022286902183642328
Run1_20201019,Run2_20201019,15,20260914,0.004582253131835455
Run1_20201019,Run2_20201019,16,20260914,-0.09216332597718926
Run1_20201019,Run2_20201019,17,20260914,-0.08316658440426286
Run1_20201019,Run2_20201019,18,20260914,0.009717257625155266
Run1_20201019,Run2_20201019,19,20260914,-0.09797713959066344
Run1_20201019,Run2_20201019,20,20260914,0.07005113310700194
Run1_20201019,Run2_20201019,21,20260914,0.008566921178776086
Run1_20201019,Run2_20201019,22,20260914,-0.04942392695969192
Run1_20201019,Run2_20201019,23,20260914,-0.06775724492641444
Run1_20201019,Run2_20201019,24,20260914,-0.056810535804566784
Run1_20201019,Run2_20201019,25,20260914,-0.0894010087140104
Run1_20201019,Run2_20201019,26,20260914,-0.08915390219134951
Run1_20201019,Run2_20201019,27,20260914,0.009893846020131955
Run1_20201019,Run2_20201019,28,20260914,0.13906570644302838
Run1_20201019,Run2_20201019,29,20260914,-0.06547662654308496
Run1_20201019,Run2_20201019,30,20260914,-0.03954658652548655
Run1_20201019,Run2_20201019,31,20260914,-0.04066481648729606
Run1_20201019,Run2_20201019,32,20260914,-0.06153314364759947
Run1_20201019,Run2_20201019,33,20260914,-0.003229265183748902
Run1_20201019,Run2_20201019,34,20260914,-0.012366115631370979
Run1_20201019,Run2_20201019,35,20260914,-0.04682035754153898
Run1_20201019,Run2_20201019,36,20260914,0.05468495599836389
Run1_20201019,Run2_20201019,37,20260914,-0.06683403370574745
Run1_20201019,Run2_20201019,38,20260914,0.01061515334437428
Run1_20201019,Run2_20201019,39,20260914,-0.012460672147974411
Run1_20201019,Run2_20201019,40,20260914,-0.1064244829572504
Run1_20201019,Run2_20201019,41,20260914,-0.01234628751289031
Run1_20201019,Run2_20201019,42,20260914,-0.014956161846567376
Run1_20201019,Run2_20201019,43,20260914,-0.0942670864821547
Run1_20201019,Run2_20201019,44,20260914,0.04797414108320693
Run1_20201019,Run2_20201019,45,20260914,0.038045149609144756
Run1_20201019,Run2_20201019,46,20260914,-0.05169383822013279
Run1_20201019,Run2_20201019,47,20260914,-0.08090231078333532
Run1_20201019,Run2_20201019,48,20260914,-0.08151602846633628
Run1_20201019,Run2_20201019,49,20260914,-0.046223169047876746
Run1_20201019,Run2_20201019,50,20260914,-0.04184868236654741
Run1_20201019,Run2_20201019,51,20260914,-0.08958702423970473
Run1_20201019,Run2_20201019,52,20260914,0.06500430306096383
Run1_20201019,Run2_20201019,53,20260914,-0.03826586361318849
Run1_20201019,Run2_20201019,54,20260914,-0.001126222986418849
Run1_20201019,Run2_20201019,55,20260914,0.007359483655387235
Run1_20201019,Run2_20201019,56,20260914,-0.08160234465343408
Run1_20201019,Run2_20201019,57,20260914,0.09583254178199015
Run1_20201019,Run2_20201019,58,20260914,0.040841522778214574
Run1_20201019,Run2_20201019,59,20260914,0.031122987449024364
Run1_20201019,Run2_20201019,60,20260914,-0.10960452856240056
Run1_20201019,Run2_20201019,61,20260914,-0.03853353795634197
Run1_20201019,Run2_20201019,62,20260914,-0.00830231745755081
Run1_20201019,Run2_20201019,63,20260914,0.07216016647517311
Run1_20201019,Run2_20201019,64,20260914,-0.026916080351686248
Run1_20201019,Run2_20201019,65,20260914,-0.045730970290731414
Run1_20201019,Run2_20201019,66,20260914,-0.07942990446818815
Run1_20201019,Run2_20201019,67,20260914,-0.09070672012032728
Run1_20201019,Run2_20201019,68,20260914,-0.06608622474892739
Run1_20201019,Run2_20201019,69,20260914,0.09075878920921557
Run1_20201019,Run2_20201019,70,20260914,-0.08190303499686247
Run1_20201019,Run2_20201019,71,20260914,-0.02200794221566649
Run1_20201019,Run2_20201019,72,20260914,0.039920391880217544
Run1_20201019,Run2_20201019,73,20260914,-0.06434786524417332
Run1_20201019,Run2_20201019,74,20260914,-0.037969620843049785
Run1_20201019,Run2_20201019,75,20260914,-0.04417283409042706
Run1_20201019,Run2_20201019,76,20260914,-0.06341735039949704
Run1_20201019,Run2_20201019,77,20260914,0.029904838154161055
Run1_20201019,Run2_20201019,78,20260914,0.056853167600893685
Run1_20201019,Run2_20201019,79,20260914,0.032266995680805884
Run1_20201019,Run2_20201019,80,20260914,0.04672984084502271
Run1_20201019,Run2_20201019,81,20260914,-0.022707327261177926
Run1_20201019,Run2_20201019,82,20260914,0.009820723130624261
Run1_20201019,Run2_20201019,83,20260914,-0.03798429694993513
Run1_20201019,Run2_20201019,84,20260914,-0.05505758208608094
Run1_20201019,Run2_20201019,85,20260914,0.04303340650826361
Run1_20201019,Run2_20201019,86,20260914,-0.07526714081054643
Run1_20201019,Run2_20201019,87,20260914,0.08270727531154858
Run1_20201019,Run2_20201019,88,20260914,-0.0005530078507604037
Run1_20201019,Run2_20201019,89,20260914,0.06102414856686466
Run1_20201019,Run2_20201019,90,20260914,-0.02488617316156975
Run1_20201019,Run2_20201019,91,20260914,0.32427856949823713
Run1_20201019,Run2_20201019,92,20260914,-0.06875566267930447
Run1_20201019,Run2_20201019,93,20260914,0.0036874089581872133
Run1_20201019,Run2_20201019,94,20260914,-0.0714713058763961
Run1_20201019,Run2_20201019,95,20260914,-0.03146212169043451
Run1_20201019,Run2_20201019,96,20260914,-0.0625146764486677
Run1_20201019,Run2_20201019,97,20260914,-0.08568887563286014
Run1_20201019,Run2_20201019,98,20260914,-0.07482384081863998
Run1_20201019,Run2_20201019,99,20260914,-0.03607549431520397
Run1_20201019,Run2_20201019,100,20260914,-0.030976881957889543
Run1_20201019,Run2_20201019,101,20260914,-0.04789114697170211
Run1_20201019,Run2_20201019,102,20260914,-0.011048149792981308
Run1_20201019,Run2_20201019,103,20260914,0.027786803482520415
Run1_20201019,Run2_20201019,104,20260914,0.04290990333115623
Run1_20201019,Run2_20201019,105,20260914,0.050228768899108704
Run1_20201019,Run2_20201019,106,20260914,0.10060536409309317
Run1_20201019,Run2_20201019,107,20260914,0.10032563422135292
Run1_20201019,Run2_20201019,108,20260914,-0.08120352146768976
Run1_20201019,Run2_20201019,109,20260914,-0.054658865676277577
Run1_20201019,Run2_20201019,110,20260914,0.020222172505265312
Run1_20201019,Run2_20201019,111,20260914,0.09878580107708722
Run1_20201019,Run2_20201019,112,20260914,0.046336559409873655
Run1_20201019,Run2_20201019,113,20260914,-0.05723096284581723
Run1_20201019,Run2_20201019,114,20260914,-0.053754499162426576
Run1_20201019,Run2_20201019,115,20260914,-0.06981498993558942
Run1_20201019,Run2_20201019,116,20260914,-0.007758254669209838
Run1_20201019,Run2_20201019,117,20260914,-0.09654902097260969
Run1_20201019,Run2_20201019,118,20260914,0.008343963918513778
Run1_20201019,Run2_20201019,119,20260914,-0.01312337201209693
Run1_20201019,Run2_20201019,120,20260914,-0.061161801407387036
Run1_20201019,Run2_20201019,121,20260914,-0.11303115676924211
Run1_20201019,Run2_20201019,122,20260914,-0.05004930754138929
Run1_20201019,Run2_20201019,123,20260914,0.2672007830282268
Run1_20201019,Run2_20201019,124,20260914,-0.058689570408286464
Run1_20201019,Run2_20201019,125,20260914,0.026788046276592786
Run1_20201019,Run2_20201019,126,20260914,0.08229658321536672
Run1_20201019,Run2_20201019,127,20260914,-0.03435677939208544
Run1_20201019,Run2_20201019,128,20260914,0.050008522987707374
Run1_20201019,Run2_20201019,129,20260914,0.010437106083105323
Run1_20201019,Run2_20201019,130,20260914,-0.07149364283892805
Run1_20201019,Run2_20201019,131,20260914,-0.04046558117278977
Run1_20201019,Run2_20201019,132,20260914,-0.0026202766875767164
Run1_20201019,Run2_20201019,133,20260914,-0.07068431203927068
Run1_20201019,Run2_20201019,134,20260914,0.008834457340472238
Run1_20201019,Run2_20201019,135,20260914,-0.10241142773097685
Run1_20201019,Run2_20201019,136,20260914,-0.02189304360447483
Run1_20201019,Run2_20201019,137,20260914,-0.02092824019252888
Run1_20201019,Run2_20201019,138,20260914,0.03846620256773524
Run1_20201019,Run2_20201019,139,20260914,-0.05004931660970772
Run1_20201019,Run2_20201019,140,20260914,-0.009460888305392427
Run1_20201019,Run2_20201019,141,20260914,0.05311848002399281
Run1_20201019,Run2_20201019,142,20260914,0.057128129604562254
Run1_20201019,Run2_20201019,143,20260914,0.061856982763422816
Run1_20201019,Run2_20201019,144,20260914,0.006491912230081245
Run1_20201019,Run2_20201019,145,20260914,0.011295878295346638
Run1_20201019,Run2_20201019,146,20260914,0.00312468339237029
Run1_20201019,Run2_20201019,147,20260914,0.0019944225788459443
Run1_20201019,Run2_20201019,148,20260914,0.08298179760676527
Run1_20201019,Run2_20201019,149,20260914,-0.010544992305582737
Run1_20201019,Run2_20201019,150,20260914,0.051707442692911054
Run1_20201019,Run2_20201019,151,20260914,-0.05876939100458119
Run1_20201019,Run2_20201019,152,20260914,0.05781182416306807
Run1_20201019,Run2_20201019,153,20260914,-0.051121716393093805
Run1_20201019,Run2_20201019,154,20260914,0.014329287143937802
Run1_20201019,Run2_20201019,155,20260914,-0.0007759587961869025
Run1_20201019,Run2_20201019,156,20260914,-0.006656968246648291
Run1_20201019,Run2_20201019,157,20260914,-0.016970528777006527
Run1_20201019,Run2_20201019,158,20260914,-0.08421009050898048
Run1_20201019,Run2_20201019,159,20260914,-0.04938073204603731
Run1_20201019,Run2_20201019,160,20260914,0.11661554785636133
Run1_20201019,Run2_20201019,161,20260914,-0.00011457127480042792
Run1_20201019,Run2_20201019,162,20260914,0.05101067156365924
Run1_20201019,Run2_20201019,163,20260914,-0.09413588476178773
Run1_20201019,Run2_20201019,164,20260914,0.03458134096299203
Run1_20201019,Run2_20201019,165,20260914,-0.012852621683583473
Run1_20201019,Run2_20201019,166,20260914,-0.0939280177609195
Run1_20201019,Run2_20201019,167,20260914,0.0037926737287497054
Run1_20201019,Run2_20201019,168,20260914,-0.08322105246720343
Run1_20201019,Run2_20201019,169,20260914,-0.03925412756866553
Run1_20201019,Run2_20201019,170,20260914,-0.04580592877426038
Run1_20201019,Run2_20201019,171,20260914,-0.07033703398521712
Run1_20201019,Run2_20201019,172,20260914,-0.014520636491754096
Run1_20201019,Run2_20201019,173,20260914,0.02093982331153696
Run1_20201019,Run2_20201019,174,20260914,0.06268081873386781
Run1_20201019,Run2_20201019,175,20260914,-0.02440998498945273
Run1_20201019,Run2_20201019,176,20260914,0.01284813180791591
Run1_20201019,Run2_20201019,177,20260914,-0.0672147560095351
Run1_20201019,Run2_20201019,178,20260914,-0.08207827733196638
Run1_20201019,Run2_20201019,179,20260914,0.05602076639623809
Run1_20201019,Run2_20201019,180,20260914,-0.04943818353480886
Run1_20201019,Run2_20201019,181,20260914,0.024444950746846838
Run1_20201019,Run2_20201019,182,20260914,0.01924497014136495
Run1_20201019,Run2_20201019,183,20260914,-0.08027999166274966
Run1_20201019,Run2_20201019,184,20260914,-0.01720958569664346
Run1_20201019,Run2_20201019,185,20260914,0.06535379865018688
Run1_20201019,Run2_20201019,186,20260914,-0.0478577478096574
Run1_20201019,Run2_20201019,187,20260914,-0.06295811866632098
Run1_20201019,Run2_20201019,188,20260914,-0.01617494967724397
Run1_20201019,Run2_20201019,189,20260914,-0.03691640048235104
Run1_20201019,Run2_20201019,190,20260914,-0.049968101954604105
Run1_20201019,Run2_20201019,191,20260914,0.06750200231451584
Run1_20201019,Run2_20201019,192,20260914,0.12741167782637625
Run1_20201019,Run2_20201019,193,20260914,0.08729895933806225
Run1_20201019,Run2_20201019,194,20260914,-0.02697430219691245
Run1_20201019,Run2_20201019,195,20260914,-0.03897885004630385
Run1_20201019,Run2_20201019,196,20260914,-0.05560877215225211
Run1_20201019,Run2_20201019,197,20260914,0.13424585435304295
Run1_20201019,Run2_20201019,198,20260914,-0.03800416869526727
Run1_20201019,Run2_20201019,199,20260914,-0.0901947338605541
Run1_20201019,Run1_20201020,0,20260914,-0.025186211881056585
Run1_20201019,Run1_20201020,1,20260914,-0.058833645837624
Run1_20201019,Run1_20201020,2,20260914,-0.05148485866501549
Run1_20201019,Run1_20201020,3,20260914,-0.0010131769425337344
Run1_20201019,Run1_20201020,4,20260914,0.03594555772189362
Run1_20201019,Run1_20201020,5,20260914,-0.028388060425724525
Run1_20201019,Run1_20201020,6,20260914,-0.0331481501681423
Run1_20201019,Run1_20201020,7,20260914,0.029851102919058396
Run1_20201019,Run1_20201020,8,20260914,0.016054658244390722
Run1_20201019,Run1_20201020,9,20260914,-0.06389401585651422
Run1_20201019,Run1_20201020,10,20260914,0.1951242334275422
Run1_20201019,Run1_20201020,11,20260914,0.026959932435647715
Run1_20201019,Run1_20201020,12,20260914,-0.032978673391662654
Run1_20201019,Run1_20201020,13,20260914,-0.058668677715949726
Run1_20201019,Run1_20201020,14,20260914,0.030092846888293272
Run1_20201019,Run1_20201020,15,20260914,-0.007728100973545752
Run1_20201019,Run1_20201020,16,20260914,-0.04434969929352437
Run1_20201019,Run1_20201020,17,20260914,0.0031114431622453597
Run1_20201019,Run1_20201020,18,20260914,-0.02309346801550728
Run1_20201019,Run1_20201020,19,20260914,0.03714810082518015
Run1_20201019,Run1_20201020,20,20260914,-0.02895525162930813
Run1_20201019,Run1_20201020,21,20260914,-0.03473585551928936
Run1_20201019,Run1_20201020,22,20260914,0.058654669550531974
Run1_20201019,Run1_20201020,23,20260914,-0.07696028936871142
Run1_20201019,Run1_20201020,24,20260914,-0.03549135321041975
Run1_20201019,Run1_20201020,25,20260914,0.007075615760526432
Run1_20201019,Run1_20201020,26,20260914,0.09833926075084619
Run1_20201019,Run1_20201020,27,20260914,-0.05156605733340296
Run1_20201019,Run1_20201020,28,20260914,-0.01815779933721735
Run1_20201019,Run1_20201020,29,20260914,0.03622748598704152
Run1_20201019,Run1_20201020,30,20260914,-0.019800732003263984
Run1_20201019,Run1_20201020,31,20260914,0.016048784660230204
Run1_20201019,Run1_20201020,32,20260914,0.06318118822208306
Run1_20201019,Run1_20201020,33,20260914,0.003089429580208445
Run1_20201019,Run1_20201020,34,20260914,0.08624622070534324
Run1_20201019,Run1_20201020,35,20260914,-0.05836046561256394
Run1_20201019,Run1_20201020,36,20260914,-0.0013404594377236952
Run1_20201019,Run1_20201020,37,20260914,-0.017622519587080623
Run1_20201019,Run1_20201020,38,20260914,0.018267507842991585
Run1_20201019,Run1_20201020,39,20260914,-0.02159711405589574
Run1_20201019,Run1_20201020,40,20260914,0.014104413829255782
Run1_20201019,Run1_20201020,41,20260914,-0.011831857025751593
Run1_20201019,Run1_20201020,42,20260914,-0.03346959251543322
Run1_20201019,Run1_20201020,43,20260914,0.049447211196376885
Run1_20201019,Run1_20201020,44,20260914,0.19506696793747794
Run1_20201019,Run1_20201020,45,20260914,-0.04101390252747477
Run1_20201019,Run1_20201020,46,20260914,-0.013457549342823772
Run1_20201019,Run1_20201020,47,20260914,0.02857242957297095
Run1_20201019,Run1_20201020,48,20260914,0.007520014771812541
Run1_20201019,Run1_20201020,49,20260914,-0.0027800274397031177
Run1_20201019,Run1_20201020,50,20260914,-0.02276267969949218
Run1_20201019,Run1_20201020,51,20260914,-0.03288859306147288
Run1_20201019,Run1_20201020,52,20260914,-0.015140318773434457
Run1_20201019,Run1_20201020,53,20260914,-0.036488596203297405
Run1_20201019,Run1_20201020,54,20260914,-0.05115459155731275
Run1_20201019,Run1_20201020,55,20260914,-0.033843210180392456
Run1_20201019,Run1_20201020,56,20260914,-0.05885941899276864
Run1_20201019,Run1_20201020,57,20260914,-0.06535149898291373
Run1_20201019,Run1_20201020,58,20260914,-0.056885277811028624
Run1_20201019,Run1_20201020,59,20260914,-0.012254742811450196
Run1_20201019,Run1_20201020,60,20260914,-0.00697937922658276
Run1_20201019,Run1_20201020,61,20260914,0.03086035007053778
Run1_20201019,Run1_20201020,62,20260914,-0.052390034688451236
Run1_20201019,Run1_20201020,63,20260914,0.04202513315563199
Run1_20201019,Run1_20201020,64,20260914,-0.05322352756795419
Run1_20201019,Run1_20201020,65,20260914,-0.00414732455024226
Run1_20201019,Run1_20201020,66,20260914,-0.0008797528875992157
Run1_20201019,Run1_20201020,67,20260914,-0.08096921112568004
Run1_20201019,Run1_20201020,68,20260914,-0.06593306648032156
Run1_20201019,Run1_20201020,69,20260914,0.019500784700605157
Run1_20201019,Run1_20201020,70,20260914,0.02683056830061791
Run1_20201019,Run1_20201020,71,20260914,-0.044813237893989104
Run1_20201019,Run1_20201020,72,20260914,-0.005336170877883849
Run1_20201019,Run1_20201020,73,20260914,-0.015595471199604005
Run1_20201019,Run1_20201020,74,20260914,0.06789807573745625
Run1_20201019,Run1_20201020,75,20260914,-0.030168642913342817
Run1_20201019,Run1_20201020,76,20260914,-0.07014103488462962
Run1_20201019,Run1_20201020,77,20260914,-0.017550339045199072
Run1_20201019,Run1_20201020,78,20260914,-0.03839584538254526
Run1_20201019,Run1_20201020,79,20260914,0.038606917328297394
Run1_20201019,Run1_20201020,80,20260914,-0.07371223330769906
Run1_20201019,Run1_20201020,81,20260914,-0.006950440048855636
Run1_20201019,Run1_20201020,82,20260914,0.010011313702530555
Run1_20201019,Run1_20201020,83,20260914,0.07906346046632415
Run1_20201019,Run1_20201020,84,20260914,0.02980995322896357
Run1_20201019,Run1_20201020,85,20260914,-0.025893518559610914
Run1_20201019,Run1_20201020,86,20260914,-0.012485107941949002
Run1_20201019,Run1_20201020,87,20260914,-0.024501436237584297
Run1_20201019,Run1_20201020,88,20260914,0.0019004553149907747
Run1_20201019,Run1_20201020,89,20260914,0.056562215732579794
Run1_20201019,Run1_20201020,90,20260914,-0.04689241177856015
Run1_20201019,Run1_20201020,91,20260914,-0.001042970066363681
Run1_20201019,Run1_20201020,92,20260914,-0.03779538097294711
Run1_20201019,Run1_20201020,93,20260914,-0.0011112744821247305
Run1_20201019,Run1_20201020,94,20260914,-0.025835167565108626
Run1_20201019,Run1_20201020,95,20260914,-0.04974615969754311
Run1_20201019,Run1_20201020,96,20260914,-0.014767265852888272
Run1_20201019,Run1_20201020,97,20260914,-0.01156522306801976
Run1_20201019,Run1_20201020,98,20260914,-0.029698471762019358
Run1_20201019,Run1_20201020,99,20260914,0.007387734047098809
Run1_20201019,Run1_20201020,100,20260914,0.10103750328718339
Run1_20201019,Run1_20201020,101,20260914,-0.05945999842531908
Run1_20201019,Run1_20201020,102,20260914,-0.046696274229486384
Run1_20201019,Run1_20201020,103,20260914,0.07731978083220942
Run1_20201019,Run1_20201020,104,20260914,-0.051446382212166686
Run1_20201019,Run1_20201020,105,20260914,-0.025025391683612168
Run1_20201019,Run1_20201020,106,20260914,0.02448278784100341
Run1_20201019,Run1_20201020,107,20260914,-0.016815896516758896
Run1_20201019,Run1_20201020,108,20260914,-0.016897436930204943
Run1_20201019,Run1_20201020,109,20260914,-0.06547881891071568
Run1_20201019,Run1_20201020,110,20260914,-0.05192319181444246
Run1_20201019,Run1_20201020,111,20260914,0.14490383263072537
Run1_20201019,Run1_20201020,112,20260914,0.008474334531504599
Run1_20201019,Run1_20201020,113,20260914,-0.02242467154950246
Run1_20201019,Run1_20201020,114,20260914,-0.03182968522282389
Run1_20201019,Run1_20201020,115,20260914,-0.05611784078240001
Run1_20201019,Run1_20201020,116,20260914,0.021851578154619994
Run1_20201019,Run1_20201020,117,20260914,0.008417362843681967
Run1_20201019,Run1_20201020,118,20260914,-0.07253669043511804
Run1_20201019,Run1_20201020,119,20260914,0.15048174054662491
Run1_20201019,Run1_20201020,120,20260914,-0.026857191004162787
Run1_20201019,Run1_20201020,121,20260914,0.04552307560997167
Run1_20201019,Run1_20201020,122,20260914,0.04299378976901822
Run1_20201019,Run1_20201020,123,20260914,0.15614438435505018
Run1_20201019,Run1_20201020,124,20260914,-0.06411665783439714
Run1_20201019,Run1_20201020,125,20260914,-0.004667517151638824
Run1_20201019,Run1_20201020,126,20260914,-0.06656847107049754
Run1_20201019,Run1_20201020,127,20260914,-0.03884089273837461
Run1_20201019,Run1_20201020,128,20260914,0.2286644348223096
Run1_20201019,Run1_20201020,129,20260914,-0.024529401479470584
Run1_20201019,Run1_20201020,130,20260914,0.1907894228702259
Run1_20201019,Run1_20201020,131,20260914,0.016035907653249026
Run1_20201019,Run1_20201020,132,20260914,-0.025876355676998638
Run1_20201019,Run1_20201020,133,20260914,0.07827497135831872
Run1_20201019,Run1_20201020,134,20260914,0.02019341656064762
Run1_20201019,Run1_20201020,135,20260914,-0.02721059146722336
Run1_20201019,Run1_20201020,136,20260914,-0.03907532171347517
Run1_20201019,Run1_20201020,137,20260914,-0.0779107526174225
Run1_20201019,Run1_20201020,138,20260914,0.1331180084640642
Run1_20201019,Run1_20201020,139,20260914,-0.061888028878520795
Run1_20201019,Run1_20201020,140,20260914,-0.03905230761061653
Run1_20201019,Run1_20201020,141,20260914,-0.041060669991664155
Run1_20201019,Run1_20201020,142,20260914,-0.08666331396806135
Run1_20201019,Run1_20201020,143,20260914,0.028169630008249673
Run1_20201019,Run1_20201020,144,20260914,-0.05201401352978835
Run1_20201019,Run1_20201020,145,20260914,0.06471143737757155
Run1_20201019,Run1_20201020,146,20260914,-0.06386588094208617
Run1_20201019,Run1_20201020,147,20260914,0.030635349165419712
Run1_20201019,Run1_20201020,148,20260914,0.02270562924173957
Run1_20201019,Run1_20201020,149,20260914,-0.019080587368050964
Run1_20201019,Run1_20201020,150,20260914,0.028387124287306175
Run1_20201019,Run1_20201020,151,20260914,-0.01888490130543492
Run1_20201019,Run1_20201020,152,20260914,-0.06039475060394113
Run1_20201019,Run1_20201020,153,20260914,-0.047765817552370374
Run1_20201019,Run1_20201020,154,20260914,-0.00797355917450647
Run1_20201019,Run1_20201020,155,20260914,-0.0805557864980483
Run1_20201019,Run1_20201020,156,20260914,0.05263699315904141
Run1_20201019,Run1_20201020,157,20260914,-0.015268170736004266
Run1_20201019,Run1_20201020,158,20260914,0.04980363008718392
Run1_20201019,Run1_20201020,159,20260914,-0.06122326227328715
Run1_20201019,Run1_20201020,160,20260914,-0.05895565962213084
Run1_20201019,Run1_20201020,161,20260914,-0.0626806887042517
Run1_20201019,Run1_20201020,162,20260914,0.15787716324529594
Run1_20201019,Run1_20201020,163,20260914,-0.017505982527817016
Run1_20201019,Run1_20201020,164,20260914,-0.03281571958646718
Run1_20201019,Run1_20201020,165,20260914,-0.05433910892524734
Run1_20201019,Run1_20201020,166,20260914,0.0839250778571471
Run1_20201019,Run1_20201020,167,20260914,0.03976870853167225
Run1_20201019,Run1_20201020,168,20260914,-0.06314330703972042
Run1_20201019,Run1_20201020,169,20260914,-0.0054445399941874875
Run1_20201019,Run1_20201020,170,20260914,-0.02345771933324101
Run1_20201019,Run1_20201020,171,20260914,0.06694139842915517
Run1_20201019,Run1_20201020,172,20260914,0.014906764329294718
Run1_20201019,Run1_20201020,173,20260914,0.0038713333109966727
Run1_20201019,Run1_20201020,174,20260914,-0.061374553135383564
Run1_20201019,Run1_20201020,175,20260914,0.03256399904787964
Run1_20201019,Run1_20201020,176,20260914,-0.040578161144648454
Run1_20201019,Run1_20201020,177,20260914,-0.0244463163182856
Run1_20201019,Run1_20201020,178,20260914,0.011587882051362306
Run1_20201019,Run1_20201020,179,20260914,-0.06796506275724327
Run1_20201019,Run1_20201020,180,20260914,0.04600038252485202
Run1_20201019,Run1_20201020,181,20260914,-0.04068270774839535
Run1_20201019,Run1_20201020,182,20260914,0.16145276737876194
Run1_20201019,Run1_20201020,183,20260914,0.14843774973772975
Run1_20201019,Run1_20201020,184,20260914,-0.07370948296543749
Run1_20201019,Run1_20201020,185,20260914,0.08491029098286734
Run1_20201019,Run1_20201020,186,20260914,-0.07936850975815148
Run1_20201019,Run1_20201020,187,20260914,-0.02467631948162585
Run1_20201019,Run1_20201020,188,20260914,-0.036414930241299326
Run1_20201019,Run1_20201020,189,20260914,-0.04186984033578656
Run1_20201019,Run1_20201020,190,20260914,-0.013694485933603118
Run1_20201019,Run1_20201020,191,20260914,-0.06022884529512084
Run1_20201019,Run1_20201020,192,20260914,-0.05022447156806727
Run1_20201019,Run1_20201020,193,20260914,-0.07360692501706574
Run1_20201019,Run1_20201020,194,20260914,-0.010625703712247773
Run1_20201019,Run1_20201020,195,20260914,0.05841542096810501
Run1_20201019,Run1_20201020,196,20260914,-0.017408075578987013
Run1_20201019,Run1_20201020,197,20260914,-0.06483725657825273
Run1_20201019,Run1_20201020,198,20260914,0.023859417166350285
Run1_20201019,Run1_20201020,199,20260914,0.030872480488423774
Run1_20201019,Run2_20201020,0,20260914,0.0016519317776374268
Run1_20201019,Run2_20201020,1,20260914,-0.0010219731505877803
Run1_20201019,Run2_20201020,2,20260914,-0.07729751494694422
Run1_20201019,Run2_20201020,3,20260914,0.04410912005034352
Run1_20201019,Run2_20201020,4,20260914,-0.026818052508348907
Run1_20201019,Run2_20201020,5,20260914,-0.0029038185061396825
Run1_20201019,Run2_20201020,6,20260914,-0.06903670355177027
Run1_20201019,Run2_20201020,7,20260914,0.016827135555439247
Run1_20201019,Run2_20201020,8,20260914,-0.0682991779123137
Run1_20201019,Run2_20201020,9,20260914,0.10188862986531877
Run1_20201019,Run2_20201020,10,20260914,-0.011197037084503564
Run1_20201019,Run2_20201020,11,20260914,-0.07057321333677696
Run1_20201019,Run2_20201020,12,20260914,-0.03974681302160401
Run1_20201019,Run2_20201020,13,20260914,-0.02748368322669391
Run1_20201019,Run2_20201020,14,20260914,-0.013200266226583513
Run1_20201019,Run2_20201020,15,20260914,0.040400927629262146
Run1_20201019,Run2_20201020,16,20260914,0.018098477796773003
Run1_20201019,Run2_20201020,17,20260914,-0.020552917489209257
Run1_20201019,Run2_20201020,18,20260914,-0.03341129429731297
Run1_20201019,Run2_20201020,19,20260914,0.07338380875896493
Run1_20201019,Run2_20201020,20,20260914,0.01811448820318874
Run1_20201019,Run2_20201020,21,20260914,0.15767392285751042
Run1_20201019,Run2_20201020,22,20260914,-0.04698531264401779
Run1_20201019,Run2_20201020,23,20260914,-0.005361680231916143
Run1_20201019,Run2_20201020,24,20260914,0.02060691518470248
Run1_20201019,Run2_20201020,25,20260914,-0.046024202232067025
Run1_20201019,Run2_20201020,26,20260914,0.006227079003755733
Run1_20201019,Run2_20201020,27,20260914,0.13588729970861285
Run1_20201019,Run2_20201020,28,20260914,-0.06851767301838346
Run1_20201019,Run2_20201020,29,20260914,-0.04799614572973421
Run1_20201019,Run2_20201020,30,20260914,-0.010750535962909969
Run1_20201019,Run2_20201020,31,20260914,-0.06992702099272118
Run1_20201019,Run2_20201020,32,20260914,0.02666764962430134
Run1_20201019,Run2_20201020,33,20260914,0.12245374547260547
Run1_20201019,Run2_20201020,34,20260914,-0.06347034851660434
Run1_20201019,Run2_20201020,35,20260914,-0.06175784373535242
Run1_20201019,Run2_20201020,36,20260914,-0.08616396558354694
Run1_20201019,Run2_20201020,37,20260914,-0.0032343464658076324
Run1_20201019,Run2_20201020,38,20260914,0.17707977934877192
Run1_20201019,Run2_20201020,39,20260914,-0.06792015671129359
Run1_20201019,Run2_20201020,40,20260914,-0.09903052149425788
Run1_20201019,Run2_20201020,41,20260914,0.0040759075588585525
Run1_20201019,Run2_20201020,42,20260914,-0.034251698855917764
Run1_20201019,Run2_20201020,43,20260914,0.00879846910896949
Run1_20201019,Run2_20201020,44,20260914,0.008434304062633857
Run1_20201019,Run2_20201020,45,20260914,0.01565465678783536
Run1_20201019,Run2_20201020,46,20260914,-0.008344886723061273
Run1_20201019,Run2_20201020,47,20260914,0.04924089611106896
Run1_20201019,Run2_20201020,48,20260914,-0.0844482878108588
Run1_20201019,Run2_20201020,49,20260914,0.07147788870517173
Run1_20201019,Run2_20201020,50,20260914,-0.04773932997572509
Run1_20201019,Run2_20201020,51,20260914,-0.0528410400334418
Run1_20201019,Run2_20201020,52,20260914,0.04681801682006175
Run1_20201019,Run2_20201020,53,20260914,-0.06950795928035132
Run1_20201019,Run2_20201020,54,20260914,0.11773375136285374
Run1_20201019,Run2_20201020,55,20260914,-0.027554515197559876
Run1_20201019,Run2_20201020,56,20260914,-0.04174250546142826
Run1_20201019,Run2_20201020,57,20260914,0.017903895016982644
Run1_20201019,Run2_20201020,58,20260914,0.11770639149233993
Run1_20201019,Run2_20201020,59,20260914,-0.0751419322244697
Run1_20201019,Run2_20201020,60,20260914,-0.016257840619994322
Run1_20201019,Run2_20201020,61,20260914,0.0002218230355923582
Run1_20201019,Run2_20201020,62,20260914,-0.052006122546301006
Run1_20201019,Run2_20201020,63,20260914,-0.07208846784947989
Run1_20201019,Run2_20201020,64,20260914,-0.09341933740883908
Run1_20201019,Run2_20201020,65,20260914,0.0029353091820863565
Run1_20201019,Run2_20201020,66,20260914,-0.04799051387754318
Run1_20201019,Run2_20201020,67,20260914,0.03638215973374193
Run1_20201019,Run2_20201020,68,20260914,0.03224112922893019
Run1_20201019,Run2_20201020,69,20260914,-0.07179879370236941
Run1_20201019,Run2_20201020,70,20260914,-0.027284978346992828
Run1_20201019,Run2_20201020,71,20260914,0.005336066354247113
Run1_20201019,Run2_20201020,72,20260914,-0.02557193815807194
Run1_20201019,Run2_20201020,73,20260914,0.016961030630643494
Run1_20201019,Run2_20201020,74,20260914,-0.028454872692946387
Run1_20201019,Run2_20201020,75,20260914,-0.04972307214449759
Run1_20201019,Run2_20201020,76,20260914,0.02023593719303912
Run1_20201019,Run2_20201020,77,20260914,-0.013001358415673701
Run1_20201019,Run2_20201020,78,20260914,0.005221478495087534
Run1_20201019,Run2_20201020,79,20260914,0.08141350554684545
Run1_20201019,Run2_20201020,80,20260914,-0.00266668619745031
Run1_20201019,Run2_20201020,81,20260914,-0.06944854492285947
Run1_20201019,Run2_20201020,82,20260914,-0.038459137481409264
Run1_20201019,Run2_20201020,83,20260914,0.08480410771233103
Run1_20201019,Run2_20201020,84,20260914,0.07883990262179263
Run1_20201019,Run2_20201020,85,20260914,-0.05657509904442171
Run1_20201019,Run2_20201020,86,20260914,0.07790929367957118
Run1_20201019,Run2_20201020,87,20260914,-0.0006334688993734675
Run1_20201019,Run2_20201020,88,20260914,-0.02968752211213814
Run1_20201019,Run2_20201020,89,20260914,-0.013866915013220885
Run1_20201019,Run2_20201020,90,20260914,0.21809380164474199
Run1_20201019,Run2_20201020,91,20260914,-0.02226578066661348
Run1_20201019,Run2_20201020,92,20260914,0.008147048741228466
Run1_20201019,Run2_20201020,93,20260914,-0.04017132286878859
Run1_20201019,Run2_20201020,94,20260914,0.03186134549698607
Run1_20201019,Run2_20201020,95,20260914,-0.07790138584510532
Run1_20201019,Run2_20201020,96,20260914,-0.07502399968758905
Run1_20201019,Run2_20201020,97,20260914,0.015546814856708668
Run1_20201019,Run2_20201020,98,20260914,0.07689093174274919
Run1_20201019,Run2_20201020,99,20260914,-0.04496470049838879
Run1_20201019,Run2_20201020,100,20260914,0.12185728099966639
Run1_20201019,Run2_20201020,101,20260914,-0.028346858526982953
Run1_20201019,Run2_20201020,102,20260914,0.08220158534366694
Run1_20201019,Run2_20201020,103,20260914,-0.05063200875853646
Run1_20201019,Run2_20201020,104,20260914,0.09347031966221761
Run1_20201019,Run2_20201020,105,20260914,-0.06878902729230486
Run1_20201019,Run2_20201020,106,20260914,-0.045716268985212374
Run1_20201019,Run2_20201020,107,20260914,0.1553982769126871
Run1_20201019,Run2_20201020,108,20260914,0.03951651780986693
Run1_20201019,Run2_20201020,109,20260914,-0.050133435475711474
Run1_20201019,Run2_20201020,110,20260914,0.010611688938104684
Run1_20201019,Run2_20201020,111,20260914,-0.04397524721938202
Run1_20201019,Run2_20201020,112,20260914,0.10497370102277884
Run1_20201019,Run2_20201020,113,20260914,-0.021474082999383682
Run1_20201019,Run2_20201020,114,20260914,-0.06744727063190634
Run1_20201019,Run2_20201020,115,20260914,-0.07231183570691273
Run1_20201019,Run2_20201020,116,20260914,0.1837292026800782
Run1_20201019,Run2_20201020,117,20260914,-0.03897412870106937
Run1_20201019,Run2_20201020,118,20260914,-0.027490250779663297
Run1_20201019,Run2_20201020,119,20260914,0.025744156295510575
Run1_20201019,Run2_20201020,120,20260914,-0.05355795306765686
Run1_20201019,Run2_20201020,121,20260914,-0.06124814725932252
Run1_20201019,Run2_20201020,122,20260914,-0.036447304888533136
Run1_20201019,Run2_20201020,123,20260914,-0.01471129980035268
Run1_20201019,Run2_20201020,124,20260914,0.01850741717352204
Run1_20201019,Run2_20201020,125,20260914,0.022883862718465205
Run1_20201019,Run2_20201020,126,20260914,0.09447046186214283
Run1_20201019,Run2_20201020,127,20260914,-0.07352691512967964
Run1_20201019,Run2_20201020,128,20260914,0.04850504302661822
Run1_20201019,Run2_20201020,129,20260914,-0.00013283435939382115
Run1_20201019,Run2_20201020,130,20260914,0.018529529533734514
Run1_20201019,Run2_20201020,131,20260914,-0.017774760615661044
Run1_20201019,Run2_20201020,132,20260914,0.020287914269213763
Run1_20201019,Run2_20201020,133,20260914,-0.08458228175487893
Run1_20201019,Run2_20201020,134,20260914,0.2318982342368606
Run1_20201019,Run2_20201020,135,20260914,-0.04397438421958553
Run1_20201019,Run2_20201020,136,20260914,0.02900244151982175
Run1_20201019,Run2_20201020,137,20260914,0.010572173940621283
Run1_20201019,Run2_20201020,138,20260914,-0.004270926069977233
Run1_20201019,Run2_20201020,139,20260914,-0.055200086671424585
Run1_20201019,Run2_20201020,140,20260914,-0.025149242487823836
Run1_20201019,Run2_20201020,141,20260914,0.18230452682187018
Run1_20201019,Run2_20201020,142,20260914,-0.05912806649524038
Run1_20201019,Run2_20201020,143,20260914,-0.05075954569363659
Run1_20201019,Run2_20201020,144,20260914,-0.054411395921970036
Run1_20201019,Run2_20201020,145,20260914,-0.008124852460510444
Run1_20201019,Run2_20201020,146,20260914,-0.0895163981886808
Run1_20201019,Run2_20201020,147,20260914,-0.013985324903790052
Run1_20201019,Run2_20201020,148,20260914,-0.07311861980783745
Run1_20201019,Run2_20201020,149,20260914,-0.06403619460845093
Run1_20201019,Run2_20201020,150,20260914,-0.06204785271715142
Run1_20201019,Run2_20201020,151,20260914,0.016561926460104674
Run1_20201019,Run2_20201020,152,20260914,0.04035462064165477
Run1_20201019,Run2_20201020,153,20260914,0.004098786055173893
Run1_20201019,Run2_20201020,154,20260914,0.041520699116273915
Run1_20201019,Run2_20201020,155,20260914,0.09582027957724891
Run1_20201019,Run2_20201020,156,20260914,-0.059218553683578846
Run1_20201019,Run2_20201020,157,20260914,-0.04609244581683607
Run1_20201019,Run2_20201020,158,20260914,-0.01401342167840292
Run1_20201019,Run2_20201020,159,20260914,-0.05879440971760701
Run1_20201019,Run2_20201020,160,20260914,0.09462057845997321
Run1_20201019,Run2_20201020,161,20260914,-0.06520855407071205
Run1_20201019,Run2_20201020,162,20260914,0.025966806462930384
Run1_20201019,Run2_20201020,163,20260914,-0.050329072948060306
Run1_20201019,Run2_20201020,164,20260914,-0.05508565871590965
Run1_20201019,Run2_20201020,165,20260914,-0.003345077839930966
Run1_20201019,Run2_20201020,166,20260914,0.11421440176902097
Run1_20201019,Run2_20201020,167,20260914,0.10158522480437694
Run1_20201019,Run2_20201020,168,20260914,-0.07550561618037369
Run1_20201019,Run2_20201020,169,20260914,-0.009991536525476586
Run1_20201019,Run2_20201020,170,20260914,0.007501401013951589
Run1_20201019,Run2_20201020,171,20260914,-0.03613961826392855
Run1_20201019,Run2_20201020,172,20260914,-0.06845655920759161
Run1_20201019,Run2_20201020,173,20260914,-0.047893613239882074
Run1_20201019,Run2_20201020,174,20260914,-0.06170499210376942
Run1_20201019,Run2_20201020,175,20260914,-0.034948892568370714
Run1_20201019,Run2_20201020,176,20260914,0.03322165767699652
Run1_20201019,Run2_20201020,177,20260914,0.017713515837666668
Run1_20201019,Run2_20201020,178,20260914,0.010079700048532097
Run1_20201019,Run2_20201020,179,20260914,-0.0059103803269088045
Run1_20201019,Run2_20201020,180,20260914,-0.07418534758459194
Run1_20201019,Run2_20201020,181,20260914,0.02146441034397876
Run1_20201019,Run2_20201020,182,20260914,0.1314904990127156
Run1_20201019,Run2_20201020,183,20260914,0.004635738054355397
Run1_20201019,Run2_20201020,184,20260914,-0.04690733525112564
Run1_20201019,Run2_20201020,185,20260914,0.01618571425724311
Run1_20201019,Run2_20201020,186,20260914,-0.007419041436297223
Run1_20201019,Run2_20201020,187,20260914,-0.006934412312746052
Run1_20201019,Run2_20201020,188,20260914,-0.040085427505738125
Run1_20201019,Run2_20201020,189,20260914,-0.03212374610047255
Run1_20201019,Run2_20201020,190,20260914,-0.070732280849847
Run1_20201019,Run2_20201020,191,20260914,0.011473869755614659
Run1_20201019,Run2_20201020,192,20260914,-0.022816920989496784
Run1_20201019,Run2_20201020,193,20260914,0.11914124422501686
Run1_20201019,Run2_20201020,194,20260914,-0.0817566706278775
Run1_20201019,Run2_20201020,195,20260914,0.11388794720771381
Run1_20201019,Run2_20201020,196,20260914,-0.1020342498813993
Run1_20201019,Run2_20201020,197,20260914,-0.032687587938509774
Run1_20201019,Run2_20201020,198,20260914,0.03994587416302591
Run1_20201019,Run2_20201020,199,20260914,-0.06382080588135569
Run1_20201019,Run1_20201027,0,20260914,-0.07858203093095747
Run1_20201019,Run1_20201027,1,20260914,-0.015720652497727285
Run1_20201019,Run1_20201027,2,20260914,-0.023230790350060843
Run1_20201019,Run1_20201027,3,20260914,0.09963253521562371
Run1_20201019,Run1_20201027,4,20260914,0.04899039987907716
Run1_20201019,Run1_20201027,5,20260914,0.009548461860672548
Run1_20201019,Run1_20201027,6,20260914,-0.026528659594817212
Run1_20201019,Run1_20201027,7,20260914,0.006592683278482217
Run1_20201019,Run1_20201027,8,20260914,-0.07768666185800097
Run1_20201019,Run1_20201027,9,20260914,0.011689212095997478
Run1_20201019,Run1_20201027,10,20260914,-0.04955280798197627
Run1_20201019,Run1_20201027,11,20260914,-0.04343576197125484
Run1_20201019,Run1_20201027,12,20260914,0.13434225622302648
Run1_20201019,Run1_20201027,13,20260914,-0.014030778034664371
Run1_20201019,Run1_20201027,14,20260914,-0.07260315542497611
Run1_20201019,Run1_20201027,15,20260914,0.008566072516188038
Run1_20201019,Run1_20201027,16,20260914,0.04481032920407084
Run1_20201019,Run1_20201027,17,20260914,0.02166035508617671
Run1_20201019,Run1_20201027,18,20260914,-0.030269164338459706
Run1_20201019,Run1_20201027,19,20260914,-0.030051027573502212
Run1_20201019,Run1_20201027,20,20260914,-0.020816969921069062
Run1_20201019,Run1_20201027,21,20260914,0.07152562071896003
Run1_20201019,Run1_20201027,22,20260914,0.05504350706647948
Run1_20201019,Run1_20201027,23,20260914,-0.03829023042415826
Run1_20201019,Run1_20201027,24,20260914,0.052641089364236913
Run1_20201019,Run1_20201027,25,20260914,-0.014052353319535946
Run1_20201019,Run1_20201027,26,20260914,-0.08504477554318893
Run1_20201019,Run1_20201027,27,20260914,0.01707290286260342
Run1_20201019,Run1_20201027,28,20260914,-0.04186584766994904
Run1_20201019,Run1_20201027,29,20260914,0.004001820013768197
Run1_20201019,Run1_20201027,30,20260914,-0.0584066877713281
Run1_20201019,Run1_20201027,31,20260914,0.025565255919772316
Run1_20201019,Run1_20201027,32,20260914,0.055206857495169806
Run1_20201019,Run1_20201027,33,20260914,-0.04362453405585406
Run1_20201019,Run1_20201027,34,20260914,-0.01066182575660879
Run1_20201019,Run1_20201027,35,20260914,-0.032491766259503514
Run1_20201019,Run1_20201027,36,20260914,-0.0157406057691028
Run1_20201019,Run1_20201027,37,20260914,-0.04157857563864367
Run1_20201019,Run1_20201027,38,20260914,-0.06378052939580106
Run1_20201019,Run1_20201027,39,20260914,-0.00955805127240649
Run1_20201019,Run1_20201027,40,20260914,0.03028164622070811
Run1_20201019,Run1_20201027,41,20260914,-0.006363068037549894
Run1_20201019,Run1_20201027,42,20260914,-0.0053237623082945
Run1_20201019,Run1_20201027,43,20260914,-0.011388672537473695
Run1_20201019,Run1_20201027,44,20260914,-0.03125217315375384
Run1_20201019,Run1_20201027,45,20260914,-0.003724065658849212
Run1_20201019,Run1_20201027,46,20260914,0.014343339700046332
Run1_20201019,Run1_20201027,47,20260914,-0.049721181599181485
Run1_20201019,Run1_20201027,48,20260914,0.01812085110021223
Run1_20201019,Run1_20201027,49,20260914,-0.05916140207559025
Run1_20201019,Run1_20201027,50,20260914,-0.04509865237035474
Run1_20201019,Run1_20201027,51,20260914,0.0044809680052393525
Run1_20201019,Run1_20201027,52,20260914,-0.014711159590428378
Run1_20201019,Run1_20201027,53,20260914,0.058769594430437305
Run1_20201019,Run1_20201027,54,20260914,-0.027927264406901346
Run1_20201019,Run1_20201027,55,20260914,-0.039379594250652815
Run1_20201019,Run1_20201027,56,20260914,-0.03260910452548477
Run1_20201019,Run1_20201027,57,20260914,-0.04230456264231912
Run1_20201019,Run1_20201027,58,20260914,-0.04170379287448716
Run1_20201019,Run1_20201027,59,20260914,-0.08764712379321883
Run1_20201019,Run1_20201027,60,20260914,0.039188619990450285
Run1_20201019,Run1_20201027,61,20260914,-0.042779606303633214
Run1_20201019,Run1_20201027,62,20260914,0.03887315300951251
Run1_20201019,Run1_20201027,63,20260914,-0.0029462135673427974
Run1_20201019,Run1_20201027,64,20260914,-0.066947820812885
Run1_20201019,Run1_20201027,65,20260914,0.004554915436793138
Run1_20201019,Run1_20201027,66,20260914,-0.029971451557554454
Run1_20201019,Run1_20201027,67,20260914,0.003449463571468438
Run1_20201019,Run1_20201027,68,20260914,0.24001693783876749
Run1_20201019,Run1_20201027,69,20260914,0.014112682992524354
Run1_20201019,Run1_20201027,70,20260914,-0.054058119233066956
Run1_20201019,Run1_20201027,71,20260914,0.002588638262240964
Run1_20201019,Run1_20201027,72,20260914,-0.004586314598586938
Run1_20201019,Run1_20201027,73,20260914,0.03459925243284904
Run1_20201019,Run1_20201027,74,20260914,0.08119414150662171
Run1_20201019,Run1_20201027,75,20260914,0.04049110664064172
Run1_20201019,Run1_20201027,76,20260914,-0.04350318995679482
Run1_20201019,Run1_20201027,77,20260914,-0.004041056126257802
Run1_20201019,Run1_20201027,78,20260914,-0.038912244248350665
Run1_20201019,Run1_20201027,79,20260914,-0.008334691627503835
Run1_20201019,Run1_20201027,80,20260914,-0.07919814297547591
Run1_20201019,Run1_20201027,81,20260914,0.014165565253593797
Run1_20201019,Run1_20201027,82,20260914,0.08287427315859254
Run1_20201019,Run1_20201027,83,20260914,0.0027981482269067858
Run1_20201019,Run1_20201027,84,20260914,0.02274573554316044
Run1_20201019,Run1_20201027,85,20260914,0.17789395506788955
Run1_20201019,Run1_20201027,86,20260914,-0.03886278454066926
Run1_20201019,Run1_20201027,87,20260914,-0.019114090518708896
Run1_20201019,Run1_20201027,88,20260914,-0.031182298360134544
Run1_20201019,Run1_20201027,89,20260914,-0.06281546526804381
Run1_20201019,Run1_20201027,90,20260914,0.009160044082801038
Run1_20201019,Run1_20201027,91,20260914,-0.011376474359468008
Run1_20201019,Run1_20201027,92,20260914,-0.036065297544616945
Run1_20201019,Run1_20201027,93,20260914,-0.026609397463198403
Run1_20201019,Run1_20201027,94,20260914,0.12047102060783445
Run1_20201019,Run1_20201027,95,20260914,0.03530979728949729
Run1_20201019,Run1_20201027,96,20260914,0.026964071883739244
Run1_20201019,Run1_20201027,97,20260914,0.3208860591688063
Run1_20201019,Run1_20201027,98,20260914,-0.017653233090088472
Run1_20201019,Run1_20201027,99,20260914,0.027528228043305295
Run1_20201019,Run1_20201027,100,20260914,-0.07278478330695017
Run1_20201019,Run1_20201027,101,20260914,0.1262320118960044
Run1_20201019,Run1_20201027,102,20260914,-0.041607341491137984
Run1_20201019,Run1_20201027,103,20260914,0.01684045377785066
Run1_20201019,Run1_20201027,104,20260914,-0.07265032024990123
Run1_20201019,Run1_20201027,105,20260914,0.016436583042134204
Run1_20201019,Run1_20201027,106,20260914,0.010679657924006028
Run1_20201019,Run1_20201027,107,20260914,-0.021338001168966367
Run1_20201019,Run1_20201027,108,20260914,0.009972424927447269
Run1_20201019,Run1_20201027,109,20260914,0.10298871783283785
Run1_20201019,Run1_20201027,110,20260914,-0.06541567079798219
Run1_20201019,Run1_20201027,111,20260914,-0.04769547017119626
Run1_20201019,Run1_20201027,112,20260914,-0.020315759908772362
Run1_20201019,Run1_20201027,113,20260914,-0.04234943594468181
Run1_20201019,Run1_20201027,114,20260914,-0.0007503720665248512
Run1_20201019,Run1_20201027,115,20260914,0.006005805005840652
Run1_20201019,Run1_20201027,116,20260914,0.06985586325738027
Run1_20201019,Run1_20201027,117,20260914,-0.09791700662780063
Run1_20201019,Run1_20201027,118,20260914,-0.007888303256972453
Run1_20201019,Run1_20201027,119,20260914,0.03240284010181191
Run1_20201019,Run1_20201027,120,20260914,-0.044431368897535295
Run1_20201019,Run1_20201027,121,20260914,0.10429972256677116
Run1_20201019,Run1_20201027,122,20260914,0.043429834891749765
Run1_20201019,Run1_20201027,123,20260914,0.01844595977401687
Run1_20201019,Run1_20201027,124,20260914,-0.011860523336369616
Run1_20201019,Run1_20201027,125,20260914,-0.06601383033200549
Run1_20201019,Run1_20201027,126,20260914,-0.02079542109804559
Run1_20201019,Run1_20201027,127,20260914,0.012217143511854555
Run1_20201019,Run1_20201027,128,20260914,0.047269274330096846
Run1_20201019,Run1_20201027,129,20260914,-0.013514361670362919
Run1_20201019,Run1_20201027,130,20260914,-0.0690666143162267
Run1_20201019,Run1_20201027,131,20260914,-0.01743545553950527
Run1_20201019,Run1_20201027,132,20260914,-0.022681279703944082
Run1_20201019,Run1_20201027,133,20260914,0.042991085126841466
Run1_20201019,Run1_20201027,134,20260914,-0.008074703987271777
Run1_20201019,Run1_20201027,135,20260914,-0.010368333184089211
Run1_20201019,Run1_20201027,136,20260914,-0.04835857030499192
Run1_20201019,Run1_20201027,137,20260914,-0.010434914267113208
Run1_20201019,Run1_20201027,138,20260914,-0.017875097853029244
Run1_20201019,Run1_20201027,139,20260914,0.03725395003395913
Run1_20201019,Run1_20201027,140,20260914,-0.043387785248923824
Run1_20201019,Run1_20201027,141,20260914,-0.06940091708213941
Run1_20201019,Run1_20201027,142,20260914,-0.0014600148776457256
Run1_20201019,Run1_20201027,143,20260914,-0.027345463762187116
Run1_20201019,Run1_20201027,144,20260914,-0.03275337713672449
Run1_20201019,Run1_20201027,145,20260914,-0.06416325281210074
Run1_20201019,Run1_20201027,146,20260914,-0.00572592386770675
Run1_20201019,Run1_20201027,147,20260914,0.05132077552180686
Run1_20201019,Run1_20201027,148,20260914,0.11183070610693092
Run1_20201019,Run1_20201027,149,20260914,0.09534587117049391
Run1_20201019,Run1_20201027,150,20260914,-0.06834330303983471
Run1_20201019,Run1_20201027,151,20260914,-0.03327248975200187
Run1_20201019,Run1_20201027,152,20260914,0.13678550554993876
Run1_20201019,Run1_20201027,153,20260914,0.0764339485084142
Run1_20201019,Run1_20201027,154,20260914,-0.006760667649781794
Run1_20201019,Run1_20201027,155,20260914,-0.06766141253280582
Run1_20201019,Run1_20201027,156,20260914,-0.02411981862305913
Run1_20201019,Run1_20201027,157,20260914,-0.025687132934902223
Run1_20201019,Run1_20201027,158,20260914,0.05319484897569812
Run1_20201019,Run1_20201027,159,20260914,-0.030183588934224244
Run1_20201019,Run1_20201027,160,20260914,-0.05459110882380777
Run1_20201019,Run1_20201027,161,20260914,-0.06282732221505487
Run1_20201019,Run1_20201027,162,20260914,-0.0638884944197754
Run1_20201019,Run1_20201027,163,20260914,-0.029027085029976044
Run1_20201019,Run1_20201027,164,20260914,-0.06955016744128453
Run1_20201019,Run1_20201027,165,20260914,-0.018296244766167823
Run1_20201019,Run1_20201027,166,20260914,0.028722769081256514
Run1_20201019,Run1_20201027,167,20260914,-0.05782635678950715
Run1_20201019,Run1_20201027,168,20260914,-0.02475548792002803
Run1_20201019,Run1_20201027,169,20260914,0.05146308460725303
Run1_20201019,Run1_20201027,170,20260914,-0.008601334005844336
Run1_20201019,Run1_20201027,171,20260914,0.12718980520520468
Run1_20201019,Run1_20201027,172,20260914,-0.013086877367339952
Run1_20201019,Run1_20201027,173,20260914,-0.009872978684314833
Run1_20201019,Run1_20201027,174,20260914,-0.0339048713395935
Run1_20201019,Run1_20201027,175,20260914,0.012858654411827857
Run1_20201019,Run1_20201027,176,20260914,0.045952913468698176
Run1_20201019,Run1_20201027,177,20260914,-0.021622388766708765
Run1_20201019,Run1_20201027,178,20260914,-0.03617983475205639
Run1_20201019,Run1_20201027,179,20260914,-0.04530194923340498
Run1_20201019,Run1_20201027,180,20260914,-0.05231749220219279
Run1_20201019,Run1_20201027,181,20260914,0.10114210918250392
Run1_20201019,Run1_20201027,182,20260914,-0.010630809901727921
Run1_20201019,Run1_20201027,183,20260914,-0.08983260349947332
Run1_20201019,Run1_20201027,184,20260914,-0.030348997698630812
Run1_20201019,Run1_20201027,185,20260914,5.868235521564056e-06
Run1_20201019,Run1_20201027,186,20260914,0.014580299371933725
Run1_20201019,Run1_20201027,187,20260914,-0.00919798021195182
Run1_20201019,Run1_20201027,188,20260914,-0.0049264431440220685
Run1_20201019,Run1_20201027,189,20260914,-0.022304940912895643
Run1_20201019,Run1_20201027,190,20260914,0.00269489826065211
Run1_20201019,Run1_20201027,191,20260914,0.10894318715914948
Run1_20201019,Run1_20201027,192,20260914,0.03278991529874424
Run1_20201019,Run1_20201027,193,20260914,0.000508863929761612
Run1_20201019,Run1_20201027,194,20260914,0.07717808200737243
Run1_20201019,Run1_20201027,195,20260914,0.106247520791907
Run1_20201019,Run1_20201027,196,20260914,0.02569904591793289
Run1_20201019,Run1_20201027,197,20260914,0.04500512560486681
Run1_20201019,Run1_20201027,198,20260914,-0.05768758641347407
Run1_20201019,Run1_20201027,199,20260914,0.02756958190983024
Run1_20201019,Run2_20201027,0,20260914,-0.08994320625507392
Run1_20201019,Run2_20201027,1,20260914,-0.07371179988615609
Run1_20201019,Run2_20201027,2,20260914,0.0012350951276454039
Run1_20201019,Run2_20201027,3,20260914,-0.021784957008117247
Run1_20201019,Run2_20201027,4,20260914,-0.033127055664413006
Run1_20201019,Run2_20201027,5,20260914,0.02520109463653605
Run1_20201019,Run2_20201027,6,20260914,-0.07692563331376853
Run1_20201019,Run2_20201027,7,20260914,0.06572942772924373
Run1_20201019,Run2_20201027,8,20260914,-0.04125753345570236
Run1_20201019,Run2_20201027,9,20260914,-0.04427097051884031
Run1_20201019,Run2_20201027,10,20260914,0.06046108706873567
Run1_20201019,Run2_20201027,11,20260914,0.0007328729807604884
Run1_20201019,Run2_20201027,12,20260914,-0.08483929592153323
Run1_20201019,Run2_20201027,13,20260914,0.07216771895149002
Run1_20201019,Run2_20201027,14,20260914,-0.04009612780704065
Run1_20201019,Run2_20201027,15,20260914,-0.02744898449325667
Run1_20201019,Run2_20201027,16,20260914,-0.060837191467500176
Run1_20201019,Run2_20201027,17,20260914,-0.0645582088601433
Run1_20201019,Run2_20201027,18,20260914,0.007559054126344848
Run1_20201019,Run2_20201027,19,20260914,-0.04403281213397288
Run1_20201019,Run2_20201027,20,20260914,-0.03132364388906466
Run1_20201019,Run2_20201027,21,20260914,-0.0012457651899963056
Run1_20201019,Run2_20201027,22,20260914,0.06976685736045199
Run1_20201019,Run2_20201027,23,20260914,0.01390824801193766
Run1_20201019,Run2_20201027,24,20260914,-0.06622108565050672
Run1_20201019,Run2_20201027,25,20260914,-0.0448348977968912
Run1_20201019,Run2_20201027,26,20260914,-0.036094682911999854
Run1_20201019,Run2_20201027,27,20260914,0.05210799263249021
Run1_20201019,Run2_20201027,28,20260914,-0.038444987883585
Run1_20201019,Run2_20201027,29,20260914,0.0032455398989569995
Run1_20201019,Run2_20201027,30,20260914,0.031649887780312316
Run1_20201019,Run2_20201027,31,20260914,0.014489778542474078
Run1_20201019,Run2_20201027,32,20260914,0.024316457345241183
Run1_20201019,Run2_20201027,33,20260914,-0.061651395175396556
Run1_20201019,Run2_20201027,34,20260914,-0.060714792731424175
Run1_20201019,Run2_20201027,35,20260914,-0.06768069394168477
Run1_20201019,Run2_20201027,36,20260914,-0.0221240469654152
Run1_20201019,Run2_20201027,37,20260914,-0.0025644832062236924
Run1_20201019,Run2_20201027,38,20260914,-0.06429444680745501
Run1_20201019,Run2_20201027,39,20260914,-0.04983394431635715
Run1_20201019,Run2_20201027,40,20260914,-0.07149693517573132
Run1_20201019,Run2_20201027,41,20260914,-0.05156883865433861
Run1_20201019,Run2_20201027,42,20260914,0.14598174975756037
Run1_20201019,Run2_20201027,43,20260914,-0.03363529961510243
Run1_20201019,Run2_20201027,44,20260914,-0.08988440541688243
Run1_20201019,Run2_20201027,45,20260914,-0.021896291749477145
Run1_20201019,Run2_20201027,46,20260914,0.07605239085216463
Run1_20201019,Run2_20201027,47,20260914,-0.017298688077218845
Run1_20201019,Run2_20201027,48,20260914,-0.004513398339621355
Run1_20201019,Run2_20201027,49,20260914,-0.04331705543532722
Run1_20201019,Run2_20201027,50,20260914,0.09579002754460605
Run1_20201019,Run2_20201027,51,20260914,-0.07516384504722681
Run1_20201019,Run2_20201027,52,20260914,-0.009624272464819629
Run1_20201019,Run2_20201027,53,20260914,-0.08256897998630627
Run1_20201019,Run2_20201027,54,20260914,-0.04937752084255901
Run1_20201019,Run2_20201027,55,20260914,0.1319896688914324
Run1_20201019,Run2_20201027,56,20260914,-0.06704125521651229
Run1_20201019,Run2_20201027,57,20260914,-0.06244432648269671
Run1_20201019,Run2_20201027,58,20260914,0.02877816907034033
Run1_20201019,Run2_20201027,59,20260914,-0.07471045004930255
Run1_20201019,Run2_20201027,60,20260914,-0.09018599631231917
Run1_20201019,Run2_20201027,61,20260914,0.24393267994307577
Run1_20201019,Run2_20201027,62,20260914,-0.09570866630136789
Run1_20201019,Run2_20201027,63,20260914,0.1245569574354971
Run1_20201019,Run2_20201027,64,20260914,0.014167178683049092
Run1_20201019,Run2_20201027,65,20260914,-0.011925432123986949
Run1_20201019,Run2_20201027,66,20260914,0.010943517160540244
Run1_20201019,Run2_20201027,67,20260914,-0.005073025162596927
Run1_20201019,Run2_20201027,68,20260914,-0.03198411665406815
Run1_20201019,Run2_20201027,69,20260914,0.0830854622824075
Run1_20201019,Run2_20201027,70,20260914,0.01355005107148096
Run1_20201019,Run2_20201027,71,20260914,-0.07135217808834457
Run1_20201019,Run2_20201027,72,20260914,0.019916730351579204
Run1_20201019,Run2_20201027,73,20260914,0.019643441416718487
Run1_20201019,Run2_20201027,74,20260914,-0.0520536786101001
Run1_20201019,Run2_20201027,75,20260914,0.0259411759092033
Run1_20201019,Run2_20201027,76,20260914,-0.018540294545126065
Run1_20201019,Run2_20201027,77,20260914,-0.06565556904111121
Run1_20201019,Run2_20201027,78,20260914,-0.021580100210757253
Run1_20201019,Run2_20201027,79,20260914,0.005294175055821447
Run1_20201019,Run2_20201027,80,20260914,-0.026103739041949976
Run1_20201019,Run2_20201027,81,20260914,0.0012277380306209256
Run1_20201019,Run2_20201027,82,20260914,0.23685307756554017
Run1_20201019,Run2_20201027,83,20260914,-0.02266071208138939
Run1_20201019,Run2_20201027,84,20260914,-0.045816498097350056
Run1_20201019,Run2_20201027,85,20260914,-0.03731190074088245
Run1_20201019,Run2_20201027,86,20260914,0.06015523154949206
Run1_20201019,Run2_20201027,87,20260914,-0.000879871215359901
Run1_20201019,Run2_20201027,88,20260914,0.004434120693819732
Run1_20201019,Run2_20201027,89,20260914,-0.0343715460596593
Run1_20201019,Run2_20201027,90,20260914,0.04918619079884843
Run1_20201019,Run2_20201027,91,20260914,-0.05300616652171116
Run1_20201019,Run2_20201027,92,20260914,-0.043909464011469064
Run1_20201019,Run2_20201027,93,20260914,0.022972911520775106
Run1_20201019,Run2_20201027,94,20260914,0.022089855185885753
Run1_20201019,Run2_20201027,95,20260914,0.06800780759545415
Run1_20201019,Run2_20201027,96,20260914,-0.02349618574105296
Run1_20201019,Run2_20201027,97,20260914,-0.03772291537692475
Run1_20201019,Run2_20201027,98,20260914,-0.005341201098070003
Run1_20201019,Run2_20201027,99,20260914,-0.0711880774160882
Run1_20201019,Run2_20201027,100,20260914,0.0754890605987909
Run1_20201019,Run2_20201027,101,20260914,-0.07762351245929386
Run1_20201019,Run2_20201027,102,20260914,-0.0601914265255316
Run1_20201019,Run2_20201027,103,20260914,-0.08003830088212734
Run1_20201019,Run2_20201027,104,20260914,-0.04934419288672488
Run1_20201019,Run2_20201027,105,20260914,-0.037121479849256
Run1_20201019,Run2_20201027,106,20260914,0.05910382233027395
Run1_20201019,Run2_20201027,107,20260914,-0.08208312810215491
Run1_20201019,Run2_20201027,108,20260914,-0.07803052696250413
Run1_20201019,Run2_20201027,109,20260914,-0.03313393147494954
Run1_20201019,Run2_20201027,110,20260914,0.02208545015706022
Run1_20201019,Run2_20201027,111,20260914,0.017052147365127994
Run1_20201019,Run2_20201027,112,20260914,-0.020673454634480982
Run1_20201019,Run2_20201027,113,20260914,-0.04589681055441894
Run1_20201019,Run2_20201027,114,20260914,-0.015897813916137708
Run1_20201019,Run2_20201027,115,20260914,-0.013957339927517088
Run1_20201019,Run2_20201027,116,20260914,0.056187251557148134
Run1_20201019,Run2_20201027,117,20260914,0.010115680432052217
Run1_20201019,Run2_20201027,118,20260914,-0.05205459183596215
Run1_20201019,Run2_20201027,119,20260914,-0.04108165782280267
Run1_20201019,Run2_20201027,120,20260914,-0.0894310243124428
Run1_20201019,Run2_20201027,121,20260914,0.07286777784477332
Run1_20201019,Run2_20201027,122,20260914,0.007245191057276869
Run1_20201019,Run2_20201027,123,20260914,-0.025798116082311747
Run1_20201019,Run2_20201027,124,20260914,-0.028598718619044398
Run1_20201019,Run2_20201027,125,20260914,0.012336219038613445
Run1_20201019,Run2_20201027,126,20260914,0.013864629980800887
Run1_20201019,Run2_20201027,127,20260914,0.016442431827021306
Run1_20201019,Run2_20201027,128,20260914,-0.03295034842785717
Run1_20201019,Run2_20201027,129,20260914,-0.045280674754528176
Run1_20201019,Run2_20201027,130,20260914,-0.007988090904133924
Run1_20201019,Run2_20201027,131,20260914,0.07939692380765974
Run1_20201019,Run2_20201027,132,20260914,-0.053317901752127965
Run1_20201019,Run2_20201027,133,20260914,-0.011222258988690328
Run1_20201019,Run2_20201027,134,20260914,-0.004476160353315501
Run1_20201019,Run2_20201027,135,20260914,-0.0387791693304689
Run1_20201019,Run2_20201027,136,20260914,0.032500045531480545
Run1_20201019,Run2_20201027,137,20260914,0.09165471360227176
Run1_20201019,Run2_20201027,138,20260914,0.05638141690807575
Run1_20201019,Run2_20201027,139,20260914,-0.05880589781610931
Run1_20201019,Run2_20201027,140,20260914,-0.04890736042443455
Run1_20201019,Run2_20201027,141,20260914,-0.00020047481070482154
Run1_20201019,Run2_20201027,142,20260914,0.02042954963792534
Run1_20201019,Run2_20201027,143,20260914,-0.0031487786898004473
Run1_20201019,Run2_20201027,144,20260914,0.22855610906637572
Run1_20201019,Run2_20201027,145,20260914,-0.07169156682321585
Run1_20201019,Run2_20201027,146,20260914,0.010849776839577318
Run1_20201019,Run2_20201027,147,20260914,-0.07753095747181955
Run1_20201019,Run2_20201027,148,20260914,-0.04967055065840134
Run1_20201019,Run2_20201027,149,20260914,0.0028633729524784298
Run1_20201019,Run2_20201027,150,20260914,-0.00027040755370307575
Run1_20201019,Run2_20201027,151,20260914,0.07036301481910766
Run1_20201019,Run2_20201027,152,20260914,-0.037032009248571154
Run1_20201019,Run2_20201027,153,20260914,-0.01905851269495133
Run1_20201019,Run2_20201027,154,20260914,-0.06417395003794543
Run1_20201019,Run2_20201027,155,20260914,-0.07156144132471276
Run1_20201019,Run2_20201027,156,20260914,0.07443243135923701
Run1_20201019,Run2_20201027,157,20260914,-0.03124866335801692
Run1_20201019,Run2_20201027,158,20260914,-0.048371762679872025
Run1_20201019,Run2_20201027,159,20260914,-0.020106313318725765
Run1_20201019,Run2_20201027,160,20260914,-0.03414581889642162
Run1_20201019,Run2_20201027,161,20260914,-0.013298291115720529
Run1_20201019,Run2_20201027,162,20260914,0.008147207435740827
Run1_20201019,Run2_20201027,163,20260914,-0.004381604523670894
Run1_20201019,Run2_20201027,164,20260914,0.055974386403404186
Run1_20201019,Run2_20201027,165,20260914,0.03759774127034506
Run1_20201019,Run2_20201027,166,20260914,-0.005369310503032225
Run1_20201019,Run2_20201027,167,20260914,0.00797422214909686
Run1_20201019,Run2_20201027,168,20260914,0.04265573919428959
Run1_20201019,Run2_20201027,169,20260914,-0.05112764881812208
Run1_20201019,Run2_20201027,170,20260914,-0.036796051624318885
Run1_20201019,Run2_20201027,171,20260914,-0.06089614000222637
Run1_20201019,Run2_20201027,172,20260914,-0.06403170481472924
Run1_20201019,Run2_20201027,173,20260914,-0.02926423464146188
Run1_20201019,Run2_20201027,174,20260914,0.1353123461815635
Run1_20201019,Run2_20201027,175,20260914,0.02301381796220608
Run1_20201019,Run2_20201027,176,20260914,0.08332504039155789
Run1_20201019,Run2_20201027,177,20260914,0.030397215658620354
Run1_20201019,Run2_20201027,178,20260914,-0.040001429373400524
Run1_20201019,Run2_20201027,179,20260914,-0.05347199919382143
Run1_20201019,Run2_20201027,180,20260914,-0.07451891351201152
Run1_20201019,Run2_20201027,181,20260914,0.014307986183721063
Run1_20201019,Run2_20201027,182,20260914,-0.03635531133500332
Run1_20201019,Run2_20201027,183,20260914,0.13314545030135286
Run1_20201019,Run2_20201027,184,20260914,-0.06902472047707117
Run1_20201019,Run2_20201027,185,20260914,-0.013238070968398422
Run1_20201019,Run2_20201027,186,20260914,-0.025899170739178752
Run1_20201019,Run2_20201027,187,20260914,-0.08382386681801912
Run1_20201019,Run2_20201027,188,20260914,-0.02994841914436762
Run1_20201019,Run2_20201027,189,20260914,-0.016428636765702692
Run1_20201019,Run2_20201027,190,20260914,0.024957337462958536
Run1_20201019,Run2_20201027,191,20260914,0.00192854905290748
Run1_20201019,Run2_20201027,192,20260914,-0.0357484890995618
Run1_20201019,Run2_20201027,193,20260914,-0.016953688710399012
Run1_20201019,Run2_20201027,194,20260914,0.006108446845789703
Run1_20201019,Run2_20201027,195,20260914,-0.014423811068297324
Run1_20201019,Run2_20201027,196,20260914,0.022022715630784548
Run1_20201019,Run2_20201027,197,20260914,-0.009356342474638969
Run1_20201019,Run2_20201027,198,20260914,0.18309058679142898
Run1_20201019,Run2_20201027,199,20260914,0.07906073902188887
Run1_20201019,Run1_20201028,0,20260914,-0.06965177293565192
Run1_20201019,Run1_20201028,1,20260914,0.12172340639613308
Run1_20201019,Run1_20201028,2,20260914,-0.06802279191256635
Run1_20201019,Run1_20201028,3,20260914,-0.05302942828354305
Run1_20201019,Run1_20201028,4,20260914,-0.020727600692547442
Run1_20201019,Run1_20201028,5,20260914,-0.07523807547658108
Run1_20201019,Run1_20201028,6,20260914,0.018385794371895275
Run1_20201019,Run1_20201028,7,20260914,0.027475414988261306
Run1_20201019,Run1_20201028,8,20260914,0.007077161989975652
Run1_20201019,Run1_20201028,9,20260914,0.0050765045073151395
Run1_20201019,Run1_20201028,10,20260914,-0.008445847656031704
Run1_20201019,Run1_20201028,11,20260914,-0.014424477357972768
Run1_20201019,Run1_20201028,12,20260914,-0.02919723974013594
Run1_20201019,Run1_20201028,13,20260914,0.025180139162920768
Run1_20201019,Run1_20201028,14,20260914,0.06706112237772847
Run1_20201019,Run1_20201028,15,20260914,-0.04389966740757182
Run1_20201019,Run1_20201028,16,20260914,0.004922397210164798
Run1_20201019,Run1_20201028,17,20260914,-0.05096481208834843
Run1_20201019,Run1_20201028,18,20260914,0.11072276392180137
Run1_20201019,Run1_20201028,19,20260914,0.07306544481531267
Run1_20201019,Run1_20201028,20,20260914,-0.09703838205818506
Run1_20201019,Run1_20201028,21,20260914,-0.021093274287606628
Run1_20201019,Run1_20201028,22,20260914,0.0002725814122550406
Run1_20201019,Run1_20201028,23,20260914,0.022191920632248025
Run1_20201019,Run1_20201028,24,20260914,0.058440291490955656
Run1_20201019,Run1_20201028,25,20260914,-0.03947930053239307
Run1_20201019,Run1_20201028,26,20260914,0.034285141261533245
Run1_20201019,Run1_20201028,27,20260914,-0.0676527748565972
Run1_20201019,Run1_20201028,28,20260914,-0.023008407227910272
Run1_20201019,Run1_20201028,29,20260914,0.013407665452276356
Run1_20201019,Run1_20201028,30,20260914,0.0678758682916603
Run1_20201019,Run1_20201028,31,20260914,0.05403473095118304
Run1_20201019,Run1_20201028,32,20260914,0.01670150629259632
Run1_20201019,Run1_20201028,33,20260914,-0.05623416983661955
Run1_20201019,Run1_20201028,34,20260914,-0.015832025260056573
Run1_20201019,Run1_20201028,35,20260914,-0.01938616280298326
Run1_20201019,Run1_20201028,36,20260914,0.025641536007461403
Run1_20201019,Run1_20201028,37,20260914,-0.02110405155477226
Run1_20201019,Run1_20201028,38,20260914,0.09070178405546064
Run1_20201019,Run1_20201028,39,20260914,-0.013334253354708343
Run1_20201019,Run1_20201028,40,20260914,0.027045499121796542
Run1_20201019,Run1_20201028,41,20260914,-0.005732710953795172
Run1_20201019,Run1_20201028,42,20260914,-0.0706666077730191
Run1_20201019,Run1_20201028,43,20260914,-0.012535783718257141
Run1_20201019,Run1_20201028,44,20260914,-0.030562810000187283
Run1_20201019,Run1_20201028,45,20260914,0.07416651067963942
Run1_20201019,Run1_20201028,46,20260914,0.010264052318069995
Run1_20201019,Run1_20201028,47,20260914,-0.051535606952360195
Run1_20201019,Run1_20201028,48,20260914,0.08182170512391386
Run1_20201019,Run1_20201028,49,20260914,-0.05053054459864789
Run1_20201019,Run1_20201028,50,20260914,0.06496487095681981
Run1_20201019,Run1_20201028,51,20260914,0.09283963155427936
Run1_20201019,Run1_20201028,52,20260914,-0.04177717414319127
Run1_20201019,Run1_20201028,53,20260914,-0.04645642831602517
Run1_20201019,Run1_20201028,54,20260914,-0.004104821310515185
Run1_20201019,Run1_20201028,55,20260914,0.09449597004621825
Run1_20201019,Run1_20201028,56,20260914,0.04792352903470654
Run1_20201019,Run1_20201028,57,20260914,-0.05901793727454197
Run1_20201019,Run1_20201028,58,20260914,-0.024097729756915917
Run1_20201019,Run1_20201028,59,20260914,-0.021403687030581202
Run1_20201019,Run1_20201028,60,20260914,-0.04540814958882495
Run1_20201019,Run1_20201028,61,20260914,-0.07360000622015193
Run1_20201019,Run1_20201028,62,20260914,-0.06421619912834713
Run1_20201019,Run1_20201028,63,20260914,-0.019030231834875507
Run1_20201019,Run1_20201028,64,20260914,0.06396585859569243
Run1_20201019,Run1_20201028,65,20260914,0.05089690681943076
Run1_20201019,Run1_20201028,66,20260914,-0.014715110002478039
Run1_20201019,Run1_20201028,67,20260914,-0.01472067214078092
Run1_20201019,Run1_20201028,68,20260914,-0.07440808366373002
Run1_20201019,Run1_20201028,69,20260914,0.0629537379619772
Run1_20201019,Run1_20201028,70,20260914,-0.06317389545934676
Run1_20201019,Run1_20201028,71,20260914,-0.08076179463225006
Run1_20201019,Run1_20201028,72,20260914,-0.05335641722035013
Run1_20201019,Run1_20201028,73,20260914,0.04018251633900563
Run1_20201019,Run1_20201028,74,20260914,-0.04984243163889498
Run1_20201019,Run1_20201028,75,20260914,-0.028118657254783904
Run1_20201019,Run1_20201028,76,20260914,-0.03724815289690081
Run1_20201019,Run1_20201028,77,20260914,0.00727034150984938
Run1_20201019,Run1_20201028,78,20260914,-0.046103453830297014
Run1_20201019,Run1_20201028,79,20260914,-0.07382053138806242
Run1_20201019,Run1_20201028,80,20260914,0.08916365408353873
Run1_20201019,Run1_20201028,81,20260914,-0.028508716018010607
Run1_20201019,Run1_20201028,82,20260914,0.010891950510229183
Run1_20201019,Run1_20201028,83,20260914,0.0019322205689992055
Run1_20201019,Run1_20201028,84,20260914,-0.033941688767868135
Run1_20201019,Run1_20201028,85,20260914,-0.07025797412069798
Run1_20201019,Run1_20201028,86,20260914,-0.040535803025668164
Run1_20201019,Run1_20201028,87,20260914,0.051983032741986415
Run1_20201019,Run1_20201028,88,20260914,0.011365404796084125
Run1_20201019,Run1_20201028,89,20260914,0.08449012440623922
Run1_20201019,Run1_20201028,90,20260914,-0.03498724634876803
Run1_20201019,Run1_20201028,91,20260914,0.055250390077359324
Run1_20201019,Run1_20201028,92,20260914,0.11099310401882292
Run1_20201019,Run1_20201028,93,20260914,-0.023227018264325414
Run1_20201019,Run1_20201028,94,20260914,-0.0255118435173515
Run1_20201019,Run1_20201028,95,20260914,-0.018462275025359572
Run1_20201019,Run1_20201028,96,20260914,-0.05205684857782303
Run1_20201019,Run1_20201028,97,20260914,0.11631395517843983
Run1_20201019,Run1_20201028,98,20260914,-0.037199836819488644
Run1_20201019,Run1_20201028,99,20260914,0.013378035120717904
Run1_20201019,Run1_20201028,100,20260914,0.013325521803617587
Run1_20201019,Run1_20201028,101,20260914,0.0371647723600965
Run1_20201019,Run1_20201028,102,20260914,-0.05328616148146861
Run1_20201019,Run1_20201028,103,20260914,-0.03626126700967441
Run1_20201019,Run1_20201028,104,20260914,0.0030167434287976616
Run1_20201019,Run1_20201028,105,20260914,0.03429372099830092
Run1_20201019,Run1_20201028,106,20260914,-0.04307222371853404
Run1_20201019,Run1_20201028,107,20260914,-0.013317750781881828
Run1_20201019,Run1_20201028,108,20260914,0.011258263332046024
Run1_20201019,Run1_20201028,109,20260914,-0.020795480179735846
Run1_20201019,Run1_20201028,110,20260914,0.028316221090086184
Run1_20201019,Run1_20201028,111,20260914,0.01435193857007787
Run1_20201019,Run1_20201028,112,20260914,-0.023217902671518326
Run1_20201019,Run1_20201028,113,20260914,-0.06771247726658089
Run1_20201019,Run1_20201028,114,20260914,-0.03505300046177683
Run1_20201019,Run1_20201028,115,20260914,-0.06625252332445256
Run1_20201019,Run1_20201028,116,20260914,0.011599583648977941
Run1_20201019,Run1_20201028,117,20260914,-0.09424158405563784
Run1_20201019,Run1_20201028,118,20260914,-0.01865396851591114
Run1_20201019,Run1_20201028,119,20260914,-0.030844143038584546
Run1_20201019,Run1_20201028,120,20260914,0.24007355224027896
Run1_20201019,Run1_20201028,121,20260914,0.05670616318424546
Run1_20201019,Run1_20201028,122,20260914,0.07189244099841717
Run1_20201019,Run1_20201028,123,20260914,0.03273154166909746
Run1_20201019,Run1_20201028,124,20260914,-0.05194809089920369
Run1_20201019,Run1_20201028,125,20260914,-0.011506792650900328
Run1_20201019,Run1_20201028,126,20260914,-0.017322616928401563
Run1_20201019,Run1_20201028,127,20260914,-0.027525914751498452
Run1_20201019,Run1_20201028,128,20260914,-0.07211575177216739
Run1_20201019,Run1_20201028,129,20260914,0.012757837874133562
Run1_20201019,Run1_20201028,130,20260914,0.07768394917112444
Run1_20201019,Run1_20201028,131,20260914,0.007847628742332543
Run1_20201019,Run1_20201028,132,20260914,-0.039281654634781636
Run1_20201019,Run1_20201028,133,20260914,0.023631019581838157
Run1_20201019,Run1_20201028,134,20260914,0.010749543778713452
Run1_20201019,Run1_20201028,135,20260914,0.015663678256549674
Run1_20201019,Run1_20201028,136,20260914,-0.015233010399009038
Run1_20201019,Run1_20201028,137,20260914,0.011766527296821943
Run1_20201019,Run1_20201028,138,20260914,-0.044368015130154974
Run1_20201019,Run1_20201028,139,20260914,-0.06963246495656887
Run1_20201019,Run1_20201028,140,20260914,0.012585091865267272
Run1_20201019,Run1_20201028,141,20260914,0.13806022168240584
Run1_20201019,Run1_20201028,142,20260914,-0.01463872539848773
Run1_20201019,Run1_20201028,143,20260914,0.01728653877053999
Run1_20201019,Run1_20201028,144,20260914,0.07714664847715907
Run1_20201019,Run1_20201028,145,20260914,0.12513858489540733
Run1_20201019,Run1_20201028,146,20260914,-0.048670509310349115
Run1_20201019,Run1_20201028,147,20260914,-0.01986338292059227
Run1_20201019,Run1_20201028,148,20260914,-0.011484891205979314
Run1_20201019,Run1_20201028,149,20260914,-0.01766094788658107
Run1_20201019,Run1_20201028,150,20260914,-0.029192991074630865
Run1_20201019,Run1_20201028,151,20260914,0.07819489128573873
Run1_20201019,Run1_20201028,152,20260914,-0.0043810390476724855
Run1_20201019,Run1_20201028,153,20260914,0.00527836009717275
Run1_20201019,Run1_20201028,154,20260914,-0.053757754048828696
Run1_20201019,Run1_20201028,155,20260914,0.10411845076195562
Run1_20201019,Run1_20201028,156,20260914,0.04402707492126089
Run1_20201019,Run1_20201028,157,20260914,0.019685628065093268
Run1_20201019,Run1_20201028,158,20260914,0.1543270749718697
Run1_20201019,Run1_20201028,159,20260914,0.11367402192773379
Run1_20201019,Run1_20201028,160,20260914,-0.01561121184588876
Run1_20201019,Run1_20201028,161,20260914,-0.04466435395726535
Run1_20201019,Run1_20201028,162,20260914,0.066411498453986
Run1_20201019,Run1_20201028,163,20260914,0.03783792527985215
Run1_20201019,Run1_20201028,164,20260914,-0.029708766409861892
Run1_20201019,Run1_20201028,165,20260914,-0.008436176013721266
Run1_20201019,Run1_20201028,166,20260914,-0.024757438233324058
Run1_20201019,Run1_20201028,167,20260914,0.012076486138810077
Run1_20201019,Run1_20201028,168,20260914,-0.027583816578424
Run1_20201019,Run1_20201028,169,20260914,0.03224946288634899
Run1_20201019,Run1_20201028,170,20260914,-0.0020868555573459948
Run1_20201019,Run1_20201028,171,20260914,-0.06465239369292906
Run1_20201019,Run1_20201028,172,20260914,0.16849859836727182
Run1_20201019,Run1_20201028,173,20260914,0.06367344288496377
Run1_20201019,Run1_20201028,174,20260914,0.05285445950222294
Run1_20201019,Run1_20201028,175,20260914,0.030060358043591123
Run1_20201019,Run1_20201028,176,20260914,0.10916722297166255
Run1_20201019,Run1_20201028,177,20260914,-0.016789922578210575
Run1_20201019,Run1_20201028,178,20260914,-0.04949137570940092
Run1_20201019,Run1_20201028,179,20260914,-0.044543769479157155
Run1_20201019,Run1_20201028,180,20260914,0.08023757014045567
Run1_20201019,Run1_20201028,181,20260914,-0.06470339486816122
Run1_20201019,Run1_20201028,182,20260914,-0.062421713270550995
Run1_20201019,Run1_20201028,183,20260914,0.15390973292029053
Run1_20201019,Run1_20201028,184,20260914,-0.06101593183528311
Run1_20201019,Run1_20201028,185,20260914,0.036869578838242885
Run1_20201019,Run1_20201028,186,20260914,0.013139663727480114
Run1_20201019,Run1_20201028,187,20260914,0.0007656118559734224
Run1_20201019,Run1_20201028,188,20260914,-0.029036797605570455
Run1_20201019,Run1_20201028,189,20260914,-0.06223724332058332
Run1_20201019,Run1_20201028,190,20260914,0.018908710982949526
Run1_20201019,Run1_20201028,191,20260914,0.09983946637277963
Run1_20201019,Run1_20201028,192,20260914,-0.08223755828364886
Run1_20201019,Run1_20201028,193,20260914,0.06170292084428495
Run1_20201019,Run1_20201028,194,20260914,-0.07526306617926473
Run1_20201019,Run1_20201028,195,20260914,0.08885986627464267
Run1_20201019,Run1_20201028,196,20260914,-0.073815697649082
Run1_20201019,Run1_20201028,197,20260914,0.07385542703550234
Run1_20201019,Run1_20201028,198,20260914,0.04758793683058518
Run1_20201019,Run1_20201028,199,20260914,-0.040312448366651724
Run1_20201019,Run1_20201030,0,20260914,0.039469536975264397
Run1_20201019,Run1_20201030,1,20260914,-0.04157328232995297
Run1_20201019,Run1_20201030,2,20260914,-0.06258277692505969
Run1_20201019,Run1_20201030,3,20260914,0.13584001274505098
Run1_20201019,Run1_20201030,4,20260914,-0.039809170868741
Run1_20201019,Run1_20201030,5,20260914,0.054928106815762205
Run1_20201019,Run1_20201030,6,20260914,-0.028495672729735154
Run1_20201019,Run1_20201030,7,20260914,0.07857617906741451
Run1_20201019,Run1_20201030,8,20260914,0.014068283014764177
Run1_20201019,Run1_20201030,9,20260914,-0.037515833275766325
Run1_20201019,Run1_20201030,10,20260914,0.03365988697806341
Run1_20201019,Run1_20201030,11,20260914,-0.01989629411957345
Run1_20201019,Run1_20201030,12,20260914,-0.02140077961528229
Run1_20201019,Run1_20201030,13,20260914,-0.004956736122785233
Run1_20201019,Run1_20201030,14,20260914,-0.03730168816137899
Run1_20201019,Run1_20201030,15,20260914,0.02898393609354309
Run1_20201019,Run1_20201030,16,20260914,-0.04682888822332089
Run1_20201019,Run1_20201030,17,20260914,-0.026281764387712774
Run1_20201019,Run1_20201030,18,20260914,-0.04959149274229277
Run1_20201019,Run1_20201030,19,20260914,-0.061673877853540185
Run1_20201019,Run1_20201030,20,20260914,0.03169164759261234
Run1_20201019,Run1_20201030,21,20260914,-0.04248489455396833
Run1_20201019,Run1_20201030,22,20260914,-0.010353417483309903
Run1_20201019,Run1_20201030,23,20260914,-0.0236953454503822
Run1_20201019,Run1_20201030,24,20260914,-0.02107475302841972
Run1_20201019,Run1_20201030,25,20260914,-0.010593162655936668
Run1_20201019,Run1_20201030,26,20260914,0.006500599098247585
Run1_20201019,Run1_20201030,27,20260914,-0.04138902752058207
Run1_20201019,Run1_20201030,28,20260914,-0.022690622636814886
Run1_20201019,Run1_20201030,29,20260914,-0.018621438023934983
Run1_20201019,Run1_20201030,30,20260914,-0.04439452440156474
Run1_20201019,Run1_20201030,31,20260914,-0.02474499664517631
Run1_20201019,Run1_20201030,32,20260914,0.33375461415043056
Run1_20201019,Run1_20201030,33,20260914,-0.03390050726300014
Run1_20201019,Run1_20201030,34,20260914,0.032384627611562106
Run1_20201019,Run1_20201030,35,20260914,-0.04353361701935759
Run1_20201019,Run1_20201030,36,20260914,-0.00257488967732956
Run1_20201019,Run1_20201030,37,20260914,0.09270246203092222
Run1_20201019,Run1_20201030,38,20260914,-0.04063450835385615
Run1_20201019,Run1_20201030,39,20260914,-0.01559700356022852
Run1_20201019,Run1_20201030,40,20260914,-0.029335696106751172
Run1_20201019,Run1_20201030,41,20260914,-0.002770445002390896
Run1_20201019,Run1_20201030,42,20260914,0.0337699925979721
Run1_20201019,Run1_20201030,43,20260914,-0.023128935390276547
Run1_20201019,Run1_20201030,44,20260914,-0.03663376650245663
Run1_20201019,Run1_20201030,45,20260914,0.06213819886334481
Run1_20201019,Run1_20201030,46,20260914,0.027876886419948198
Run1_20201019,Run1_20201030,47,20260914,0.08176156445345839
Run1_20201019,Run1_20201030,48,20260914,-0.05030829404307962
Run1_20201019,Run1_20201030,49,20260914,-0.0472692782286285
Run1_20201019,Run1_20201030,50,20260914,-0.05956703351866777
Run1_20201019,Run1_20201030,51,20260914,-0.05855250945260917
Run1_20201019,Run1_20201030,52,20260914,0.027471820300416838
Run1_20201019,Run1_20201030,53,20260914,0.013858048514378498
Run1_20201019,Run1_20201030,54,20260914,-0.00973714607048508
Run1_20201019,Run1_20201030,55,20260914,0.0389906004595976
Run1_20201019,Run1_20201030,56,20260914,-0.03881459830656132
Run1_20201019,Run1_20201030,57,20260914,0.017556555545388916
Run1_20201019,Run1_20201030,58,20260914,0.012432422772212924
Run1_20201019,Run1_20201030,59,20260914,-0.03586222916096315
Run1_20201019,Run1_20201030,60,20260914,-0.012895876294011838
Run1_20201019,Run1_20201030,61,20260914,-0.08247070537147287
Run1_20201019,Run1_20201030,62,20260914,-0.03684765521584863
Run1_20201019,Run1_20201030,63,20260914,-5.24397143070725e-05
Run1_20201019,Run1_20201030,64,20260914,-0.004965657985381048
Run1_20201019,Run1_20201030,65,20260914,0.3462508633217871
Run1_20201019,Run1_20201030,66,20260914,-0.01382565638328465
Run1_20201019,Run1_20201030,67,20260914,-0.031224602167972133
Run1_20201019,Run1_20201030,68,20260914,-0.016643883753675898
Run1_20201019,Run1_20201030,69,20260914,-0.0072522445164848424
Run1_20201019,Run1_20201030,70,20260914,-0.017682871107097427
Run1_20201019,Run1_20201030,71,20260914,-0.05716553226316434
Run1_20201019,Run1_20201030,72,20260914,0.02020519886661021
Run1_20201019,Run1_20201030,73,20260914,0.05490487536674864
Run1_20201019,Run1_20201030,74,20260914,-0.06574802329210566
Run1_20201019,Run1_20201030,75,20260914,-0.0014628203492368555
Run1_20201019,Run1_20201030,76,20260914,-0.047204386943226054
Run1_20201019,Run1_20201030,77,20260914,0.037475332225842636
Run1_20201019,Run1_20201030,78,20260914,0.03500928033016207
Run1_20201019,Run1_20201030,79,20260914,-0.025778933220828682
Run1_20201019,Run1_20201030,80,20260914,-0.0037368084410927013
Run1_20201019,Run1_20201030,81,20260914,-0.07011397109104829
Run1_20201019,Run1_20201030,82,20260914,-0.004537384662685133
Run1_20201019,Run1_20201030,83,20260914,-0.04291063405346834
Run1_20201019,Run1_20201030,84,20260914,-0.0012250446492384746
Run1_20201019,Run1_20201030,85,20260914,0.09904824239611201
Run1_20201019,Run1_20201030,86,20260914,-0.04333356979553888
Run1_20201019,Run1_20201030,87,20260914,-0.032167756124215796
Run1_20201019,Run1_20201030,88,20260914,-0.028625644851764654
Run1_20201019,Run1_20201030,89,20260914,0.04247160358408039
Run1_20201019,Run1_20201030,90,20260914,0.013384074670388182
Run1_20201019,Run1_20201030,91,20260914,-0.04226028710635949
Run1_20201019,Run1_20201030,92,20260914,0.5240358245689779
Run1_20201019,Run1_20201030,93,20260914,-0.022104640155456493
Run1_20201019,Run1_20201030,94,20260914,-0.04472742806044999
Run1_20201019,Run1_20201030,95,20260914,-0.02015260243485963
Run1_20201019,Run1_20201030,96,20260914,-0.013957638079246557
Run1_20201019,Run1_20201030,97,20260914,0.029159453533298955
Run1_20201019,Run1_20201030,98,20260914,0.01156836555423368
Run1_20201019,Run1_20201030,99,20260914,-0.06661269003445086
Run1_20201019,Run1_20201030,100,20260914,0.06254675508132884
Run1_20201019,Run1_20201030,101,20260914,-0.03408311641759662
Run1_20201019,Run1_20201030,102,20260914,-0.013598757920320509
Run1_20201019,Run1_20201030,103,20260914,0.07759132833397334
Run1_20201019,Run1_20201030,104,20260914,-0.02807836833911886
Run1_20201019,Run1_20201030,105,20260914,-0.027873741802259586
Run1_20201019,Run1_20201030,106,20260914,0.009427982087564561
Run1_20201019,Run1_20201030,107,20260914,-0.050921721034588044
Run1_20201019,Run1_20201030,108,20260914,-0.07985944130664212
Run1_20201019,Run1_20201030,109,20260914,0.02973641703046799
Run1_20201019,Run1_20201030,110,20260914,-0.06272912792999968
Run1_20201019,Run1_20201030,111,20260914,-0.02759808033975594
Run1_20201019,Run1_20201030,112,20260914,0.02757782354336675
Run1_20201019,Run1_20201030,113,20260914,0.03910955421700402
Run1_20201019,Run1_20201030,114,20260914,-0.042702109795307606
Run1_20201019,Run1_20201030,115,20260914,-0.03458931730250661
Run1_20201019,Run1_20201030,116,20260914,-0.017319391216407586
Run1_20201019,Run1_20201030,117,20260914,-0.04066821671735978
Run1_20201019,Run1_20201030,118,20260914,-0.006905553602732382
Run1_20201019,Run1_20201030,119,20260914,0.10548649442420921
Run1_20201019,Run1_20201030,120,20260914,0.07386777901193392
Run1_20201019,Run1_20201030,121,20260914,-0.02451338577301134
Run1_20201019,Run1_20201030,122,20260914,-0.043013507559057404
Run1_20201019,Run1_20201030,123,20260914,0.003139388487118478
Run1_20201019,Run1_20201030,124,20260914,-0.016317328014567565
Run1_20201019,Run1_20201030,125,20260914,0.04564106673233926
Run1_20201019,Run1_20201030,126,20260914,-0.018235626280513922
Run1_20201019,Run1_20201030,127,20260914,-0.012422040667354941
Run1_20201019,Run1_20201030,128,20260914,-0.050056207019314354
Run1_20201019,Run1_20201030,129,20260914,-0.015430292418406
Run1_20201019,Run1_20201030,130,20260914,-0.028803424795499636
Run1_20201019,Run1_20201030,131,20260914,-0.06409813861811367
Run1_20201019,Run1_20201030,132,20260914,-0.024563672000667985
Run1_20201019,Run1_20201030,133,20260914,-0.03475536360181542
Run1_20201019,Run1_20201030,134,20260914,-0.04815411001103597
Run1_20201019,Run1_20201030,135,20260914,0.05669061886838037
Run1_20201019,Run1_20201030,136,20260914,-0.006280444738020786
Run1_20201019,Run1_20201030,137,20260914,-0.04353786611408204
Run1_20201019,Run1_20201030,138,20260914,0.014860851845618982
Run1_20201019,Run1_20201030,139,20260914,-0.04193233762309461
Run1_20201019,Run1_20201030,140,20260914,0.013009578535307788
Run1_20201019,Run1_20201030,141,20260914,-0.013468978278817175
Run1_20201019,Run1_20201030,142,20260914,0.018621155757720078
Run1_20201019,Run1_20201030,143,20260914,-0.045525857179487844
Run1_20201019,Run1_20201030,144,20260914,0.05898143069688562
Run1_20201019,Run1_20201030,145,20260914,-0.031192138812406088
Run1_20201019,Run1_20201030,146,20260914,-0.03804314659019039
Run1_20201019,Run1_20201030,147,20260914,0.088569476443307
Run1_20201019,Run1_20201030,148,20260914,0.0962677304053264
Run1_20201019,Run1_20201030,149,20260914,-0.016400341539117777
Run1_20201019,Run1_20201030,150,20260914,-0.023927905900073525
Run1_20201019,Run1_20201030,151,20260914,-0.03901989419093499
Run1_20201019,Run1_20201030,152,20260914,0.09312300421590579
Run1_20201019,Run1_20201030,153,20260914,-0.04223164501161786
Run1_20201019,Run1_20201030,154,20260914,0.0254326593707861
Run1_20201019,Run1_20201030,155,20260914,0.035068375917119185
Run1_20201019,Run1_20201030,156,20260914,-0.01230901566481546
Run1_20201019,Run1_20201030,157,20260914,-0.0417208555565418
Run1_20201019,Run1_20201030,158,20260914,0.06903484614600822
Run1_20201019,Run1_20201030,159,20260914,0.10604789383933733
Run1_20201019,Run1_20201030,160,20260914,0.07112637130572881
Run1_20201019,Run1_20201030,161,20260914,-0.07627892475232988
Run1_20201019,Run1_20201030,162,20260914,-0.06041620255744419
Run1_20201019,Run1_20201030,163,20260914,-0.049460987210055665
Run1_20201019,Run1_20201030,164,20260914,0.006565297061218991
Run1_20201019,Run1_20201030,165,20260914,-0.0005321482879310338
Run1_20201019,Run1_20201030,166,20260914,-0.04497053491035577
Run1_20201019,Run1_20201030,167,20260914,0.03679490191233541
Run1_20201019,Run1_20201030,168,20260914,0.0004196757718001508
Run1_20201019,Run1_20201030,169,20260914,0.05895865869553878
Run1_20201019,Run1_20201030,170,20260914,0.012510838531253383
Run1_20201019,Run1_20201030,171,20260914,-0.04532959599745458
Run1_20201019,Run1_20201030,172,20260914,0.04355432956652987
Run1_20201019,Run1_20201030,173,20260914,-0.013326738578945447
Run1_20201019,Run1_20201030,174,20260914,0.14719089314241543
Run1_20201019,Run1_20201030,175,20260914,-0.06352205380028862
Run1_20201019,Run1_20201030,176,20260914,-0.058131438988311655
Run1_20201019,Run1_20201030,177,20260914,0.08867981028555078
Run1_20201019,Run1_20201030,178,20260914,-0.07409062124844833
Run1_20201019,Run1_20201030,179,20260914,-0.05717246872065575
Run1_20201019,Run1_20201030,180,20260914,0.07838015865497629
Run1_20201019,Run1_20201030,181,20260914,0.04633079103937929
Run1_20201019,Run1_20201030,182,20260914,0.027459399712878894
Run1_20201019,Run1_20201030,183,20260914,0.00660551980926139
Run1_20201019,Run1_20201030,184,20260914,-0.002060014488446174
Run1_20201019,Run1_20201030,185,20260914,0.0316698718377115
Run1_20201019,Run1_20201030,186,20260914,-0.03409067962526629
Run1_20201019,Run1_20201030,187,20260914,0.1296244463987394
Run1_20201019,Run1_20201030,188,20260914,0.05324882443120254
Run1_20201019,Run1_20201030,189,20260914,-0.008273128551429282
Run1_20201019,Run1_20201030,190,20260914,-0.055968924328559544
Run1_20201019,Run1_20201030,191,20260914,-0.019203845547358527
Run1_20201019,Run1_20201030,192,20260914,-0.04492495382943464
Run1_20201019,Run1_20201030,193,20260914,0.00019123923547387654
Run1_20201019,Run1_20201030,194,20260914,-0.028471200680362917
Run1_20201019,Run1_20201030,195,20260914,0.05779461079488971
Run1_20201019,Run1_20201030,196,20260914,-0.06656687777920037
Run1_20201019,Run1_20201030,197,20260914,-0.007499466976147759
Run1_20201019,Run1_20201030,198,20260914,-0.013768619819370949
Run1_20201019,Run1_20201030,199,20260914,0.025745054535325766
Run1_20201019,Run2_20201030,0,20260914,0.062158441682184276
Run1_20201019,Run2_20201030,1,20260914,-0.025499411746818034
Run1_20201019,Run2_20201030,2,20260914,-0.06394426769802525
Run1_20201019,Run2_20201030,3,20260914,0.054798530122488094
Run1_20201019,Run2_20201030,4,20260914,-0.026664211571209018
Run1_20201019,Run2_20201030,5,20260914,-0.041644930700606965
Run1_20201019,Run2_20201030,6,20260914,-0.013782878213648663
Run1_20201019,Run2_20201030,7,20260914,-0.010867699014044755
Run1_20201019,Run2_20201030,8,20260914,0.012865248677124073
Run1_20201019,Run2_20201030,9,20260914,-0.016727192469653842
Run1_20201019,Run2_20201030,10,20260914,-0.043708580114547466
Run1_20201019,Run2_20201030,11,20260914,-0.04809371590250037
Run1_20201019,Run2_20201030,12,20260914,0.06578213568201662
Run1_20201019,Run2_20201030,13,20260914,0.09371942781471128
Run1_20201019,Run2_20201030,14,20260914,-0.06170100192151529
Run1_20201019,Run2_20201030,15,20260914,0.021564327716651326
Run1_20201019,Run2_20201030,16,20260914,0.09569816260647848
Run1_20201019,Run2_20201030,17,20260914,0.15271027629484973
Run1_20201019,Run2_20201030,18,20260914,0.029495406136142165
Run1_20201019,Run2_20201030,19,20260914,-0.038149129616218115
Run1_20201019,Run2_20201030,20,20260914,-0.044325142337163635
Run1_20201019,Run2_20201030,21,20260914,-0.039611349230302066
Run1_20201019,Run2_20201030,22,20260914,-0.0592967098267517
Run1_20201019,Run2_20201030,23,20260914,-0.009567683630078552
Run1_20201019,Run2_20201030,24,20260914,-0.05567225418131297
Run1_20201019,Run2_20201030,25,20260914,-0.08021355525500608
Run1_20201019,Run2_20201030,26,20260914,0.05675340811950883
Run1_20201019,Run2_20201030,27,20260914,0.0019310092242404515
Run1_20201019,Run2_20201030,28,20260914,-0.03584300195210402
Run1_20201019,Run2_20201030,29,20260914,0.015786495709930216
Run1_20201019,Run2_20201030,30,20260914,0.03888782535179999
Run1_20201019,Run2_20201030,31,20260914,-0.0007798706629393816
Run1_20201019,Run2_20201030,32,20260914,-0.005282134491958365
Run1_20201019,Run2_20201030,33,20260914,0.014017208487040465
Run1_20201019,Run2_20201030,34,20260914,-0.03553598828146381
Run1_20201019,Run2_20201030,35,20260914,0.10603315983915255
Run1_20201019,Run2_20201030,36,20260914,-0.05017556110247322
Run1_20201019,Run2_20201030,37,20260914,-0.06372054660413771
Run1_20201019,Run2_20201030,38,20260914,-0.028567327395952358
Run1_20201019,Run2_20201030,39,20260914,-0.0418736839875633
Run1_20201019,Run2_20201030,40,20260914,0.0050063679398922485
Run1_20201019,Run2_20201030,41,20260914,0.028988708040860685
Run1_20201019,Run2_20201030,42,20260914,0.3512168756949789
Run1_20201019,Run2_20201030,43,20260914,-0.010860651400120071
Run1_20201019,Run2_20201030,44,20260914,0.10951350847582873
Run1_20201019,Run2_20201030,45,20260914,-0.02524394436529382
Run1_20201019,Run2_20201030,46,20260914,-0.06766605732281832
Run1_20201019,Run2_20201030,47,20260914,0.17086960069837634
Run1_20201019,Run2_20201030,48,20260914,-0.03695521427073189
Run1_20201019,Run2_20201030,49,20260914,0.2694584974940091
Run1_20201019,Run2_20201030,50,20260914,-0.03740325470668517
Run1_20201019,Run2_20201030,51,20260914,-0.005491433588719609
Run1_20201019,Run2_20201030,52,20260914,-0.05566565600330419
Run1_20201019,Run2_20201030,53,20260914,-0.022165593231780314
Run1_20201019,Run2_20201030,54,20260914,-0.08229197453578198
Run1_20201019,Run2_20201030,55,20260914,-0.029271841425916795
Run1_20201019,Run2_20201030,56,20260914,0.04065849043208406
Run1_20201019,Run2_20201030,57,20260914,0.01721327904683609
Run1_20201019,Run2_20201030,58,20260914,-0.05913079698615086
Run1_20201019,Run2_20201030,59,20260914,0.05772583622212518
Run1_20201019,Run2_20201030,60,20260914,0.011766431904046859
Run1_20201019,Run2_20201030,61,20260914,-0.024212508418525656
Run1_20201019,Run2_20201030,62,20260914,-0.004977413509162692
Run1_20201019,Run2_20201030,63,20260914,0.08025844945553036
Run1_20201019,Run2_20201030,64,20260914,0.03168216559954121
Run1_20201019,Run2_20201030,65,20260914,0.09351829658547757
Run1_20201019,Run2_20201030,66,20260914,0.01771734867012193
Run1_20201019,Run2_20201030,67,20260914,-0.04381789441410069
Run1_20201019,Run2_20201030,68,20260914,-0.02653060891228612
Run1_20201019,Run2_20201030,69,20260914,0.05878541041972403
Run1_20201019,Run2_20201030,70,20260914,-0.003883544068799872
Run1_20201019,Run2_20201030,71,20260914,-0.041814114448196445
Run1_20201019,Run2_20201030,72,20260914,-0.014657443947418402
Run1_20201019,Run2_20201030,73,20260914,-0.01951599539810332
Run1_20201019,Run2_20201030,74,20260914,-0.005015916193483427
Run1_20201019,Run2_20201030,75,20260914,-0.029234455718978168
Run1_20201019,Run2_20201030,76,20260914,-0.012655152989507411
Run1_20201019,Run2_20201030,77,20260914,-0.0591476454978627
Run1_20201019,Run2_20201030,78,20260914,0.010763815317551372
Run1_20201019,Run2_20201030,79,20260914,0.019610859915647753
Run1_20201019,Run2_20201030,80,20260914,-0.015825265512322106
Run1_20201019,Run2_20201030,81,20260914,0.017597338160071103
Run1_20201019,Run2_20201030,82,20260914,-0.02979757829514699
Run1_20201019,Run2_20201030,83,20260914,-0.03166000814362811
Run1_20201019,Run2_20201030,84,20260914,-0.026865642807627464
Run1_20201019,Run2_20201030,85,20260914,-0.059562645732727536
Run1_20201019,Run2_20201030,86,20260914,0.07463144615981435
Run1_20201019,Run2_20201030,87,20260914,0.4444354925700533
Run1_20201019,Run2_20201030,88,20260914,0.004569818033691491
Run1_20201019,Run2_20201030,89,20260914,0.029491027105539726
Run1_20201019,Run2_20201030,90,20260914,0.01704866692418264
Run1_20201019,Run2_20201030,91,20260914,-0.008801281008994225
Run1_20201019,Run2_20201030,92,20260914,0.07086698495329273
Run1_20201019,Run2_20201030,93,20260914,-0.033284607481527416
Run1_20201019,Run2_20201030,94,20260914,-0.0065786392614314675
Run1_20201019,Run2_20201030,95,20260914,-0.05841314355002157
Run1_20201019,Run2_20201030,96,20260914,-0.05257488047695971
Run1_20201019,Run2_20201030,97,20260914,0.12415309548369376
Run1_20201019,Run2_20201030,98,20260914,0.0018395753404946472
Run1_20201019,Run2_20201030,99,20260914,-0.01212836853110862
Run1_20201019,Run2_20201030,100,20260914,0.14393422053147864
Run1_20201019,Run2_20201030,101,20260914,-0.039160074436999585
Run1_20201019,Run2_20201030,102,20260914,0.32979874612138077
Run1_20201019,Run2_20201030,103,20260914,-0.04693811349390876
Run1_20201019,Run2_20201030,104,20260914,-0.04377846749664031
Run1_20201019,Run2_20201030,105,20260914,-0.01277592745540479
Run1_20201019,Run2_20201030,106,20260914,-0.03665006904000483
Run1_20201019,Run2_20201030,107,20260914,0.009071437762185658
Run1_20201019,Run2_20201030,108,20260914,-0.06313189805237661
Run1_20201019,Run2_20201030,109,20260914,0.036057090454654925
Run1_20201019,Run2_20201030,110,20260914,-0.040789133927462515
Run1_20201019,Run2_20201030,111,20260914,0.01456564293492525
Run1_20201019,Run2_20201030,112,20260914,-0.03749340763051081
Run1_20201019,Run2_20201030,113,20260914,0.029972198006808032
Run1_20201019,Run2_20201030,114,20260914,0.038869206753443915
Run1_20201019,Run2_20201030,115,20260914,-0.03155893363261367
Run1_20201019,Run2_20201030,116,20260914,-0.05581717757344578
Run1_20201019,Run2_20201030,117,20260914,-0.0563836619376174
Run1_20201019,Run2_20201030,118,20260914,-0.034380016684936635
Run1_20201019,Run2_20201030,119,20260914,0.005178192879180738
Run1_20201019,Run2_20201030,120,20260914,-0.06309400808813664
Run1_20201019,Run2_20201030,121,20260914,0.028991236941087406
Run1_20201019,Run2_20201030,122,20260914,-0.017685187776161633
Run1_20201019,Run2_20201030,123,20260914,-0.038598623172498
Run1_20201019,Run2_20201030,124,20260914,0.11007789526880422
Run1_20201019,Run2_20201030,125,20260914,-0.037070410430269124
Run1_20201019,Run2_20201030,126,20260914,-0.06241095447354478
Run1_20201019,Run2_20201030,127,20260914,0.008197073269279681
Run1_20201019,Run2_20201030,128,20260914,-0.03458383946657743
Run1_20201019,Run2_20201030,129,20260914,-0.0006973303673010968
Run1_20201019,Run2_20201030,130,20260914,-0.0300755675433562
Run1_20201019,Run2_20201030,131,20260914,0.03349842235654196
Run1_20201019,Run2_20201030,132,20260914,0.04335476105347391
Run1_20201019,Run2_20201030,133,20260914,-0.06151098273858964
Run1_20201019,Run2_20201030,134,20260914,0.018100994278541213
Run1_20201019,Run2_20201030,135,20260914,0.007457528891014262
Run1_20201019,Run2_20201030,136,20260914,0.00025324583578168646
Run1_20201019,Run2_20201030,137,20260914,-0.03641035968718104
Run1_20201019,Run2_20201030,138,20260914,-0.014480472175019765
Run1_20201019,Run2_20201030,139,20260914,-0.028348130161079867
Run1_20201019,Run2_20201030,140,20260914,0.11704455539697853
Run1_20201019,Run2_20201030,141,20260914,-0.061362911275082505
Run1_20201019,Run2_20201030,142,20260914,0.014983850320772317
Run1_20201019,Run2_20201030,143,20260914,-0.0040804083750301924
Run1_20201019,Run2_20201030,144,20260914,-0.022677502412013974
Run1_20201019,Run2_20201030,145,20260914,-0.013931676174906926
Run1_20201019,Run2_20201030,146,20260914,-0.014493858133835386
Run1_20201019,Run2_20201030,147,20260914,-0.0363531848448716
Run1_20201019,Run2_20201030,148,20260914,-0.0353882962748651
Run1_20201019,Run2_20201030,149,20260914,0.058895762420277
Run1_20201019,Run2_20201030,150,20260914,-0.03654563506199482
Run1_20201019,Run2_20201030,151,20260914,-0.021211161309870954
Run1_20201019,Run2_20201030,152,20260914,-0.030073361877504916
Run1_20201019,Run2_20201030,153,20260914,-0.04427819834573381
Run1_20201019,Run2_20201030,154,20260914,-0.051514620053620425
Run1_20201019,Run2_20201030,155,20260914,-0.05241023565049363
Run1_20201019,Run2_20201030,156,20260914,0.05590553510588407
Run1_20201019,Run2_20201030,157,20260914,0.00013537984926840436
Run1_20201019,Run2_20201030,158,20260914,0.05817919212749456
Run1_20201019,Run2_20201030,159,20260914,-0.05439160624896168
Run1_20201019,Run2_20201030,160,20260914,-0.03722053581037702
Run1_20201019,Run2_20201030,161,20260914,-0.0389974469355073
Run1_20201019,Run2_20201030,162,20260914,0.02899992684205596
Run1_20201019,Run2_20201030,163,20260914,0.059767406629118745
Run1_20201019,Run2_20201030,164,20260914,-0.05449641913280574
Run1_20201019,Run2_20201030,165,20260914,0.07922550381633978
Run1_20201019,Run2_20201030,166,20260914,-0.0043805384712068025
Run1_20201019,Run2_20201030,167,20260914,0.0012763926413027792
Run1_20201019,Run2_20201030,168,20260914,-0.013149324148169468
Run1_20201019,Run2_20201030,169,20260914,0.03014256731304688
Run1_20201019,Run2_20201030,170,20260914,0.06365937048772642
Run1_20201019,Run2_20201030,171,20260914,-0.03069198109057474
Run1_20201019,Run2_20201030,172,20260914,-0.0008168685021718053
Run1_20201019,Run2_20201030,173,20260914,-0.03438377880490835
Run1_20201019,Run2_20201030,174,20260914,-0.00967443175571638
Run1_20201019,Run2_20201030,175,20260914,0.09090969947815308
Run1_20201019,Run2_20201030,176,20260914,0.017501040824149574
Run1_20201019,Run2_20201030,177,20260914,-0.03203057522017883
Run1_20201019,Run2_20201030,178,20260914,-0.03587082091077354
Run1_20201019,Run2_20201030,179,20260914,-0.02362154555853919
Run1_20201019,Run2_20201030,180,20260914,-0.034310242496200516
Run1_20201019,Run2_20201030,181,20260914,-0.0736905381151851
Run1_20201019,Run2_20201030,182,20260914,-0.025415491415843382
Run1_20201019,Run2_20201030,183,20260914,0.007734556079139965
Run1_20201019,Run2_20201030,184,20260914,0.09070232963513357
Run1_20201019,Run2_20201030,185,20260914,0.0789145239375838
Run1_20201019,Run2_20201030,186,20260914,-0.03423606209617414
Run1_20201019,Run2_20201030,187,20260914,-0.047238325381250314
Run1_20201019,Run2_20201030,188,20260914,-0.03248222069739297
Run1_20201019,Run2_20201030,189,20260914,0.006397680771687146
Run1_20201019,Run2_20201030,190,20260914,-0.05108580601773078
Run1_20201019,Run2_20201030,191,20260914,-0.04787911671372884
Run1_20201019,Run2_20201030,192,20260914,-0.06079006369756883
Run1_20201019,Run2_20201030,193,20260914,0.0717440214426756
Run1_20201019,Run2_20201030,194,20260914,-0.019614161046339024
Run1_20201019,Run2_20201030,195,20260914,-0.030790427990894414
Run1_20201019,Run2_20201030,196,20260914,-0.03503028913226585
Run1_20201019,Run2_20201030,197,20260914,-0.028801839632445324
Run1_20201019,Run2_20201030,198,20260914,-0.004015149453042147
Run1_20201019,Run2_20201030,199,20260914,-0.05899275058795643
Run1_20201019,Run1_20201118,0,20260914,-0.043036971326815596
Run1_20201019,Run1_20201118,1,20260914,0.026991122466230588
Run1_20201019,Run1_20201118,2,20260914,-0.05081813625214361
Run1_20201019,Run1_20201118,3,20260914,0.002291946385284074
Run1_20201019,Run1_20201118,4,20260914,0.1436267035208242
Run1_20201019,Run1_20201118,5,20260914,-0.0297695556174449
Run1_20201019,Run1_20201118,6,20260914,-0.018156691395711834
Run1_20201019,Run1_20201118,7,20260914,-0.051214671676923736
Run1_20201019,Run1_20201118,8,20260914,-0.02146386526388703
Run1_20201019,Run1_20201118,9,20260914,0.07214824514227071
Run1_20201019,Run1_20201118,10,20260914,-0.011031346445995297
Run1_20201019,Run1_20201118,11,20260914,0.011462709104713573
Run1_20201019,Run1_20201118,12,20260914,0.02776641648207473
Run1_20201019,Run1_20201118,13,20260914,-0.06879536639237899
Run1_20201019,Run1_20201118,14,20260914,-0.05643678367404188
Run1_20201019,Run1_20201118,15,20260914,-0.0753417661266988
Run1_20201019,Run1_20201118,16,20260914,0.09238612593430776
Run1_20201019,Run1_20201118,17,20260914,-0.07190176463459914
Run1_20201019,Run1_20201118,18,20260914,0.030538718408986
Run1_20201019,Run1_20201118,19,20260914,-0.01565132230980066
Run1_20201019,Run1_20201118,20,20260914,-0.051577250189304785
Run1_20201019,Run1_20201118,21,20260914,-0.013168611752255156
Run1_20201019,Run1_20201118,22,20260914,-0.007404249086612162
Run1_20201019,Run1_20201118,23,20260914,-0.08664632569097862
Run1_20201019,Run1_20201118,24,20260914,-0.06099769164047813
Run1_20201019,Run1_20201118,25,20260914,-0.0033590771134157016
Run1_20201019,Run1_20201118,26,20260914,-0.07814718877245491
Run1_20201019,Run1_20201118,27,20260914,-0.05748609268518622
Run1_20201019,Run1_20201118,28,20260914,-0.021650851247074093
Run1_20201019,Run1_20201118,29,20260914,0.0373948543804259
Run1_20201019,Run1_20201118,30,20260914,0.09092324775447258
Run1_20201019,Run1_20201118,31,20260914,-0.013856064184166307
Run1_20201019,Run1_20201118,32,20260914,-0.05778144512752513
Run1_20201019,Run1_20201118,33,20260914,-0.02449584788733993
Run1_20201019,Run1_20201118,34,20260914,0.07763893621223923
Run1_20201019,Run1_20201118,35,20260914,-0.014874314265270824
Run1_20201019,Run1_20201118,36,20260914,0.03920451327071376
Run1_20201019,Run1_20201118,37,20260914,-0.08118416381890783
Run1_20201019,Run1_20201118,38,20260914,-0.0634990388613598
Run1_20201019,Run1_20201118,39,20260914,0.02843129910785853
Run1_20201019,Run1_20201118,40,20260914,0.1990307769403038
Run1_20201019,Run1_20201118,41,20260914,-0.06701651561014788
Run1_20201019,Run1_20201118,42,20260914,0.03380834597636705
Run1_20201019,Run1_20201118,43,20260914,-0.0013815343620974124
Run1_20201019,Run1_20201118,44,20260914,-0.06355258309058015
Run1_20201019,Run1_20201118,45,20260914,-0.08255950896244404
Run1_20201019,Run1_20201118,46,20260914,-0.03864698492081583
Run1_20201019,Run1_20201118,47,20260914,-0.059969910549374665
Run1_20201019,Run1_20201118,48,20260914,-0.04521105647040853
Run1_20201019,Run1_20201118,49,20260914,-0.039062210801249324
Run1_20201019,Run1_20201118,50,20260914,-0.05281994945228671
Run1_20201019,Run1_20201118,51,20260914,-0.0191499432746191
Run1_20201019,Run1_20201118,52,20260914,-0.04807189622272915
Run1_20201019,Run1_20201118,53,20260914,0.004189968275111718
Run1_20201019,Run1_20201118,54,20260914,-0.06953856864232494
Run1_20201019,Run1_20201118,55,20260914,0.03969532829060568
Run1_20201019,Run1_20201118,56,20260914,0.02027769156635202
Run1_20201019,Run1_20201118,57,20260914,0.03260519220597527
Run1_20201019,Run1_20201118,58,20260914,-0.0504920051003282
Run1_20201019,Run1_20201118,59,20260914,-0.05419415616046517
Run1_20201019,Run1_20201118,60,20260914,-0.02504049133914043
Run1_20201019,Run1_20201118,61,20260914,0.01228756543325245
Run1_20201019,Run1_20201118,62,20260914,-0.03810041304984615
Run1_20201019,Run1_20201118,63,20260914,-0.07007162630990532
Run1_20201019,Run1_20201118,64,20260914,0.07142322115011436
Run1_20201019,Run1_20201118,65,20260914,0.03903717825850325
Run1_20201019,Run1_20201118,66,20260914,-0.058006392237949005
Run1_20201019,Run1_20201118,67,20260914,0.06812414088812217
Run1_20201019,Run1_20201118,68,20260914,-0.030495652252376264
Run1_20201019,Run1_20201118,69,20260914,-0.04190365432965178
Run1_20201019,Run1_20201118,70,20260914,-0.025163037823269733
Run1_20201019,Run1_20201118,71,20260914,-0.09770398281528436
Run1_20201019,Run1_20201118,72,20260914,0.019929884835418066
Run1_20201019,Run1_20201118,73,20260914,0.09847785064983886
Run1_20201019,Run1_20201118,74,20260914,-0.009969795499507939
Run1_20201019,Run1_20201118,75,20260914,0.12548698698865218
Run1_20201019,Run1_20201118,76,20260914,0.04860490377329485
Run1_20201019,Run1_20201118,77,20260914,0.1399483787397743
Run1_20201019,Run1_20201118,78,20260914,0.0024736886802764818
Run1_20201019,Run1_20201118,79,20260914,-0.014276436236798053
Run1_20201019,Run1_20201118,80,20260914,-0.01775479180048363
Run1_20201019,Run1_20201118,81,20260914,-0.02926140189052069
Run1_20201019,Run1_20201118,82,20260914,0.08701318229464054
Run1_20201019,Run1_20201118,83,20260914,0.08156217671865564
Run1_20201019,Run1_20201118,84,20260914,0.11503637581612279
Run1_20201019,Run1_20201118,85,20260914,-0.02458813820178066
Run1_20201019,Run1_20201118,86,20260914,-0.022273515943790827
Run1_20201019,Run1_20201118,87,20260914,-0.026850375815758633
Run1_20201019,Run1_20201118,88,20260914,0.030309792856574848
Run1_20201019,Run1_20201118,89,20260914,-0.05489633939746241
Run1_20201019,Run1_20201118,90,20260914,-0.0030001037170009925
Run1_20201019,Run1_20201118,91,20260914,0.020103696032338695
Run1_20201019,Run1_20201118,92,20260914,0.04635202241994192
Run1_20201019,Run1_20201118,93,20260914,0.05025317334543073
Run1_20201019,Run1_20201118,94,20260914,0.02719465204917828
Run1_20201019,Run1_20201118,95,20260914,-0.00567958420888786
Run1_20201019,Run1_20201118,96,20260914,-0.06832279872110085
Run1_20201019,Run1_20201118,97,20260914,-0.05195016685232307
Run1_20201019,Run1_20201118,98,20260914,0.05055539823456629
Run1_20201019,Run1_20201118,99,20260914,0.0034810241524337675
Run1_20201019,Run1_20201118,100,20260914,-0.0891698057618794
Run1_20201019,Run1_20201118,101,20260914,0.35362197684675095
Run1_20201019,Run1_20201118,102,20260914,-0.04104691113779887
Run1_20201019,Run1_20201118,103,20260914,0.0018069561514834518
Run1_20201019,Run1_20201118,104,20260914,0.007961323371961475
Run1_20201019,Run1_20201118,105,20260914,-0.048070974548101
Run1_20201019,Run1_20201118,106,20260914,-0.014709353692562401
Run1_20201019,Run1_20201118,107,20260914,0.23609401699383986
Run1_20201019,Run1_20201118,108,20260914,0.06338825372172985
Run1_20201019,Run1_20201118,109,20260914,-0.044881426572468824
Run1_20201019,Run1_20201118,110,20260914,0.002030985819102019
Run1_20201019,Run1_20201118,111,20260914,-0.032933729323988796
Run1_20201019,Run1_20201118,112,20260914,0.015721397282432388
Run1_20201019,Run1_20201118,113,20260914,-0.04822148460936908
Run1_20201019,Run1_20201118,114,20260914,-0.035621896706847726
Run1_20201019,Run1_20201118,115,20260914,-0.022300253236721437
Run1_20201019,Run1_20201118,116,20260914,0.010949363024768873
Run1_20201019,Run1_20201118,117,20260914,0.06896229552617247
Run1_20201019,Run1_20201118,118,20260914,-0.07564715788624828
Run1_20201019,Run1_20201118,119,20260914,-0.0015386074336298293
Run1_20201019,Run1_20201118,120,20260914,-0.053000597155501095
Run1_20201019,Run1_20201118,121,20260914,-0.05554157624129382
Run1_20201019,Run1_20201118,122,20260914,0.09314153309463694
Run1_20201019,Run1_20201118,123,20260914,-0.06164936187709394
Run1_20201019,Run1_20201118,124,20260914,-0.0700476958692195
Run1_20201019,Run1_20201118,125,20260914,0.1760039223104003
Run1_20201019,Run1_20201118,126,20260914,0.022814300775636762
Run1_20201019,Run1_20201118,127,20260914,0.006771745398664718
Run1_20201019,Run1_20201118,128,20260914,-0.054072335250167754
Run1_20201019,Run1_20201118,129,20260914,0.031967717686449966
Run1_20201019,Run1_20201118,130,20260914,0.02928287977926329
Run1_20201019,Run1_20201118,131,20260914,-0.02999648043745823
Run1_20201019,Run1_20201118,132,20260914,0.005234278292133457
Run1_20201019,Run1_20201118,133,20260914,0.06034396704444161
Run1_20201019,Run1_20201118,134,20260914,0.021031376681209073
Run1_20201019,Run1_20201118,135,20260914,0.013823415384578753
Run1_20201019,Run1_20201118,136,20260914,0.01620558111766801
Run1_20201019,Run1_20201118,137,20260914,0.04640425144446865
Run1_20201019,Run1_20201118,138,20260914,0.021886330824199506
Run1_20201019,Run1_20201118,139,20260914,-0.07203011342427143
Run1_20201019,Run1_20201118,140,20260914,0.1714509059140313
Run1_20201019,Run1_20201118,141,20260914,-0.04360683843490925
Run1_20201019,Run1_20201118,142,20260914,-0.04937429499420948
Run1_20201019,Run1_20201118,143,20260914,-0.006618753045953467
Run1_20201019,Run1_20201118,144,20260914,0.07110946945313144
Run1_20201019,Run1_20201118,145,20260914,-0.014213059217810749
Run1_20201019,Run1_20201118,146,20260914,-0.02472241565319201
Run1_20201019,Run1_20201118,147,20260914,0.025277772622588335
Run1_20201019,Run1_20201118,148,20260914,0.16674005580684784
Run1_20201019,Run1_20201118,149,20260914,0.1037697279004649
Run1_20201019,Run1_20201118,150,20260914,0.02680173330028223
Run1_20201019,Run1_20201118,151,20260914,0.03373690165678362
Run1_20201019,Run1_20201118,152,20260914,-0.016154478781570697
Run1_20201019,Run1_20201118,153,20260914,0.0031955007873225435
Run1_20201019,Run1_20201118,154,20260914,0.009884471099475833
Run1_20201019,Run1_20201118,155,20260914,0.0008101935744020976
Run1_20201019,Run1_20201118,156,20260914,0.002792592081126603
Run1_20201019,Run1_20201118,157,20260914,-0.052596463530071205
Run1_20201019,Run1_20201118,158,20260914,-0.0398309838279835
Run1_20201019,Run1_20201118,159,20260914,-0.03644873372105345
Run1_20201019,Run1_20201118,160,20260914,0.01702820663358617
Run1_20201019,Run1_20201118,161,20260914,-0.05389948039759763
Run1_20201019,Run1_20201118,162,20260914,0.004061357749513124
Run1_20201019,Run1_20201118,163,20260914,-0.0025785950418165124
Run1_20201019,Run1_20201118,164,20260914,-0.037501007488924584
Run1_20201019,Run1_20201118,165,20260914,-0.009499320467920638
Run1_20201019,Run1_20201118,166,20260914,-0.08652317908067825
Run1_20201019,Run1_20201118,167,20260914,-0.044914370990947326
Run1_20201019,Run1_20201118,168,20260914,-0.005132351853013804
Run1_20201019,Run1_20201118,169,20260914,0.06585925036646412
Run1_20201019,Run1_20201118,170,20260914,-0.0011527957132601867
Run1_20201019,Run1_20201118,171,20260914,-0.024463446592306284
Run1_20201019,Run1_20201118,172,20260914,-0.049384327240900076
Run1_20201019,Run1_20201118,173,20260914,0.016291077163193564
Run1_20201019,Run1_20201118,174,20260914,0.04449137073341296
Run1_20201019,Run1_20201118,175,20260914,-0.06412349363336148
Run1_20201019,Run1_20201118,176,20260914,-0.0745278140028604
Run1_20201019,Run1_20201118,177,20260914,0.03104961076527036
Run1_20201019,Run1_20201118,178,20260914,0.0022165203980544254
Run1_20201019,Run1_20201118,179,20260914,0.02192923343400857
Run1_20201019,Run1_20201118,180,20260914,0.05176106696869645
Run1_20201019,Run1_20201118,181,20260914,-0.010078159540248415
Run1_20201019,Run1_20201118,182,20260914,0.007284362642502195
Run1_20201019,Run1_20201118,183,20260914,-0.06443215366474299
Run1_20201019,Run1_20201118,184,20260914,-0.04296289202046472
Run1_20201019,Run1_20201118,185,20260914,0.018265604716766245
Run1_20201019,Run1_20201118,186,20260914,0.03567233166552602
Run1_20201019,Run1_20201118,187,20260914,-0.031707171175087465
Run1_20201019,Run1_20201118,188,20260914,-0.07999265922686699
Run1_20201019,Run1_20201118,189,20260914,-0.07963831407982337
Run1_20201019,Run1_20201118,190,20260914,0.03736601608956717
Run1_20201019,Run1_20201118,191,20260914,0.0748070786947216
Run1_20201019,Run1_20201118,192,20260914,-0.013686923552996647
Run1_20201019,Run1_20201118,193,20260914,0.027916843670267557
Run1_20201019,Run1_20201118,194,20260914,-0.06088948466531124
Run1_20201019,Run1_20201118,195,20260914,-0.08623157567823858
Run1_20201019,Run1_20201118,196,20260914,-0.03307324419964246
Run1_20201019,Run1_20201118,197,20260914,-0.05534001028034597
Run1_20201019,Run1_20201118,198,20260914,-0.026400135977289334
Run1_20201019,Run1_20201118,199,20260914,0.056156947686623764
Run1_20201019,Run1_20201119,0,20260914,-0.05735726615041082
Run1_20201019,Run1_20201119,1,20260914,-0.032217141009135926
Run1_20201019,Run1_20201119,2,20260914,-0.016137972516602372
Run1_20201019,Run1_20201119,3,20260914,0.07531556240047704
Run1_20201019,Run1_20201119,4,20260914,0.009325861461417872
Run1_20201019,Run1_20201119,5,20260914,0.19332443429043167
Run1_20201019,Run1_20201119,6,20260914,-0.03760264073793759
Run1_20201019,Run1_20201119,7,20260914,-0.06235044378492935
Run1_20201019,Run1_20201119,8,20260914,-0.035721787673257496
Run1_20201019,Run1_20201119,9,20260914,-0.05518463967500649
Run1_20201019,Run1_20201119,10,20260914,-0.04375136842453671
Run1_20201019,Run1_20201119,11,20260914,-0.017528145488544682
Run1_20201019,Run1_20201119,12,20260914,-0.048552164814228325
Run1_20201019,Run1_20201119,13,20260914,0.013050760067766114
Run1_20201019,Run1_20201119,14,20260914,-0.0498144267386442
Run1_20201019,Run1_20201119,15,20260914,0.0016721374921092771
Run1_20201019,Run1_20201119,16,20260914,0.0021262038408021953
Run1_20201019,Run1_20201119,17,20260914,-0.025737081475449154
Run1_20201019,Run1_20201119,18,20260914,0.1871183308585232
Run1_20201019,Run1_20201119,19,20260914,-0.05677580576910695
Run1_20201019,Run1_20201119,20,20260914,-0.03146171558492491
Run1_20201019,Run1_20201119,21,20260914,0.0430514262075714
Run1_20201019,Run1_20201119,22,20260914,-0.03708557815358739
Run1_20201019,Run1_20201119,23,20260914,0.002247972322112858
Run1_20201019,Run1_20201119,24,20260914,-0.022308114294349896
Run1_20201019,Run1_20201119,25,20260914,0.059380971508261646
Run1_20201019,Run1_20201119,26,20260914,-0.010209638513365964
Run1_20201019,Run1_20201119,27,20260914,-0.0220745547720753
Run1_20201019,Run1_20201119,28,20260914,-0.01661310485192982
Run1_20201019,Run1_20201119,29,20260914,0.038025579278716776
Run1_20201019,Run1_20201119,30,20260914,-0.012325577067879833
Run1_20201019,Run1_20201119,31,20260914,-0.044189136641651375
Run1_20201019,Run1_20201119,32,20260914,0.21271015915203345
Run1_20201019,Run1_20201119,33,20260914,0.10237780646664878
Run1_20201019,Run1_20201119,34,20260914,-0.05140116221962306
Run1_20201019,Run1_20201119,35,20260914,-0.019967904415195855
Run1_20201019,Run1_20201119,36,20260914,-0.0710546195177752
Run1_20201019,Run1_20201119,37,20260914,0.011326378681193109
Run1_20201019,Run1_20201119,38,20260914,0.03736204562390861
Run1_20201019,Run1_20201119,39,20260914,-0.027301732281956908
Run1_20201019,Run1_20201119,40,20260914,-0.06576256535069819
Run1_20201019,Run1_20201119,41,20260914,0.0046072443590134205
Run1_20201019,Run1_20201119,42,20260914,0.03197557170259819
Run1_20201019,Run1_20201119,43,20260914,-0.058118652018683256
Run1_20201019,Run1_20201119,44,20260914,0.05061019435372047
Run1_20201019,Run1_20201119,45,20260914,0.08919237702161782
Run1_20201019,Run1_20201119,46,20260914,0.031078941924506553
Run1_20201019,Run1_20201119,47,20260914,-0.07874848202016671
Run1_20201019,Run1_20201119,48,20260914,0.015792647152093196
Run1_20201019,Run1_20201119,49,20260914,-0.00392843447443647
Run1_20201019,Run1_20201119,50,20260914,-0.06163354923380895
Run1_20201019,Run1_20201119,51,20260914,0.026807219765874687
Run1_20201019,Run1_20201119,52,20260914,0.037913420899685676
Run1_20201019,Run1_20201119,53,20260914,-0.0721289625557821
Run1_20201019,Run1_20201119,54,20260914,-0.0763179782408145
Run1_20201019,Run1_20201119,55,20260914,-0.020412283727793242
Run1_20201019,Run1_20201119,56,20260914,0.023740531146714382
Run1_20201019,Run1_20201119,57,20260914,-0.04236010842993166
Run1_20201019,Run1_20201119,58,20260914,-0.05086443196497122
Run1_20201019,Run1_20201119,59,20260914,0.03527904010063779
Run1_20201019,Run1_20201119,60,20260914,-0.04680525758321755
Run1_20201019,Run1_20201119,61,20260914,0.015726022472954237
Run1_20201019,Run1_20201119,62,20260914,0.011140087413264724
Run1_20201019,Run1_20201119,63,20260914,-0.06457354330218168
Run1_20201019,Run1_20201119,64,20260914,0.03394265133731987
Run1_20201019,Run1_20201119,65,20260914,-0.025274162874703843
Run1_20201019,Run1_20201119,66,20260914,-0.041403610059777114
Run1_20201019,Run1_20201119,67,20260914,-0.04240247781522107
Run1_20201019,Run1_20201119,68,20260914,-0.037627417405983826
Run1_20201019,Run1_20201119,69,20260914,-0.04986678041692563
Run1_20201019,Run1_20201119,70,20260914,-0.06543605883312441
Run1_20201019,Run1_20201119,71,20260914,-0.03845549702996153
Run1_20201019,Run1_20201119,72,20260914,0.05444594963095868
Run1_20201019,Run1_20201119,73,20260914,0.013722142145812147
Run1_20201019,Run1_20201119,74,20260914,-0.06213609721052046
Run1_20201019,Run1_20201119,75,20260914,-0.026494104123402015
Run1_20201019,Run1_20201119,76,20260914,-0.029343800121282102
Run1_20201019,Run1_20201119,77,20260914,-0.008211753229015479
Run1_20201019,Run1_20201119,78,20260914,-0.05196412861050042
Run1_20201019,Run1_20201119,79,20260914,0.030763999714794824
Run1_20201019,Run1_20201119,80,20260914,0.034903258829410394
Run1_20201019,Run1_20201119,81,20260914,-0.03240294437700729
Run1_20201019,Run1_20201119,82,20260914,0.014285499229995374
Run1_20201019,Run1_20201119,83,20260914,-0.06171961132314111
Run1_20201019,Run1_20201119,84,20260914,0.011024925231657356
Run1_20201019,Run1_20201119,85,20260914,-0.001917373170698469
Run1_20201019,Run1_20201119,86,20260914,-0.04834234768394934
Run1_20201019,Run1_20201119,87,20260914,0.07884492758431125
Run1_20201019,Run1_20201119,88,20260914,-0.059955271323394496
Run1_20201019,Run1_20201119,89,20260914,-0.06926911899902721
Run1_20201019,Run1_20201119,90,20260914,0.06702381901212119
Run1_20201019,Run1_20201119,91,20260914,0.03070499824948003
Run1_20201019,Run1_20201119,92,20260914,0.03091441833037705
Run1_20201019,Run1_20201119,93,20260914,-0.037164250297485844
Run1_20201019,Run1_20201119,94,20260914,0.07893420437070928
Run1_20201019,Run1_20201119,95,20260914,0.022466720599511877
Run1_20201019,Run1_20201119,96,20260914,-0.07739094621192408
Run1_20201019,Run1_20201119,97,20260914,0.012758129827828701
Run1_20201019,Run1_20201119,98,20260914,0.0520395550614067
Run1_20201019,Run1_20201119,99,20260914,-0.022629794573637212
Run1_20201019,Run1_20201119,100,20260914,-0.019979150190394725
Run1_20201019,Run1_20201119,101,20260914,-0.029205619389808327
Run1_20201019,Run1_20201119,102,20260914,0.03348815734350628
Run1_20201019,Run1_20201119,103,20260914,-0.022146114072455838
Run1_20201019,Run1_20201119,104,20260914,-0.04693960719811378
Run1_20201019,Run1_20201119,105,20260914,-0.019778125355475955
Run1_20201019,Run1_20201119,106,20260914,-0.02763637499840104
Run1_20201019,Run1_20201119,107,20260914,-0.040977959249332854
Run1_20201019,Run1_20201119,108,20260914,-0.005968043114806884
Run1_20201019,Run1_20201119,109,20260914,-0.025160386452532556
Run1_20201019,Run1_20201119,110,20260914,-0.021224069837395575
Run1_20201019,Run1_20201119,111,20260914,0.02826809331183486
Run1_20201019,Run1_20201119,112,20260914,-0.04403485853452674
Run1_20201019,Run1_20201119,113,20260914,-0.039126658665524464
Run1_20201019,Run1_20201119,114,20260914,-0.03015466106808983
Run1_20201019,Run1_20201119,115,20260914,0.03331094004582298
Run1_20201019,Run1_20201119,116,20260914,-0.0030983398667896473
Run1_20201019,Run1_20201119,117,20260914,0.00620176345037755
Run1_20201019,Run1_20201119,118,20260914,-0.03213816788656431
Run1_20201019,Run1_20201119,119,20260914,-0.013956520236875427
Run1_20201019,Run1_20201119,120,20260914,-0.032603957765748516
Run1_20201019,Run1_20201119,121,20260914,-0.008444681092744268
Run1_20201019,Run1_20201119,122,20260914,0.006698866341519033
Run1_20201019,Run1_20201119,123,20260914,0.07998226719125452
Run1_20201019,Run1_20201119,124,20260914,-0.03829103625691176
Run1_20201019,Run1_20201119,125,20260914,0.007430512699601673
Run1_20201019,Run1_20201119,126,20260914,-0.04744482498240401
Run1_20201019,Run1_20201119,127,20260914,-0.07347743506073207
Run1_20201019,Run1_20201119,128,20260914,-0.02614275904519519
Run1_20201019,Run1_20201119,129,20260914,-0.05193838502146516
Run1_20201019,Run1_20201119,130,20260914,-0.08148666195818167
Run1_20201019,Run1_20201119,131,20260914,0.011094759467613414
Run1_20201019,Run1_20201119,132,20260914,0.11936791300131186
Run1_20201019,Run1_20201119,133,20260914,0.04528229395118897
Run1_20201019,Run1_20201119,134,20260914,0.0027039567743807644
Run1_20201019,Run1_20201119,135,20260914,0.004242426189371637
Run1_20201019,Run1_20201119,136,20260914,-0.016370954413851103
Run1_20201019,Run1_20201119,137,20260914,-0.04795605368805242
Run1_20201019,Run1_20201119,138,20260914,-0.007424966844849282
Run1_20201019,Run1_20201119,139,20260914,0.027000393066907383
Run1_20201019,Run1_20201119,140,20260914,-0.03832031036083994
Run1_20201019,Run1_20201119,141,20260914,-0.021573095739037665
Run1_20201019,Run1_20201119,142,20260914,0.012170227344564761
Run1_20201019,Run1_20201119,143,20260914,0.022232947574895832
Run1_20201019,Run1_20201119,144,20260914,0.032213480268716184
Run1_20201019,Run1_20201119,145,20260914,-0.04614133476932203
Run1_20201019,Run1_20201119,146,20260914,0.13700966731256603
Run1_20201019,Run1_20201119,147,20260914,-0.033678678439008555
Run1_20201019,Run1_20201119,148,20260914,0.1993071000407815
Run1_20201019,Run1_20201119,149,20260914,0.10438716697440667
Run1_20201019,Run1_20201119,150,20260914,-0.02283081215629155
Run1_20201019,Run1_20201119,151,20260914,-0.027189411368128198
Run1_20201019,Run1_20201119,152,20260914,-0.03909858980022127
Run1_20201019,Run1_20201119,153,20260914,0.05473380127599724
Run1_20201019,Run1_20201119,154,20260914,0.1056541993751169
Run1_20201019,Run1_20201119,155,20260914,-0.02978427503400002
Run1_20201019,Run1_20201119,156,20260914,-0.04466104075315546
Run1_20201019,Run1_20201119,157,20260914,-0.05812087299828694
Run1_20201019,Run1_20201119,158,20260914,-0.07332253657149981
Run1_20201019,Run1_20201119,159,20260914,-0.07633612077565709
Run1_20201019,Run1_20201119,160,20260914,-0.020260727788305236
Run1_20201019,Run1_20201119,161,20260914,-0.04136764662331821
Run1_20201019,Run1_20201119,162,20260914,-0.027173918088020135
Run1_20201019,Run1_20201119,163,20260914,-0.008145107908621578
Run1_20201019,Run1_20201119,164,20260914,0.15597210451411847
Run1_20201019,Run1_20201119,165,20260914,-0.012917374059739244
Run1_20201019,Run1_20201119,166,20260914,-0.06967376600006177
Run1_20201019,Run1_20201119,167,20260914,0.038345567774249426
Run1_20201019,Run1_20201119,168,20260914,-0.035262186128100385
Run1_20201019,Run1_20201119,169,20260914,0.1170672969336383
Run1_20201019,Run1_20201119,170,20260914,0.0275408928280107
Run1_20201019,Run1_20201119,171,20260914,-0.030191536395032356
Run1_20201019,Run1_20201119,172,20260914,-0.06453575412416951
Run1_20201019,Run1_20201119,173,20260914,0.07132815477919112
Run1_20201019,Run1_20201119,174,20260914,-0.03891721703557143
Run1_20201019,Run1_20201119,175,20260914,-0.08353301155705108
Run1_20201019,Run1_20201119,176,20260914,-0.04040126208587243
Run1_20201019,Run1_20201119,177,20260914,-0.016852499565370063
Run1_20201019,Run1_20201119,178,20260914,-0.07678992704471435
Run1_20201019,Run1_20201119,179,20260914,-0.06743876768545548
Run1_20201019,Run1_20201119,180,20260914,-0.04660218458835509
Run1_20201019,Run1_20201119,181,20260914,-0.05082561794987118
Run1_20201019,Run1_20201119,182,20260914,-0.02568791173371797
Run1_20201019,Run1_20201119,183,20260914,0.043055474898306065
Run1_20201019,Run1_20201119,184,20260914,-0.03397514002788188
Run1_20201019,Run1_20201119,185,20260914,0.023770819600084897
Run1_20201019,Run1_20201119,186,20260914,0.00998095608752715
Run1_20201019,Run1_20201119,187,20260914,0.0009868284357859216
Run1_20201019,Run1_20201119,188,20260914,-0.0523425290668483
Run1_20201019,Run1_20201119,189,20260914,-0.015931332689424343
Run1_20201019,Run1_20201119,190,20260914,-0.04179665318855897
Run1_20201019,Run1_20201119,191,20260914,-0.051105398249742265
Run1_20201019,Run1_20201119,192,20260914,-0.010891751440251844
Run1_20201019,Run1_20201119,193,20260914,-0.06686234035138222
Run1_20201019,Run1_20201119,194,20260914,-0.028661958530536432
Run1_20201019,Run1_20201119,195,20260914,-0.08189086603631228
Run1_20201019,Run1_20201119,196,20260914,-0.013136847804867886
Run1_20201019,Run1_20201119,197,20260914,-0.046440563413223
Run1_20201019,Run1_20201119,198,20260914,-0.06713994600302756
Run1_20201019,Run1_20201119,199,20260914,0.02595645112869243
Run1_20201019,Run1_20201124,0,20260914,-0.013130429237777776
Run1_20201019,Run1_20201124,1,20260914,0.0652853934128268
Run1_20201019,Run1_20201124,2,20260914,-0.02262544650864175
Run1_20201019,Run1_20201124,3,20260914,-0.005467660910634698
Run1_20201019,Run1_20201124,4,20260914,-0.07371982102570335
Run1_20201019,Run1_20201124,5,20260914,-0.016830034390425824
Run1_20201019,Run1_20201124,6,20260914,-0.029128066177898232
Run1_20201019,Run1_20201124,7,20260914,-0.028256183263488714
Run1_20201019,Run1_20201124,8,20260914,-0.04164953236760491
Run1_20201019,Run1_20201124,9,20260914,-0.0041141419564752705
Run1_20201019,Run1_20201124,10,20260914,-0.05637943356358736
Run1_20201019,Run1_20201124,11,20260914,-0.005552842347310016
Run1_20201019,Run1_20201124,12,20260914,-0.0262763333501404
Run1_20201019,Run1_20201124,13,20260914,-0.018037043257427086
Run1_20201019,Run1_20201124,14,20260914,0.019065630124244125
Run1_20201019,Run1_20201124,15,20260914,-0.01751994501227762
Run1_20201019,Run1_20201124,16,20260914,-0.04617667360320604
Run1_20201019,Run1_20201124,17,20260914,-0.037020311480677824
Run1_20201019,Run1_20201124,18,20260914,0.11302056852732259
Run1_20201019,Run1_20201124,19,20260914,0.13295448387073638
Run1_20201019,Run1_20201124,20,20260914,-0.015154327521634972
Run1_20201019,Run1_20201124,21,20260914,0.014439076265579954
Run1_20201019,Run1_20201124,22,20260914,0.04287111934204606
Run1_20201019,Run1_20201124,23,20260914,-0.005751161504720008
Run1_20201019,Run1_20201124,24,20260914,-0.06010323013247758
Run1_20201019,Run1_20201124,25,20260914,0.0043634980750414795
Run1_20201019,Run1_20201124,26,20260914,0.008656729875532154
Run1_20201019,Run1_20201124,27,20260914,-0.034360208178923254
Run1_20201019,Run1_20201124,28,20260914,0.05931765838552543
Run1_20201019,Run1_20201124,29,20260914,0.008178995575768429
Run1_20201019,Run1_20201124,30,20260914,0.17061093034789768
Run1_20201019,Run1_20201124,31,20260914,0.007265258781920125
Run1_20201019,Run1_20201124,32,20260914,0.15377059306620802
Run1_20201019,Run1_20201124,33,20260914,0.05461716092803462
Run1_20201019,Run1_20201124,34,20260914,0.051365020118434995
Run1_20201019,Run1_20201124,35,20260914,0.010838814245686924
Run1_20201019,Run1_20201124,36,20260914,-0.034941749241368794
Run1_20201019,Run1_20201124,37,20260914,-0.004384637813472137
Run1_20201019,Run1_20201124,38,20260914,0.032581653574873776
Run1_20201019,Run1_20201124,39,20260914,-0.021137630683664702
Run1_20201019,Run1_20201124,40,20260914,-0.039014600117367994
Run1_20201019,Run1_20201124,41,20260914,0.011969170136461413
Run1_20201019,Run1_20201124,42,20260914,-0.06525988433913431
Run1_20201019,Run1_20201124,43,20260914,-0.0029288407011643235
Run1_20201019,Run1_20201124,44,20260914,0.00840637268920924
Run1_20201019,Run1_20201124,45,20260914,0.06641304880977267
Run1_20201019,Run1_20201124,46,20260914,0.11094676345775162
Run1_20201019,Run1_20201124,47,20260914,0.020245818035603817
Run1_20201019,Run1_20201124,48,20260914,0.0018348820059841692
Run1_20201019,Run1_20201124,49,20260914,-0.04141041240349552
Run1_20201019,Run1_20201124,50,20260914,-0.03228969234292672
Run1_20201019,Run1_20201124,51,20260914,0.008640464831621232
Run1_20201019,Run1_20201124,52,20260914,0.04696615429736747
Run1_20201019,Run1_20201124,53,20260914,0.03818430522339234
Run1_20201019,Run1_20201124,54,20260914,0.0232157337470288
Run1_20201019,Run1_20201124,55,20260914,-0.04978135093163595
Run1_20201019,Run1_20201124,56,20260914,-0.03742287699756513
Run1_20201019,Run1_20201124,57,20260914,0.14693541916125583
Run1_20201019,Run1_20201124,58,20260914,-0.03872081364694396
Run1_20201019,Run1_20201124,59,20260914,-0.05406164160399155
Run1_20201019,Run1_20201124,60,20260914,0.03524912652059208
Run1_20201019,Run1_20201124,61,20260914,0.07750001571500023
Run1_20201019,Run1_20201124,62,20260914,0.006434435048113592
Run1_20201019,Run1_20201124,63,20260914,0.00876869617797653
Run1_20201019,Run1_20201124,64,20260914,-0.04497418109303016
Run1_20201019,Run1_20201124,65,20260914,-0.04572181759454472
Run1_20201019,Run1_20201124,66,20260914,0.060277188502607604
Run1_20201019,Run1_20201124,67,20260914,-0.051038512239617244
Run1_20201019,Run1_20201124,68,20260914,0.19282674807172767
Run1_20201019,Run1_20201124,69,20260914,0.00968439274649385
Run1_20201019,Run1_20201124,70,20260914,-0.019289949442043687
Run1_20201019,Run1_20201124,71,20260914,0.014765117133002078
Run1_20201019,Run1_20201124,72,20260914,-0.06759572342903615
Run1_20201019,Run1_20201124,73,20260914,-0.03071932106975647
Run1_20201019,Run1_20201124,74,20260914,0.012333769503504007
Run1_20201019,Run1_20201124,75,20260914,-0.03219188262935173
Run1_20201019,Run1_20201124,76,20260914,0.05823156429749591
Run1_20201019,Run1_20201124,77,20260914,-0.030856039909522726
Run1_20201019,Run1_20201124,78,20260914,-0.026552105174453576
Run1_20201019,Run1_20201124,79,20260914,-0.035156475388817394
Run1_20201019,Run1_20201124,80,20260914,0.17084487912678756
Run1_20201019,Run1_20201124,81,20260914,-0.05249131088016405
Run1_20201019,Run1_20201124,82,20260914,0.01816062757050284
Run1_20201019,Run1_20201124,83,20260914,-0.012542273822811768
Run1_20201019,Run1_20201124,84,20260914,-0.009425116226165767
Run1_20201019,Run1_20201124,85,20260914,-0.031325803777086436
Run1_20201019,Run1_20201124,86,20260914,-0.05016419201055417
Run1_20201019,Run1_20201124,87,20260914,-0.05520201493368909
Run1_20201019,Run1_20201124,88,20260914,0.06519525766519994
Run1_20201019,Run1_20201124,89,20260914,0.004012034863676602
Run1_20201019,Run1_20201124,90,20260914,0.035019703060149475
Run1_20201019,Run1_20201124,91,20260914,0.021971301418326417
Run1_20201019,Run1_20201124,92,20260914,0.08996883480156843
Run1_20201019,Run1_20201124,93,20260914,-0.08340638179685758
Run1_20201019,Run1_20201124,94,20260914,-0.023408912622875366
Run1_20201019,Run1_20201124,95,20260914,-0.02146347187068234
Run1_20201019,Run1_20201124,96,20260914,-0.0032304162014204197
Run1_20201019,Run1_20201124,97,20260914,-0.029037813246149374
Run1_20201019,Run1_20201124,98,20260914,0.018947674947163408
Run1_20201019,Run1_20201124,99,20260914,-0.053152094157328696
Run1_20201019,Run1_20201124,100,20260914,-0.06127814584609249
Run1_20201019,Run1_20201124,101,20260914,-0.014351243717020987
Run1_20201019,Run1_20201124,102,20260914,-0.06437914564805482
Run1_20201019,Run1_20201124,103,20260914,-0.058722787255141025
Run1_20201019,Run1_20201124,104,20260914,0.02234992398582201
Run1_20201019,Run1_20201124,105,20260914,-0.022184413623549077
Run1_20201019,Run1_20201124,106,20260914,-0.028939813447343404
Run1_20201019,Run1_20201124,107,20260914,-0.019064740941827533
Run1_20201019,Run1_20201124,108,20260914,0.014711442514585692
Run1_20201019,Run1_20201124,109,20260914,-0.01960347475073597
Run1_20201019,Run1_20201124,110,20260914,-0.008187774847183903
Run1_20201019,Run1_20201124,111,20260914,-0.03814117446101969
Run1_20201019,Run1_20201124,112,20260914,0.0939354944747804
Run1_20201019,Run1_20201124,113,20260914,0.10172033810207282
Run1_20201019,Run1_20201124,114,20260914,-0.037567700459279624
Run1_20201019,Run1_20201124,115,20260914,-0.02858819315708368
Run1_20201019,Run1_20201124,116,20260914,0.10593057677958644
Run1_20201019,Run1_20201124,117,20260914,-0.027173462852842195
Run1_20201019,Run1_20201124,118,20260914,0.033319680854502216
Run1_20201019,Run1_20201124,119,20260914,0.053605680827700265
Run1_20201019,Run1_20201124,120,20260914,-0.007737356794702988
Run1_20201019,Run1_20201124,121,20260914,-0.0029924696181237325
Run1_20201019,Run1_20201124,122,20260914,0.003722829903231801
Run1_20201019,Run1_20201124,123,20260914,-0.015687465415717788
Run1_20201019,Run1_20201124,124,20260914,0.13299156077304558
Run1_20201019,Run1_20201124,125,20260914,0.13421223301138133
Run1_20201019,Run1_20201124,126,20260914,-0.04128814270954474
Run1_20201019,Run1_20201124,127,20260914,0.008302987116250445
Run1_20201019,Run1_20201124,128,20260914,0.02833207426064238
Run1_20201019,Run1_20201124,129,20260914,0.01678357946917581
Run1_20201019,Run1_20201124,130,20260914,0.041288860087802484
Run1_20201019,Run1_20201124,131,20260914,-0.05745007223544081
Run1_20201019,Run1_20201124,132,20260914,-0.049631630134769913
Run1_20201019,Run1_20201124,133,20260914,-0.026617088697790336
Run1_20201019,Run1_20201124,134,20260914,0.02245149453829579
Run1_20201019,Run1_20201124,135,20260914,-0.05754202411041925
Run1_20201019,Run1_20201124,136,20260914,-0.043728099765479554
Run1_20201019,Run1_20201124,137,20260914,-0.0047031523118604285
Run1_20201019,Run1_20201124,138,20260914,-0.027651913030452207
Run1_20201019,Run1_20201124,139,20260914,-0.026808531303265697
Run1_20201019,Run1_20201124,140,20260914,-0.03169827964395112
Run1_20201019,Run1_20201124,141,20260914,0.09744671817873672
Run1_20201019,Run1_20201124,142,20260914,0.014225654802923723
Run1_20201019,Run1_20201124,143,20260914,-0.036434614042997394
Run1_20201019,Run1_20201124,144,20260914,-0.008935128909290194
Run1_20201019,Run1_20201124,145,20260914,-0.013022473099174012
Run1_20201019,Run1_20201124,146,20260914,-0.020318941868904646
Run1_20201019,Run1_20201124,147,20260914,-0.04664427332707269
Run1_20201019,Run1_20201124,148,20260914,-0.006244440344698865
Run1_20201019,Run1_20201124,149,20260914,-0.03805136770799851
Run1_20201019,Run1_20201124,150,20260914,0.14351851115500996
Run1_20201019,Run1_20201124,151,20260914,-0.04503756335949267
Run1_20201019,Run1_20201124,152,20260914,-0.02834346507687497
Run1_20201019,Run1_20201124,153,20260914,0.07582650814718606
Run1_20201019,Run1_20201124,154,20260914,-0.02672175076058144
Run1_20201019,Run1_20201124,155,20260914,0.04909752988190723
Run1_20201019,Run1_20201124,156,20260914,0.01273566985768027
Run1_20201019,Run1_20201124,157,20260914,-0.00527350936715043
Run1_20201019,Run1_20201124,158,20260914,-0.008608412337021221
Run1_20201019,Run1_20201124,159,20260914,0.15171307892838234
Run1_20201019,Run1_20201124,160,20260914,-0.04906924674239898
Run1_20201019,Run1_20201124,161,20260914,0.1457580811687271
Run1_20201019,Run1_20201124,162,20260914,0.11882826787421735
Run1_20201019,Run1_20201124,163,20260914,0.1297933363015714
Run1_20201019,Run1_20201124,164,20260914,0.00970235281093707
Run1_20201019,Run1_20201124,165,20260914,-0.02514478412135328
Run1_20201019,Run1_20201124,166,20260914,-0.0422841007501961
Run1_20201019,Run1_20201124,167,20260914,0.05555741436496597
Run1_20201019,Run1_20201124,168,20260914,0.0700384519315383
Run1_20201019,Run1_20201124,169,20260914,-0.021201905100871835
Run1_20201019,Run1_20201124,170,20260914,-0.012160579052938119
Run1_20201019,Run1_20201124,171,20260914,0.014391425305460588
Run1_20201019,Run1_20201124,172,20260914,-0.030675520543300448
Run1_20201019,Run1_20201124,173,20260914,0.0557260510341575
Run1_20201019,Run1_20201124,174,20260914,-0.004300917721454236
Run1_20201019,Run1_20201124,175,20260914,-0.05662997064408323
Run1_20201019,Run1_20201124,176,20260914,-0.032582679219529925
Run1_20201019,Run1_20201124,177,20260914,-0.02363247013797814
Run1_20201019,Run1_20201124,178,20260914,-0.06817320924062671
Run1_20201019,Run1_20201124,179,20260914,-0.0701376657074659
Run1_20201019,Run1_20201124,180,20260914,-0.024027260977851617
Run1_20201019,Run1_20201124,181,20260914,-0.0470042076841613
Run1_20201019,Run1_20201124,182,20260914,-0.03753846141579464
Run1_20201019,Run1_20201124,183,20260914,-0.014046477057769674
Run1_20201019,Run1_20201124,184,20260914,0.0038055952141187854
Run1_20201019,Run1_20201124,185,20260914,-0.028505150674777664
Run1_20201019,Run1_20201124,186,20260914,-0.026051171994626997
Run1_20201019,Run1_20201124,187,20260914,-0.03604538093094886
Run1_20201019,Run1_20201124,188,20260914,0.04369083919445289
Run1_20201019,Run1_20201124,189,20260914,-0.061069116664878034
Run1_20201019,Run1_20201124,190,20260914,-0.01395087660075152
Run1_20201019,Run1_20201124,191,20260914,-0.02107282924075315
Run1_20201019,Run1_20201124,192,20260914,0.01438186291244646
Run1_20201019,Run1_20201124,193,20260914,-0.022339705708651115
Run1_20201019,Run1_20201124,194,20260914,-0.0057127041088604405
Run1_20201019,Run1_20201124,195,20260914,0.07774425118764357
Run1_20201019,Run1_20201124,196,20260914,-0.046920336420603406
Run1_20201019,Run1_20201124,197,20260914,-0.04547871615183145
Run1_20201019,Run1_20201124,198,20260914,-0.034640373085997316
Run1_20201019,Run1_20201124,199,20260914,-0.033836124300632445
Run1_20201019,Run2_20201124,0,20260914,0.005245703583628135
Run1_20201019,Run2_20201124,1,20260914,-0.062035289120264354
Run1_20201019,Run2_20201124,2,20260914,-0.05475654769444009
Run1_20201019,Run2_20201124,3,20260914,-0.004037601146946548
Run1_20201019,Run2_20201124,4,20260914,-0.04519008953651996
Run1_20201019,Run2_20201124,5,20260914,-0.039191651726595216
Run1_20201019,Run2_20201124,6,20260914,-0.025518785000407194
Run1_20201019,Run2_20201124,7,20260914,-0.034626760431627976
Run1_20201019,Run2_20201124,8,20260914,-0.03033247960926764
Run1_20201019,Run2_20201124,9,20260914,-0.015733642721360245
Run1_20201019,Run2_20201124,10,20260914,0.0365445551417284
Run1_20201019,Run2_20201124,11,20260914,-0.020942279898392705
Run1_20201019,Run2_20201124,12,20260914,-0.05523183742328298
Run1_20201019,Run2_20201124,13,20260914,-0.02695945656012159
Run1_20201019,Run2_20201124,14,20260914,0.02785682179969853
Run1_20201019,Run2_20201124,15,20260914,-0.040963109343946744
Run1_20201019,Run2_20201124,16,20260914,-0.04231943933442575
Run1_20201019,Run2_20201124,17,20260914,-0.0010868921197527486
Run1_20201019,Run2_20201124,18,20260914,0.009400597282385329
Run1_20201019,Run2_20201124,19,20260914,0.009791891681058615
Run1_20201019,Run2_20201124,20,20260914,-0.057195366475096245
Run1_20201019,Run2_20201124,21,20260914,-0.012821618715713773
Run1_20201019,Run2_20201124,22,20260914,0.11160082387214479
Run1_20201019,Run2_20201124,23,20260914,0.070381818227383
Run1_20201019,Run2_20201124,24,20260914,0.09551261050735663
Run1_20201019,Run2_20201124,25,20260914,-0.05419631208621377
Run1_20201019,Run2_20201124,26,20260914,-0.04160543481915323
Run1_20201019,Run2_20201124,27,20260914,-0.08524141830491445
Run1_20201019,Run2_20201124,28,20260914,-0.020749423092382462
Run1_20201019,Run2_20201124,29,20260914,-0.011848641899417521
Run1_20201019,Run2_20201124,30,20260914,0.07135185262220564
Run1_20201019,Run2_20201124,31,20260914,0.002298445330172686
Run1_20201019,Run2_20201124,32,20260914,0.035245102055272495
Run1_20201019,Run2_20201124,33,20260914,0.011088101880051954
Run1_20201019,Run2_20201124,34,20260914,-0.03311705151800167
Run1_20201019,Run2_20201124,35,20260914,-0.0361088768675602
Run1_20201019,Run2_20201124,36,20260914,-0.007771489817970233
Run1_20201019,Run2_20201124,37,20260914,-0.012392888609487096
Run1_20201019,Run2_20201124,38,20260914,0.09553977671581396
Run1_20201019,Run2_20201124,39,20260914,-0.04912552725814498
Run1_20201019,Run2_20201124,40,20260914,-0.0749125866945652
Run1_20201019,Run2_20201124,41,20260914,-0.016219026410880116
Run1_20201019,Run2_20201124,42,20260914,-0.04770430295583883
Run1_20201019,Run2_20201124,43,20260914,0.20519085389083738
Run1_20201019,Run2_20201124,44,20260914,-0.016276669108159177
Run1_20201019,Run2_20201124,45,20260914,-0.03556759564663258
Run1_20201019,Run2_20201124,46,20260914,0.01063146527909297
Run1_20201019,Run2_20201124,47,20260914,-0.026450300089600625
Run1_20201019,Run2_20201124,48,20260914,-0.029952075126586136
Run1_20201019,Run2_20201124,49,20260914,-0.04275850584042047
Run1_20201019,Run2_20201124,50,20260914,0.04504608609490646
Run1_20201019,Run2_20201124,51,20260914,-0.06346263417653915
Run1_20201019,Run2_20201124,52,20260914,0.05474199713544448
Run1_20201019,Run2_20201124,53,20260914,-0.05999042891948786
Run1_20201019,Run2_20201124,54,20260914,0.20117582905746675
Run1_20201019,Run2_20201124,55,20260914,0.00839225042240718
Run1_20201019,Run2_20201124,56,20260914,-0.06208707079792548
Run1_20201019,Run2_20201124,57,20260914,-0.054472979399673764
Run1_20201019,Run2_20201124,58,20260914,0.06895385246038341
Run1_20201019,Run2_20201124,59,20260914,0.003401369879973498
Run1_20201019,Run2_20201124,60,20260914,-0.02024577039205893
Run1_20201019,Run2_20201124,61,20260914,0.04244482795784585
Run1_20201019,Run2_20201124,62,20260914,0.027374187496370224
Run1_20201019,Run2_20201124,63,20260914,-0.044652815798652455
Run1_20201019,Run2_20201124,64,20260914,-0.03355050591899316
Run1_20201019,Run2_20201124,65,20260914,-0.044214374006964687
Run1_20201019,Run2_20201124,66,20260914,-0.028652347129750858
Run1_20201019,Run2_20201124,67,20260914,-0.04112153200267814
Run1_20201019,Run2_20201124,68,20260914,0.005311431233085894
Run1_20201019,Run2_20201124,69,20260914,-0.04983499612357302
Run1_20201019,Run2_20201124,70,20260914,0.01674296993835791
Run1_20201019,Run2_20201124,71,20260914,-0.04429307358084561
Run1_20201019,Run2_20201124,72,20260914,0.0012317585193267044
Run1_20201019,Run2_20201124,73,20260914,-0.03344528171267234
Run1_20201019,Run2_20201124,74,20260914,-0.027216502409516955
Run1_20201019,Run2_20201124,75,20260914,-0.0603680399901836
Run1_20201019,Run2_20201124,76,20260914,0.049514032719798526
Run1_20201019,Run2_20201124,77,20260914,-0.0703864924104567
Run1_20201019,Run2_20201124,78,20260914,-0.08105418124287199
Run1_20201019,Run2_20201124,79,20260914,0.027745428094317747
Run1_20201019,Run2_20201124,80,20260914,-0.08085848330284519
Run1_20201019,Run2_20201124,81,20260914,-0.042717187647415965
Run1_20201019,Run2_20201124,82,20260914,-0.07883365740699538
Run1_20201019,Run2_20201124,83,20260914,-0.04692568819427387
Run1_20201019,Run2_20201124,84,20260914,0.05050840104008652
Run1_20201019,Run2_20201124,85,20260914,-0.08756695709705514
Run1_20201019,Run2_20201124,86,20260914,-0.045652308678307274
Run1_20201019,Run2_20201124,87,20260914,-0.04493490614351106
Run1_20201019,Run2_20201124,88,20260914,-0.0636956630522357
Run1_20201019,Run2_20201124,89,20260914,0.08543192823753464
Run1_20201019,Run2_20201124,90,20260914,0.03420022643873125
Run1_20201019,Run2_20201124,91,20260914,-0.017020907514037894
Run1_20201019,Run2_20201124,92,20260914,-0.026474873375124684
Run1_20201019,Run2_20201124,93,20260914,0.018299111607447446
Run1_20201019,Run2_20201124,94,20260914,-0.05483407558099558
Run1_20201019,Run2_20201124,95,20260914,-0.0037011125774552415
Run1_20201019,Run2_20201124,96,20260914,0.03430588280203891
Run1_20201019,Run2_20201124,97,20260914,0.023876977877867574
Run1_20201019,Run2_20201124,98,20260914,0.05492016535158206
Run1_20201019,Run2_20201124,99,20260914,-0.0012044898559251793
Run1_20201019,Run2_20201124,100,20260914,-0.032900640093372326
Run1_20201019,Run2_20201124,101,20260914,-0.03914997815513947
Run1_20201019,Run2_20201124,102,20260914,-0.0300744271622987
Run1_20201019,Run2_20201124,103,20260914,0.1527322525705572
Run1_20201019,Run2_20201124,104,20260914,0.006342105650066549
Run1_20201019,Run2_20201124,105,20260914,0.015800058615913836
Run1_20201019,Run2_20201124,106,20260914,0.008029910573816754
Run1_20201019,Run2_20201124,107,20260914,0.06912212027708564
Run1_20201019,Run2_20201124,108,20260914,0.042475516465977074
Run1_20201019,Run2_20201124,109,20260914,0.0923055854755066
Run1_20201019,Run2_20201124,110,20260914,0.007784161804349178
Run1_20201019,Run2_20201124,111,20260914,-0.005983484892610088
Run1_20201019,Run2_20201124,112,20260914,-0.040455770980901626
Run1_20201019,Run2_20201124,113,20260914,0.12378753047956076
Run1_20201019,Run2_20201124,114,20260914,-0.04638465133862418
Run1_20201019,Run2_20201124,115,20260914,0.0014429585729368983
Run1_20201019,Run2_20201124,116,20260914,0.06876571081103768
Run1_20201019,Run2_20201124,117,20260914,-0.046143195920022036
Run1_20201019,Run2_20201124,118,20260914,0.10727937508944745
Run1_20201019,Run2_20201124,119,20260914,-0.04242826079158867
Run1_20201019,Run2_20201124,120,20260914,0.00953998185964271
Run1_20201019,Run2_20201124,121,20260914,0.05280534482254474
Run1_20201019,Run2_20201124,122,20260914,0.10497698169833797
Run1_20201019,Run2_20201124,123,20260914,-0.06255099297928526
Run1_20201019,Run2_20201124,124,20260914,-0.04357304406198042
Run1_20201019,Run2_20201124,125,20260914,-0.044049154756992705
Run1_20201019,Run2_20201124,126,20260914,-0.045695935153572204
Run1_20201019,Run2_20201124,127,20260914,0.06983927532036777
Run1_20201019,Run2_20201124,128,20260914,0.07237687667752742
Run1_20201019,Run2_20201124,129,20260914,0.014367910794639081
Run1_20201019,Run2_20201124,130,20260914,-0.027721306821006927
Run1_20201019,Run2_20201124,131,20260914,0.13905100449296198
Run1_20201019,Run2_20201124,132,20260914,-0.05527271675692365
Run1_20201019,Run2_20201124,133,20260914,-0.07221034985585105
Run1_20201019,Run2_20201124,134,20260914,-0.009896552775245433
Run1_20201019,Run2_20201124,135,20260914,0.014277692994234422
Run1_20201019,Run2_20201124,136,20260914,0.04957757952320951
Run1_20201019,Run2_20201124,137,20260914,0.065855578942557
Run1_20201019,Run2_20201124,138,20260914,-0.03137549720568392
Run1_20201019,Run2_20201124,139,20260914,-0.07990147490018726
Run1_20201019,Run2_20201124,140,20260914,-0.0645654460665309
Run1_20201019,Run2_20201124,141,20260914,-0.05330957055759895
Run1_20201019,Run2_20201124,142,20260914,-0.03835823173175945
Run1_20201019,Run2_20201124,143,20260914,-0.051948078718125804
Run1_20201019,Run2_20201124,144,20260914,-0.0709675025048639
Run1_20201019,Run2_20201124,145,20260914,-0.013460414190505988
Run1_20201019,Run2_20201124,146,20260914,0.03864447496463062
Run1_20201019,Run2_20201124,147,20260914,0.1606308235634085
Run1_20201019,Run2_20201124,148,20260914,-0.02260893765278911
Run1_20201019,Run2_20201124,149,20260914,-0.013858235777856519
Run1_20201019,Run2_20201124,150,20260914,0.05853643122600708
Run1_20201019,Run2_20201124,151,20260914,-0.042686966451159505
Run1_20201019,Run2_20201124,152,20260914,-0.047320184686393076
Run1_20201019,Run2_20201124,153,20260914,-0.02123664959047838
Run1_20201019,Run2_20201124,154,20260914,-0.035008832049047194
Run1_20201019,Run2_20201124,155,20260914,0.00015040711401543698
Run1_20201019,Run2_20201124,156,20260914,0.02032708268224009
Run1_20201019,Run2_20201124,157,20260914,-0.0785255964464889
Run1_20201019,Run2_20201124,158,20260914,-0.05004069113999321
Run1_20201019,Run2_20201124,159,20260914,0.07501978162026164
Run1_20201019,Run2_20201124,160,20260914,0.0394145635084317
Run1_20201019,Run2_20201124,161,20260914,0.08066036018351182
Run1_20201019,Run2_20201124,162,20260914,-0.04959373721851067
Run1_20201019,Run2_20201124,163,20260914,-0.04511713599474351
Run1_20201019,Run2_20201124,164,20260914,-0.04335298378308523
Run1_20201019,Run2_20201124,165,20260914,-0.03415850611407562
Run1_20201019,Run2_20201124,166,20260914,-0.0584401381689184
Run1_20201019,Run2_20201124,167,20260914,-0.035428828092563217
Run1_20201019,Run2_20201124,168,20260914,-0.010124743428606557
Run1_20201019,Run2_20201124,169,20260914,-0.033428787769390574
Run1_20201019,Run2_20201124,170,20260914,0.060361854841427025
Run1_20201019,Run2_20201124,171,20260914,-0.02157155732976634
Run1_20201019,Run2_20201124,172,20260914,-0.06393517430889316
Run1_20201019,Run2_20201124,173,20260914,-0.07328440988919657
Run1_20201019,Run2_20201124,174,20260914,-0.03971317416754092
Run1_20201019,Run2_20201124,175,20260914,0.006482825944004309
Run1_20201019,Run2_20201124,176,20260914,-0.016845233446129093
Run1_20201019,Run2_20201124,177,20260914,0.02041531016096034
Run1_20201019,Run2_20201124,178,20260914,-0.010939599188958508
Run1_20201019,Run2_20201124,179,20260914,-0.04135574453972996
Run1_20201019,Run2_20201124,180,20260914,-0.013663203638790393
Run1_20201019,Run2_20201124,181,20260914,-0.047365032741378266
Run1_20201019,Run2_20201124,182,20260914,-0.04591346821620032
Run1_20201019,Run2_20201124,183,20260914,-0.026645463654304247
Run1_20201019,Run2_20201124,184,20260914,-0.002072207092658871
Run1_20201019,Run2_20201124,185,20260914,-0.03628091514382059
Run1_20201019,Run2_20201124,186,20260914,0.04797858436436194
Run1_20201019,Run2_20201124,187,20260914,-0.05215113640228523
Run1_20201019,Run2_20201124,188,20260914,-0.025670610539162354
Run1_20201019,Run2_20201124,189,20260914,0.06884921524241702
Run1_20201019,Run2_20201124,190,20260914,0.043747307288930566
Run1_20201019,Run2_20201124,191,20260914,-0.06872745862252193
Run1_20201019,Run2_20201124,192,20260914,-0.026002459644156848
Run1_20201019,Run2_20201124,193,20260914,0.01948615601456683
Run1_20201019,Run2_20201124,194,20260914,0.13489988975491835
Run1_20201019,Run2_20201124,195,20260914,-0.0007066648829700197
Run1_20201019,Run2_20201124,196,20260914,0.053441412379269124
Run1_20201019,Run2_20201124,197,20260914,0.0043513546720369105
Run1_20201019,Run2_20201124,198,20260914,-0.026948412454649105
Run1_20201019,Run2_20201124,199,20260914,0.13362810417971985
Run2_20201019,Run1_20201020,0,20260914,0.12786566292551987
Run2_20201019,Run1_20201020,1,20260914,-0.03829603241080193
Run2_20201019,Run1_20201020,2,20260914,-0.07558160223252382
Run2_20201019,Run1_20201020,3,20260914,-0.04879443722614923
Run2_20201019,Run1_20201020,4,20260914,-0.0455730745826217
Run2_20201019,Run1_20201020,5,20260914,-0.03481839247928848
Run2_20201019,Run1_20201020,6,20260914,0.03226862729332728
Run2_20201019,Run1_20201020,7,20260914,0.022136037644900314
Run2_20201019,Run1_20201020,8,20260914,0.03130829777643642
Run2_20201019,Run1_20201020,9,20260914,0.0003666829433735358
Run2_20201019,Run1_20201020,10,20260914,0.0009034960552068484
Run2_20201019,Run1_20201020,11,20260914,0.020504127738328378
Run2_20201019,Run1_20201020,12,20260914,0.022206593383205027
Run2_20201019,Run1_20201020,13,20260914,-0.033555063116491174
Run2_20201019,Run1_20201020,14,20260914,-0.0422131726692859
Run2_20201019,Run1_20201020,15,20260914,-0.06970950222137061
Run2_20201019,Run1_20201020,16,20260914,0.0075379265172459365
Run2_20201019,Run1_20201020,17,20260914,0.03255608448907253
Run2_20201019,Run1_20201020,18,20260914,-0.0732023535461618
Run2_20201019,Run1_20201020,19,20260914,-0.04892049975188926
Run2_20201019,Run1_20201020,20,20260914,-0.0009007825165831523
Run2_20201019,Run1_20201020,21,20260914,0.050882569372355364
Run2_20201019,Run1_20201020,22,20260914,0.05351475142476293
Run2_20201019,Run1_20201020,23,20260914,-0.016193292941742297
Run2_20201019,Run1_20201020,24,20260914,-0.041919923157198315
Run2_20201019,Run1_20201020,25,20260914,0.0656847276813632
Run2_20201019,Run1_20201020,26,20260914,-0.05185234112623731
Run2_20201019,Run1_20201020,27,20260914,0.011038756513816063
Run2_20201019,Run1_20201020,28,20260914,-0.04912378580424879
Run2_20201019,Run1_20201020,29,20260914,0.007571456709499914
Run2_20201019,Run1_20201020,30,20260914,-0.01679454847304914
Run2_20201019,Run1_20201020,31,20260914,-0.04851532481975412
Run2_20201019,Run1_20201020,32,20260914,0.0627382915846992
Run2_20201019,Run1_20201020,33,20260914,-0.013813272936477923
Run2_20201019,Run1_20201020,34,20260914,0.012079504998315246
Run2_20201019,Run1_20201020,35,20260914,0.014377405054640626
Run2_20201019,Run1_20201020,36,20260914,0.003497722189817888
Run2_20201019,Run1_20201020,37,20260914,-0.06800714961693302
Run2_20201019,Run1_20201020,38,20260914,-0.05780087798168426
Run2_20201019,Run1_20201020,39,20260914,-0.034939382706473204
Run2_20201019,Run1_20201020,40,20260914,0.03633221410063369
Run2_20201019,Run1_20201020,41,20260914,-0.06674564052597581
Run2_20201019,Run1_20201020,42,20260914,0.03806217723270389
Run2_20201019,Run1_20201020,43,20260914,0.13073272077894063
Run2_20201019,Run1_20201020,44,20260914,-0.018767305618453477
Run2_20201019,Run1_20201020,45,20260914,-0.02462860966612784
Run2_20201019,Run1_20201020,46,20260914,-0.0034859477389584444
Run2_20201019,Run1_20201020,47,20260914,0.009621921343607618
Run2_20201019,Run1_20201020,48,20260914,-0.0805278938144339
Run2_20201019,Run1_20201020,49,20260914,-0.038912035140485926
Run2_20201019,Run1_20201020,50,20260914,-0.05081251059141187
Run2_20201019,Run1_20201020,51,20260914,-0.053498326289358265
Run2_20201019,Run1_20201020,52,20260914,0.01416114321487537
Run2_20201019,Run1_20201020,53,20260914,-0.0580779908582805
Run2_20201019,Run1_20201020,54,20260914,-0.03617682948447574
Run2_20201019,Run1_20201020,55,20260914,0.013194658550785842
Run2_20201019,Run1_20201020,56,20260914,-0.006804633999305161
Run2_20201019,Run1_20201020,57,20260914,-0.03913027736995685
Run2_20201019,Run1_20201020,58,20260914,0.05011771192709748
Run2_20201019,Run1_20201020,59,20260914,0.033418727390799
Run2_20201019,Run1_20201020,60,20260914,-0.06746735008703503
Run2_20201019,Run1_20201020,61,20260914,0.06282101049871461
Run2_20201019,Run1_20201020,62,20260914,-0.08017450420195832
Run2_20201019,Run1_20201020,63,20260914,-0.06565079821879277
Run2_20201019,Run1_20201020,64,20260914,-0.09730320498387067
Run2_20201019,Run1_20201020,65,20260914,-0.03630447585605444
Run2_20201019,Run1_20201020,66,20260914,-0.07503937593670652
Run2_20201019,Run1_20201020,67,20260914,0.009944216055473845
Run2_20201019,Run1_20201020,68,20260914,-0.010534919533961778
Run2_20201019,Run1_20201020,69,20260914,-0.08554253007669838
Run2_20201019,Run1_20201020,70,20260914,0.07782792512570698
Run2_20201019,Run1_20201020,71,20260914,0.027500342192537722
Run2_20201019,Run1_20201020,72,20260914,-0.038898455198112754
Run2_20201019,Run1_20201020,73,20260914,0.057397608741921256
Run2_20201019,Run1_20201020,74,20260914,-0.02715714110562889
Run2_20201019,Run1_20201020,75,20260914,-0.04294854397232541
Run2_20201019,Run1_20201020,76,20260914,-0.016610099691482565
Run2_20201019,Run1_20201020,77,20260914,0.06377252559974413
Run2_20201019,Run1_20201020,78,20260914,-0.007170201065105769
Run2_20201019,Run1_20201020,79,20260914,0.031802308739725955
Run2_20201019,Run1_20201020,80,20260914,-0.01807706195430234
Run2_20201019,Run1_20201020,81,20260914,-0.00984498555003833
Run2_20201019,Run1_20201020,82,20260914,-0.05493136538923862
Run2_20201019,Run1_20201020,83,20260914,-0.0696874015148727
Run2_20201019,Run1_20201020,84,20260914,-0.03243740851839626
Run2_20201019,Run1_20201020,85,20260914,-0.05402587975123349
Run2_20201019,Run1_20201020,86,20260914,-0.0011543918001586742
Run2_20201019,Run1_20201020,87,20260914,0.00738129589521281
Run2_20201019,Run1_20201020,88,20260914,0.041296947589287314
Run2_20201019,Run1_20201020,89,20260914,0.04302678335355584
Run2_20201019,Run1_20201020,90,20260914,0.007940631039386636
Run2_20201019,Run1_20201020,91,20260914,0.08154909958404023
Run2_20201019,Run1_20201020,92,20260914,-0.06404998219209396
Run2_20201019,Run1_20201020,93,20260914,-0.004689770591472945
Run2_20201019,Run1_20201020,94,20260914,0.02548278593775298
Run2_20201019,Run1_20201020,95,20260914,-0.002025052370672578
Run2_20201019,Run1_20201020,96,20260914,-0.04252067460840121
Run2_20201019,Run1_20201020,97,20260914,0.11960032194542612
Run2_20201019,Run1_20201020,98,20260914,0.07454171270929329
Run2_20201019,Run1_20201020,99,20260914,-0.10039327204004375
Run2_20201019,Run1_20201020,100,20260914,-0.01891217042295976
Run2_20201019,Run1_20201020,101,20260914,-0.08767539067308874
Run2_20201019,Run1_20201020,102,20260914,0.1265590260976539
Run2_20201019,Run1_20201020,103,20260914,0.06719812481229993
Run2_20201019,Run1_20201020,104,20260914,0.020267645583898774
Run2_20201019,Run1_20201020,105,20260914,0.10620387164850875
Run2_20201019,Run1_20201020,106,20260914,0.04266950843446748
Run2_20201019,Run1_20201020,107,20260914,-0.036155505185624645
Run2_20201019,Run1_20201020,108,20260914,-0.0012872589716601329
Run2_20201019,Run1_20201020,109,20260914,0.04316542725029728
Run2_20201019,Run1_20201020,110,20260914,-0.010902899603782932
Run2_20201019,Run1_20201020,111,20260914,0.011947031486733237
Run2_20201019,Run1_20201020,112,20260914,-0.0009079218688098596
Run2_20201019,Run1_20201020,113,20260914,0.006104433273068115
Run2_20201019,Run1_20201020,114,20260914,-0.06485297359835078
Run2_20201019,Run1_20201020,115,20260914,-0.056734032221084245
Run2_20201019,Run1_20201020,116,20260914,0.010793394161641304
Run2_20201019,Run1_20201020,117,20260914,-0.02039422621059323
Run2_20201019,Run1_20201020,118,20260914,-0.03085450368895484
Run2_20201019,Run1_20201020,119,20260914,-0.04466722974085198
Run2_20201019,Run1_20201020,120,20260914,-0.010170205187773054
Run2_20201019,Run1_20201020,121,20260914,0.016996989329624786
Run2_20201019,Run1_20201020,122,20260914,0.05707698722051955
Run2_20201019,Run1_20201020,123,20260914,0.026667351039353852
Run2_20201019,Run1_20201020,124,20260914,-0.060464061312171795
Run2_20201019,Run1_20201020,125,20260914,0.016759337679613143
Run2_20201019,Run1_20201020,126,20260914,-0.011134712269790691
Run2_20201019,Run1_20201020,127,20260914,-0.008471896401444403
Run2_20201019,Run1_20201020,128,20260914,-0.031695877818128736
Run2_20201019,Run1_20201020,129,20260914,-0.042546053430545495
Run2_20201019,Run1_20201020,130,20260914,-0.05021176472847747
Run2_20201019,Run1_20201020,131,20260914,0.019962073075093473
Run2_20201019,Run1_20201020,132,20260914,0.07900473034501271
Run2_20201019,Run1_20201020,133,20260914,-0.051701722609702974
Run2_20201019,Run1_20201020,134,20260914,-0.018108879899545363
Run2_20201019,Run1_20201020,135,20260914,-0.015082774364285225
Run2_20201019,Run1_20201020,136,20260914,-0.03319544184666357
Run2_20201019,Run1_20201020,137,20260914,-0.04953825463151553
Run2_20201019,Run1_20201020,138,20260914,-0.024647897165588357
Run2_20201019,Run1_20201020,139,20260914,0.0008265218103662832
Run2_20201019,Run1_20201020,140,20260914,-0.00969515173561256
Run2_20201019,Run1_20201020,141,20260914,-0.05394981167407679
Run2_20201019,Run1_20201020,142,20260914,-0.043540778087456225
Run2_20201019,Run1_20201020,143,20260914,-0.005534011650538112
Run2_20201019,Run1_20201020,144,20260914,0.05175555098455402
Run2_20201019,Run1_20201020,145,20260914,0.18850336719439054
Run2_20201019,Run1_20201020,146,20260914,0.060558966817142575
Run2_20201019,Run1_20201020,147,20260914,-0.06498826447749
Run2_20201019,Run1_20201020,148,20260914,0.029817331247563188
Run2_20201019,Run1_20201020,149,20260914,-0.04348754650395769
Run2_20201019,Run1_20201020,150,20260914,-0.0367428084290746
Run2_20201019,Run1_20201020,151,20260914,0.007599699114339936
Run2_20201019,Run1_20201020,152,20260914,-0.061443446045008246
Run2_20201019,Run1_20201020,153,20260914,0.04715191958474361
Run2_20201019,Run1_20201020,154,20260914,-0.021828028919570017
Run2_20201019,Run1_20201020,155,20260914,0.028356719156943596
Run2_20201019,Run1_20201020,156,20260914,0.05724936300965052
Run2_20201019,Run1_20201020,157,20260914,0.0766585436158294
Run2_20201019,Run1_20201020,158,20260914,-0.0005409156720006466
Run2_20201019,Run1_20201020,159,20260914,0.03550417409350764
Run2_20201019,Run1_20201020,160,20260914,-0.041574300297575646
Run2_20201019,Run1_20201020,161,20260914,0.1105710940281179
Run2_20201019,Run1_20201020,162,20260914,-0.05709873077161039
Run2_20201019,Run1_20201020,163,20260914,0.13797226973359206
Run2_20201019,Run1_20201020,164,20260914,0.1324983524726334
Run2_20201019,Run1_20201020,165,20260914,-0.028403785103586137
Run2_20201019,Run1_20201020,166,20260914,0.013961812574718352
Run2_20201019,Run1_20201020,167,20260914,0.02341270560483197
Run2_20201019,Run1_20201020,168,20260914,-0.003614411230124321
Run2_20201019,Run1_20201020,169,20260914,0.03997846689189452
Run2_20201019,Run1_20201020,170,20260914,0.20091451972316196
Run2_20201019,Run1_20201020,171,20260914,-0.05822780945561994
Run2_20201019,Run1_20201020,172,20260914,0.00810025193722167
Run2_20201019,Run1_20201020,173,20260914,-0.06937467526050606
Run2_20201019,Run1_20201020,174,20260914,0.052704719533969734
Run2_20201019,Run1_20201020,175,20260914,-0.07139470853716207
Run2_20201019,Run1_20201020,176,20260914,0.040017451845940716
Run2_20201019,Run1_20201020,177,20260914,0.014409133067554517
Run2_20201019,Run1_20201020,178,20260914,0.08013954643496699
Run2_20201019,Run1_20201020,179,20260914,-0.1067387674084045
Run2_20201019,Run1_20201020,180,20260914,-0.042880844657869066
Run2_20201019,Run1_20201020,181,20260914,-0.04342974806777152
Run2_20201019,Run1_20201020,182,20260914,-0.05678275035686088
Run2_20201019,Run1_20201020,183,20260914,-0.04680788863584861
Run2_20201019,Run1_20201020,184,20260914,0.02288644373461175
Run2_20201019,Run1_20201020,185,20260914,-0.07238907035859563
Run2_20201019,Run1_20201020,186,20260914,-0.041664243284119135
Run2_20201019,Run1_20201020,187,20260914,-0.07537769871543937
Run2_20201019,Run1_20201020,188,20260914,-0.08408609483142074
Run2_20201019,Run1_20201020,189,20260914,0.07430002311387107
Run2_20201019,Run1_20201020,190,20260914,-0.0028886459326081916
Run2_20201019,Run1_20201020,191,20260914,-0.07035026881901693
Run2_20201019,Run1_20201020,192,20260914,0.06283027877693292
Run2_20201019,Run1_20201020,193,20260914,0.04283871280486301
Run2_20201019,Run1_20201020,194,20260914,-0.03604625268854294
Run2_20201019,Run1_20201020,195,20260914,-0.07328813470380117
Run2_20201019,Run1_20201020,196,20260914,-0.039450729062976114
Run2_20201019,Run1_20201020,197,20260914,-0.006746374132450522
Run2_20201019,Run1_20201020,198,20260914,0.0076622649928233385
Run2_20201019,Run1_20201020,199,20260914,-0.07082488794707983
Run2_20201019,Run2_20201020,0,20260914,0.25782932255917196
Run2_20201019,Run2_20201020,1,20260914,0.018104590170820237
Run2_20201019,Run2_20201020,2,20260914,-0.022832253911438453
Run2_20201019,Run2_20201020,3,20260914,-0.09372356376128661
Run2_20201019,Run2_20201020,4,20260914,-0.02594744997008646
Run2_20201019,Run2_20201020,5,20260914,-0.06148395675684991
Run2_20201019,Run2_20201020,6,20260914,-0.010145241114965411
Run2_20201019,Run2_20201020,7,20260914,0.03711906839219669
Run2_20201019,Run2_20201020,8,20260914,0.06894712766937802
Run2_20201019,Run2_20201020,9,20260914,-0.045864705047277694
Run2_20201019,Run2_20201020,10,20260914,-0.055656882729216844
Run2_20201019,Run2_20201020,11,20260914,0.03264294361067299
Run2_20201019,Run2_20201020,12,20260914,-0.07088911708925305
Run2_20201019,Run2_20201020,13,20260914,-0.021980180485878586
Run2_20201019,Run2_20201020,14,20260914,0.0012075490371130197
Run2_20201019,Run2_20201020,15,20260914,0.0724959700658203
Run2_20201019,Run2_20201020,16,20260914,0.19270916988763748
Run2_20201019,Run2_20201020,17,20260914,-0.05519066704890727
Run2_20201019,Run2_20201020,18,20260914,-0.0061471008586074785
Run2_20201019,Run2_20201020,19,20260914,-0.0999787182049872
Run2_20201019,Run2_20201020,20,20260914,-0.047969736363954595
Run2_20201019,Run2_20201020,21,20260914,0.04108735560940782
Run2_20201019,Run2_20201020,22,20260914,0.028088961264512224
Run2_20201019,Run2_20201020,23,20260914,0.0099611558641233
Run2_20201019,Run2_20201020,24,20260914,-0.06703899842962804
Run2_20201019,Run2_20201020,25,20260914,0.017936503275088212
Run2_20201019,Run2_20201020,26,20260914,-0.009595887408715122
Run2_20201019,Run2_20201020,27,20260914,0.019070375886547003
Run2_20201019,Run2_20201020,28,20260914,-0.05820313904740307
Run2_20201019,Run2_20201020,29,20260914,-0.059928996351057924
Run2_20201019,Run2_20201020,30,20260914,-0.0806039634139238
Run2_20201019,Run2_20201020,31,20260914,-0.02463763672371656
Run2_20201019,Run2_20201020,32,20260914,-0.025847449613545966
Run2_20201019,Run2_20201020,33,20260914,0.17978352971212996
Run2_20201019,Run2_20201020,34,20260914,0.08900116983596305
Run2_20201019,Run2_20201020,35,20260914,0.08968445506178739
Run2_20201019,Run2_20201020,36,20260914,-0.018653833275960367
Run2_20201019,Run2_20201020,37,20260914,0.0015438970978950014
Run2_20201019,Run2_20201020,38,20260914,0.033849278474037243
Run2_20201019,Run2_20201020,39,20260914,-0.03594986963751395
Run2_20201019,Run2_20201020,40,20260914,0.0036042795756372607
Run2_20201019,Run2_20201020,41,20260914,0.08739898334376413
Run2_20201019,Run2_20201020,42,20260914,0.03258579602109856
Run2_20201019,Run2_20201020,43,20260914,-0.013440542120910967
Run2_20201019,Run2_20201020,44,20260914,-0.019363604884408255
Run2_20201019,Run2_20201020,45,20260914,-0.08520845378601292
Run2_20201019,Run2_20201020,46,20260914,-0.042068027044646676
Run2_20201019,Run2_20201020,47,20260914,-0.06301500296888089
Run2_20201019,Run2_20201020,48,20260914,-0.008927040310057805
Run2_20201019,Run2_20201020,49,20260914,0.06890675144270446
Run2_20201019,Run2_20201020,50,20260914,0.1850418423270862
Run2_20201019,Run2_20201020,51,20260914,-0.045436903726402245
Run2_20201019,Run2_20201020,52,20260914,0.02552869423032992
Run2_20201019,Run2_20201020,53,20260914,-0.059138475287275456
Run2_20201019,Run2_20201020,54,20260914,0.029869570375303838
Run2_20201019,Run2_20201020,55,20260914,-0.08543568374101443
Run2_20201019,Run2_20201020,56,20260914,0.1126324668776792
Run2_20201019,Run2_20201020,57,20260914,-0.0366364583044165
Run2_20201019,Run2_20201020,58,20260914,0.10327029830033083
Run2_20201019,Run2_20201020,59,20260914,-0.06258895974250504
Run2_20201019,Run2_20201020,60,20260914,0.11924324411961897
Run2_20201019,Run2_20201020,61,20260914,-0.02298138338110573
Run2_20201019,Run2_20201020,62,20260914,0.007205843782028459
Run2_20201019,Run2_20201020,63,20260914,-0.1003751248315171
Run2_20201019,Run2_20201020,64,20260914,-0.1142492253759343
Run2_20201019,Run2_20201020,65,20260914,0.05541833858202625
Run2_20201019,Run2_20201020,66,20260914,0.008992674290000302
Run2_20201019,Run2_20201020,67,20260914,-0.00902831962995261
Run2_20201019,Run2_20201020,68,20260914,-0.05295111610361736
Run2_20201019,Run2_20201020,69,20260914,-0.01242570354460602
Run2_20201019,Run2_20201020,70,20260914,0.13135810104391607
Run2_20201019,Run2_20201020,71,20260914,0.324167142381179
Run2_20201019,Run2_20201020,72,20260914,-0.02946835387206996
Run2_20201019,Run2_20201020,73,20260914,-0.04809968197003497
Run2_20201019,Run2_20201020,74,20260914,0.07339542935043618
Run2_20201019,Run2_20201020,75,20260914,-0.07436669310373809
Run2_20201019,Run2_20201020,76,20260914,-0.019088896564377174
Run2_20201019,Run2_20201020,77,20260914,0.03419971442631448
Run2_20201019,Run2_20201020,78,20260914,0.005952730466119761
Run2_20201019,Run2_20201020,79,20260914,0.026070685037478145
Run2_20201019,Run2_20201020,80,20260914,0.023795860631326337
Run2_20201019,Run2_20201020,81,20260914,0.004413962201959485
Run2_20201019,Run2_20201020,82,20260914,0.13117487431019606
Run2_20201019,Run2_20201020,83,20260914,-0.028170219814508155
Run2_20201019,Run2_20201020,84,20260914,-0.07040586674486968
Run2_20201019,Run2_20201020,85,20260914,-0.028416400524934746
Run2_20201019,Run2_20201020,86,20260914,0.03738669597424942
Run2_20201019,Run2_20201020,87,20260914,-0.008853084275286298
Run2_20201019,Run2_20201020,88,20260914,-0.0056472877598031665
Run2_20201019,Run2_20201020,89,20260914,-0.03219669080673653
Run2_20201019,Run2_20201020,90,20260914,0.023854710823769644
Run2_20201019,Run2_20201020,91,20260914,0.14178092371657733
Run2_20201019,Run2_20201020,92,20260914,-0.05505142139455585
Run2_20201019,Run2_20201020,93,20260914,-0.04885000521457722
Run2_20201019,Run2_20201020,94,20260914,0.01914578239203037
Run2_20201019,Run2_20201020,95,20260914,-0.011951896253693771
Run2_20201019,Run2_20201020,96,20260914,0.12216845111402184
Run2_20201019,Run2_20201020,97,20260914,-0.0619492548780884
Run2_20201019,Run2_20201020,98,20260914,0.15246733349613592
Run2_20201019,Run2_20201020,99,20260914,-0.025146595944788155
Run2_20201019,Run2_20201020,100,20260914,0.05637333865356926
Run2_20201019,Run2_20201020,101,20260914,-0.06294030992790496
Run2_20201019,Run2_20201020,102,20260914,0.18683669986842205
Run2_20201019,Run2_20201020,103,20260914,0.08574814826880583
Run2_20201019,Run2_20201020,104,20260914,0.0015328009312665502
Run2_20201019,Run2_20201020,105,20260914,0.023278280673510687
Run2_20201019,Run2_20201020,106,20260914,-0.00041275136231118755
Run2_20201019,Run2_20201020,107,20260914,-0.08985752887505503
Run2_20201019,Run2_20201020,108,20260914,-0.1082761810337046
Run2_20201019,Run2_20201020,109,20260914,0.08608895063198763
Run2_20201019,Run2_20201020,110,20260914,-0.009748945827423956
Run2_20201019,Run2_20201020,111,20260914,-0.007009002772513594
Run2_20201019,Run2_20201020,112,20260914,-0.11226665221219834
Run2_20201019,Run2_20201020,113,20260914,-7.98697073904823e-05
Run2_20201019,Run2_20201020,114,20260914,-0.0364641274243349
Run2_20201019,Run2_20201020,115,20260914,-0.039386720168248936
Run2_20201019,Run2_20201020,116,20260914,0.011076910285817589
Run2_20201019,Run2_20201020,117,20260914,-0.12459313498940218
Run2_20201019,Run2_20201020,118,20260914,-0.054070565141108355
Run2_20201019,Run2_20201020,119,20260914,-0.08352673471677322
Run2_20201019,Run2_20201020,120,20260914,-0.02585600731984838
Run2_20201019,Run2_20201020,121,20260914,0.02018559219407958
Run2_20201019,Run2_20201020,122,20260914,-0.022079681538001057
Run2_20201019,Run2_20201020,123,20260914,-0.037605309815125824
Run2_20201019,Run2_20201020,124,20260914,-0.026427280293794927
Run2_20201019,Run2_20201020,125,20260914,0.05429356916831269
Run2_20201019,Run2_20201020,126,20260914,-0.04791789591982902
Run2_20201019,Run2_20201020,127,20260914,-0.047650192842799095
Run2_20201019,Run2_20201020,128,20260914,-0.053502432809512786
Run2_20201019,Run2_20201020,129,20260914,-0.07517751118636927
Run2_20201019,Run2_20201020,130,20260914,-0.05600098700524494
Run2_20201019,Run2_20201020,131,20260914,-0.028458410996778077
Run2_20201019,Run2_20201020,132,20260914,-0.09175459688067206
Run2_20201019,Run2_20201020,133,20260914,0.009235390939799663
Run2_20201019,Run2_20201020,134,20260914,0.16924201444225864
Run2_20201019,Run2_20201020,135,20260914,6.870550486583455e-05
Run2_20201019,Run2_20201020,136,20260914,0.04928204787077062
Run2_20201019,Run2_20201020,137,20260914,-0.009124044417741062
Run2_20201019,Run2_20201020,138,20260914,-0.048484046675821374
Run2_20201019,Run2_20201020,139,20260914,-0.00999674066181694
Run2_20201019,Run2_20201020,140,20260914,-0.02677193615117093
Run2_20201019,Run2_20201020,141,20260914,-0.026745098169365412
Run2_20201019,Run2_20201020,142,20260914,-0.03032979801150369
Run2_20201019,Run2_20201020,143,20260914,0.06175298976083062
Run2_20201019,Run2_20201020,144,20260914,0.046029650327681915
Run2_20201019,Run2_20201020,145,20260914,0.030123240698177248
Run2_20201019,Run2_20201020,146,20260914,-0.027177524423749422
Run2_20201019,Run2_20201020,147,20260914,-0.02888816168511049
Run2_20201019,Run2_20201020,148,20260914,0.01842247362879078
Run2_20201019,Run2_20201020,149,20260914,-0.08609252791400594
Run2_20201019,Run2_20201020,150,20260914,0.011430052925699503
Run2_20201019,Run2_20201020,151,20260914,-0.029662975959283997
Run2_20201019,Run2_20201020,152,20260914,-0.0504546626053909
Run2_20201019,Run2_20201020,153,20260914,-0.05395660363101913
Run2_20201019,Run2_20201020,154,20260914,0.09387517796977889
Run2_20201019,Run2_20201020,155,20260914,-0.017862758276776775
Run2_20201019,Run2_20201020,156,20260914,-0.05161594734875052
Run2_20201019,Run2_20201020,157,20260914,0.11283654576636334
Run2_20201019,Run2_20201020,158,20260914,-0.0838687959773366
Run2_20201019,Run2_20201020,159,20260914,-0.028727052441527588
Run2_20201019,Run2_20201020,160,20260914,0.20229445593303744
Run2_20201019,Run2_20201020,161,20260914,-0.029363972186613064
Run2_20201019,Run2_20201020,162,20260914,0.171218781543254
Run2_20201019,Run2_20201020,163,20260914,-0.06570729545321131
Run2_20201019,Run2_20201020,164,20260914,-0.07196772049007685
Run2_20201019,Run2_20201020,165,20260914,0.00637540901186823
Run2_20201019,Run2_20201020,166,20260914,0.04819943886365025
Run2_20201019,Run2_20201020,167,20260914,-0.024247723448887627
Run2_20201019,Run2_20201020,168,20260914,0.007963066474102885
Run2_20201019,Run2_20201020,169,20260914,0.0008385206936370525
Run2_20201019,Run2_20201020,170,20260914,0.02230196655243232
Run2_20201019,Run2_20201020,171,20260914,-0.03772850350166371
Run2_20201019,Run2_20201020,172,20260914,0.03826045368246145
Run2_20201019,Run2_20201020,173,20260914,-0.09465201330108586
Run2_20201019,Run2_20201020,174,20260914,-0.04176656159766354
Run2_20201019,Run2_20201020,175,20260914,-0.0006947591815598491
Run2_20201019,Run2_20201020,176,20260914,0.024680934131758255
Run2_20201019,Run2_20201020,177,20260914,0.14092730534294476
Run2_20201019,Run2_20201020,178,20260914,0.06396419059574869
Run2_20201019,Run2_20201020,179,20260914,0.048074988526747964
Run2_20201019,Run2_20201020,180,20260914,-0.026239413920276438
Run2_20201019,Run2_20201020,181,20260914,-0.002520165130322297
Run2_20201019,Run2_20201020,182,20260914,0.02793066572819673
Run2_20201019,Run2_20201020,183,20260914,-0.07347881688870737
Run2_20201019,Run2_20201020,184,20260914,-0.03105472410109911
Run2_20201019,Run2_20201020,185,20260914,0.01185443773699335
Run2_20201019,Run2_20201020,186,20260914,-0.029115573838921497
Run2_20201019,Run2_20201020,187,20260914,-0.02451532897337782
Run2_20201019,Run2_20201020,188,20260914,0.08910240482768174
Run2_20201019,Run2_20201020,189,20260914,0.1350866717010917
Run2_20201019,Run2_20201020,190,20260914,-0.00912417601281734
Run2_20201019,Run2_20201020,191,20260914,0.041444541429123856
Run2_20201019,Run2_20201020,192,20260914,0.04642282444960816
Run2_20201019,Run2_20201020,193,20260914,0.06618150002839256
Run2_20201019,Run2_20201020,194,20260914,-0.004349440046601769
Run2_20201019,Run2_20201020,195,20260914,0.16386080766171196
Run2_20201019,Run2_20201020,196,20260914,0.10576094656902547
Run2_20201019,Run2_20201020,197,20260914,-0.0033859391057438773
Run2_20201019,Run2_20201020,198,20260914,-0.057883660170166405
Run2_20201019,Run2_20201020,199,20260914,-0.07626117334612716
Run2_20201019,Run1_20201027,0,20260914,-0.021899222895055654
Run2_20201019,Run1_20201027,1,20260914,-0.03867672257142414
Run2_20201019,Run1_20201027,2,20260914,0.04409789444552609
Run2_20201019,Run1_20201027,3,20260914,0.015320555441115588
Run2_20201019,Run1_20201027,4,20260914,-0.02284492484455547
Run2_20201019,Run1_20201027,5,20260914,0.025384421752874087
Run2_20201019,Run1_20201027,6,20260914,0.042824418020495
Run2_20201019,Run1_20201027,7,20260914,0.08590747482246724
Run2_20201019,Run1_20201027,8,20260914,0.006640481790783517
Run2_20201019,Run1_20201027,9,20260914,-0.06623111378161263
Run2_20201019,Run1_20201027,10,20260914,0.011498263874632278
Run2_20201019,Run1_20201027,11,20260914,-0.06729087739308329
Run2_20201019,Run1_20201027,12,20260914,0.07796037885121593
Run2_20201019,Run1_20201027,13,20260914,0.1928567926745489
Run2_20201019,Run1_20201027,14,20260914,-0.0450768639828456
Run2_20201019,Run1_20201027,15,20260914,-0.04227316107176736
Run2_20201019,Run1_20201027,16,20260914,0.15819672910029617
Run2_20201019,Run1_20201027,17,20260914,0.021293817689279626
Run2_20201019,Run1_20201027,18,20260914,-0.007558513916359263
Run2_20201019,Run1_20201027,19,20260914,0.008340366609812777
Run2_20201019,Run1_20201027,20,20260914,0.05971886747937023
Run2_20201019,Run1_20201027,21,20260914,-0.030116924618421363
Run2_20201019,Run1_20201027,22,20260914,0.07814262414170983
Run2_20201019,Run1_20201027,23,20260914,0.00405799326028082
Run2_20201019,Run1_20201027,24,20260914,0.010257221011572193
Run2_20201019,Run1_20201027,25,20260914,-0.012387673168966747
Run2_20201019,Run1_20201027,26,20260914,0.10703706302587453
Run2_20201019,Run1_20201027,27,20260914,-0.10182448133781782
Run2_20201019,Run1_20201027,28,20260914,-0.0320387737502852
Run2_20201019,Run1_20201027,29,20260914,0.11440184716744754
Run2_20201019,Run1_20201027,30,20260914,0.07377205269420241
Run2_20201019,Run1_20201027,31,20260914,-0.009244834464925607
Run2_20201019,Run1_20201027,32,20260914,0.0330026692251223
Run2_20201019,Run1_20201027,33,20260914,0.07080045984897154
Run2_20201019,Run1_20201027,34,20260914,-0.023836879821690943
Run2_20201019,Run1_20201027,35,20260914,-0.006529432113184428
Run2_20201019,Run1_20201027,36,20260914,-0.09039000598536626
Run2_20201019,Run1_20201027,37,20260914,-0.03433417465119456
Run2_20201019,Run1_20201027,38,20260914,-0.06346150876020451
Run2_20201019,Run1_20201027,39,20260914,-0.05434754296746073
Run2_20201019,Run1_20201027,40,20260914,0.058062905419023994
Run2_20201019,Run1_20201027,41,20260914,0.033718586030523114
Run2_20201019,Run1_20201027,42,20260914,0.04162695815657835
Run2_20201019,Run1_20201027,43,20260914,-0.007976245834858873
Run2_20201019,Run1_20201027,44,20260914,-0.0733084812641127
Run2_20201019,Run1_20201027,45,20260914,0.007514605296823403
Run2_20201019,Run1_20201027,46,20260914,-0.025213448390109916
Run2_20201019,Run1_20201027,47,20260914,-0.03080826608407333
Run2_20201019,Run1_20201027,48,20260914,-0.001173453197362509
Run2_20201019,Run1_20201027,49,20260914,-0.05706672690435177
Run2_20201019,Run1_20201027,50,20260914,-0.01727292957506828
Run2_20201019,Run1_20201027,51,20260914,-0.07293978177951439
Run2_20201019,Run1_20201027,52,20260914,0.03103056623429518
Run2_20201019,Run1_20201027,53,20260914,-0.030790969283256198
Run2_20201019,Run1_20201027,54,20260914,-0.006421204235756226
Run2_20201019,Run1_20201027,55,20260914,-0.023867642203969426
Run2_20201019,Run1_20201027,56,20260914,0.06339541833383716
Run2_20201019,Run1_20201027,57,20260914,-0.02678252513402442
Run2_20201019,Run1_20201027,58,20260914,0.0328098794021978
Run2_20201019,Run1_20201027,59,20260914,-0.05675346150189862
Run2_20201019,Run1_20201027,60,20260914,0.10343670139121798
Run2_20201019,Run1_20201027,61,20260914,0.0015963487988712255
Run2_20201019,Run1_20201027,62,20260914,0.03332498586272999
Run2_20201019,Run1_20201027,63,20260914,-0.05090706639678241
Run2_20201019,Run1_20201027,64,20260914,-0.012431305081666254
Run2_20201019,Run1_20201027,65,20260914,-0.024231116997835506
Run2_20201019,Run1_20201027,66,20260914,-0.05380106894215539
Run2_20201019,Run1_20201027,67,20260914,0.07470068910213895
Run2_20201019,Run1_20201027,68,20260914,0.13767170903968565
Run2_20201019,Run1_20201027,69,20260914,-0.05125643422306146
Run2_20201019,Run1_20201027,70,20260914,0.09152600262157103
Run2_20201019,Run1_20201027,71,20260914,0.044022352247048833
Run2_20201019,Run1_20201027,72,20260914,-0.033532464247814954
Run2_20201019,Run1_20201027,73,20260914,-0.052129480777014535
Run2_20201019,Run1_20201027,74,20260914,-0.04607662420450208
Run2_20201019,Run1_20201027,75,20260914,-0.03975206393480361
Run2_20201019,Run1_20201027,76,20260914,-0.07358854288167835
Run2_20201019,Run1_20201027,77,20260914,0.027658464969267174
Run2_20201019,Run1_20201027,78,20260914,0.082192476457816
Run2_20201019,Run1_20201027,79,20260914,-0.0932172321102174
Run2_20201019,Run1_20201027,80,20260914,-0.0198250731195283
Run2_20201019,Run1_20201027,81,20260914,-0.058759914609146424
Run2_20201019,Run1_20201027,82,20260914,0.007310427715129555
Run2_20201019,Run1_20201027,83,20260914,-0.029987695920597537
Run2_20201019,Run1_20201027,84,20260914,-0.04239994509912014
Run2_20201019,Run1_20201027,85,20260914,-0.040685758548727004
Run2_20201019,Run1_20201027,86,20260914,-0.0867622630361789
Run2_20201019,Run1_20201027,87,20260914,0.039630433934406156
Run2_20201019,Run1_20201027,88,20260914,-0.05792154382466574
Run2_20201019,Run1_20201027,89,20260914,-0.02250538764946379
Run2_20201019,Run1_20201027,90,20260914,-0.009006109263765933
Run2_20201019,Run1_20201027,91,20260914,-0.05319518822824559
Run2_20201019,Run1_20201027,92,20260914,0.05386558600601572
Run2_20201019,Run1_20201027,93,20260914,-0.01447444639679356
Run2_20201019,Run1_20201027,94,20260914,-0.03497851209996875
Run2_20201019,Run1_20201027,95,20260914,0.0643018884400744
Run2_20201019,Run1_20201027,96,20260914,-0.08501411046634152
Run2_20201019,Run1_20201027,97,20260914,0.16040637828936954
Run2_20201019,Run1_20201027,98,20260914,0.11529532862507619
Run2_20201019,Run1_20201027,99,20260914,-0.0459199582293351
Run2_20201019,Run1_20201027,100,20260914,-0.059121461350124534
Run2_20201019,Run1_20201027,101,20260914,-0.06340384681746121
Run2_20201019,Run1_20201027,102,20260914,-0.013307995414704763
Run2_20201019,Run1_20201027,103,20260914,0.03306645405056697
Run2_20201019,Run1_20201027,104,20260914,-0.06499046445117472
Run2_20201019,Run1_20201027,105,20260914,-0.03728422059453599
Run2_20201019,Run1_20201027,106,20260914,-0.08880071284117964
Run2_20201019,Run1_20201027,107,20260914,0.0792441204469251
Run2_20201019,Run1_20201027,108,20260914,-0.0573684424664957
Run2_20201019,Run1_20201027,109,20260914,-0.008061171411125969
Run2_20201019,Run1_20201027,110,20260914,-0.026733344577428108
Run2_20201019,Run1_20201027,111,20260914,0.043470621467231595
Run2_20201019,Run1_20201027,112,20260914,0.1440052562332577
Run2_20201019,Run1_20201027,113,20260914,-0.015485853701574308
Run2_20201019,Run1_20201027,114,20260914,0.06878913758242437
Run2_20201019,Run1_20201027,115,20260914,0.0008833942552921077
Run2_20201019,Run1_20201027,116,20260914,-0.02019376494633231
Run2_20201019,Run1_20201027,117,20260914,-0.07132927948353363
Run2_20201019,Run1_20201027,118,20260914,0.024187916143297235
Run2_20201019,Run1_20201027,119,20260914,0.0046174205186751555
Run2_20201019,Run1_20201027,120,20260914,0.026859779136860964
Run2_20201019,Run1_20201027,121,20260914,-0.036347707912214255
Run2_20201019,Run1_20201027,122,20260914,-0.0561095910745432
Run2_20201019,Run1_20201027,123,20260914,-0.05891073019614829
Run2_20201019,Run1_20201027,124,20260914,-0.042101932535248646
Run2_20201019,Run1_20201027,125,20260914,-0.04357996490358068
Run2_20201019,Run1_20201027,126,20260914,-0.05056824219611708
Run2_20201019,Run1_20201027,127,20260914,-0.01102475261041892
Run2_20201019,Run1_20201027,128,20260914,-0.01918185400006057
Run2_20201019,Run1_20201027,129,20260914,0.05226361426542466
Run2_20201019,Run1_20201027,130,20260914,-0.025118474776119917
Run2_20201019,Run1_20201027,131,20260914,-0.01694571757785929
Run2_20201019,Run1_20201027,132,20260914,0.041638942987071166
Run2_20201019,Run1_20201027,133,20260914,0.04308761555505654
Run2_20201019,Run1_20201027,134,20260914,-0.054006104603226586
Run2_20201019,Run1_20201027,135,20260914,-0.025675848536081205
Run2_20201019,Run1_20201027,136,20260914,0.010875980800945526
Run2_20201019,Run1_20201027,137,20260914,-0.015197812962190173
Run2_20201019,Run1_20201027,138,20260914,-0.015794147695203733
Run2_20201019,Run1_20201027,139,20260914,0.10222742536897543
Run2_20201019,Run1_20201027,140,20260914,-0.04130497596734769
Run2_20201019,Run1_20201027,141,20260914,-0.04490096062346028
Run2_20201019,Run1_20201027,142,20260914,-0.06092957353740713
Run2_20201019,Run1_20201027,143,20260914,-0.04247721881523034
Run2_20201019,Run1_20201027,144,20260914,-0.059384994653171416
Run2_20201019,Run1_20201027,145,20260914,-0.07041175041185904
Run2_20201019,Run1_20201027,146,20260914,-0.07048284887380857
Run2_20201019,Run1_20201027,147,20260914,0.017891730271617466
Run2_20201019,Run1_20201027,148,20260914,-0.0770511340469848
Run2_20201019,Run1_20201027,149,20260914,0.07203780205438842
Run2_20201019,Run1_20201027,150,20260914,-0.07879470578517536
Run2_20201019,Run1_20201027,151,20260914,-0.09183856271529103
Run2_20201019,Run1_20201027,152,20260914,0.005501909125945797
Run2_20201019,Run1_20201027,153,20260914,-0.003068463155513482
Run2_20201019,Run1_20201027,154,20260914,-0.0834882827307889
Run2_20201019,Run1_20201027,155,20260914,-0.05198055171274884
Run2_20201019,Run1_20201027,156,20260914,0.005869403711715076
Run2_20201019,Run1_20201027,157,20260914,-0.07452792486362014
Run2_20201019,Run1_20201027,158,20260914,0.03125470274049443
Run2_20201019,Run1_20201027,159,20260914,-0.03893381847318526
Run2_20201019,Run1_20201027,160,20260914,-0.04038893283135388
Run2_20201019,Run1_20201027,161,20260914,-0.01620067695469572
Run2_20201019,Run1_20201027,162,20260914,-0.034373966973435345
Run2_20201019,Run1_20201027,163,20260914,0.08120926165797046
Run2_20201019,Run1_20201027,164,20260914,-0.004223835865749844
Run2_20201019,Run1_20201027,165,20260914,0.021400925872607172
Run2_20201019,Run1_20201027,166,20260914,-0.05448590664323622
Run2_20201019,Run1_20201027,167,20260914,-0.04026498110634162
Run2_20201019,Run1_20201027,168,20260914,0.002986067228107139
Run2_20201019,Run1_20201027,169,20260914,0.08664954860780105
Run2_20201019,Run1_20201027,170,20260914,0.038725298739061095
Run2_20201019,Run1_20201027,171,20260914,-0.062249559175854806
Run2_20201019,Run1_20201027,172,20260914,0.12309392599944302
Run2_20201019,Run1_20201027,173,20260914,-0.06378020218666293
Run2_20201019,Run1_20201027,174,20260914,-0.017175644719896577
Run2_20201019,Run1_20201027,175,20260914,0.002685762360910029
Run2_20201019,Run1_20201027,176,20260914,0.0073189940282020844
Run2_20201019,Run1_20201027,177,20260914,0.026887627914672838
Run2_20201019,Run1_20201027,178,20260914,-0.017984158728316223
Run2_20201019,Run1_20201027,179,20260914,0.04028542934110724
Run2_20201019,Run1_20201027,180,20260914,0.09883956092316323
Run2_20201019,Run1_20201027,181,20260914,-0.05127487862454202
Run2_20201019,Run1_20201027,182,20260914,-0.05021580088324257
Run2_20201019,Run1_20201027,183,20260914,-0.02887594003890724
Run2_20201019,Run1_20201027,184,20260914,-0.0747951035895175
Run2_20201019,Run1_20201027,185,20260914,-0.09722774756236442
Run2_20201019,Run1_20201027,186,20260914,-0.0904692094464747
Run2_20201019,Run1_20201027,187,20260914,-0.067873426246046
Run2_20201019,Run1_20201027,188,20260914,-0.08598212940748828
Run2_20201019,Run1_20201027,189,20260914,-0.05455437654971185
Run2_20201019,Run1_20201027,190,20260914,-0.01582053274484293
Run2_20201019,Run1_20201027,191,20260914,0.17177948470159077
Run2_20201019,Run1_20201027,192,20260914,0.005420566371250677
Run2_20201019,Run1_20201027,193,20260914,0.039336125242982474
Run2_20201019,Run1_20201027,194,20260914,0.10051977452046967
Run2_20201019,Run1_20201027,195,20260914,-0.00449414251907865
Run2_20201019,Run1_20201027,196,20260914,-0.06632943581339537
Run2_20201019,Run1_20201027,197,20260914,-0.07668594119901681
Run2_20201019,Run1_20201027,198,20260914,0.18774143203055071
Run2_20201019,Run1_20201027,199,20260914,-0.03231033876890395
Run2_20201019,Run2_20201027,0,20260914,-0.06387847743775589
Run2_20201019,Run2_20201027,1,20260914,0.04794823234580605
Run2_20201019,Run2_20201027,2,20260914,0.0857634267618459
Run2_20201019,Run2_20201027,3,20260914,0.2357249848221608
Run2_20201019,Run2_20201027,4,20260914,0.025018319103386068
Run2_20201019,Run2_20201027,5,20260914,-0.06206363429203339
Run2_20201019,Run2_20201027,6,20260914,-0.027555298155373078
Run2_20201019,Run2_20201027,7,20260914,0.024259670920879196
Run2_20201019,Run2_20201027,8,20260914,-0.016837656054598006
Run2_20201019,Run2_20201027,9,20260914,-0.06448503405260676
Run2_20201019,Run2_20201027,10,20260914,0.012678418857996898
Run2_20201019,Run2_20201027,11,20260914,-0.028326252486519512
Run2_20201019,Run2_20201027,12,20260914,0.011314083768111674
Run2_20201019,Run2_20201027,13,20260914,0.014703133648458338
Run2_20201019,Run2_20201027,14,20260914,-0.011378908526194043
Run2_20201019,Run2_20201027,15,20260914,0.04591287967956137
Run2_20201019,Run2_20201027,16,20260914,-0.048747242446231506
Run2_20201019,Run2_20201027,17,20260914,-0.08826802328638941
Run2_20201019,Run2_20201027,18,20260914,-0.08339491941347797
Run2_20201019,Run2_20201027,19,20260914,-0.01688776515513241
Run2_20201019,Run2_20201027,20,20260914,0.016948454948867573
Run2_20201019,Run2_20201027,21,20260914,-0.02438516662830772
Run2_20201019,Run2_20201027,22,20260914,0.0031897026034556266
Run2_20201019,Run2_20201027,23,20260914,-0.02992235528659678
Run2_20201019,Run2_20201027,24,20260914,-0.0364472106676404
Run2_20201019,Run2_20201027,25,20260914,-0.008843225797628836
Run2_20201019,Run2_20201027,26,20260914,-0.00035789074954429553
Run2_20201019,Run2_20201027,27,20260914,-0.08801134876251673
Run2_20201019,Run2_20201027,28,20260914,-0.02359186680356927
Run2_20201019,Run2_20201027,29,20260914,-0.03107734529895313
Run2_20201019,Run2_20201027,30,20260914,-0.0692032185188813
Run2_20201019,Run2_20201027,31,20260914,-0.06876548293685061
Run2_20201019,Run2_20201027,32,20260914,0.0026077387478183793
Run2_20201019,Run2_20201027,33,20260914,0.2744013213714272
Run2_20201019,Run2_20201027,34,20260914,-0.005136067836636177
Run2_20201019,Run2_20201027,35,20260914,0.0004747311619513818
Run2_20201019,Run2_20201027,36,20260914,-0.05599805703330274
Run2_20201019,Run2_20201027,37,20260914,0.02143658494319202
Run2_20201019,Run2_20201027,38,20260914,-0.029824908418290122
Run2_20201019,Run2_20201027,39,20260914,-0.028515911824075098
Run2_20201019,Run2_20201027,40,20260914,0.04706564503868961
Run2_20201019,Run2_20201027,41,20260914,0.05659752524864622
Run2_20201019,Run2_20201027,42,20260914,-0.09678680690491871
Run2_20201019,Run2_20201027,43,20260914,-0.050849053681466166
Run2_20201019,Run2_20201027,44,20260914,0.023765464601086257
Run2_20201019,Run2_20201027,45,20260914,-0.016981115828553942
Run2_20201019,Run2_20201027,46,20260914,-0.037782089006810515
Run2_20201019,Run2_20201027,47,20260914,0.0948521705202603
Run2_20201019,Run2_20201027,48,20260914,0.23113501723282961
Run2_20201019,Run2_20201027,49,20260914,0.0262228907226582
Run2_20201019,Run2_20201027,50,20260914,0.20705869114880987
Run2_20201019,Run2_20201027,51,20260914,0.03299247480894014
Run2_20201019,Run2_20201027,52,20260914,-0.047025672775496845
Run2_20201019,Run2_20201027,53,20260914,-0.052675013511975136
Run2_20201019,Run2_20201027,54,20260914,0.04131990687802064
Run2_20201019,Run2_20201027,55,20260914,-0.04990453744292564
Run2_20201019,Run2_20201027,56,20260914,-0.01992102404550941
Run2_20201019,Run2_20201027,57,20260914,0.06821074004209295
Run2_20201019,Run2_20201027,58,20260914,-0.03705644718351708
Run2_20201019,Run2_20201027,59,20260914,-0.011931763365541742
Run2_20201019,Run2_20201027,60,20260914,-0.07611717552447204
Run2_20201019,Run2_20201027,61,20260914,-0.024636188734141046
Run2_20201019,Run2_20201027,62,20260914,-0.08138825364738979
Run2_20201019,Run2_20201027,63,20260914,-0.033043501608170205
Run2_20201019,Run2_20201027,64,20260914,-0.009441862970131679
Run2_20201019,Run2_20201027,65,20260914,-0.012733175685865187
Run2_20201019,Run2_20201027,66,20260914,-0.01571605392377521
Run2_20201019,Run2_20201027,67,20260914,-0.0713257056979067
Run2_20201019,Run2_20201027,68,20260914,-0.0032864990331565227
Run2_20201019,Run2_20201027,69,20260914,-0.0451396353465495
Run2_20201019,Run2_20201027,70,20260914,0.0814428321477688
Run2_20201019,Run2_20201027,71,20260914,0.01220282052128672
Run2_20201019,Run2_20201027,72,20260914,0.033437536672018826
Run2_20201019,Run2_20201027,73,20260914,0.018792050987080398
Run2_20201019,Run2_20201027,74,20260914,0.023283400752143597
Run2_20201019,Run2_20201027,75,20260914,0.004990077825171398
Run2_20201019,Run2_20201027,76,20260914,-0.04277195677351039
Run2_20201019,Run2_20201027,77,20260914,-0.03597308747787312
Run2_20201019,Run2_20201027,78,20260914,-0.02130762941655669
Run2_20201019,Run2_20201027,79,20260914,-0.034685822966854206
Run2_20201019,Run2_20201027,80,20260914,-0.06896578344714177
Run2_20201019,Run2_20201027,81,20260914,-0.035293692896682466
Run2_20201019,Run2_20201027,82,20260914,-0.06874934322890845
Run2_20201019,Run2_20201027,83,20260914,-0.08706668051510155
Run2_20201019,Run2_20201027,84,20260914,0.010487372089191219
Run2_20201019,Run2_20201027,85,20260914,-0.029550186256174
Run2_20201019,Run2_20201027,86,20260914,0.03696775802423968
Run2_20201019,Run2_20201027,87,20260914,-0.015740027454508542
Run2_20201019,Run2_20201027,88,20260914,-0.02009189075426185
Run2_20201019,Run2_20201027,89,20260914,0.09448232522609695
Run2_20201019,Run2_20201027,90,20260914,-0.031714823490547266
Run2_20201019,Run2_20201027,91,20260914,-0.02574071838417135
Run2_20201019,Run2_20201027,92,20260914,-0.07004430966302173
Run2_20201019,Run2_20201027,93,20260914,-0.020564963760602274
Run2_20201019,Run2_20201027,94,20260914,-0.07508393963354168
Run2_20201019,Run2_20201027,95,20260914,0.03616850762748319
Run2_20201019,Run2_20201027,96,20260914,0.029866424645897404
Run2_20201019,Run2_20201027,97,20260914,0.41180373879661525
Run2_20201019,Run2_20201027,98,20260914,0.012815159352310174
Run2_20201019,Run2_20201027,99,20260914,0.37942368055202724
Run2_20201019,Run2_20201027,100,20260914,0.03280931147178583
Run2_20201019,Run2_20201027,101,20260914,0.18612588523609486
Run2_20201019,Run2_20201027,102,20260914,0.031661983495872355
Run2_20201019,Run2_20201027,103,20260914,-0.03731687845251006
Run2_20201019,Run2_20201027,104,20260914,-0.08144725059647179
Run2_20201019,Run2_20201027,105,20260914,-0.05314837402616406
Run2_20201019,Run2_20201027,106,20260914,0.011953999116955303
Run2_20201019,Run2_20201027,107,20260914,-0.08402948418192466
Run2_20201019,Run2_20201027,108,20260914,-0.09511493347638625
Run2_20201019,Run2_20201027,109,20260914,-0.054057316141060414
Run2_20201019,Run2_20201027,110,20260914,0.11584182469035766
Run2_20201019,Run2_20201027,111,20260914,-0.052170831160681205
Run2_20201019,Run2_20201027,112,20260914,-0.05797239627350895
Run2_20201019,Run2_20201027,113,20260914,0.008435335947242594
Run2_20201019,Run2_20201027,114,20260914,-0.014694469363296053
Run2_20201019,Run2_20201027,115,20260914,0.018771452683324728
Run2_20201019,Run2_20201027,116,20260914,-0.04188732305287447
Run2_20201019,Run2_20201027,117,20260914,-0.011761134194813864
Run2_20201019,Run2_20201027,118,20260914,-0.052351534413418596
Run2_20201019,Run2_20201027,119,20260914,-0.07319952024151122
Run2_20201019,Run2_20201027,120,20260914,-0.04224421618506151
Run2_20201019,Run2_20201027,121,20260914,-0.04981382514726143
Run2_20201019,Run2_20201027,122,20260914,0.03676744644504702
Run2_20201019,Run2_20201027,123,20260914,0.019593849441870894
Run2_20201019,Run2_20201027,124,20260914,-0.04135036447435372
Run2_20201019,Run2_20201027,125,20260914,0.0192395245196982
Run2_20201019,Run2_20201027,126,20260914,-0.021514782904095114
Run2_20201019,Run2_20201027,127,20260914,-0.030178518980050906
Run2_20201019,Run2_20201027,128,20260914,0.06672214367595737
Run2_20201019,Run2_20201027,129,20260914,-0.0013891922617218341
Run2_20201019,Run2_20201027,130,20260914,-0.03028455825057699
Run2_20201019,Run2_20201027,131,20260914,-0.07403161422016669
Run2_20201019,Run2_20201027,132,20260914,0.02987461401937781
Run2_20201019,Run2_20201027,133,20260914,0.03720029389251693
Run2_20201019,Run2_20201027,134,20260914,0.031444148815772954
Run2_20201019,Run2_20201027,135,20260914,0.18778134279669498
Run2_20201019,Run2_20201027,136,20260914,-0.05738548029402213
Run2_20201019,Run2_20201027,137,20260914,0.0027346677208792266
Run2_20201019,Run2_20201027,138,20260914,-0.07063538477580251
Run2_20201019,Run2_20201027,139,20260914,-0.0001649963396895393
Run2_20201019,Run2_20201027,140,20260914,-0.030164859997144723
Run2_20201019,Run2_20201027,141,20260914,-0.04779082497528464
Run2_20201019,Run2_20201027,142,20260914,0.058759798990887735
Run2_20201019,Run2_20201027,143,20260914,-0.015485180509168304
Run2_20201019,Run2_20201027,144,20260914,0.18181265090840515
Run2_20201019,Run2_20201027,145,20260914,-0.062166858206966866
Run2_20201019,Run2_20201027,146,20260914,-0.03742232321158773
Run2_20201019,Run2_20201027,147,20260914,-0.0484356742166937
Run2_20201019,Run2_20201027,148,20260914,-0.08579345179750109
Run2_20201019,Run2_20201027,149,20260914,-0.08664759302239787
Run2_20201019,Run2_20201027,150,20260914,0.1586312493183245
Run2_20201019,Run2_20201027,151,20260914,0.08951970452301976
Run2_20201019,Run2_20201027,152,20260914,-0.07951629405509508
Run2_20201019,Run2_20201027,153,20260914,0.015303133993808145
Run2_20201019,Run2_20201027,154,20260914,0.008604053682067132
Run2_20201019,Run2_20201027,155,20260914,0.004362312565353529
Run2_20201019,Run2_20201027,156,20260914,0.03897035279799239
Run2_20201019,Run2_20201027,157,20260914,-0.03560229308887657
Run2_20201019,Run2_20201027,158,20260914,0.1301280236358331
Run2_20201019,Run2_20201027,159,20260914,-0.06850859534461641
Run2_20201019,Run2_20201027,160,20260914,-0.047275169070738435
Run2_20201019,Run2_20201027,161,20260914,-0.028509220435043996
Run2_20201019,Run2_20201027,162,20260914,0.1088212581677598
Run2_20201019,Run2_20201027,163,20260914,0.13354540550723043
Run2_20201019,Run2_20201027,164,20260914,0.06004639240475637
Run2_20201019,Run2_20201027,165,20260914,0.08102634880740425
Run2_20201019,Run2_20201027,166,20260914,-0.020863029201974345
Run2_20201019,Run2_20201027,167,20260914,0.05793272878877335
Run2_20201019,Run2_20201027,168,20260914,-0.030105518926503576
Run2_20201019,Run2_20201027,169,20260914,-0.04696350851432125
Run2_20201019,Run2_20201027,170,20260914,-0.004780616779341076
Run2_20201019,Run2_20201027,171,20260914,0.1261328164912726
Run2_20201019,Run2_20201027,172,20260914,0.010760607928537535
Run2_20201019,Run2_20201027,173,20260914,0.0574469145998316
Run2_20201019,Run2_20201027,174,20260914,0.05439226342202691
Run2_20201019,Run2_20201027,175,20260914,-0.0611831577860375
Run2_20201019,Run2_20201027,176,20260914,-0.0402192581675604
Run2_20201019,Run2_20201027,177,20260914,-0.024396949379823174
Run2_20201019,Run2_20201027,178,20260914,-0.0816861033819354
Run2_20201019,Run2_20201027,179,20260914,-0.041499105379459895
Run2_20201019,Run2_20201027,180,20260914,-0.02864833454441456
Run2_20201019,Run2_20201027,181,20260914,-0.051113569272787755
Run2_20201019,Run2_20201027,182,20260914,0.13599177934200965
Run2_20201019,Run2_20201027,183,20260914,-0.004050119770278082
Run2_20201019,Run2_20201027,184,20260914,-0.05984085274944383
Run2_20201019,Run2_20201027,185,20260914,-0.01871592084224152
Run2_20201019,Run2_20201027,186,20260914,0.24235431401256538
Run2_20201019,Run2_20201027,187,20260914,0.07484440189731674
Run2_20201019,Run2_20201027,188,20260914,0.01023555239610333
Run2_20201019,Run2_20201027,189,20260914,-0.05724430267321219
Run2_20201019,Run2_20201027,190,20260914,0.039595132062849286
Run2_20201019,Run2_20201027,191,20260914,-0.017953093996497787
Run2_20201019,Run2_20201027,192,20260914,-0.004995799263177199
Run2_20201019,Run2_20201027,193,20260914,-0.008408511742588227
Run2_20201019,Run2_20201027,194,20260914,0.09264767738269311
Run2_20201019,Run2_20201027,195,20260914,0.03155261774835204
Run2_20201019,Run2_20201027,196,20260914,-0.06631248874025061
Run2_20201019,Run2_20201027,197,20260914,0.05730832378989778
Run2_20201019,Run2_20201027,198,20260914,0.31392785618652996
Run2_20201019,Run2_20201027,199,20260914,-0.046115840926665666
Run2_20201019,Run1_20201028,0,20260914,0.021958225099418426
Run2_20201019,Run1_20201028,1,20260914,-0.08205015216129664
Run2_20201019,Run1_20201028,2,20260914,0.0020244982335042645
Run2_20201019,Run1_20201028,3,20260914,0.0002501228716157946
Run2_20201019,Run1_20201028,4,20260914,-0.017796743955376823
Run2_20201019,Run1_20201028,5,20260914,0.12090421919829152
Run2_20201019,Run1_20201028,6,20260914,0.12530774157829103
Run2_20201019,Run1_20201028,7,20260914,-0.006984150861956646
Run2_20201019,Run1_20201028,8,20260914,0.1033181313664529
Run2_20201019,Run1_20201028,9,20260914,-0.027669466877509482
Run2_20201019,Run1_20201028,10,20260914,-0.0970978704107461
Run2_20201019,Run1_20201028,11,20260914,-0.015280566478912894
Run2_20201019,Run1_20201028,12,20260914,0.04953446403876923
Run2_20201019,Run1_20201028,13,20260914,-0.0038837960212152398
Run2_20201019,Run1_20201028,14,20260914,-0.024778107278278956
Run2_20201019,Run1_20201028,15,20260914,-0.0647173554702369
Run2_20201019,Run1_20201028,16,20260914,0.007738283455330181
Run2_20201019,Run1_20201028,17,20260914,-0.04657277028461139
Run2_20201019,Run1_20201028,18,20260914,0.07186154470421706
Run2_20201019,Run1_20201028,19,20260914,0.025517088640561264
Run2_20201019,Run1_20201028,20,20260914,-0.08450903211459485
Run2_20201019,Run1_20201028,21,20260914,-0.03967885770179219
Run2_20201019,Run1_20201028,22,20260914,-0.03463105381003927
Run2_20201019,Run1_20201028,23,20260914,0.10144503551164898
Run2_20201019,Run1_20201028,24,20260914,0.14336569761722445
Run2_20201019,Run1_20201028,25,20260914,-0.01784821999256561
Run2_20201019,Run1_20201028,26,20260914,-0.07050498965647711
Run2_20201019,Run1_20201028,27,20260914,-0.018993097375413923
Run2_20201019,Run1_20201028,28,20260914,-0.05243633330069756
Run2_20201019,Run1_20201028,29,20260914,-0.03799230390931067
Run2_20201019,Run1_20201028,30,20260914,-0.08290246928144383
Run2_20201019,Run1_20201028,31,20260914,-0.05107676206044057
Run2_20201019,Run1_20201028,32,20260914,-0.08168202450156441
Run2_20201019,Run1_20201028,33,20260914,0.03746893711951098
Run2_20201019,Run1_20201028,34,20260914,-0.03030179385771218
Run2_20201019,Run1_20201028,35,20260914,0.013211546658253593
Run2_20201019,Run1_20201028,36,20260914,-0.05302712611411862
Run2_20201019,Run1_20201028,37,20260914,0.009752233885464482
Run2_20201019,Run1_20201028,38,20260914,-0.04489493792351815
Run2_20201019,Run1_20201028,39,20260914,0.03216273879711433
Run2_20201019,Run1_20201028,40,20260914,-0.05087462820975076
Run2_20201019,Run1_20201028,41,20260914,0.191165095768207
Run2_20201019,Run1_20201028,42,20260914,-0.05133358270755752
Run2_20201019,Run1_20201028,43,20260914,0.08374609733050119
Run2_20201019,Run1_20201028,44,20260914,0.057590354049707394
Run2_20201019,Run1_20201028,45,20260914,-0.000629378309290288
Run2_20201019,Run1_20201028,46,20260914,-0.058429630912906566
Run2_20201019,Run1_20201028,47,20260914,0.021633556972003608
Run2_20201019,Run1_20201028,48,20260914,-0.067354813715802
Run2_20201019,Run1_20201028,49,20260914,-0.05275319089005404
Run2_20201019,Run1_20201028,50,20260914,-0.04725502985483391
Run2_20201019,Run1_20201028,51,20260914,-0.06598757469952649
Run2_20201019,Run1_20201028,52,20260914,0.20492843138733607
Run2_20201019,Run1_20201028,53,20260914,-0.0008735377509247167
Run2_20201019,Run1_20201028,54,20260914,-0.009401798025124773
Run2_20201019,Run1_20201028,55,20260914,-0.06119098476369899
Run2_20201019,Run1_20201028,56,20260914,-0.011982286167225287
Run2_20201019,Run1_20201028,57,20260914,-0.033822661712924244
Run2_20201019,Run1_20201028,58,20260914,-0.09360771353131743
Run2_20201019,Run1_20201028,59,20260914,0.10286812515917902
Run2_20201019,Run1_20201028,60,20260914,0.08957872681428895
Run2_20201019,Run1_20201028,61,20260914,-0.015180538037344267
Run2_20201019,Run1_20201028,62,20260914,-0.019261142550902267
Run2_20201019,Run1_20201028,63,20260914,-0.06636436264476195
Run2_20201019,Run1_20201028,64,20260914,-0.058680012329399824
Run2_20201019,Run1_20201028,65,20260914,-0.06633797141411278
Run2_20201019,Run1_20201028,66,20260914,-0.023034674153582454
Run2_20201019,Run1_20201028,67,20260914,-0.09382896221216204
Run2_20201019,Run1_20201028,68,20260914,-0.043461779134920296
Run2_20201019,Run1_20201028,69,20260914,-0.03645399460159914
Run2_20201019,Run1_20201028,70,20260914,-0.06130860370416941
Run2_20201019,Run1_20201028,71,20260914,0.005341795225645562
Run2_20201019,Run1_20201028,72,20260914,0.04291264541501702
Run2_20201019,Run1_20201028,73,20260914,0.058284293931096576
Run2_20201019,Run1_20201028,74,20260914,-0.04287002270281021
Run2_20201019,Run1_20201028,75,20260914,0.055121248335541696
Run2_20201019,Run1_20201028,76,20260914,0.11929367274448585
Run2_20201019,Run1_20201028,77,20260914,0.04124888767009177
Run2_20201019,Run1_20201028,78,20260914,0.09746699444218568
Run2_20201019,Run1_20201028,79,20260914,-0.009970938893805743
Run2_20201019,Run1_20201028,80,20260914,0.027981733248456316
Run2_20201019,Run1_20201028,81,20260914,0.00922113224303723
Run2_20201019,Run1_20201028,82,20260914,-0.11623931069707903
Run2_20201019,Run1_20201028,83,20260914,-0.0014118362124468913
Run2_20201019,Run1_20201028,84,20260914,0.07093253432724443
Run2_20201019,Run1_20201028,85,20260914,0.1059665629608589
Run2_20201019,Run1_20201028,86,20260914,-0.01673370228831212
Run2_20201019,Run1_20201028,87,20260914,0.0942966791373566
Run2_20201019,Run1_20201028,88,20260914,0.007163703522256108
Run2_20201019,Run1_20201028,89,20260914,-0.03159146541807186
Run2_20201019,Run1_20201028,90,20260914,-0.008632072978995292
Run2_20201019,Run1_20201028,91,20260914,-0.026833279914701382
Run2_20201019,Run1_20201028,92,20260914,0.15363885904768398
Run2_20201019,Run1_20201028,93,20260914,-0.03452377116600528
Run2_20201019,Run1_20201028,94,20260914,-0.0739497947562413
Run2_20201019,Run1_20201028,95,20260914,0.008368366292375671
Run2_20201019,Run1_20201028,96,20260914,0.009325745874928904
Run2_20201019,Run1_20201028,97,20260914,0.02016690766253475
Run2_20201019,Run1_20201028,98,20260914,-0.007343561926443948
Run2_20201019,Run1_20201028,99,20260914,0.09288463607104255
Run2_20201019,Run1_20201028,100,20260914,-0.02856664335992932
Run2_20201019,Run1_20201028,101,20260914,-0.031513974301166564
Run2_20201019,Run1_20201028,102,20260914,0.057093289491118804
Run2_20201019,Run1_20201028,103,20260914,0.23726118509441455
Run2_20201019,Run1_20201028,104,20260914,-0.0378414715729518
Run2_20201019,Run1_20201028,105,20260914,-0.006330478764994506
Run2_20201019,Run1_20201028,106,20260914,0.07665832422696595
Run2_20201019,Run1_20201028,107,20260914,-0.07018446018971257
Run2_20201019,Run1_20201028,108,20260914,0.002182078448300713
Run2_20201019,Run1_20201028,109,20260914,-0.015438485843104116
Run2_20201019,Run1_20201028,110,20260914,-0.012033373542606213
Run2_20201019,Run1_20201028,111,20260914,-0.01455997813041252
Run2_20201019,Run1_20201028,112,20260914,-0.06821564408630831
Run2_20201019,Run1_20201028,113,20260914,-0.022689722586652573
Run2_20201019,Run1_20201028,114,20260914,0.13373839042914545
Run2_20201019,Run1_20201028,115,20260914,-0.10251457475241471
Run2_20201019,Run1_20201028,116,20260914,0.0130211966514549
Run2_20201019,Run1_20201028,117,20260914,0.018531633375093774
Run2_20201019,Run1_20201028,118,20260914,-0.041683538746852974
Run2_20201019,Run1_20201028,119,20260914,-0.028501465516354126
Run2_20201019,Run1_20201028,120,20260914,0.004284654890693292
Run2_20201019,Run1_20201028,121,20260914,-0.06457528144523875
Run2_20201019,Run1_20201028,122,20260914,-0.016779456644379867
Run2_20201019,Run1_20201028,123,20260914,0.11317418143579204
Run2_20201019,Run1_20201028,124,20260914,-0.04376298530266956
Run2_20201019,Run1_20201028,125,20260914,-0.02817096588571576
Run2_20201019,Run1_20201028,126,20260914,-0.00030594016117991635
Run2_20201019,Run1_20201028,127,20260914,0.06656305830224993
Run2_20201019,Run1_20201028,128,20260914,-0.032286494871519134
Run2_20201019,Run1_20201028,129,20260914,-0.02334224734886262
Run2_20201019,Run1_20201028,130,20260914,-0.05726497615566176
Run2_20201019,Run1_20201028,131,20260914,-0.007480688442338197
Run2_20201019,Run1_20201028,132,20260914,-0.012551610137324906
Run2_20201019,Run1_20201028,133,20260914,0.02809122921041683
Run2_20201019,Run1_20201028,134,20260914,-0.05722193009719234
Run2_20201019,Run1_20201028,135,20260914,0.047942638088152995
Run2_20201019,Run1_20201028,136,20260914,0.029247136616320644
Run2_20201019,Run1_20201028,137,20260914,-0.08878073337968968
Run2_20201019,Run1_20201028,138,20260914,-0.020633713647521514
Run2_20201019,Run1_20201028,139,20260914,0.12839006710620432
Run2_20201019,Run1_20201028,140,20260914,0.008337981577130876
Run2_20201019,Run1_20201028,141,20260914,0.015419928996260143
Run2_20201019,Run1_20201028,142,20260914,0.03754625085665164
Run2_20201019,Run1_20201028,143,20260914,-0.05830064227730689
Run2_20201019,Run1_20201028,144,20260914,0.015718621218455454
Run2_20201019,Run1_20201028,145,20260914,0.06135333686126239
Run2_20201019,Run1_20201028,146,20260914,0.0751082500967366
Run2_20201019,Run1_20201028,147,20260914,0.1382893491125587
Run2_20201019,Run1_20201028,148,20260914,-0.011590970273057489
Run2_20201019,Run1_20201028,149,20260914,0.035214468650062114
Run2_20201019,Run1_20201028,150,20260914,-0.038600015580147376
Run2_20201019,Run1_20201028,151,20260914,-0.02191731344871063
Run2_20201019,Run1_20201028,152,20260914,-0.0603417035157062
Run2_20201019,Run1_20201028,153,20260914,-0.07071749753007821
Run2_20201019,Run1_20201028,154,20260914,0.05049648877134807
Run2_20201019,Run1_20201028,155,20260914,-0.04061431993525318
Run2_20201019,Run1_20201028,156,20260914,0.0411446388898012
Run2_20201019,Run1_20201028,157,20260914,0.1515336809166812
Run2_20201019,Run1_20201028,158,20260914,-0.004843368971171044
Run2_20201019,Run1_20201028,159,20260914,0.0006927611515532804
Run2_20201019,Run1_20201028,160,20260914,-0.02825675429283608
Run2_20201019,Run1_20201028,161,20260914,-0.06229648380983429
Run2_20201019,Run1_20201028,162,20260914,0.09175101775960191
Run2_20201019,Run1_20201028,163,20260914,-0.01871199101551195
Run2_20201019,Run1_20201028,164,20260914,-0.07739814362233358
Run2_20201019,Run1_20201028,165,20260914,0.1277296227619477
Run2_20201019,Run1_20201028,166,20260914,0.01841696479869165
Run2_20201019,Run1_20201028,167,20260914,-0.026098438956122287
Run2_20201019,Run1_20201028,168,20260914,0.013388572270477034
Run2_20201019,Run1_20201028,169,20260914,0.005575489579519761
Run2_20201019,Run1_20201028,170,20260914,-0.02756765245602296
Run2_20201019,Run1_20201028,171,20260914,-0.04273449951232125
Run2_20201019,Run1_20201028,172,20260914,0.03119092902556213
Run2_20201019,Run1_20201028,173,20260914,0.07572616799571251
Run2_20201019,Run1_20201028,174,20260914,-0.08107255704310061
Run2_20201019,Run1_20201028,175,20260914,-0.04516279604009045
Run2_20201019,Run1_20201028,176,20260914,0.01209889084278864
Run2_20201019,Run1_20201028,177,20260914,-0.02313228738023819
Run2_20201019,Run1_20201028,178,20260914,0.0572047038268277
Run2_20201019,Run1_20201028,179,20260914,-0.04358567976182973
Run2_20201019,Run1_20201028,180,20260914,-0.028052106456836264
Run2_20201019,Run1_20201028,181,20260914,-0.044364111577921986
Run2_20201019,Run1_20201028,182,20260914,0.0645605622608216
Run2_20201019,Run1_20201028,183,20260914,0.00728193538192561
Run2_20201019,Run1_20201028,184,20260914,-0.08949506724070778
Run2_20201019,Run1_20201028,185,20260914,-0.035456212638962245
Run2_20201019,Run1_20201028,186,20260914,-0.025939804818525806
Run2_20201019,Run1_20201028,187,20260914,-0.07599702875442432
Run2_20201019,Run1_20201028,188,20260914,0.02840842858293094
Run2_20201019,Run1_20201028,189,20260914,-0.096041855187179
Run2_20201019,Run1_20201028,190,20260914,0.012851686333808869
Run2_20201019,Run1_20201028,191,20260914,-0.053921882268377984
Run2_20201019,Run1_20201028,192,20260914,-0.06060038122493953
Run2_20201019,Run1_20201028,193,20260914,-0.007728239258778689
Run2_20201019,Run1_20201028,194,20260914,-0.023700997819430344
Run2_20201019,Run1_20201028,195,20260914,-0.06858976809722087
Run2_20201019,Run1_20201028,196,20260914,-0.059338090441181504
Run2_20201019,Run1_20201028,197,20260914,-0.03028901336718834
Run2_20201019,Run1_20201028,198,20260914,-0.08364271553902851
Run2_20201019,Run1_20201028,199,20260914,0.013465710284252835
Run2_20201019,Run1_20201030,0,20260914,0.055610814271360866
Run2_20201019,Run1_20201030,1,20260914,0.009533245926248886
Run2_20201019,Run1_20201030,2,20260914,-0.049132356353385524
Run2_20201019,Run1_20201030,3,20260914,-0.02301702166696118
Run2_20201019,Run1_20201030,4,20260914,0.03416126945765184
Run2_20201019,Run1_20201030,5,20260914,-0.025856620001162185
Run2_20201019,Run1_20201030,6,20260914,-0.05176511680688456
Run2_20201019,Run1_20201030,7,20260914,-0.04881367769985647
Run2_20201019,Run1_20201030,8,20260914,-0.06215869856061786
Run2_20201019,Run1_20201030,9,20260914,0.12398630413756447
Run2_20201019,Run1_20201030,10,20260914,-0.006508539573830043
Run2_20201019,Run1_20201030,11,20260914,-0.005927771694642661
Run2_20201019,Run1_20201030,12,20260914,-0.08235367705415425
Run2_20201019,Run1_20201030,13,20260914,0.04351096727592422
Run2_20201019,Run1_20201030,14,20260914,0.04249822693964646
Run2_20201019,Run1_20201030,15,20260914,-0.00044482059185409076
Run2_20201019,Run1_20201030,16,20260914,0.06907880668069703
Run2_20201019,Run1_20201030,17,20260914,0.010553301302021739
Run2_20201019,Run1_20201030,18,20260914,0.1349412119535721
Run2_20201019,Run1_20201030,19,20260914,-0.007100996363937714
Run2_20201019,Run1_20201030,20,20260914,-0.012167790715972288
Run2_20201019,Run1_20201030,21,20260914,0.1291112345015994
Run2_20201019,Run1_20201030,22,20260914,0.0030196756673504972
Run2_20201019,Run1_20201030,23,20260914,-0.07458317516266821
Run2_20201019,Run1_20201030,24,20260914,-0.06708542036788967
Run2_20201019,Run1_20201030,25,20260914,0.06530493916249408
Run2_20201019,Run1_20201030,26,20260914,0.0014323910808549736
Run2_20201019,Run1_20201030,27,20260914,-0.05739963485852958
Run2_20201019,Run1_20201030,28,20260914,0.03722746381527781
Run2_20201019,Run1_20201030,29,20260914,0.008231433794044127
Run2_20201019,Run1_20201030,30,20260914,-0.03591272729289373
Run2_20201019,Run1_20201030,31,20260914,-0.017840560119275047
Run2_20201019,Run1_20201030,32,20260914,-0.06825041206520112
Run2_20201019,Run1_20201030,33,20260914,0.10427567810786009
Run2_20201019,Run1_20201030,34,20260914,-0.042212885310825794
Run2_20201019,Run1_20201030,35,20260914,0.0012293273898770433
Run2_20201019,Run1_20201030,36,20260914,0.33774687900073797
Run2_20201019,Run1_20201030,37,20260914,0.02198570803538672
Run2_20201019,Run1_20201030,38,20260914,-0.011251625093396318
Run2_20201019,Run1_20201030,39,20260914,-0.001066773031540247
Run2_20201019,Run1_20201030,40,20260914,0.0322230287296914
Run2_20201019,Run1_20201030,41,20260914,-0.03541885496669979
Run2_20201019,Run1_20201030,42,20260914,0.008830414438749703
Run2_20201019,Run1_20201030,43,20260914,-0.02711105935024214
Run2_20201019,Run1_20201030,44,20260914,-0.04568454916503222
Run2_20201019,Run1_20201030,45,20260914,-0.014213769895691647
Run2_20201019,Run1_20201030,46,20260914,-0.05118831118122737
Run2_20201019,Run1_20201030,47,20260914,-0.06723361796367554
Run2_20201019,Run1_20201030,48,20260914,0.13732451263249396
Run2_20201019,Run1_20201030,49,20260914,-0.055317566711432585
Run2_20201019,Run1_20201030,50,20260914,0.17235058364261832
Run2_20201019,Run1_20201030,51,20260914,0.024179349539594334
Run2_20201019,Run1_20201030,52,20260914,-0.07182330753481131
Run2_20201019,Run1_20201030,53,20260914,-0.05788500925578612
Run2_20201019,Run1_20201030,54,20260914,-0.06839456057206081
Run2_20201019,Run1_20201030,55,20260914,0.013568643411308319
Run2_20201019,Run1_20201030,56,20260914,0.019904086795307474
Run2_20201019,Run1_20201030,57,20260914,-0.004042058680379046
Run2_20201019,Run1_20201030,58,20260914,-0.047549673949559744
Run2_20201019,Run1_20201030,59,20260914,-0.06006194640574658
Run2_20201019,Run1_20201030,60,20260914,-0.022201876901710826
Run2_20201019,Run1_20201030,61,20260914,-0.01758379463576673
Run2_20201019,Run1_20201030,62,20260914,-0.0485356333940414
Run2_20201019,Run1_20201030,63,20260914,0.043812906272594855
Run2_20201019,Run1_20201030,64,20260914,0.05914840504676132
Run2_20201019,Run1_20201030,65,20260914,-0.05676997859508025
Run2_20201019,Run1_20201030,66,20260914,0.1673658343394099
Run2_20201019,Run1_20201030,67,20260914,-0.030471632695531416
Run2_20201019,Run1_20201030,68,20260914,-0.08584996111162602
Run2_20201019,Run1_20201030,69,20260914,-0.053429674961922434
Run2_20201019,Run1_20201030,70,20260914,0.007178762826653507
Run2_20201019,Run1_20201030,71,20260914,-0.009865277458744354
Run2_20201019,Run1_20201030,72,20260914,-0.06709470252585001
Run2_20201019,Run1_20201030,73,20260914,0.007495558494157182
Run2_20201019,Run1_20201030,74,20260914,0.021701169153208695
Run2_20201019,Run1_20201030,75,20260914,0.06597741172557008
Run2_20201019,Run1_20201030,76,20260914,-0.046587168031823216
Run2_20201019,Run1_20201030,77,20260914,0.00031144821550179716
Run2_20201019,Run1_20201030,78,20260914,-0.08231592888340034
Run2_20201019,Run1_20201030,79,20260914,-0.05195611874351445
Run2_20201019,Run1_20201030,80,20260914,0.0172025696406301
Run2_20201019,Run1_20201030,81,20260914,-0.06149475622905567
Run2_20201019,Run1_20201030,82,20260914,-0.043942804950442144
Run2_20201019,Run1_20201030,83,20260914,-0.01387848002294782
Run2_20201019,Run1_20201030,84,20260914,0.0023072000804728733
Run2_20201019,Run1_20201030,85,20260914,-0.009861745747478052
Run2_20201019,Run1_20201030,86,20260914,-0.009808556912387302
Run2_20201019,Run1_20201030,87,20260914,-0.051563537436574707
Run2_20201019,Run1_20201030,88,20260914,0.019509087677353574
Run2_20201019,Run1_20201030,89,20260914,-0.06474687128904721
Run2_20201019,Run1_20201030,90,20260914,-0.05614155886211806
Run2_20201019,Run1_20201030,91,20260914,-0.06109123470036305
Run2_20201019,Run1_20201030,92,20260914,0.001217541696161854
Run2_20201019,Run1_20201030,93,20260914,0.06526003915164301
Run2_20201019,Run1_20201030,94,20260914,-0.06005973405341232
Run2_20201019,Run1_20201030,95,20260914,-0.0591868446188516
Run2_20201019,Run1_20201030,96,20260914,-0.054337334756091676
Run2_20201019,Run1_20201030,97,20260914,-0.06934435437301845
Run2_20201019,Run1_20201030,98,20260914,-0.027584186960942367
Run2_20201019,Run1_20201030,99,20260914,-0.04213347066239771
Run2_20201019,Run1_20201030,100,20260914,-0.06290113019362019
Run2_20201019,Run1_20201030,101,20260914,-0.0026086456748293375
Run2_20201019,Run1_20201030,102,20260914,0.010466566372901777
Run2_20201019,Run1_20201030,103,20260914,-0.06318847628409868
Run2_20201019,Run1_20201030,104,20260914,-0.006305078773847428
Run2_20201019,Run1_20201030,105,20260914,-0.007697799148544493
Run2_20201019,Run1_20201030,106,20260914,-0.04398821137189602
Run2_20201019,Run1_20201030,107,20260914,-0.07299483592683456
Run2_20201019,Run1_20201030,108,20260914,0.049824028573839454
Run2_20201019,Run1_20201030,109,20260914,0.014436044164023741
Run2_20201019,Run1_20201030,110,20260914,0.00383274103401353
Run2_20201019,Run1_20201030,111,20260914,-0.01573209058778716
Run2_20201019,Run1_20201030,112,20260914,0.19179736684296228
Run2_20201019,Run1_20201030,113,20260914,-0.01241583013394197
Run2_20201019,Run1_20201030,114,20260914,-0.02122835784495575
Run2_20201019,Run1_20201030,115,20260914,0.0429567599988983
Run2_20201019,Run1_20201030,116,20260914,0.008134901182190008
Run2_20201019,Run1_20201030,117,20260914,-0.08016265589476312
Run2_20201019,Run1_20201030,118,20260914,-0.005885386637622148
Run2_20201019,Run1_20201030,119,20260914,0.04868253674298709
Run2_20201019,Run1_20201030,120,20260914,-0.06684331659080515
Run2_20201019,Run1_20201030,121,20260914,0.09818811073098148
Run2_20201019,Run1_20201030,122,20260914,0.036191001160763216
Run2_20201019,Run1_20201030,123,20260914,-0.023843051505009025
Run2_20201019,Run1_20201030,124,20260914,-0.07752265316924883
Run2_20201019,Run1_20201030,125,20260914,-0.025191869406381517
Run2_20201019,Run1_20201030,126,20260914,0.0028832098579161286
Run2_20201019,Run1_20201030,127,20260914,1.653805878679975e-05
Run2_20201019,Run1_20201030,128,20260914,-0.08012316270287807
Run2_20201019,Run1_20201030,129,20260914,-0.015478771899214473
Run2_20201019,Run1_20201030,130,20260914,0.04985744814096795
Run2_20201019,Run1_20201030,131,20260914,-0.07864239924922624
Run2_20201019,Run1_20201030,132,20260914,-0.04194973340444063
Run2_20201019,Run1_20201030,133,20260914,-0.029979926164378674
Run2_20201019,Run1_20201030,134,20260914,-0.0038625762785577966
Run2_20201019,Run1_20201030,135,20260914,-0.011715268514129065
Run2_20201019,Run1_20201030,136,20260914,-0.04395739113727657
Run2_20201019,Run1_20201030,137,20260914,-0.07933192821635661
Run2_20201019,Run1_20201030,138,20260914,-0.07067455550609603
Run2_20201019,Run1_20201030,139,20260914,0.029372930226641322
Run2_20201019,Run1_20201030,140,20260914,0.11262522303008034
Run2_20201019,Run1_20201030,141,20260914,-0.03435590146391332
Run2_20201019,Run1_20201030,142,20260914,-0.020003055739684934
Run2_20201019,Run1_20201030,143,20260914,-0.030166547774981917
Run2_20201019,Run1_20201030,144,20260914,0.02821574819572693
Run2_20201019,Run1_20201030,145,20260914,-0.0490469549373738
Run2_20201019,Run1_20201030,146,20260914,-0.08465507292142414
Run2_20201019,Run1_20201030,147,20260914,-0.011264561239995148
Run2_20201019,Run1_20201030,148,20260914,-0.08257796708437336
Run2_20201019,Run1_20201030,149,20260914,-0.07483159935063288
Run2_20201019,Run1_20201030,150,20260914,0.009033676814993247
Run2_20201019,Run1_20201030,151,20260914,0.035498051794405516
Run2_20201019,Run1_20201030,152,20260914,-0.048498782858544504
Run2_20201019,Run1_20201030,153,20260914,-0.033894412157039144
Run2_20201019,Run1_20201030,154,20260914,-0.04282536870948269
Run2_20201019,Run1_20201030,155,20260914,0.019096407535303075
Run2_20201019,Run1_20201030,156,20260914,0.002509194283967614
Run2_20201019,Run1_20201030,157,20260914,-0.06420622033750278
Run2_20201019,Run1_20201030,158,20260914,-0.05163643326124963
Run2_20201019,Run1_20201030,159,20260914,0.08009264684483859
Run2_20201019,Run1_20201030,160,20260914,0.014080779792894405
Run2_20201019,Run1_20201030,161,20260914,0.04171558283851701
Run2_20201019,Run1_20201030,162,20260914,0.02975277542347404
Run2_20201019,Run1_20201030,163,20260914,-0.05350299833078931
Run2_20201019,Run1_20201030,164,20260914,0.23734726080868945
Run2_20201019,Run1_20201030,165,20260914,-0.05376992925370083
Run2_20201019,Run1_20201030,166,20260914,0.0942552306000463
Run2_20201019,Run1_20201030,167,20260914,-0.04195985994604411
Run2_20201019,Run1_20201030,168,20260914,0.0070506420416622355
Run2_20201019,Run1_20201030,169,20260914,-0.004539454717661314
Run2_20201019,Run1_20201030,170,20260914,-0.053529884354121725
Run2_20201019,Run1_20201030,171,20260914,-0.08563999145049848
Run2_20201019,Run1_20201030,172,20260914,-0.012196477638725346
Run2_20201019,Run1_20201030,173,20260914,-0.013015277759487963
Run2_20201019,Run1_20201030,174,20260914,0.06924410199465501
Run2_20201019,Run1_20201030,175,20260914,-0.08719089061258349
Run2_20201019,Run1_20201030,176,20260914,0.08806895824454056
Run2_20201019,Run1_20201030,177,20260914,0.06506599027795053
Run2_20201019,Run1_20201030,178,20260914,-0.047404044428503406
Run2_20201019,Run1_20201030,179,20260914,-0.001987326836130906
Run2_20201019,Run1_20201030,180,20260914,0.011041267037760259
Run2_20201019,Run1_20201030,181,20260914,-0.031485735698840826
Run2_20201019,Run1_20201030,182,20260914,0.0667154168582216
Run2_20201019,Run1_20201030,183,20260914,-0.05985695315445415
Run2_20201019,Run1_20201030,184,20260914,0.1716220563087705
Run2_20201019,Run1_20201030,185,20260914,-0.06924488912784225
Run2_20201019,Run1_20201030,186,20260914,-0.0380119055099509
Run2_20201019,Run1_20201030,187,20260914,0.0932071403170036
Run2_20201019,Run1_20201030,188,20260914,-0.08476561373859261
Run2_20201019,Run1_20201030,189,20260914,0.014830128210535096
Run2_20201019,Run1_20201030,190,20260914,-0.03430841871970467
Run2_20201019,Run1_20201030,191,20260914,-0.011094693280180997
Run2_20201019,Run1_20201030,192,20260914,-0.04379353945054127
Run2_20201019,Run1_20201030,193,20260914,0.0881546272491927
Run2_20201019,Run1_20201030,194,20260914,-0.03283911765146427
Run2_20201019,Run1_20201030,195,20260914,-0.04890167106789908
Run2_20201019,Run1_20201030,196,20260914,-0.056881902925380715
Run2_20201019,Run1_20201030,197,20260914,0.06149802856397104
Run2_20201019,Run1_20201030,198,20260914,-0.05398636033530597
Run2_20201019,Run1_20201030,199,20260914,0.048664854909002755
Run2_20201019,Run2_20201030,0,20260914,-0.07453126621181415
Run2_20201019,Run2_20201030,1,20260914,0.055047849604181354
Run2_20201019,Run2_20201030,2,20260914,0.040361642868735406
Run2_20201019,Run2_20201030,3,20260914,-0.021093133737739137
Run2_20201019,Run2_20201030,4,20260914,-0.0451692535485266
Run2_20201019,Run2_20201030,5,20260914,-0.0514264419330507
Run2_20201019,Run2_20201030,6,20260914,-0.020558273436940458
Run2_20201019,Run2_20201030,7,20260914,-0.012586483254139138
Run2_20201019,Run2_20201030,8,20260914,-0.03750798519834684
Run2_20201019,Run2_20201030,9,20260914,-0.05021683800415223
Run2_20201019,Run2_20201030,10,20260914,0.027625147999394483
Run2_20201019,Run2_20201030,11,20260914,-0.06803712455442774
Run2_20201019,Run2_20201030,12,20260914,-0.049723859325577685
Run2_20201019,Run2_20201030,13,20260914,0.06472964251056589
Run2_20201019,Run2_20201030,14,20260914,0.11513295625618894
Run2_20201019,Run2_20201030,15,20260914,0.002851387968787821
Run2_20201019,Run2_20201030,16,20260914,-0.02093357337302475
Run2_20201019,Run2_20201030,17,20260914,-0.06749961539901467
Run2_20201019,Run2_20201030,18,20260914,0.04189838424840585
Run2_20201019,Run2_20201030,19,20260914,0.028324023600246127
Run2_20201019,Run2_20201030,20,20260914,0.0018067317029009352
Run2_20201019,Run2_20201030,21,20260914,-0.06652513301799104
Run2_20201019,Run2_20201030,22,20260914,-0.010312688574024186
Run2_20201019,Run2_20201030,23,20260914,-0.03464398610857603
Run2_20201019,Run2_20201030,24,20260914,-0.06777145696312845
Run2_20201019,Run2_20201030,25,20260914,0.013568533699626024
Run2_20201019,Run2_20201030,26,20260914,-0.024442525433720316
Run2_20201019,Run2_20201030,27,20260914,-0.013847353764298046
Run2_20201019,Run2_20201030,28,20260914,-0.06956702396342453
Run2_20201019,Run2_20201030,29,20260914,0.05617304398397705
Run2_20201019,Run2_20201030,30,20260914,0.07573617107173881
Run2_20201019,Run2_20201030,31,20260914,-0.00615074518509404
Run2_20201019,Run2_20201030,32,20260914,0.13919237541416102
Run2_20201019,Run2_20201030,33,20260914,-0.05604465415519592
Run2_20201019,Run2_20201030,34,20260914,-0.05391307445229159
Run2_20201019,Run2_20201030,35,20260914,-0.09770172504329898
Run2_20201019,Run2_20201030,36,20260914,-0.005347324131416754
Run2_20201019,Run2_20201030,37,20260914,0.005506680336356274
Run2_20201019,Run2_20201030,38,20260914,0.03242831835250913
Run2_20201019,Run2_20201030,39,20260914,-0.04231412232304066
Run2_20201019,Run2_20201030,40,20260914,0.004239736164450793
Run2_20201019,Run2_20201030,41,20260914,0.056164340146535215
Run2_20201019,Run2_20201030,42,20260914,-0.06786888852053953
Run2_20201019,Run2_20201030,43,20260914,-0.03762434665256123
Run2_20201019,Run2_20201030,44,20260914,-0.04624602490790998
Run2_20201019,Run2_20201030,45,20260914,0.031696236416751775
Run2_20201019,Run2_20201030,46,20260914,-0.04901079554312535
Run2_20201019,Run2_20201030,47,20260914,-0.07309498773944327
Run2_20201019,Run2_20201030,48,20260914,-0.06487940783703378
Run2_20201019,Run2_20201030,49,20260914,-0.01874791504574683
Run2_20201019,Run2_20201030,50,20260914,-0.02261687838554579
Run2_20201019,Run2_20201030,51,20260914,-0.06445368837675113
Run2_20201019,Run2_20201030,52,20260914,0.14808063237537164
Run2_20201019,Run2_20201030,53,20260914,-0.020918771914928903
Run2_20201019,Run2_20201030,54,20260914,0.026349846248230627
Run2_20201019,Run2_20201030,55,20260914,0.033520097125844535
Run2_20201019,Run2_20201030,56,20260914,-0.033230101063809796
Run2_20201019,Run2_20201030,57,20260914,0.005306824383565008
Run2_20201019,Run2_20201030,58,20260914,0.3236961624297362
Run2_20201019,Run2_20201030,59,20260914,-0.027890939678909415
Run2_20201019,Run2_20201030,60,20260914,-0.05927302590051471
Run2_20201019,Run2_20201030,61,20260914,-0.03692944918465612
Run2_20201019,Run2_20201030,62,20260914,0.05981362900730103
Run2_20201019,Run2_20201030,63,20260914,-0.05729465086967457
Run2_20201019,Run2_20201030,64,20260914,0.0016233996702799882
Run2_20201019,Run2_20201030,65,20260914,-0.06718554260885012
Run2_20201019,Run2_20201030,66,20260914,0.10851074591773904
Run2_20201019,Run2_20201030,67,20260914,-0.011873532232598072
Run2_20201019,Run2_20201030,68,20260914,0.08644308169153982
Run2_20201019,Run2_20201030,69,20260914,0.01630130227182022
Run2_20201019,Run2_20201030,70,20260914,-0.028063602584735715
Run2_20201019,Run2_20201030,71,20260914,0.007032254549002713
Run2_20201019,Run2_20201030,72,20260914,-0.015260142886990773
Run2_20201019,Run2_20201030,73,20260914,-0.04814370680188786
Run2_20201019,Run2_20201030,74,20260914,-0.005017357345833287
Run2_20201019,Run2_20201030,75,20260914,0.07409417826660043
Run2_20201019,Run2_20201030,76,20260914,0.12597553158525557
Run2_20201019,Run2_20201030,77,20260914,-0.041689788134629285
Run2_20201019,Run2_20201030,78,20260914,0.05561471233849098
Run2_20201019,Run2_20201030,79,20260914,0.034363813652234974
Run2_20201019,Run2_20201030,80,20260914,0.06776789718398776
Run2_20201019,Run2_20201030,81,20260914,0.30528156607294293
Run2_20201019,Run2_20201030,82,20260914,-0.00991695173582101
Run2_20201019,Run2_20201030,83,20260914,-0.06620160072071797
Run2_20201019,Run2_20201030,84,20260914,-0.04482749777319458
Run2_20201019,Run2_20201030,85,20260914,-0.001155741576015934
Run2_20201019,Run2_20201030,86,20260914,-0.07076492554956387
Run2_20201019,Run2_20201030,87,20260914,0.0028001884884642577
Run2_20201019,Run2_20201030,88,20260914,0.06372547712955329
Run2_20201019,Run2_20201030,89,20260914,0.01668797116297691
Run2_20201019,Run2_20201030,90,20260914,-0.04150885884530805
Run2_20201019,Run2_20201030,91,20260914,-0.040385777500653273
Run2_20201019,Run2_20201030,92,20260914,-0.05601762374533125
Run2_20201019,Run2_20201030,93,20260914,-0.03267739135653098
Run2_20201019,Run2_20201030,94,20260914,-0.04773709389051742
Run2_20201019,Run2_20201030,95,20260914,-0.005821041910284903
Run2_20201019,Run2_20201030,96,20260914,-0.016260137529775134
Run2_20201019,Run2_20201030,97,20260914,0.022732622950349064
Run2_20201019,Run2_20201030,98,20260914,-0.0020429032455322937
Run2_20201019,Run2_20201030,99,20260914,0.12860374543506858
Run2_20201019,Run2_20201030,100,20260914,-0.06519385816223577
Run2_20201019,Run2_20201030,101,20260914,-0.06116948733652711
Run2_20201019,Run2_20201030,102,20260914,-0.02145706014410853
Run2_20201019,Run2_20201030,103,20260914,-0.02763513091258
Run2_20201019,Run2_20201030,104,20260914,-0.05245237875976368
Run2_20201019,Run2_20201030,105,20260914,-0.026393123798575467
Run2_20201019,Run2_20201030,106,20260914,-0.058521407501101866
Run2_20201019,Run2_20201030,107,20260914,-0.04732875831731508
Run2_20201019,Run2_20201030,108,20260914,0.0183613174642801
Run2_20201019,Run2_20201030,109,20260914,0.2155192394577197
Run2_20201019,Run2_20201030,110,20260914,-0.07224666479248884
Run2_20201019,Run2_20201030,111,20260914,-0.0445702380044913
Run2_20201019,Run2_20201030,112,20260914,0.07101290851741568
Run2_20201019,Run2_20201030,113,20260914,-0.03298969077147423
Run2_20201019,Run2_20201030,114,20260914,-0.012037531887895168
Run2_20201019,Run2_20201030,115,20260914,-0.045887577985964025
Run2_20201019,Run2_20201030,116,20260914,-0.036911799574838075
Run2_20201019,Run2_20201030,117,20260914,0.03350656616110415
Run2_20201019,Run2_20201030,118,20260914,0.04865502340142337
Run2_20201019,Run2_20201030,119,20260914,-0.019011568202354483
Run2_20201019,Run2_20201030,120,20260914,0.07136418496437005
Run2_20201019,Run2_20201030,121,20260914,-0.06388052417207815
Run2_20201019,Run2_20201030,122,20260914,-0.032340828115141364
Run2_20201019,Run2_20201030,123,20260914,0.019251336965199053
Run2_20201019,Run2_20201030,124,20260914,-0.048814189671993365
Run2_20201019,Run2_20201030,125,20260914,-0.018977359753116395
Run2_20201019,Run2_20201030,126,20260914,-0.06314088717281846
Run2_20201019,Run2_20201030,127,20260914,-0.01701671928177904
Run2_20201019,Run2_20201030,128,20260914,0.0019199043688450906
Run2_20201019,Run2_20201030,129,20260914,0.04518526013767047
Run2_20201019,Run2_20201030,130,20260914,-0.06326749099121827
Run2_20201019,Run2_20201030,131,20260914,-0.00695502311917538
Run2_20201019,Run2_20201030,132,20260914,-0.007367371770571041
Run2_20201019,Run2_20201030,133,20260914,0.012162005263783797
Run2_20201019,Run2_20201030,134,20260914,-0.05213186145151828
Run2_20201019,Run2_20201030,135,20260914,0.02891006490597637
Run2_20201019,Run2_20201030,136,20260914,0.05724923202842532
Run2_20201019,Run2_20201030,137,20260914,-0.03874329842108905
Run2_20201019,Run2_20201030,138,20260914,-0.026043065562527234
Run2_20201019,Run2_20201030,139,20260914,0.03620091068172266
Run2_20201019,Run2_20201030,140,20260914,-0.07775880806017398
Run2_20201019,Run2_20201030,141,20260914,-0.040596963316763456
Run2_20201019,Run2_20201030,142,20260914,0.017560560782695512
Run2_20201019,Run2_20201030,143,20260914,-0.033033459957258336
Run2_20201019,Run2_20201030,144,20260914,0.026835448656148363
Run2_20201019,Run2_20201030,145,20260914,0.06900029724758701
Run2_20201019,Run2_20201030,146,20260914,0.07583487299283007
Run2_20201019,Run2_20201030,147,20260914,-0.03688707939933718
Run2_20201019,Run2_20201030,148,20260914,0.07242966093758742
Run2_20201019,Run2_20201030,149,20260914,-0.037914004656059014
Run2_20201019,Run2_20201030,150,20260914,0.02400373704937557
Run2_20201019,Run2_20201030,151,20260914,-0.03636326039415917
Run2_20201019,Run2_20201030,152,20260914,-0.01052854956023638
Run2_20201019,Run2_20201030,153,20260914,0.06511932745890316
Run2_20201019,Run2_20201030,154,20260914,0.006227480619247328
Run2_20201019,Run2_20201030,155,20260914,-0.05398882556158271
Run2_20201019,Run2_20201030,156,20260914,0.020095911335521733
Run2_20201019,Run2_20201030,157,20260914,0.01801506538542232
Run2_20201019,Run2_20201030,158,20260914,-0.0572228484122215
Run2_20201019,Run2_20201030,159,20260914,-0.02792362570463932
Run2_20201019,Run2_20201030,160,20260914,0.04530235458612519
Run2_20201019,Run2_20201030,161,20260914,-0.0408452891639107
Run2_20201019,Run2_20201030,162,20260914,0.04939504132967314
Run2_20201019,Run2_20201030,163,20260914,-0.051750371849527396
Run2_20201019,Run2_20201030,164,20260914,-0.06856621386459856
Run2_20201019,Run2_20201030,165,20260914,-0.04183522750240553
Run2_20201019,Run2_20201030,166,20260914,-0.011630073406812215
Run2_20201019,Run2_20201030,167,20260914,0.06296211360689281
Run2_20201019,Run2_20201030,168,20260914,-0.07118778204979767
Run2_20201019,Run2_20201030,169,20260914,0.32054490261038265
Run2_20201019,Run2_20201030,170,20260914,-0.0185808127706805
Run2_20201019,Run2_20201030,171,20260914,-0.0378472055689836
Run2_20201019,Run2_20201030,172,20260914,-0.025941782297308265
Run2_20201019,Run2_20201030,173,20260914,-0.04333414255264235
Run2_20201019,Run2_20201030,174,20260914,-0.05735913616518211
Run2_20201019,Run2_20201030,175,20260914,0.0030044322177786424
Run2_20201019,Run2_20201030,176,20260914,-0.05692986265241012
Run2_20201019,Run2_20201030,177,20260914,0.033787846018927245
Run2_20201019,Run2_20201030,178,20260914,0.024596025100868814
Run2_20201019,Run2_20201030,179,20260914,0.009017993995426363
Run2_20201019,Run2_20201030,180,20260914,-0.033501307931933205
Run2_20201019,Run2_20201030,181,20260914,-0.041545739181544916
Run2_20201019,Run2_20201030,182,20260914,-0.03188331489359454
Run2_20201019,Run2_20201030,183,20260914,-0.05748141659668584
Run2_20201019,Run2_20201030,184,20260914,-0.04794299093622861
Run2_20201019,Run2_20201030,185,20260914,-0.06272326991929761
Run2_20201019,Run2_20201030,186,20260914,-0.05351104487674753
Run2_20201019,Run2_20201030,187,20260914,-0.029184665379929007
Run2_20201019,Run2_20201030,188,20260914,-0.021743097092243424
Run2_20201019,Run2_20201030,189,20260914,-0.01086686163972573
Run2_20201019,Run2_20201030,190,20260914,-0.023734490547311235
Run2_20201019,Run2_20201030,191,20260914,-0.06252646394610675
Run2_20201019,Run2_20201030,192,20260914,-0.018574722992798512
Run2_20201019,Run2_20201030,193,20260914,-0.06797687205171261
Run2_20201019,Run2_20201030,194,20260914,0.06366633738884647
Run2_20201019,Run2_20201030,195,20260914,-0.08998810040039068
Run2_20201019,Run2_20201030,196,20260914,-0.011477032563883579
Run2_20201019,Run2_20201030,197,20260914,-0.0007614288851222416
Run2_20201019,Run2_20201030,198,20260914,-0.04596143308670572
Run2_20201019,Run2_20201030,199,20260914,-0.023186060776758506
Run2_20201019,Run1_20201118,0,20260914,-0.05238604152518088
Run2_20201019,Run1_20201118,1,20260914,-0.023251405162535738
Run2_20201019,Run1_20201118,2,20260914,-0.009471430720055409
Run2_20201019,Run1_20201118,3,20260914,-0.02077855803805315
Run2_20201019,Run1_20201118,4,20260914,0.011456505998439736
Run2_20201019,Run1_20201118,5,20260914,-0.03656191908591242
Run2_20201019,Run1_20201118,6,20260914,0.048768609676191954
Run2_20201019,Run1_20201118,7,20260914,0.06223144245700767
Run2_20201019,Run1_20201118,8,20260914,0.03659041025385505
Run2_20201019,Run1_20201118,9,20260914,-0.0010244406585029025
Run2_20201019,Run1_20201118,10,20260914,-0.016579425297920787
Run2_20201019,Run1_20201118,11,20260914,0.03515925705870097
Run2_20201019,Run1_20201118,12,20260914,0.03736576735035265
Run2_20201019,Run1_20201118,13,20260914,-0.06162764975882328
Run2_20201019,Run1_20201118,14,20260914,-0.03977283495623619
Run2_20201019,Run1_20201118,15,20260914,-0.030816169170126553
Run2_20201019,Run1_20201118,16,20260914,-0.06709774651732905
Run2_20201019,Run1_20201118,17,20260914,0.0463927896925332
Run2_20201019,Run1_20201118,18,20260914,0.15756606840188628
Run2_20201019,Run1_20201118,19,20260914,-0.03820854523411485
Run2_20201019,Run1_20201118,20,20260914,-0.02368056974548976
Run2_20201019,Run1_20201118,21,20260914,-0.03713075890844685
Run2_20201019,Run1_20201118,22,20260914,0.023724215699176775
Run2_20201019,Run1_20201118,23,20260914,0.011059191932705392
Run2_20201019,Run1_20201118,24,20260914,-0.042309099558203826
Run2_20201019,Run1_20201118,25,20260914,0.07396165903159636
Run2_20201019,Run1_20201118,26,20260914,0.20362279509244358
Run2_20201019,Run1_20201118,27,20260914,-0.02110399391029804
Run2_20201019,Run1_20201118,28,20260914,-0.02085687246968671
Run2_20201019,Run1_20201118,29,20260914,-0.049661894694031594
Run2_20201019,Run1_20201118,30,20260914,0.04061065584941262
Run2_20201019,Run1_20201118,31,20260914,-0.03474271027004374
Run2_20201019,Run1_20201118,32,20260914,0.08951617657482167
Run2_20201019,Run1_20201118,33,20260914,0.010703555687511133
Run2_20201019,Run1_20201118,34,20260914,-0.10088771618699571
Run2_20201019,Run1_20201118,35,20260914,0.0435609870893305
Run2_20201019,Run1_20201118,36,20260914,-0.03886978210789298
Run2_20201019,Run1_20201118,37,20260914,-0.07229352187764095
Run2_20201019,Run1_20201118,38,20260914,-0.04239838107828355
Run2_20201019,Run1_20201118,39,20260914,-0.04180063818416537
Run2_20201019,Run1_20201118,40,20260914,0.026382702249437055
Run2_20201019,Run1_20201118,41,20260914,-0.04876991961401219
Run2_20201019,Run1_20201118,42,20260914,0.04080554424067437
Run2_20201019,Run1_20201118,43,20260914,-0.07877456121012155
Run2_20201019,Run1_20201118,44,20260914,-0.015415709420927869
Run2_20201019,Run1_20201118,45,20260914,-0.04453549622064054
Run2_20201019,Run1_20201118,46,20260914,0.030845694322223158
Run2_20201019,Run1_20201118,47,20260914,-0.008386986806166181
Run2_20201019,Run1_20201118,48,20260914,-0.006569258802750107
Run2_20201019,Run1_20201118,49,20260914,-0.04013464514480979
Run2_20201019,Run1_20201118,50,20260914,0.11776894131339216
Run2_20201019,Run1_20201118,51,20260914,0.04992021237207311
Run2_20201019,Run1_20201118,52,20260914,-0.03962951092928642
Run2_20201019,Run1_20201118,53,20260914,-0.05420211671716421
Run2_20201019,Run1_20201118,54,20260914,0.03760576362114649
Run2_20201019,Run1_20201118,55,20260914,-0.07992670425376247
Run2_20201019,Run1_20201118,56,20260914,-0.014043426719158982
Run2_20201019,Run1_20201118,57,20260914,-0.09675489473081306
Run2_20201019,Run1_20201118,58,20260914,-0.0615798645063696
Run2_20201019,Run1_20201118,59,20260914,0.03272310869300148
Run2_20201019,Run1_20201118,60,20260914,-0.0749149665251228
Run2_20201019,Run1_20201118,61,20260914,0.00465716990230626
Run2_20201019,Run1_20201118,62,20260914,0.020889023795795825
Run2_20201019,Run1_20201118,63,20260914,-0.056712534457124965
Run2_20201019,Run1_20201118,64,20260914,-0.056618291666228136
Run2_20201019,Run1_20201118,65,20260914,-0.037504500027358986
Run2_20201019,Run1_20201118,66,20260914,-0.020851096382127354
Run2_20201019,Run1_20201118,67,20260914,-0.06147863285550936
Run2_20201019,Run1_20201118,68,20260914,-0.010622344705039541
Run2_20201019,Run1_20201118,69,20260914,-0.037419983185731726
Run2_20201019,Run1_20201118,70,20260914,-0.05420139475198136
Run2_20201019,Run1_20201118,71,20260914,-0.07955496216731232
Run2_20201019,Run1_20201118,72,20260914,0.0704243524337563
Run2_20201019,Run1_20201118,73,20260914,-0.03232683141827449
Run2_20201019,Run1_20201118,74,20260914,-0.04067761158392178
Run2_20201019,Run1_20201118,75,20260914,0.005945951616787004
Run2_20201019,Run1_20201118,76,20260914,-0.011260387718108859
Run2_20201019,Run1_20201118,77,20260914,0.10865414108577846
Run2_20201019,Run1_20201118,78,20260914,0.08244912268353935
Run2_20201019,Run1_20201118,79,20260914,-0.05242820327882241
Run2_20201019,Run1_20201118,80,20260914,-0.052943886514034234
Run2_20201019,Run1_20201118,81,20260914,-0.0746749615135234
Run2_20201019,Run1_20201118,82,20260914,0.011814282626586797
Run2_20201019,Run1_20201118,83,20260914,0.007984637788363317
Run2_20201019,Run1_20201118,84,20260914,0.08845833913033724
Run2_20201019,Run1_20201118,85,20260914,-0.033743503997288996
Run2_20201019,Run1_20201118,86,20260914,0.13840484233225897
Run2_20201019,Run1_20201118,87,20260914,-0.04222484468139636
Run2_20201019,Run1_20201118,88,20260914,-0.06357457470596732
Run2_20201019,Run1_20201118,89,20260914,0.030262467446875614
Run2_20201019,Run1_20201118,90,20260914,-0.060010356839024434
Run2_20201019,Run1_20201118,91,20260914,0.17838407423350422
Run2_20201019,Run1_20201118,92,20260914,-0.0047692097927528
Run2_20201019,Run1_20201118,93,20260914,-0.10301469416970034
Run2_20201019,Run1_20201118,94,20260914,-0.04100041744622562
Run2_20201019,Run1_20201118,95,20260914,-0.06767292379245321
Run2_20201019,Run1_20201118,96,20260914,-0.10101412106104353
Run2_20201019,Run1_20201118,97,20260914,-0.054912510458678315
Run2_20201019,Run1_20201118,98,20260914,0.010418018651308383
Run2_20201019,Run1_20201118,99,20260914,0.3003399355096247
Run2_20201019,Run1_20201118,100,20260914,0.12852053819577144
Run2_20201019,Run1_20201118,101,20260914,-0.010353080859555316
Run2_20201019,Run1_20201118,102,20260914,0.012532317358488872
Run2_20201019,Run1_20201118,103,20260914,-0.05200906503994251
Run2_20201019,Run1_20201118,104,20260914,0.052760246083924045
Run2_20201019,Run1_20201118,105,20260914,-0.10601495642926403
Run2_20201019,Run1_20201118,106,20260914,0.08311990956431414
Run2_20201019,Run1_20201118,107,20260914,-0.06188846552921091
Run2_20201019,Run1_20201118,108,20260914,-0.0734815348592052
Run2_20201019,Run1_20201118,109,20260914,-0.05554695891168925
Run2_20201019,Run1_20201118,110,20260914,0.009128190883655482
Run2_20201019,Run1_20201118,111,20260914,0.034143288995642916
Run2_20201019,Run1_20201118,112,20260914,-0.06336092739311545
Run2_20201019,Run1_20201118,113,20260914,0.005315449767545377
Run2_20201019,Run1_20201118,114,20260914,-0.0038079484884178745
Run2_20201019,Run1_20201118,115,20260914,0.08738282279306755
Run2_20201019,Run1_20201118,116,20260914,0.1763480336040247
Run2_20201019,Run1_20201118,117,20260914,0.01667281910137397
Run2_20201019,Run1_20201118,118,20260914,-0.01640461380723389
Run2_20201019,Run1_20201118,119,20260914,0.039789473777481835
Run2_20201019,Run1_20201118,120,20260914,0.029927114443025583
Run2_20201019,Run1_20201118,121,20260914,-0.028515200757042416
Run2_20201019,Run1_20201118,122,20260914,0.1301288493648853
Run2_20201019,Run1_20201118,123,20260914,-0.03908106975069995
Run2_20201019,Run1_20201118,124,20260914,0.010540705905863616
Run2_20201019,Run1_20201118,125,20260914,-0.048587879687207514
Run2_20201019,Run1_20201118,126,20260914,-0.07232600947735601
Run2_20201019,Run1_20201118,127,20260914,-0.07815548626659151
Run2_20201019,Run1_20201118,128,20260914,-0.051172143159197915
Run2_20201019,Run1_20201118,129,20260914,0.010101850485335198
Run2_20201019,Run1_20201118,130,20260914,0.0884627591816877
Run2_20201019,Run1_20201118,131,20260914,-0.04569330287814538
Run2_20201019,Run1_20201118,132,20260914,0.02350263932583922
Run2_20201019,Run1_20201118,133,20260914,0.11709261796371638
Run2_20201019,Run1_20201118,134,20260914,-0.010761074621207524
Run2_20201019,Run1_20201118,135,20260914,-0.06193914063245805
Run2_20201019,Run1_20201118,136,20260914,-0.04156659316495439
Run2_20201019,Run1_20201118,137,20260914,-0.04621540241423964
Run2_20201019,Run1_20201118,138,20260914,-0.08876594810161752
Run2_20201019,Run1_20201118,139,20260914,0.014216518317608477
Run2_20201019,Run1_20201118,140,20260914,-0.00914076194185811
Run2_20201019,Run1_20201118,141,20260914,0.09989779823154493
Run2_20201019,Run1_20201118,142,20260914,-0.014758810181251285
Run2_20201019,Run1_20201118,143,20260914,0.014555601625856179
Run2_20201019,Run1_20201118,144,20260914,0.027453138516200157
Run2_20201019,Run1_20201118,145,20260914,0.03639228194193441
Run2_20201019,Run1_20201118,146,20260914,-0.0983448534878772
Run2_20201019,Run1_20201118,147,20260914,0.05457847804925336
Run2_20201019,Run1_20201118,148,20260914,0.02075543757896192
Run2_20201019,Run1_20201118,149,20260914,-0.05574918736416309
Run2_20201019,Run1_20201118,150,20260914,-0.014632173829462095
Run2_20201019,Run1_20201118,151,20260914,-0.020719304352558025
Run2_20201019,Run1_20201118,152,20260914,0.1661100347364079
Run2_20201019,Run1_20201118,153,20260914,-0.07565576906580138
Run2_20201019,Run1_20201118,154,20260914,-0.053747264920146504
Run2_20201019,Run1_20201118,155,20260914,0.04167924116973884
Run2_20201019,Run1_20201118,156,20260914,0.027360262471886356
Run2_20201019,Run1_20201118,157,20260914,-0.020350916153722455
Run2_20201019,Run1_20201118,158,20260914,-0.02390058039428852
Run2_20201019,Run1_20201118,159,20260914,0.06267243276825903
Run2_20201019,Run1_20201118,160,20260914,0.061177377680873224
Run2_20201019,Run1_20201118,161,20260914,-0.0593112406067792
Run2_20201019,Run1_20201118,162,20260914,-0.043580193806420774
Run2_20201019,Run1_20201118,163,20260914,0.0703521278264499
Run2_20201019,Run1_20201118,164,20260914,-0.020200162865030465
Run2_20201019,Run1_20201118,165,20260914,-0.071833057948295
Run2_20201019,Run1_20201118,166,20260914,-0.06216151667535159
Run2_20201019,Run1_20201118,167,20260914,0.08140565765281776
Run2_20201019,Run1_20201118,168,20260914,-0.044708727811237296
Run2_20201019,Run1_20201118,169,20260914,0.004888461754101919
Run2_20201019,Run1_20201118,170,20260914,0.11791380780891765
Run2_20201019,Run1_20201118,171,20260914,-0.012136194622493249
Run2_20201019,Run1_20201118,172,20260914,-0.031784855994369254
Run2_20201019,Run1_20201118,173,20260914,0.23762923151125545
Run2_20201019,Run1_20201118,174,20260914,-0.04177056118631817
Run2_20201019,Run1_20201118,175,20260914,0.016910136792429788
Run2_20201019,Run1_20201118,176,20260914,0.05611615854421589
Run2_20201019,Run1_20201118,177,20260914,0.022090611393445182
Run2_20201019,Run1_20201118,178,20260914,0.06819966428210884
Run2_20201019,Run1_20201118,179,20260914,0.025889819230202425
Run2_20201019,Run1_20201118,180,20260914,-0.039608167848263286
Run2_20201019,Run1_20201118,181,20260914,-0.07630274988790574
Run2_20201019,Run1_20201118,182,20260914,-0.09333741911191043
Run2_20201019,Run1_20201118,183,20260914,-0.04469161822237395
Run2_20201019,Run1_20201118,184,20260914,0.10202401514205056
Run2_20201019,Run1_20201118,185,20260914,0.054794416697432
Run2_20201019,Run1_20201118,186,20260914,0.13961875037836433
Run2_20201019,Run1_20201118,187,20260914,-0.04979178677320149
Run2_20201019,Run1_20201118,188,20260914,-0.06152362806876693
Run2_20201019,Run1_20201118,189,20260914,0.09327113943391477
Run2_20201019,Run1_20201118,190,20260914,0.047004310231796374
Run2_20201019,Run1_20201118,191,20260914,-0.06836467533306934
Run2_20201019,Run1_20201118,192,20260914,-0.0007333967837925995
Run2_20201019,Run1_20201118,193,20260914,-0.05957777633579187
Run2_20201019,Run1_20201118,194,20260914,-0.07583688935734968
Run2_20201019,Run1_20201118,195,20260914,-0.05645089598465929
Run2_20201019,Run1_20201118,196,20260914,-0.0004916974329867535
Run2_20201019,Run1_20201118,197,20260914,0.024811956777394464
Run2_20201019,Run1_20201118,198,20260914,0.028670868138593486
Run2_20201019,Run1_20201118,199,20260914,-0.03343537497445145
Run2_20201019,Run1_20201119,0,20260914,-0.03358841535928289
Run2_20201019,Run1_20201119,1,20260914,0.061505965478448506
Run2_20201019,Run1_20201119,2,20260914,-0.0185408936673464
Run2_20201019,Run1_20201119,3,20260914,-0.04426920485451886
Run2_20201019,Run1_20201119,4,20260914,-0.02308719065513642
Run2_20201019,Run1_20201119,5,20260914,-0.07737014750382012
Run2_20201019,Run1_20201119,6,20260914,0.059667478916814155
Run2_20201019,Run1_20201119,7,20260914,0.0012032115988623985
Run2_20201019,Run1_20201119,8,20260914,-0.023928000722443814
Run2_20201019,Run1_20201119,9,20260914,0.017434086536619552
Run2_20201019,Run1_20201119,10,20260914,-0.06841469547334358
Run2_20201019,Run1_20201119,11,20260914,-0.029736945031924297
Run2_20201019,Run1_20201119,12,20260914,-0.10726523143401794
Run2_20201019,Run1_20201119,13,20260914,0.006058882905154823
Run2_20201019,Run1_20201119,14,20260914,0.015768123729682254
Run2_20201019,Run1_20201119,15,20260914,-0.030928994565729912
Run2_20201019,Run1_20201119,16,20260914,-0.03659119710682492
Run2_20201019,Run1_20201119,17,20260914,-0.034239620634133154
Run2_20201019,Run1_20201119,18,20260914,0.07494670651495744
Run2_20201019,Run1_20201119,19,20260914,-0.04748496086762577
Run2_20201019,Run1_20201119,20,20260914,-0.02034618294756334
Run2_20201019,Run1_20201119,21,20260914,-0.04244949677176192
Run2_20201019,Run1_20201119,22,20260914,-0.06954942787938236
Run2_20201019,Run1_20201119,23,20260914,-0.015719253747766157
Run2_20201019,Run1_20201119,24,20260914,-0.01306940072738288
Run2_20201019,Run1_20201119,25,20260914,0.04716101752733138
Run2_20201019,Run1_20201119,26,20260914,-0.03714373625902791
Run2_20201019,Run1_20201119,27,20260914,0.08998681276281212
Run2_20201019,Run1_20201119,28,20260914,-0.01588850192503375
Run2_20201019,Run1_20201119,29,20260914,0.0156611470762765
Run2_20201019,Run1_20201119,30,20260914,-0.004498882498431017
Run2_20201019,Run1_20201119,31,20260914,0.0125008481454824
Run2_20201019,Run1_20201119,32,20260914,0.10573936804325998
Run2_20201019,Run1_20201119,33,20260914,0.013461132428247488
Run2_20201019,Run1_20201119,34,20260914,-0.016162896089908885
Run2_20201019,Run1_20201119,35,20260914,0.09852189245477343
Run2_20201019,Run1_20201119,36,20260914,-0.0680404494600927
Run2_20201019,Run1_20201119,37,20260914,-0.023796057437062795
Run2_20201019,Run1_20201119,38,20260914,0.005223780600040507
Run2_20201019,Run1_20201119,39,20260914,-0.0109930121081998
Run2_20201019,Run1_20201119,40,20260914,0.016382952414854907
Run2_20201019,Run1_20201119,41,20260914,-0.03249901350379587
Run2_20201019,Run1_20201119,42,20260914,-0.03649127879682946
Run2_20201019,Run1_20201119,43,20260914,-0.06266516227356211
Run2_20201019,Run1_20201119,44,20260914,0.008807927964633788
Run2_20201019,Run1_20201119,45,20260914,-0.08196171224670495
Run2_20201019,Run1_20201119,46,20260914,-0.09607888032946948
Run2_20201019,Run1_20201119,47,20260914,-0.05168136382397005
Run2_20201019,Run1_20201119,48,20260914,-0.04575394765792667
Run2_20201019,Run1_20201119,49,20260914,-0.058956379599069346
Run2_20201019,Run1_20201119,50,20260914,-0.07707226616258138
Run2_20201019,Run1_20201119,51,20260914,0.027895133520930763
Run2_20201019,Run1_20201119,52,20260914,-0.03500333661376203
Run2_20201019,Run1_20201119,53,20260914,0.015127805975743985
Run2_20201019,Run1_20201119,54,20260914,0.12389551450172716
Run2_20201019,Run1_20201119,55,20260914,-0.052191549064250914
Run2_20201019,Run1_20201119,56,20260914,0.06433829134409848
Run2_20201019,Run1_20201119,57,20260914,-0.01812330285111416
Run2_20201019,Run1_20201119,58,20260914,-0.07407132441173915
Run2_20201019,Run1_20201119,59,20260914,0.008461420730758815
Run2_20201019,Run1_20201119,60,20260914,-0.05788395913303595
Run2_20201019,Run1_20201119,61,20260914,-0.009572417856136852
Run2_20201019,Run1_20201119,62,20260914,0.013754060007997128
Run2_20201019,Run1_20201119,63,20260914,0.18119729341545368
Run2_20201019,Run1_20201119,64,20260914,0.21549755503296655
Run2_20201019,Run1_20201119,65,20260914,0.062494120756456745
Run2_20201019,Run1_20201119,66,20260914,-0.038788469199600085
Run2_20201019,Run1_20201119,67,20260914,-0.012518263178306807
Run2_20201019,Run1_20201119,68,20260914,0.017468769222458963
Run2_20201019,Run1_20201119,69,20260914,-0.04919704661745393
Run2_20201019,Run1_20201119,70,20260914,0.01422566345031015
Run2_20201019,Run1_20201119,71,20260914,0.03734308294969416
Run2_20201019,Run1_20201119,72,20260914,-0.0065148818986910766
Run2_20201019,Run1_20201119,73,20260914,-0.03995708507634653
Run2_20201019,Run1_20201119,74,20260914,-0.0761292038684706
Run2_20201019,Run1_20201119,75,20260914,-0.040234355254556424
Run2_20201019,Run1_20201119,76,20260914,-0.04782780109376604
Run2_20201019,Run1_20201119,77,20260914,0.1009763174535002
Run2_20201019,Run1_20201119,78,20260914,0.0150151077115195
Run2_20201019,Run1_20201119,79,20260914,-0.023574488733303322
Run2_20201019,Run1_20201119,80,20260914,0.02680454121113421
Run2_20201019,Run1_20201119,81,20260914,0.11417699606617153
Run2_20201019,Run1_20201119,82,20260914,-0.06360015650693687
Run2_20201019,Run1_20201119,83,20260914,0.0011415533055665684
Run2_20201019,Run1_20201119,84,20260914,0.08457018630873024
Run2_20201019,Run1_20201119,85,20260914,0.06337248428130808
Run2_20201019,Run1_20201119,86,20260914,0.01871041698240053
Run2_20201019,Run1_20201119,87,20260914,-0.03800670681313856
Run2_20201019,Run1_20201119,88,20260914,-0.015826225844821913
Run2_20201019,Run1_20201119,89,20260914,0.02507233813513588
Run2_20201019,Run1_20201119,90,20260914,0.013891919809699418
Run2_20201019,Run1_20201119,91,20260914,-0.05969458831816256
Run2_20201019,Run1_20201119,92,20260914,-0.00015774740349899641
Run2_20201019,Run1_20201119,93,20260914,0.012264123524553397
Run2_20201019,Run1_20201119,94,20260914,0.008610776931650369
Run2_20201019,Run1_20201119,95,20260914,-0.059809755552777545
Run2_20201019,Run1_20201119,96,20260914,0.0013415129780294422
Run2_20201019,Run1_20201119,97,20260914,-0.04324198454880755
Run2_20201019,Run1_20201119,98,20260914,-0.007737436612759598
Run2_20201019,Run1_20201119,99,20260914,-0.020544909462204584
Run2_20201019,Run1_20201119,100,20260914,0.03744607867823007
Run2_20201019,Run1_20201119,101,20260914,0.020653123979678206
Run2_20201019,Run1_20201119,102,20260914,-0.0063152366339432565
Run2_20201019,Run1_20201119,103,20260914,0.09688048812061201
Run2_20201019,Run1_20201119,104,20260914,-0.02146512173573506
Run2_20201019,Run1_20201119,105,20260914,-0.0502897618291748
Run2_20201019,Run1_20201119,106,20260914,-0.023115457176490408
Run2_20201019,Run1_20201119,107,20260914,0.015443576191521294
Run2_20201019,Run1_20201119,108,20260914,1.9661991150941462e-05
Run2_20201019,Run1_20201119,109,20260914,-0.025407989659091742
Run2_20201019,Run1_20201119,110,20260914,0.01691844423476952
Run2_20201019,Run1_20201119,111,20260914,0.0011808156053569445
Run2_20201019,Run1_20201119,112,20260914,-0.043101192936858816
Run2_20201019,Run1_20201119,113,20260914,0.007095752513596422
Run2_20201019,Run1_20201119,114,20260914,0.025616622545134034
Run2_20201019,Run1_20201119,115,20260914,-0.03192572303923034
Run2_20201019,Run1_20201119,116,20260914,-0.021464721604907977
Run2_20201019,Run1_20201119,117,20260914,-0.06279870051711901
Run2_20201019,Run1_20201119,118,20260914,-0.06658255270037101
Run2_20201019,Run1_20201119,119,20260914,0.052844442873584245
Run2_20201019,Run1_20201119,120,20260914,-0.05513532984198162
Run2_20201019,Run1_20201119,121,20260914,0.07269836356336004
Run2_20201019,Run1_20201119,122,20260914,-0.05975269988127973
Run2_20201019,Run1_20201119,123,20260914,-0.05689305254139394
Run2_20201019,Run1_20201119,124,20260914,-0.08556824714687206
Run2_20201019,Run1_20201119,125,20260914,-0.009708451337559189
Run2_20201019,Run1_20201119,126,20260914,-0.0010678357349574222
Run2_20201019,Run1_20201119,127,20260914,0.002810209725566143
Run2_20201019,Run1_20201119,128,20260914,0.07519056161229237
Run2_20201019,Run1_20201119,129,20260914,0.0589023886602627
Run2_20201019,Run1_20201119,130,20260914,-0.053195069863377596
Run2_20201019,Run1_20201119,131,20260914,-0.03874966048995106
Run2_20201019,Run1_20201119,132,20260914,-0.007698606620693197
Run2_20201019,Run1_20201119,133,20260914,-0.044748803903106635
Run2_20201019,Run1_20201119,134,20260914,0.0009105295288721369
Run2_20201019,Run1_20201119,135,20260914,-0.011670533602092399
Run2_20201019,Run1_20201119,136,20260914,0.03574075845941471
Run2_20201019,Run1_20201119,137,20260914,-0.030972630232708548
Run2_20201019,Run1_20201119,138,20260914,-0.012786838582477724
Run2_20201019,Run1_20201119,139,20260914,0.02430904410172966
Run2_20201019,Run1_20201119,140,20260914,-0.019895610882106004
Run2_20201019,Run1_20201119,141,20260914,0.10682540360582145
Run2_20201019,Run1_20201119,142,20260914,-0.02311674267744672
Run2_20201019,Run1_20201119,143,20260914,-0.0563744718544466
Run2_20201019,Run1_20201119,144,20260914,0.13859712439016528
Run2_20201019,Run1_20201119,145,20260914,-0.02416374561516855
Run2_20201019,Run1_20201119,146,20260914,0.09266433549534589
Run2_20201019,Run1_20201119,147,20260914,-0.06261924974665131
Run2_20201019,Run1_20201119,148,20260914,-0.04475384202763096
Run2_20201019,Run1_20201119,149,20260914,0.016726202652230068
Run2_20201019,Run1_20201119,150,20260914,-0.012608391791417312
Run2_20201019,Run1_20201119,151,20260914,-0.0365329110531731
Run2_20201019,Run1_20201119,152,20260914,0.026138683079424654
Run2_20201019,Run1_20201119,153,20260914,-0.013111908903684128
Run2_20201019,Run1_20201119,154,20260914,-0.05443705656462172
Run2_20201019,Run1_20201119,155,20260914,-0.010624443795407633
Run2_20201019,Run1_20201119,156,20260914,0.06643506374536684
Run2_20201019,Run1_20201119,157,20260914,-0.03603687516023883
Run2_20201019,Run1_20201119,158,20260914,-0.09302897077554687
Run2_20201019,Run1_20201119,159,20260914,-0.08390720946628806
Run2_20201019,Run1_20201119,160,20260914,-0.042608382549655974
Run2_20201019,Run1_20201119,161,20260914,0.04722942155900586
Run2_20201019,Run1_20201119,162,20260914,0.08716393833001675
Run2_20201019,Run1_20201119,163,20260914,0.10498205995515937
Run2_20201019,Run1_20201119,164,20260914,-0.050269949978245715
Run2_20201019,Run1_20201119,165,20260914,-0.02639079340612352
Run2_20201019,Run1_20201119,166,20260914,-0.04733750787882871
Run2_20201019,Run1_20201119,167,20260914,0.010703534233885972
Run2_20201019,Run1_20201119,168,20260914,-0.037890280699838796
Run2_20201019,Run1_20201119,169,20260914,0.030782063053651026
Run2_20201019,Run1_20201119,170,20260914,-0.10359593763725762
Run2_20201019,Run1_20201119,171,20260914,-0.0209540391101726
Run2_20201019,Run1_20201119,172,20260914,0.10268931135448482
Run2_20201019,Run1_20201119,173,20260914,-0.04909832435865167
Run2_20201019,Run1_20201119,174,20260914,0.019747926379186247
Run2_20201019,Run1_20201119,175,20260914,-0.05587535013890911
Run2_20201019,Run1_20201119,176,20260914,-0.04898035516813194
Run2_20201019,Run1_20201119,177,20260914,-0.09187650174432854
Run2_20201019,Run1_20201119,178,20260914,-0.08511758345762589
Run2_20201019,Run1_20201119,179,20260914,-0.007941862050799305
Run2_20201019,Run1_20201119,180,20260914,-0.033050655469015505
Run2_20201019,Run1_20201119,181,20260914,-0.06553992247730031
Run2_20201019,Run1_20201119,182,20260914,-0.0018164145609955802
Run2_20201019,Run1_20201119,183,20260914,0.00792777307577334
Run2_20201019,Run1_20201119,184,20260914,-0.018931514355784804
Run2_20201019,Run1_20201119,185,20260914,0.0360628888462012
Run2_20201019,Run1_20201119,186,20260914,-0.03257640925708818
Run2_20201019,Run1_20201119,187,20260914,-0.07515122270681165
Run2_20201019,Run1_20201119,188,20260914,0.007755488738959778
Run2_20201019,Run1_20201119,189,20260914,-0.00047664367437392916
Run2_20201019,Run1_20201119,190,20260914,-0.06570125703510855
Run2_20201019,Run1_20201119,191,20260914,0.059256520247749175
Run2_20201019,Run1_20201119,192,20260914,-0.03053432170103953
Run2_20201019,Run1_20201119,193,20260914,-0.09130386001348374
Run2_20201019,Run1_20201119,194,20260914,-0.0015814780315219692
Run2_20201019,Run1_20201119,195,20260914,0.002731949047253358
Run2_20201019,Run1_20201119,196,20260914,0.04719798793127413
Run2_20201019,Run1_20201119,197,20260914,0.004635322480802824
Run2_20201019,Run1_20201119,198,20260914,-0.005075365311714684
Run2_20201019,Run1_20201119,199,20260914,0.11320463055776699
Run2_20201019,Run1_20201124,0,20260914,-0.058472284536348805
Run2_20201019,Run1_20201124,1,20260914,-0.06931954475052506
Run2_20201019,Run1_20201124,2,20260914,-0.060975634358860595
Run2_20201019,Run1_20201124,3,20260914,-0.039310391635662204
Run2_20201019,Run1_20201124,4,20260914,0.0002655554650881859
Run2_20201019,Run1_20201124,5,20260914,-0.022041834196848215
Run2_20201019,Run1_20201124,6,20260914,-0.01892595777724546
Run2_20201019,Run1_20201124,7,20260914,-0.060290745879620536
Run2_20201019,Run1_20201124,8,20260914,-0.10061319887174364
Run2_20201019,Run1_20201124,9,20260914,-0.018834074915899435
Run2_20201019,Run1_20201124,10,20260914,0.07953297876435557
Run2_20201019,Run1_20201124,11,20260914,-0.04272488106924348
Run2_20201019,Run1_20201124,12,20260914,-0.016500243470650707
Run2_20201019,Run1_20201124,13,20260914,-0.005682620609982679
Run2_20201019,Run1_20201124,14,20260914,-0.028957353691188435
Run2_20201019,Run1_20201124,15,20260914,-0.043010681798731805
Run2_20201019,Run1_20201124,16,20260914,0.006546098876324087
Run2_20201019,Run1_20201124,17,20260914,-0.02132149188645474
Run2_20201019,Run1_20201124,18,20260914,0.002438334707326712
Run2_20201019,Run1_20201124,19,20260914,-0.029627935125049184
Run2_20201019,Run1_20201124,20,20260914,0.07962977711902924
Run2_20201019,Run1_20201124,21,20260914,-0.060819757305529396
Run2_20201019,Run1_20201124,22,20260914,-0.02820359978462747
Run2_20201019,Run1_20201124,23,20260914,0.06493654839693104
Run2_20201019,Run1_20201124,24,20260914,0.0862066447685065
Run2_20201019,Run1_20201124,25,20260914,-0.06762267661770871
Run2_20201019,Run1_20201124,26,20260914,0.05880593683537219
Run2_20201019,Run1_20201124,27,20260914,0.011290332176948099
Run2_20201019,Run1_20201124,28,20260914,-0.07023921001988988
Run2_20201019,Run1_20201124,29,20260914,0.010128156497733447
Run2_20201019,Run1_20201124,30,20260914,-0.019639741169965155
Run2_20201019,Run1_20201124,31,20260914,-0.05176828983468822
Run2_20201019,Run1_20201124,32,20260914,0.022386915458765557
Run2_20201019,Run1_20201124,33,20260914,-0.09314195200730614
Run2_20201019,Run1_20201124,34,20260914,-0.0009052660490286177
Run2_20201019,Run1_20201124,35,20260914,0.06752641562510016
Run2_20201019,Run1_20201124,36,20260914,0.04973486310961287
Run2_20201019,Run1_20201124,37,20260914,0.0932943485403667
Run2_20201019,Run1_20201124,38,20260914,-0.02922932256490555
Run2_20201019,Run1_20201124,39,20260914,-0.06427344843279051
Run2_20201019,Run1_20201124,40,20260914,-0.054531540114962876
Run2_20201019,Run1_20201124,41,20260914,-0.06279994671836268
Run2_20201019,Run1_20201124,42,20260914,0.015335337866048819
Run2_20201019,Run1_20201124,43,20260914,-0.04433484249641081
Run2_20201019,Run1_20201124,44,20260914,0.19574120708085832
Run2_20201019,Run1_20201124,45,20260914,-0.006371196309128594
Run2_20201019,Run1_20201124,46,20260914,-0.004601048462545444
Run2_20201019,Run1_20201124,47,20260914,-0.020532445687182134
Run2_20201019,Run1_20201124,48,20260914,-0.05753685743161808
Run2_20201019,Run1_20201124,49,20260914,-0.023381666665766063
Run2_20201019,Run1_20201124,50,20260914,-0.0424770578321305
Run2_20201019,Run1_20201124,51,20260914,-0.07121601415930376
Run2_20201019,Run1_20201124,52,20260914,-0.05283384994778317
Run2_20201019,Run1_20201124,53,20260914,-0.012155859532586117
Run2_20201019,Run1_20201124,54,20260914,-0.05134869288573077
Run2_20201019,Run1_20201124,55,20260914,-0.02224120826237819
Run2_20201019,Run1_20201124,56,20260914,-0.008691488593551813
Run2_20201019,Run1_20201124,57,20260914,-0.06741480668859613
Run2_20201019,Run1_20201124,58,20260914,0.06912849540298786
Run2_20201019,Run1_20201124,59,20260914,-0.08130707841828876
Run2_20201019,Run1_20201124,60,20260914,0.04432393386744582
Run2_20201019,Run1_20201124,61,20260914,-0.07363856896123494
Run2_20201019,Run1_20201124,62,20260914,-0.047033662623338926
Run2_20201019,Run1_20201124,63,20260914,0.003974979948449304
Run2_20201019,Run1_20201124,64,20260914,0.007745619369558295
Run2_20201019,Run1_20201124,65,20260914,-0.01867211396216265
Run2_20201019,Run1_20201124,66,20260914,-0.09379136320834328
Run2_20201019,Run1_20201124,67,20260914,0.03267750798563298
Run2_20201019,Run1_20201124,68,20260914,-0.05615113469777869
Run2_20201019,Run1_20201124,69,20260914,-0.04951920965802123
Run2_20201019,Run1_20201124,70,20260914,-0.052973816789379846
Run2_20201019,Run1_20201124,71,20260914,0.018191794161794943
Run2_20201019,Run1_20201124,72,20260914,-0.03074535365097146
Run2_20201019,Run1_20201124,73,20260914,0.058957454181263344
Run2_20201019,Run1_20201124,74,20260914,-0.07019572066064458
Run2_20201019,Run1_20201124,75,20260914,-0.01964577330488204
Run2_20201019,Run1_20201124,76,20260914,0.009616792689355603
Run2_20201019,Run1_20201124,77,20260914,-0.06305443711462316
Run2_20201019,Run1_20201124,78,20260914,-0.02907350582561148
Run2_20201019,Run1_20201124,79,20260914,0.04958432628149594
Run2_20201019,Run1_20201124,80,20260914,-0.07911365252688514
Run2_20201019,Run1_20201124,81,20260914,-0.052642369209896046
Run2_20201019,Run1_20201124,82,20260914,-0.019338702565264647
Run2_20201019,Run1_20201124,83,20260914,-0.002342235194045588
Run2_20201019,Run1_20201124,84,20260914,-0.01787460070891551
Run2_20201019,Run1_20201124,85,20260914,-0.07070156565461924
Run2_20201019,Run1_20201124,86,20260914,0.07303736275767037
Run2_20201019,Run1_20201124,87,20260914,0.009918350207701317
Run2_20201019,Run1_20201124,88,20260914,-0.06380343651104141
Run2_20201019,Run1_20201124,89,20260914,0.07210242718468246
Run2_20201019,Run1_20201124,90,20260914,-0.04786118650320988
Run2_20201019,Run1_20201124,91,20260914,0.0019561109140355777
Run2_20201019,Run1_20201124,92,20260914,0.10477180230491297
Run2_20201019,Run1_20201124,93,20260914,-0.08912781802301528
Run2_20201019,Run1_20201124,94,20260914,-0.04916670991499746
Run2_20201019,Run1_20201124,95,20260914,-0.0072370076332339195
Run2_20201019,Run1_20201124,96,20260914,-0.03743558564232338
Run2_20201019,Run1_20201124,97,20260914,-0.06772203170078833
Run2_20201019,Run1_20201124,98,20260914,0.03745637900417173
Run2_20201019,Run1_20201124,99,20260914,-0.045788251322687434
Run2_20201019,Run1_20201124,100,20260914,-0.045005607398361964
Run2_20201019,Run1_20201124,101,20260914,0.12606925352405876
Run2_20201019,Run1_20201124,102,20260914,0.08191864252964322
Run2_20201019,Run1_20201124,103,20260914,0.05945899939065943
Run2_20201019,Run1_20201124,104,20260914,0.1851651102545135
Run2_20201019,Run1_20201124,105,20260914,-0.04185197064011453
Run2_20201019,Run1_20201124,106,20260914,-0.05730605016166308
Run2_20201019,Run1_20201124,107,20260914,0.055155232038956455
Run2_20201019,Run1_20201124,108,20260914,0.01298016255859083
Run2_20201019,Run1_20201124,109,20260914,0.04784024653837804
Run2_20201019,Run1_20201124,110,20260914,0.02680172659761615
Run2_20201019,Run1_20201124,111,20260914,-0.05281948525421685
Run2_20201019,Run1_20201124,112,20260914,-0.07111622710895922
Run2_20201019,Run1_20201124,113,20260914,-0.07766116169739827
Run2_20201019,Run1_20201124,114,20260914,-0.06722431985415833
Run2_20201019,Run1_20201124,115,20260914,-0.018633822126646903
Run2_20201019,Run1_20201124,116,20260914,-0.020426715176457284
Run2_20201019,Run1_20201124,117,20260914,-0.03929350184571233
Run2_20201019,Run1_20201124,118,20260914,0.008248389932567341
Run2_20201019,Run1_20201124,119,20260914,-0.0965351441338209
Run2_20201019,Run1_20201124,120,20260914,-0.03184736209855203
Run2_20201019,Run1_20201124,121,20260914,-0.05299557237258639
Run2_20201019,Run1_20201124,122,20260914,-0.04781205651321005
Run2_20201019,Run1_20201124,123,20260914,-0.04777288204016636
Run2_20201019,Run1_20201124,124,20260914,-0.014732524032753406
Run2_20201019,Run1_20201124,125,20260914,0.02237151064331822
Run2_20201019,Run1_20201124,126,20260914,-0.03425127137551178
Run2_20201019,Run1_20201124,127,20260914,-0.07533189145228843
Run2_20201019,Run1_20201124,128,20260914,-0.042365977094150804
Run2_20201019,Run1_20201124,129,20260914,-0.06130541947502083
Run2_20201019,Run1_20201124,130,20260914,0.029575181238338803
Run2_20201019,Run1_20201124,131,20260914,-0.02356310407678307
Run2_20201019,Run1_20201124,132,20260914,-0.053664150352639
Run2_20201019,Run1_20201124,133,20260914,0.01032529397618961
Run2_20201019,Run1_20201124,134,20260914,0.023326070429941666
Run2_20201019,Run1_20201124,135,20260914,-0.036963137261607014
Run2_20201019,Run1_20201124,136,20260914,-0.02807694396448796
Run2_20201019,Run1_20201124,137,20260914,-0.06228887772786004
Run2_20201019,Run1_20201124,138,20260914,-0.05699375974166815
Run2_20201019,Run1_20201124,139,20260914,-0.0715079425607219
Run2_20201019,Run1_20201124,140,20260914,-0.04566643560804596
Run2_20201019,Run1_20201124,141,20260914,2.9464147411061874e-05
Run2_20201019,Run1_20201124,142,20260914,0.057374382497037225
Run2_20201019,Run1_20201124,143,20260914,-0.06811445841190601
Run2_20201019,Run1_20201124,144,20260914,-0.06542806027432706
Run2_20201019,Run1_20201124,145,20260914,-0.010776939342259836
Run2_20201019,Run1_20201124,146,20260914,-0.04548914305821866
Run2_20201019,Run1_20201124,147,20260914,0.007292931626280348
Run2_20201019,Run1_20201124,148,20260914,-0.052870414239580596
Run2_20201019,Run1_20201124,149,20260914,-0.04508500141051151
Run2_20201019,Run1_20201124,150,20260914,0.07484017987702478
Run2_20201019,Run1_20201124,151,20260914,-0.01165967097163845
Run2_20201019,Run1_20201124,152,20260914,-0.07810616445510209
Run2_20201019,Run1_20201124,153,20260914,-0.07796222586351013
Run2_20201019,Run1_20201124,154,20260914,0.05960757331148655
Run2_20201019,Run1_20201124,155,20260914,-0.04147824750818733
Run2_20201019,Run1_20201124,156,20260914,-0.053826940882079365
Run2_20201019,Run1_20201124,157,20260914,-0.09356615598233022
Run2_20201019,Run1_20201124,158,20260914,0.014980436584663139
Run2_20201019,Run1_20201124,159,20260914,-0.010945250258678214
Run2_20201019,Run1_20201124,160,20260914,-0.0013546873873019334
Run2_20201019,Run1_20201124,161,20260914,-0.05906540517694468
Run2_20201019,Run1_20201124,162,20260914,-0.043954847091169855
Run2_20201019,Run1_20201124,163,20260914,0.021362538434491086
Run2_20201019,Run1_20201124,164,20260914,-0.002351808881175453
Run2_20201019,Run1_20201124,165,20260914,0.05754092569274724
Run2_20201019,Run1_20201124,166,20260914,0.059517682740956306
Run2_20201019,Run1_20201124,167,20260914,-0.03442884467335072
Run2_20201019,Run1_20201124,168,20260914,-0.07880558868792398
Run2_20201019,Run1_20201124,169,20260914,0.11917867408707097
Run2_20201019,Run1_20201124,170,20260914,0.10038203875645225
Run2_20201019,Run1_20201124,171,20260914,-0.00894745151598259
Run2_20201019,Run1_20201124,172,20260914,-0.05794801888690018
Run2_20201019,Run1_20201124,173,20260914,-0.04629782894547653
Run2_20201019,Run1_20201124,174,20260914,-0.045937220039655856
Run2_20201019,Run1_20201124,175,20260914,-0.08824881116069701
Run2_20201019,Run1_20201124,176,20260914,-0.05446951194507663
Run2_20201019,Run1_20201124,177,20260914,-0.06060540277347136
Run2_20201019,Run1_20201124,178,20260914,-0.01918862871654852
Run2_20201019,Run1_20201124,179,20260914,0.1171923605309943
Run2_20201019,Run1_20201124,180,20260914,-0.031877692833213345
Run2_20201019,Run1_20201124,181,20260914,0.18850348201078038
Run2_20201019,Run1_20201124,182,20260914,-0.008196556467455967
Run2_20201019,Run1_20201124,183,20260914,0.04798372167853762
Run2_20201019,Run1_20201124,184,20260914,-0.08045897147245538
Run2_20201019,Run1_20201124,185,20260914,-0.0189651568126247
Run2_20201019,Run1_20201124,186,20260914,0.028856331848659555
Run2_20201019,Run1_20201124,187,20260914,-0.06280951161051385
Run2_20201019,Run1_20201124,188,20260914,-0.06511668873661428
Run2_20201019,Run1_20201124,189,20260914,0.0014048989998595776
Run2_20201019,Run1_20201124,190,20260914,-0.04602084192272171
Run2_20201019,Run1_20201124,191,20260914,-0.04074821812827196
Run2_20201019,Run1_20201124,192,20260914,-0.07001249437993244
Run2_20201019,Run1_20201124,193,20260914,-0.013584418273156143
Run2_20201019,Run1_20201124,194,20260914,-0.06299708010604557
Run2_20201019,Run1_20201124,195,20260914,-0.02427697217878701
Run2_20201019,Run1_20201124,196,20260914,-0.04051896289469227
Run2_20201019,Run1_20201124,197,20260914,-0.06733884467104789
Run2_20201019,Run1_20201124,198,20260914,-0.00025215868766548873
Run2_20201019,Run1_20201124,199,20260914,0.044756933309712886
Run2_20201019,Run2_20201124,0,20260914,-0.03008992134935022
Run2_20201019,Run2_20201124,1,20260914,0.00496001995037385
Run2_20201019,Run2_20201124,2,20260914,-0.031773198620803925
Run2_20201019,Run2_20201124,3,20260914,-0.07391144993721478
Run2_20201019,Run2_20201124,4,20260914,-0.02502615133940607
Run2_20201019,Run2_20201124,5,20260914,0.009230794077462919
Run2_20201019,Run2_20201124,6,20260914,-0.03704202309014847
Run2_20201019,Run2_20201124,7,20260914,0.1564359226863556
Run2_20201019,Run2_20201124,8,20260914,-0.03513004431488523
Run2_20201019,Run2_20201124,9,20260914,0.0521613277729705
Run2_20201019,Run2_20201124,10,20260914,-0.02600537077684463
Run2_20201019,Run2_20201124,11,20260914,-0.04285863214262426
Run2_20201019,Run2_20201124,12,20260914,0.13314534370240583
Run2_20201019,Run2_20201124,13,20260914,0.027662799083369768
Run2_20201019,Run2_20201124,14,20260914,-0.028668701656648508
Run2_20201019,Run2_20201124,15,20260914,-0.01583399229476178
Run2_20201019,Run2_20201124,16,20260914,-0.025928862204125817
Run2_20201019,Run2_20201124,17,20260914,0.11238726143402124
Run2_20201019,Run2_20201124,18,20260914,0.04221418714332336
Run2_20201019,Run2_20201124,19,20260914,0.008529826450820588
Run2_20201019,Run2_20201124,20,20260914,0.002691345324363588
Run2_20201019,Run2_20201124,21,20260914,0.06505684049511255
Run2_20201019,Run2_20201124,22,20260914,-0.0191475535064312
Run2_20201019,Run2_20201124,23,20260914,-0.06730251192393072
Run2_20201019,Run2_20201124,24,20260914,0.06862486744444311
Run2_20201019,Run2_20201124,25,20260914,-0.060945455595976715
Run2_20201019,Run2_20201124,26,20260914,-0.009640609850513437
Run2_20201019,Run2_20201124,27,20260914,0.06732765471326953
Run2_20201019,Run2_20201124,28,20260914,-0.05145638154184049
Run2_20201019,Run2_20201124,29,20260914,0.059742710095500064
Run2_20201019,Run2_20201124,30,20260914,0.012533958962670531
Run2_20201019,Run2_20201124,31,20260914,-0.06814438490087377
Run2_20201019,Run2_20201124,32,20260914,0.07125374702963547
Run2_20201019,Run2_20201124,33,20260914,0.020104028842669763
Run2_20201019,Run2_20201124,34,20260914,-0.024755206333787156
Run2_20201019,Run2_20201124,35,20260914,-0.03138820294238933
Run2_20201019,Run2_20201124,36,20260914,-0.050030607922692615
Run2_20201019,Run2_20201124,37,20260914,-0.049200426819561625
Run2_20201019,Run2_20201124,38,20260914,-0.07635972675927435
Run2_20201019,Run2_20201124,39,20260914,0.031547467183718605
Run2_20201019,Run2_20201124,40,20260914,-0.039609094281360537
Run2_20201019,Run2_20201124,41,20260914,-0.0008367408213882092
Run2_20201019,Run2_20201124,42,20260914,0.021191552328468383
Run2_20201019,Run2_20201124,43,20260914,-0.044953316083662924
Run2_20201019,Run2_20201124,44,20260914,-0.03686841928940245
Run2_20201019,Run2_20201124,45,20260914,-0.011552965910787007
Run2_20201019,Run2_20201124,46,20260914,-0.0028368547493523633
Run2_20201019,Run2_20201124,47,20260914,0.07273536795313147
Run2_20201019,Run2_20201124,48,20260914,0.047451909480656404
Run2_20201019,Run2_20201124,49,20260914,0.029393302735604494
Run2_20201019,Run2_20201124,50,20260914,-0.00021459208847060326
Run2_20201019,Run2_20201124,51,20260914,0.0036466114960078816
Run2_20201019,Run2_20201124,52,20260914,0.04162282051464678
Run2_20201019,Run2_20201124,53,20260914,-0.032981364553723386
Run2_20201019,Run2_20201124,54,20260914,-0.0801241079731532
Run2_20201019,Run2_20201124,55,20260914,0.08265188582350286
Run2_20201019,Run2_20201124,56,20260914,-0.04376809861136608
Run2_20201019,Run2_20201124,57,20260914,0.055124029008936815
Run2_20201019,Run2_20201124,58,20260914,-0.018612139326427787
Run2_20201019,Run2_20201124,59,20260914,0.035780842401503275
Run2_20201019,Run2_20201124,60,20260914,-0.04370703173402468
Run2_20201019,Run2_20201124,61,20260914,-0.09228756555373478
Run2_20201019,Run2_20201124,62,20260914,-0.025252469336325144
Run2_20201019,Run2_20201124,63,20260914,0.06130240205603883
Run2_20201019,Run2_20201124,64,20260914,0.12026666101987654
Run2_20201019,Run2_20201124,65,20260914,-0.06817827504589825
Run2_20201019,Run2_20201124,66,20260914,-0.055236009338938394
Run2_20201019,Run2_20201124,67,20260914,-0.04486334746320462
Run2_20201019,Run2_20201124,68,20260914,-0.04077856180498965
Run2_20201019,Run2_20201124,69,20260914,-0.03361553140486545
Run2_20201019,Run2_20201124,70,20260914,-0.014368298575842825
Run2_20201019,Run2_20201124,71,20260914,0.02486669294580508
Run2_20201019,Run2_20201124,72,20260914,0.0004108102939574517
Run2_20201019,Run2_20201124,73,20260914,0.04406379519818458
Run2_20201019,Run2_20201124,74,20260914,-0.021719234669701243
Run2_20201019,Run2_20201124,75,20260914,-0.01984203639050082
Run2_20201019,Run2_20201124,76,20260914,0.0382310512141268
Run2_20201019,Run2_20201124,77,20260914,-0.03494706832340775
Run2_20201019,Run2_20201124,78,20260914,-0.0456656692238106
Run2_20201019,Run2_20201124,79,20260914,-0.035536435600736604
Run2_20201019,Run2_20201124,80,20260914,0.03491515000531919
Run2_20201019,Run2_20201124,81,20260914,0.1052411597742782
Run2_20201019,Run2_20201124,82,20260914,-0.04911275009135314
Run2_20201019,Run2_20201124,83,20260914,-0.075388182918232
Run2_20201019,Run2_20201124,84,20260914,-0.0042015375937447495
Run2_20201019,Run2_20201124,85,20260914,-0.03135479278720209
Run2_20201019,Run2_20201124,86,20260914,-0.055880771416887916
Run2_20201019,Run2_20201124,87,20260914,-0.023686099167956054
Run2_20201019,Run2_20201124,88,20260914,-0.05015296928732953
Run2_20201019,Run2_20201124,89,20260914,-0.057914356572793625
Run2_20201019,Run2_20201124,90,20260914,0.19320717669337842
Run2_20201019,Run2_20201124,91,20260914,-0.045814669682391694
Run2_20201019,Run2_20201124,92,20260914,-0.028902823957997422
Run2_20201019,Run2_20201124,93,20260914,-0.062096172880278466
Run2_20201019,Run2_20201124,94,20260914,-0.05913572994931281
Run2_20201019,Run2_20201124,95,20260914,0.0025392722591186033
Run2_20201019,Run2_20201124,96,20260914,0.08360792908603175
Run2_20201019,Run2_20201124,97,20260914,-0.005927483961547548
Run2_20201019,Run2_20201124,98,20260914,0.02160274945602991
Run2_20201019,Run2_20201124,99,20260914,0.03518747156188539
Run2_20201019,Run2_20201124,100,20260914,0.01114807099708166
Run2_20201019,Run2_20201124,101,20260914,-0.07658677253015617
Run2_20201019,Run2_20201124,102,20260914,-0.04881189972830849
Run2_20201019,Run2_20201124,103,20260914,0.0012778814218772723
Run2_20201019,Run2_20201124,104,20260914,0.055387719314942865
Run2_20201019,Run2_20201124,105,20260914,-0.0650838987370281
Run2_20201019,Run2_20201124,106,20260914,-0.061922773468518606
Run2_20201019,Run2_20201124,107,20260914,-0.07886512907222895
Run2_20201019,Run2_20201124,108,20260914,-0.035253686655234234
Run2_20201019,Run2_20201124,109,20260914,0.09681734939325454
Run2_20201019,Run2_20201124,110,20260914,0.11173792110188285
Run2_20201019,Run2_20201124,111,20260914,-0.009089163037734934
Run2_20201019,Run2_20201124,112,20260914,-0.049599107109981784
Run2_20201019,Run2_20201124,113,20260914,0.04132474756506791
Run2_20201019,Run2_20201124,114,20260914,0.08339022016237269
Run2_20201019,Run2_20201124,115,20260914,-0.059930734903039955
Run2_20201019,Run2_20201124,116,20260914,0.08340216914883249
Run2_20201019,Run2_20201124,117,20260914,-0.043247930471791984
Run2_20201019,Run2_20201124,118,20260914,0.13389860577097007
Run2_20201019,Run2_20201124,119,20260914,0.06309525161854343
Run2_20201019,Run2_20201124,120,20260914,0.03701352081087448
Run2_20201019,Run2_20201124,121,20260914,-0.03563350493941481
Run2_20201019,Run2_20201124,122,20260914,-0.043972974074486915
Run2_20201019,Run2_20201124,123,20260914,-0.054816045717226015
Run2_20201019,Run2_20201124,124,20260914,-0.06287320263640411
Run2_20201019,Run2_20201124,125,20260914,0.058922950111616634
Run2_20201019,Run2_20201124,126,20260914,-0.07876423997645837
Run2_20201019,Run2_20201124,127,20260914,-0.0639241622936288
Run2_20201019,Run2_20201124,128,20260914,-0.06068988048476041
Run2_20201019,Run2_20201124,129,20260914,0.004736844798274463
Run2_20201019,Run2_20201124,130,20260914,0.03267169538333653
Run2_20201019,Run2_20201124,131,20260914,-0.015626332638373458
Run2_20201019,Run2_20201124,132,20260914,0.008876878275607137
Run2_20201019,Run2_20201124,133,20260914,0.03992527812097431
Run2_20201019,Run2_20201124,134,20260914,-0.06923012209259534
Run2_20201019,Run2_20201124,135,20260914,0.009671932509464142
Run2_20201019,Run2_20201124,136,20260914,0.03601563928911514
Run2_20201019,Run2_20201124,137,20260914,0.11490332121622845
Run2_20201019,Run2_20201124,138,20260914,0.06117870705298753
Run2_20201019,Run2_20201124,139,20260914,0.04958110822155337
Run2_20201019,Run2_20201124,140,20260914,-0.0373633194727449
Run2_20201019,Run2_20201124,141,20260914,-0.014075293811792568
Run2_20201019,Run2_20201124,142,20260914,0.036914586415506635
Run2_20201019,Run2_20201124,143,20260914,-0.044005644351900915
Run2_20201019,Run2_20201124,144,20260914,0.05364966853222021
Run2_20201019,Run2_20201124,145,20260914,0.2580309045573068
Run2_20201019,Run2_20201124,146,20260914,-0.05468434273240715
Run2_20201019,Run2_20201124,147,20260914,-0.0510334720761511
Run2_20201019,Run2_20201124,148,20260914,-0.08305955182471465
Run2_20201019,Run2_20201124,149,20260914,-0.04996347400576746
Run2_20201019,Run2_20201124,150,20260914,-0.012835384272849037
Run2_20201019,Run2_20201124,151,20260914,-0.03872318909042825
Run2_20201019,Run2_20201124,152,20260914,0.10079357882747304
Run2_20201019,Run2_20201124,153,20260914,-0.04878094932702641
Run2_20201019,Run2_20201124,154,20260914,-0.07784418133465064
Run2_20201019,Run2_20201124,155,20260914,-0.05614855411959549
Run2_20201019,Run2_20201124,156,20260914,-0.026179820089894397
Run2_20201019,Run2_20201124,157,20260914,-0.03485489119065208
Run2_20201019,Run2_20201124,158,20260914,0.07986022998498428
Run2_20201019,Run2_20201124,159,20260914,-0.04382077373978996
Run2_20201019,Run2_20201124,160,20260914,-0.024487422124865394
Run2_20201019,Run2_20201124,161,20260914,0.038835867147944125
Run2_20201019,Run2_20201124,162,20260914,0.05076971828671823
Run2_20201019,Run2_20201124,163,20260914,0.03705848177260717
Run2_20201019,Run2_20201124,164,20260914,-0.05744006325374298
Run2_20201019,Run2_20201124,165,20260914,0.01421342054050951
Run2_20201019,Run2_20201124,166,20260914,0.10589057198546963
Run2_20201019,Run2_20201124,167,20260914,0.02219310765619896
Run2_20201019,Run2_20201124,168,20260914,0.007043320721299781
Run2_20201019,Run2_20201124,169,20260914,-0.0018248146334750148
Run2_20201019,Run2_20201124,170,20260914,-0.031775567821012735
Run2_20201019,Run2_20201124,171,20260914,-0.00899219200720698
Run2_20201019,Run2_20201124,172,20260914,0.02225668829565985
Run2_20201019,Run2_20201124,173,20260914,0.047287158219672686
Run2_20201019,Run2_20201124,174,20260914,0.003490572001932607
Run2_20201019,Run2_20201124,175,20260914,0.04509453403429576
Run2_20201019,Run2_20201124,176,20260914,-0.011131967567288516
Run2_20201019,Run2_20201124,177,20260914,0.031263994476529965
Run2_20201019,Run2_20201124,178,20260914,0.030655427469825972
Run2_20201019,Run2_20201124,179,20260914,0.040589937610625744
Run2_20201019,Run2_20201124,180,20260914,-0.0509743645308876
Run2_20201019,Run2_20201124,181,20260914,-0.07969807546695364
Run2_20201019,Run2_20201124,182,20260914,0.1112886691716991
Run2_20201019,Run2_20201124,183,20260914,-0.020172279464400627
Run2_20201019,Run2_20201124,184,20260914,0.1588427137697578
Run2_20201019,Run2_20201124,185,20260914,0.01546705656193668
Run2_20201019,Run2_20201124,186,20260914,-0.014660893378901474
Run2_20201019,Run2_20201124,187,20260914,-0.025243583561625236
Run2_20201019,Run2_20201124,188,20260914,-0.041847694884270266
Run2_20201019,Run2_20201124,189,20260914,0.08213432167439412
Run2_20201019,Run2_20201124,190,20260914,0.054456709614784216
Run2_20201019,Run2_20201124,191,20260914,-0.06337402726444724
Run2_20201019,Run2_20201124,192,20260914,-0.0030853607531765655
Run2_20201019,Run2_20201124,193,20260914,0.010586706760250805
Run2_20201019,Run2_20201124,194,20260914,0.09249664857889528
Run2_20201019,Run2_20201124,195,20260914,0.0632403096690385
Run2_20201019,Run2_20201124,196,20260914,0.023728248779024814
Run2_20201019,Run2_20201124,197,20260914,-0.04683188189062056
Run2_20201019,Run2_20201124,198,20260914,-0.029959238696533188
Run2_20201019,Run2_20201124,199,20260914,0.00959717083700743
Run1_20201020,Run2_20201020,0,20260914,-0.04098668034388048
Run1_20201020,Run2_20201020,1,20260914,0.20646842540137722
Run1_20201020,Run2_20201020,2,20260914,-0.050436265551901394
Run1_20201020,Run2_20201020,3,20260914,-0.02371101278039684
Run1_20201020,Run2_20201020,4,20260914,-0.04456058118973768
Run1_20201020,Run2_20201020,5,20260914,0.0015682761559029322
Run1_20201020,Run2_20201020,6,20260914,-0.06640322958888978
Run1_20201020,Run2_20201020,7,20260914,-0.09872304380611507
Run1_20201020,Run2_20201020,8,20260914,0.019999661470387387
Run1_20201020,Run2_20201020,9,20260914,-0.05382877003327962
Run1_20201020,Run2_20201020,10,20260914,0.008399777686624218
Run1_20201020,Run2_20201020,11,20260914,-0.014773621192192289
Run1_20201020,Run2_20201020,12,20260914,0.035135432535907854
Run1_20201020,Run2_20201020,13,20260914,-0.008252312636422055
Run1_20201020,Run2_20201020,14,20260914,-0.016861471257257264
Run1_20201020,Run2_20201020,15,20260914,0.03507726555502401
Run1_20201020,Run2_20201020,16,20260914,0.0936362497739017
Run1_20201020,Run2_20201020,17,20260914,-0.0344080837276719
Run1_20201020,Run2_20201020,18,20260914,0.09047786411250734
Run1_20201020,Run2_20201020,19,20260914,-0.0458042745499202
Run1_20201020,Run2_20201020,20,20260914,-0.014048989110998293
Run1_20201020,Run2_20201020,21,20260914,-0.0036804737285667175
Run1_20201020,Run2_20201020,22,20260914,0.0245786985260604
Run1_20201020,Run2_20201020,23,20260914,-0.048270495928638434
Run1_20201020,Run2_20201020,24,20260914,0.010611260710803618
Run1_20201020,Run2_20201020,25,20260914,-0.03292700546622643
Run1_20201020,Run2_20201020,26,20260914,0.1418512616682626
Run1_20201020,Run2_20201020,27,20260914,0.04072096608653548
Run1_20201020,Run2_20201020,28,20260914,-0.08753728831149764
Run1_20201020,Run2_20201020,29,20260914,-0.07399846286188501
Run1_20201020,Run2_20201020,30,20260914,0.11440084453921519
Run1_20201020,Run2_20201020,31,20260914,-0.01760904700671534
Run1_20201020,Run2_20201020,32,20260914,0.039954608288053965
Run1_20201020,Run2_20201020,33,20260914,0.12630475873422228
Run1_20201020,Run2_20201020,34,20260914,0.04594647251012295
Run1_20201020,Run2_20201020,35,20260914,-0.01469016983612706
Run1_20201020,Run2_20201020,36,20260914,0.010120727838263156
Run1_20201020,Run2_20201020,37,20260914,-0.08667418501508974
Run1_20201020,Run2_20201020,38,20260914,-0.04619270029359589
Run1_20201020,Run2_20201020,39,20260914,-0.009813887021027569
Run1_20201020,Run2_20201020,40,20260914,-0.066362277006689
Run1_20201020,Run2_20201020,41,20260914,0.03775278974798862
Run1_20201020,Run2_20201020,42,20260914,-0.0569485905235558
Run1_20201020,Run2_20201020,43,20260914,0.005910426578770539
Run1_20201020,Run2_20201020,44,20260914,0.04135528188238035
Run1_20201020,Run2_20201020,45,20260914,0.023651395611853504
Run1_20201020,Run2_20201020,46,20260914,-0.025830135957869243
Run1_20201020,Run2_20201020,47,20260914,-0.041186983796981116
Run1_20201020,Run2_20201020,48,20260914,0.07389935949535208
Run1_20201020,Run2_20201020,49,20260914,-0.04977233180279926
Run1_20201020,Run2_20201020,50,20260914,0.052330284157473345
Run1_20201020,Run2_20201020,51,20260914,-0.05608924553781312
Run1_20201020,Run2_20201020,52,20260914,-0.051474084721259715
Run1_20201020,Run2_20201020,53,20260914,-0.09339480440158901
Run1_20201020,Run2_20201020,54,20260914,0.17556332335152147
Run1_20201020,Run2_20201020,55,20260914,-0.004869984667666659
Run1_20201020,Run2_20201020,56,20260914,-0.058392596803044934
Run1_20201020,Run2_20201020,57,20260914,-0.03517878112976514
Run1_20201020,Run2_20201020,58,20260914,-0.01730807372656601
Run1_20201020,Run2_20201020,59,20260914,-0.0184430470661111
Run1_20201020,Run2_20201020,60,20260914,0.013251463033675526
Run1_20201020,Run2_20201020,61,20260914,-0.014969048787800147
Run1_20201020,Run2_20201020,62,20260914,-0.016583539484996725
Run1_20201020,Run2_20201020,63,20260914,-0.0696782062445517
Run1_20201020,Run2_20201020,64,20260914,-0.04539399975793871
Run1_20201020,Run2_20201020,65,20260914,-0.037980364260125854
Run1_20201020,Run2_20201020,66,20260914,-0.010853166366936656
Run1_20201020,Run2_20201020,67,20260914,-0.05867432858949379
Run1_20201020,Run2_20201020,68,20260914,0.03664202822883925
Run1_20201020,Run2_20201020,69,20260914,0.005843570596265511
Run1_20201020,Run2_20201020,70,20260914,0.011400258637825993
Run1_20201020,Run2_20201020,71,20260914,-0.02898539494367214
Run1_20201020,Run2_20201020,72,20260914,-0.05562561872096517
Run1_20201020,Run2_20201020,73,20260914,-0.028922708957852955
Run1_20201020,Run2_20201020,74,20260914,-0.015688447394520032
Run1_20201020,Run2_20201020,75,20260914,-0.011310198229125015
Run1_20201020,Run2_20201020,76,20260914,-0.0390572342867483
Run1_20201020,Run2_20201020,77,20260914,-0.07213232978358644
Run1_20201020,Run2_20201020,78,20260914,-0.053267464131409405
Run1_20201020,Run2_20201020,79,20260914,-0.07740773008790815
Run1_20201020,Run2_20201020,80,20260914,-0.04912771286144237
Run1_20201020,Run2_20201020,81,20260914,0.0005283325214162757
Run1_20201020,Run2_20201020,82,20260914,-0.012618395476302396
Run1_20201020,Run2_20201020,83,20260914,0.11799243973157063
Run1_20201020,Run2_20201020,84,20260914,0.03210457547144238
Run1_20201020,Run2_20201020,85,20260914,0.032307273974811396
Run1_20201020,Run2_20201020,86,20260914,-0.008446187548252071
Run1_20201020,Run2_20201020,87,20260914,-0.0716430366077416
Run1_20201020,Run2_20201020,88,20260914,-0.024135689131819814
Run1_20201020,Run2_20201020,89,20260914,-0.01601104676743762
Run1_20201020,Run2_20201020,90,20260914,-0.07677283710355297
Run1_20201020,Run2_20201020,91,20260914,-0.05884883856582831
Run1_20201020,Run2_20201020,92,20260914,-0.0023558899865431834
Run1_20201020,Run2_20201020,93,20260914,0.1574635496818953
Run1_20201020,Run2_20201020,94,20260914,-0.08492287731967496
Run1_20201020,Run2_20201020,95,20260914,-0.05539091255618367
Run1_20201020,Run2_20201020,96,20260914,0.025480576197766832
Run1_20201020,Run2_20201020,97,20260914,-0.05599488829792182
Run1_20201020,Run2_20201020,98,20260914,-0.055789389618795523
Run1_20201020,Run2_20201020,99,20260914,0.03193196327841159
Run1_20201020,Run2_20201020,100,20260914,0.1484124877056288
Run1_20201020,Run2_20201020,101,20260914,-0.024213425641433244
Run1_20201020,Run2_20201020,102,20260914,0.01556995054568628
Run1_20201020,Run2_20201020,103,20260914,0.16119571180420617
Run1_20201020,Run2_20201020,104,20260914,-0.034286332480333165
Run1_20201020,Run2_20201020,105,20260914,-0.058494733426538846
Run1_20201020,Run2_20201020,106,20260914,0.10232694564626031
Run1_20201020,Run2_20201020,107,20260914,-0.01372447752487358
Run1_20201020,Run2_20201020,108,20260914,0.06266647417512461
Run1_20201020,Run2_20201020,109,20260914,-0.06477849302691721
Run1_20201020,Run2_20201020,110,20260914,-0.036378771408472683
Run1_20201020,Run2_20201020,111,20260914,-0.04854493528179997
Run1_20201020,Run2_20201020,112,20260914,-0.07803970554148325
Run1_20201020,Run2_20201020,113,20260914,-0.020122841869576955
Run1_20201020,Run2_20201020,114,20260914,-0.03569318998462476
Run1_20201020,Run2_20201020,115,20260914,0.1270509493287103
Run1_20201020,Run2_20201020,116,20260914,0.002272806299822466
Run1_20201020,Run2_20201020,117,20260914,0.09489944797933214
Run1_20201020,Run2_20201020,118,20260914,0.07729069984675808
Run1_20201020,Run2_20201020,119,20260914,-0.03314759975662436
Run1_20201020,Run2_20201020,120,20260914,-0.015737056620885634
Run1_20201020,Run2_20201020,121,20260914,0.04016320953292143
Run1_20201020,Run2_20201020,122,20260914,-0.045216748142315
Run1_20201020,Run2_20201020,123,20260914,-0.05735267394881715
Run1_20201020,Run2_20201020,124,20260914,0.030253038640392655
Run1_20201020,Run2_20201020,125,20260914,0.0182179993577718
Run1_20201020,Run2_20201020,126,20260914,-0.05055780334335483
Run1_20201020,Run2_20201020,127,20260914,-0.04619322486285984
Run1_20201020,Run2_20201020,128,20260914,0.008274185614664144
Run1_20201020,Run2_20201020,129,20260914,-0.08314802526766636
Run1_20201020,Run2_20201020,130,20260914,0.30642960470408465
Run1_20201020,Run2_20201020,131,20260914,-0.010850551692783551
Run1_20201020,Run2_20201020,132,20260914,-0.04745017401868411
Run1_20201020,Run2_20201020,133,20260914,-0.09170008429346073
Run1_20201020,Run2_20201020,134,20260914,-0.0614305444522778
Run1_20201020,Run2_20201020,135,20260914,-0.006933293113118958
Run1_20201020,Run2_20201020,136,20260914,0.0672908109214643
Run1_20201020,Run2_20201020,137,20260914,-0.02407095806190954
Run1_20201020,Run2_20201020,138,20260914,0.03202091861688659
Run1_20201020,Run2_20201020,139,20260914,0.09203394773093129
Run1_20201020,Run2_20201020,140,20260914,-0.027785470848012687
Run1_20201020,Run2_20201020,141,20260914,-0.00550878988090907
Run1_20201020,Run2_20201020,142,20260914,0.060089049940532165
Run1_20201020,Run2_20201020,143,20260914,-0.00101625559147489
Run1_20201020,Run2_20201020,144,20260914,0.08592531548435843
Run1_20201020,Run2_20201020,145,20260914,0.058938205166815125
Run1_20201020,Run2_20201020,146,20260914,-0.038220919482832884
Run1_20201020,Run2_20201020,147,20260914,-0.08760119408212069
Run1_20201020,Run2_20201020,148,20260914,0.20117377465232136
Run1_20201020,Run2_20201020,149,20260914,-0.038890119746712706
Run1_20201020,Run2_20201020,150,20260914,-0.008293238586776636
Run1_20201020,Run2_20201020,151,20260914,0.08324123009809183
Run1_20201020,Run2_20201020,152,20260914,0.1861846474682438
Run1_20201020,Run2_20201020,153,20260914,0.010909356185848103
Run1_20201020,Run2_20201020,154,20260914,-0.06183023037840986
Run1_20201020,Run2_20201020,155,20260914,-0.056014347821108514
Run1_20201020,Run2_20201020,156,20260914,0.023408070879121005
Run1_20201020,Run2_20201020,157,20260914,-0.010047377336998913
Run1_20201020,Run2_20201020,158,20260914,0.004234434748807237
Run1_20201020,Run2_20201020,159,20260914,-0.0646026104637809
Run1_20201020,Run2_20201020,160,20260914,0.10355941863940897
Run1_20201020,Run2_20201020,161,20260914,-0.011338430627554063
Run1_20201020,Run2_20201020,162,20260914,-0.05072185294774401
Run1_20201020,Run2_20201020,163,20260914,0.04931864722209167
Run1_20201020,Run2_20201020,164,20260914,0.04442947773652932
Run1_20201020,Run2_20201020,165,20260914,-0.0030486097793750253
Run1_20201020,Run2_20201020,166,20260914,-0.038036422576245545
Run1_20201020,Run2_20201020,167,20260914,0.0608277002786415
Run1_20201020,Run2_20201020,168,20260914,-0.043906852238505725
Run1_20201020,Run2_20201020,169,20260914,-0.08594712970558378
Run1_20201020,Run2_20201020,170,20260914,-0.08529731001719125
Run1_20201020,Run2_20201020,171,20260914,-0.041348346134424056
Run1_20201020,Run2_20201020,172,20260914,-0.035283440952435643
Run1_20201020,Run2_20201020,173,20260914,-0.03692631254643291
Run1_20201020,Run2_20201020,174,20260914,0.055987304080401534
Run1_20201020,Run2_20201020,175,20260914,-0.043988693857644603
Run1_20201020,Run2_20201020,176,20260914,-0.051973784065070854
Run1_20201020,Run2_20201020,177,20260914,-0.028943083416757786
Run1_20201020,Run2_20201020,178,20260914,-0.057996744940451546
Run1_20201020,Run2_20201020,179,20260914,-0.04658228313639427
Run1_20201020,Run2_20201020,180,20260914,-0.06236488434784692
Run1_20201020,Run2_20201020,181,20260914,-0.06844555009335523
Run1_20201020,Run2_20201020,182,20260914,0.0041911142716521774
Run1_20201020,Run2_20201020,183,20260914,-0.01939984587697708
Run1_20201020,Run2_20201020,184,20260914,-0.06652970973858832
Run1_20201020,Run2_20201020,185,20260914,0.08058007931201519
Run1_20201020,Run2_20201020,186,20260914,-0.013445003102967671
Run1_20201020,Run2_20201020,187,20260914,-0.02056485867924838
Run1_20201020,Run2_20201020,188,20260914,-0.011422106503230419
Run1_20201020,Run2_20201020,189,20260914,-0.04731556831272311
Run1_20201020,Run2_20201020,190,20260914,0.08388460295304971
Run1_20201020,Run2_20201020,191,20260914,-0.00016588203178119818
Run1_20201020,Run2_20201020,192,20260914,-0.03913026434770354
Run1_20201020,Run2_20201020,193,20260914,-0.02147503194457528
Run1_20201020,Run2_20201020,194,20260914,-0.001895283144082235
Run1_20201020,Run2_20201020,195,20260914,0.03421694744519182
Run1_20201020,Run2_20201020,196,20260914,-0.06802962709281062
Run1_20201020,Run2_20201020,197,20260914,0.014438954532526917
Run1_20201020,Run2_20201020,198,20260914,-0.0694036254496438
Run1_20201020,Run2_20201020,199,20260914,-0.02365308438656153
Run1_20201020,Run1_20201027,0,20260914,-0.04564100267586003
Run1_20201020,Run1_20201027,1,20260914,-0.07554529457163606
Run1_20201020,Run1_20201027,2,20260914,-0.05869602542715829
Run1_20201020,Run1_20201027,3,20260914,0.0027830767146501687
Run1_20201020,Run1_20201027,4,20260914,-0.04126477679349107
Run1_20201020,Run1_20201027,5,20260914,-0.032649627716767556
Run1_20201020,Run1_20201027,6,20260914,0.017707117191575247
Run1_20201020,Run1_20201027,7,20260914,0.1288070781313865
Run1_20201020,Run1_20201027,8,20260914,-0.0034933445386710043
Run1_20201020,Run1_20201027,9,20260914,-0.03661219511281292
Run1_20201020,Run1_20201027,10,20260914,-0.072871884278622
Run1_20201020,Run1_20201027,11,20260914,0.022781070493186548
Run1_20201020,Run1_20201027,12,20260914,0.1710389604282091
Run1_20201020,Run1_20201027,13,20260914,-0.06428816044709339
Run1_20201020,Run1_20201027,14,20260914,-0.05872083906131415
Run1_20201020,Run1_20201027,15,20260914,-0.057878310306396744
Run1_20201020,Run1_20201027,16,20260914,-0.03851326475514344
Run1_20201020,Run1_20201027,17,20260914,-0.07327159217390804
Run1_20201020,Run1_20201027,18,20260914,-0.012795824345915172
Run1_20201020,Run1_20201027,19,20260914,5.918777521833831e-06
Run1_20201020,Run1_20201027,20,20260914,-0.07557537269067681
Run1_20201020,Run1_20201027,21,20260914,0.392593316126011
Run1_20201020,Run1_20201027,22,20260914,0.07800179121972436
Run1_20201020,Run1_20201027,23,20260914,0.08890769006795354
Run1_20201020,Run1_20201027,24,20260914,-0.031093761380680283
Run1_20201020,Run1_20201027,25,20260914,0.04980339460718985
Run1_20201020,Run1_20201027,26,20260914,-0.04168945441407986
Run1_20201020,Run1_20201027,27,20260914,0.0719114546632863
Run1_20201020,Run1_20201027,28,20260914,-0.011451167350612105
Run1_20201020,Run1_20201027,29,20260914,-0.07361839802036861
Run1_20201020,Run1_20201027,30,20260914,-0.04966588729027411
Run1_20201020,Run1_20201027,31,20260914,0.019241364979082826
Run1_20201020,Run1_20201027,32,20260914,0.15329114802048205
Run1_20201020,Run1_20201027,33,20260914,-0.08338136021077902
Run1_20201020,Run1_20201027,34,20260914,0.03507495544735939
Run1_20201020,Run1_20201027,35,20260914,-0.027151580836145116
Run1_20201020,Run1_20201027,36,20260914,-0.07536796048401087
Run1_20201020,Run1_20201027,37,20260914,0.11057714779639094
Run1_20201020,Run1_20201027,38,20260914,0.11174815056462091
Run1_20201020,Run1_20201027,39,20260914,-0.005858735306568952
Run1_20201020,Run1_20201027,40,20260914,-0.019157130787556657
Run1_20201020,Run1_20201027,41,20260914,-0.048191878051359625
Run1_20201020,Run1_20201027,42,20260914,0.02054136190317065
Run1_20201020,Run1_20201027,43,20260914,-0.08472696396685261
Run1_20201020,Run1_20201027,44,20260914,-0.03732107464504422
Run1_20201020,Run1_20201027,45,20260914,-0.05206236501187126
Run1_20201020,Run1_20201027,46,20260914,0.031313204181903836
Run1_20201020,Run1_20201027,47,20260914,-0.08455503612563237
Run1_20201020,Run1_20201027,48,20260914,-0.05699881653194053
Run1_20201020,Run1_20201027,49,20260914,-0.00798206240054187
Run1_20201020,Run1_20201027,50,20260914,0.08955138370998098
Run1_20201020,Run1_20201027,51,20260914,-0.011796349935083656
Run1_20201020,Run1_20201027,52,20260914,0.005772005154556115
Run1_20201020,Run1_20201027,53,20260914,0.02440037292937601
Run1_20201020,Run1_20201027,54,20260914,-0.07219749450571059
Run1_20201020,Run1_20201027,55,20260914,0.014439432347746637
Run1_20201020,Run1_20201027,56,20260914,0.038115710888849665
Run1_20201020,Run1_20201027,57,20260914,0.046765564344691736
Run1_20201020,Run1_20201027,58,20260914,-0.0053842957005271665
Run1_20201020,Run1_20201027,59,20260914,-0.056855597116721314
Run1_20201020,Run1_20201027,60,20260914,-0.047975493541797205
Run1_20201020,Run1_20201027,61,20260914,-0.010017032494442914
Run1_20201020,Run1_20201027,62,20260914,-0.01594693250436917
Run1_20201020,Run1_20201027,63,20260914,-0.0036482478483583847
Run1_20201020,Run1_20201027,64,20260914,0.08094017183204791
Run1_20201020,Run1_20201027,65,20260914,-0.052898396804197764
Run1_20201020,Run1_20201027,66,20260914,-0.023597195654451206
Run1_20201020,Run1_20201027,67,20260914,-0.023034201276727343
Run1_20201020,Run1_20201027,68,20260914,8.747041374252657e-05
Run1_20201020,Run1_20201027,69,20260914,0.03455105908004401
Run1_20201020,Run1_20201027,70,20260914,0.0583769755240799
Run1_20201020,Run1_20201027,71,20260914,-0.016749886369855346
Run1_20201020,Run1_20201027,72,20260914,0.008738681481444625
Run1_20201020,Run1_20201027,73,20260914,-0.03585349943218711
Run1_20201020,Run1_20201027,74,20260914,0.03849265860797526
Run1_20201020,Run1_20201027,75,20260914,0.0423987072598276
Run1_20201020,Run1_20201027,76,20260914,0.040805618705459894
Run1_20201020,Run1_20201027,77,20260914,-0.00910071179811461
Run1_20201020,Run1_20201027,78,20260914,0.17063088949036576
Run1_20201020,Run1_20201027,79,20260914,0.040552566926376696
Run1_20201020,Run1_20201027,80,20260914,0.12226218098833007
Run1_20201020,Run1_20201027,81,20260914,0.13606789053318216
Run1_20201020,Run1_20201027,82,20260914,0.06519104444071296
Run1_20201020,Run1_20201027,83,20260914,-0.02368852261523535
Run1_20201020,Run1_20201027,84,20260914,-0.010714613634650061
Run1_20201020,Run1_20201027,85,20260914,0.020445439662128844
Run1_20201020,Run1_20201027,86,20260914,0.0709908486792581
Run1_20201020,Run1_20201027,87,20260914,-0.0296841888027555
Run1_20201020,Run1_20201027,88,20260914,0.026141821504046488
Run1_20201020,Run1_20201027,89,20260914,-0.01899725475074049
Run1_20201020,Run1_20201027,90,20260914,-0.0035473980969542487
Run1_20201020,Run1_20201027,91,20260914,0.04815234954613593
Run1_20201020,Run1_20201027,92,20260914,-0.04448919678034722
Run1_20201020,Run1_20201027,93,20260914,0.01663906454016827
Run1_20201020,Run1_20201027,94,20260914,-0.011633402375892289
Run1_20201020,Run1_20201027,95,20260914,-0.0505331811685277
Run1_20201020,Run1_20201027,96,20260914,-0.011976611743486005
Run1_20201020,Run1_20201027,97,20260914,0.09917704017416419
Run1_20201020,Run1_20201027,98,20260914,0.07665766431036575
Run1_20201020,Run1_20201027,99,20260914,0.003958729671246533
Run1_20201020,Run1_20201027,100,20260914,-0.03270536508144488
Run1_20201020,Run1_20201027,101,20260914,-0.026815077199614196
Run1_20201020,Run1_20201027,102,20260914,-0.020893908786505717
Run1_20201020,Run1_20201027,103,20260914,0.020236906088345566
Run1_20201020,Run1_20201027,104,20260914,0.08223987659182323
Run1_20201020,Run1_20201027,105,20260914,-0.05175878018280972
Run1_20201020,Run1_20201027,106,20260914,-0.06443872390719987
Run1_20201020,Run1_20201027,107,20260914,0.0854677158482725
Run1_20201020,Run1_20201027,108,20260914,0.03339827798730639
Run1_20201020,Run1_20201027,109,20260914,-0.07409387919733042
Run1_20201020,Run1_20201027,110,20260914,-0.013661140426062122
Run1_20201020,Run1_20201027,111,20260914,-0.0076192182549491266
Run1_20201020,Run1_20201027,112,20260914,-0.07267106936092305
Run1_20201020,Run1_20201027,113,20260914,-0.01989265148299246
Run1_20201020,Run1_20201027,114,20260914,-0.007484025664021684
Run1_20201020,Run1_20201027,115,20260914,-0.060297167880651356
Run1_20201020,Run1_20201027,116,20260914,-0.05286610489210363
Run1_20201020,Run1_20201027,117,20260914,-0.02169684556537013
Run1_20201020,Run1_20201027,118,20260914,0.052355363603043936
Run1_20201020,Run1_20201027,119,20260914,0.0009888685100014963
Run1_20201020,Run1_20201027,120,20260914,-0.004900194696175996
Run1_20201020,Run1_20201027,121,20260914,-0.03572279337818569
Run1_20201020,Run1_20201027,122,20260914,-0.03362840865253235
Run1_20201020,Run1_20201027,123,20260914,0.0014696011894653924
Run1_20201020,Run1_20201027,124,20260914,-0.012780225680753167
Run1_20201020,Run1_20201027,125,20260914,-0.053577180486339714
Run1_20201020,Run1_20201027,126,20260914,-0.07349369216519593
Run1_20201020,Run1_20201027,127,20260914,0.037706416879049166
Run1_20201020,Run1_20201027,128,20260914,-0.012858495479985627
Run1_20201020,Run1_20201027,129,20260914,0.007365974602831885
Run1_20201020,Run1_20201027,130,20260914,-0.024925771846720655
Run1_20201020,Run1_20201027,131,20260914,-0.004355996561051484
Run1_20201020,Run1_20201027,132,20260914,0.184088863586543
Run1_20201020,Run1_20201027,133,20260914,-0.020066888903207913
Run1_20201020,Run1_20201027,134,20260914,0.005601679940739487
Run1_20201020,Run1_20201027,135,20260914,0.06956329229911024
Run1_20201020,Run1_20201027,136,20260914,0.059042219206430976
Run1_20201020,Run1_20201027,137,20260914,0.1050063920037217
Run1_20201020,Run1_20201027,138,20260914,-0.04118343598020782
Run1_20201020,Run1_20201027,139,20260914,0.017732253947377402
Run1_20201020,Run1_20201027,140,20260914,0.01835183322191568
Run1_20201020,Run1_20201027,141,20260914,0.03034689243540869
Run1_20201020,Run1_20201027,142,20260914,0.11455259863218312
Run1_20201020,Run1_20201027,143,20260914,-0.06749841885328603
Run1_20201020,Run1_20201027,144,20260914,0.14678077079111526
Run1_20201020,Run1_20201027,145,20260914,-0.0522117086467548
Run1_20201020,Run1_20201027,146,20260914,0.05525382147948641
Run1_20201020,Run1_20201027,147,20260914,-0.012939804398878435
Run1_20201020,Run1_20201027,148,20260914,0.001900022072585175
Run1_20201020,Run1_20201027,149,20260914,-0.03163347649050351
Run1_20201020,Run1_20201027,150,20260914,-0.06900637347300499
Run1_20201020,Run1_20201027,151,20260914,-0.05362164033020669
Run1_20201020,Run1_20201027,152,20260914,-0.06336226643513665
Run1_20201020,Run1_20201027,153,20260914,0.03357422477571273
Run1_20201020,Run1_20201027,154,20260914,-0.09587297522048983
Run1_20201020,Run1_20201027,155,20260914,-0.035854891093169694
Run1_20201020,Run1_20201027,156,20260914,-0.039894163452268275
Run1_20201020,Run1_20201027,157,20260914,0.05672430419787223
Run1_20201020,Run1_20201027,158,20260914,0.0006416146644719513
Run1_20201020,Run1_20201027,159,20260914,-0.02729927524182429
Run1_20201020,Run1_20201027,160,20260914,0.01261842815231933
Run1_20201020,Run1_20201027,161,20260914,-0.043284046934810354
Run1_20201020,Run1_20201027,162,20260914,-0.0015624415383618912
Run1_20201020,Run1_20201027,163,20260914,-0.04712863841483168
Run1_20201020,Run1_20201027,164,20260914,-0.04692679322859552
Run1_20201020,Run1_20201027,165,20260914,-0.03552588998249206
Run1_20201020,Run1_20201027,166,20260914,0.0020555046616745503
Run1_20201020,Run1_20201027,167,20260914,-0.035055170915611715
Run1_20201020,Run1_20201027,168,20260914,-0.04739001217795408
Run1_20201020,Run1_20201027,169,20260914,-0.033331515731191114
Run1_20201020,Run1_20201027,170,20260914,-0.06142419154881207
Run1_20201020,Run1_20201027,171,20260914,-0.03951187888722245
Run1_20201020,Run1_20201027,172,20260914,-0.06373954434699591
Run1_20201020,Run1_20201027,173,20260914,-0.02557039477516503
Run1_20201020,Run1_20201027,174,20260914,0.020906093778193257
Run1_20201020,Run1_20201027,175,20260914,-0.0256023543744931
Run1_20201020,Run1_20201027,176,20260914,-0.05142857446120294
Run1_20201020,Run1_20201027,177,20260914,-0.05535017778937473
Run1_20201020,Run1_20201027,178,20260914,-0.06753013340535137
Run1_20201020,Run1_20201027,179,20260914,-0.02026752110479117
Run1_20201020,Run1_20201027,180,20260914,0.002436578341193567
Run1_20201020,Run1_20201027,181,20260914,-0.07251699211223601
Run1_20201020,Run1_20201027,182,20260914,-0.06044531832054119
Run1_20201020,Run1_20201027,183,20260914,-0.04073899744692953
Run1_20201020,Run1_20201027,184,20260914,-0.02692650465863479
Run1_20201020,Run1_20201027,185,20260914,0.10421186504780357
Run1_20201020,Run1_20201027,186,20260914,-0.05605807982251423
Run1_20201020,Run1_20201027,187,20260914,-0.04145486676835646
Run1_20201020,Run1_20201027,188,20260914,0.03908103708489186
Run1_20201020,Run1_20201027,189,20260914,0.012849615220884967
Run1_20201020,Run1_20201027,190,20260914,0.13950214047718268
Run1_20201020,Run1_20201027,191,20260914,0.004831784216045023
Run1_20201020,Run1_20201027,192,20260914,-0.07668344761696867
Run1_20201020,Run1_20201027,193,20260914,-0.05154907151562564
Run1_20201020,Run1_20201027,194,20260914,0.008904255146654131
Run1_20201020,Run1_20201027,195,20260914,-0.05354723695852076
Run1_20201020,Run1_20201027,196,20260914,-0.011265535452382682
Run1_20201020,Run1_20201027,197,20260914,-0.01066414589566403
Run1_20201020,Run1_20201027,198,20260914,-0.06585364676682513
Run1_20201020,Run1_20201027,199,20260914,-0.04399229077250511
Run1_20201020,Run2_20201027,0,20260914,0.07545308559459206
Run1_20201020,Run2_20201027,1,20260914,0.037587244921208504
Run1_20201020,Run2_20201027,2,20260914,0.07875922307429441
Run1_20201020,Run2_20201027,3,20260914,0.10926506379907336
Run1_20201020,Run2_20201027,4,20260914,-0.02374978119221543
Run1_20201020,Run2_20201027,5,20260914,0.019115791480206475
Run1_20201020,Run2_20201027,6,20260914,-0.03661246248231611
Run1_20201020,Run2_20201027,7,20260914,-0.052466657586545735
Run1_20201020,Run2_20201027,8,20260914,0.15034678288322514
Run1_20201020,Run2_20201027,9,20260914,-0.037000797332710396
Run1_20201020,Run2_20201027,10,20260914,0.10726133927339898
Run1_20201020,Run2_20201027,11,20260914,-0.06318334785285673
Run1_20201020,Run2_20201027,12,20260914,-0.06941675947230563
Run1_20201020,Run2_20201027,13,20260914,-0.07346947283597666
Run1_20201020,Run2_20201027,14,20260914,-0.01442619411023949
Run1_20201020,Run2_20201027,15,20260914,0.04634956745259424
Run1_20201020,Run2_20201027,16,20260914,0.23925909576565282
Run1_20201020,Run2_20201027,17,20260914,-0.03422585473304867
Run1_20201020,Run2_20201027,18,20260914,0.06579929840865145
Run1_20201020,Run2_20201027,19,20260914,0.013320376703755016
Run1_20201020,Run2_20201027,20,20260914,0.08212544463504688
Run1_20201020,Run2_20201027,21,20260914,-0.039502869640281935
Run1_20201020,Run2_20201027,22,20260914,-0.0527578481699521
Run1_20201020,Run2_20201027,23,20260914,0.013022686616592874
Run1_20201020,Run2_20201027,24,20260914,-0.008608600837867264
Run1_20201020,Run2_20201027,25,20260914,-0.038375522180172636
Run1_20201020,Run2_20201027,26,20260914,-0.0027468086564306493
Run1_20201020,Run2_20201027,27,20260914,0.0729717854290814
Run1_20201020,Run2_20201027,28,20260914,-0.003940745572829118
Run1_20201020,Run2_20201027,29,20260914,0.05850941153316599
Run1_20201020,Run2_20201027,30,20260914,0.017687126623304423
Run1_20201020,Run2_20201027,31,20260914,-0.03340602323891239
Run1_20201020,Run2_20201027,32,20260914,-0.040602061576476965
Run1_20201020,Run2_20201027,33,20260914,-0.07263779361320458
Run1_20201020,Run2_20201027,34,20260914,0.0923403686264219
Run1_20201020,Run2_20201027,35,20260914,0.033028775306408485
Run1_20201020,Run2_20201027,36,20260914,0.009445824896029126
Run1_20201020,Run2_20201027,37,20260914,-0.04915490333308882
Run1_20201020,Run2_20201027,38,20260914,0.0026217521489213767
Run1_20201020,Run2_20201027,39,20260914,0.13943424573086557
Run1_20201020,Run2_20201027,40,20260914,0.017649086815920784
Run1_20201020,Run2_20201027,41,20260914,-0.022059914973760468
Run1_20201020,Run2_20201027,42,20260914,-0.010451680015870459
Run1_20201020,Run2_20201027,43,20260914,0.07824132904939107
Run1_20201020,Run2_20201027,44,20260914,-0.057891078706118086
Run1_20201020,Run2_20201027,45,20260914,-0.011850094605350947
Run1_20201020,Run2_20201027,46,20260914,-0.018869051145317218
Run1_20201020,Run2_20201027,47,20260914,-0.008167829284233232
Run1_20201020,Run2_20201027,48,20260914,0.14206393073940987
Run1_20201020,Run2_20201027,49,20260914,-0.0699799014612284
Run1_20201020,Run2_20201027,50,20260914,-0.011170489632830573
Run1_20201020,Run2_20201027,51,20260914,-0.0663265700170045
Run1_20201020,Run2_20201027,52,20260914,-0.04134182026720833
Run1_20201020,Run2_20201027,53,20260914,0.041558872294533505
Run1_20201020,Run2_20201027,54,20260914,0.046836834446356196
Run1_20201020,Run2_20201027,55,20260914,-0.007981401337090079
Run1_20201020,Run2_20201027,56,20260914,0.14669874334436545
Run1_20201020,Run2_20201027,57,20260914,-0.02062730337423246
Run1_20201020,Run2_20201027,58,20260914,-0.010411365544807191
Run1_20201020,Run2_20201027,59,20260914,-0.016511411240372562
Run1_20201020,Run2_20201027,60,20260914,-0.019517680089879034
Run1_20201020,Run2_20201027,61,20260914,0.1333293166687119
Run1_20201020,Run2_20201027,62,20260914,-0.021892210707720235
Run1_20201020,Run2_20201027,63,20260914,0.0954265954786435
Run1_20201020,Run2_20201027,64,20260914,0.010461254707857684
Run1_20201020,Run2_20201027,65,20260914,-0.05415309787762161
Run1_20201020,Run2_20201027,66,20260914,0.014057896735382066
Run1_20201020,Run2_20201027,67,20260914,-0.010173859396468088
Run1_20201020,Run2_20201027,68,20260914,-0.031036537475606196
Run1_20201020,Run2_20201027,69,20260914,-0.023112703948412548
Run1_20201020,Run2_20201027,70,20260914,-0.022724814836548587
Run1_20201020,Run2_20201027,71,20260914,0.08802223432247928
Run1_20201020,Run2_20201027,72,20260914,0.09506886752962954
Run1_20201020,Run2_20201027,73,20260914,0.03464636225746679
Run1_20201020,Run2_20201027,74,20260914,0.01426941276043255
Run1_20201020,Run2_20201027,75,20260914,-0.027853324763405445
Run1_20201020,Run2_20201027,76,20260914,0.01754991292253937
Run1_20201020,Run2_20201027,77,20260914,-3.027166814974145e-05
Run1_20201020,Run2_20201027,78,20260914,0.18693761094048944
Run1_20201020,Run2_20201027,79,20260914,-0.07649156275149241
Run1_20201020,Run2_20201027,80,20260914,-0.037465374244607406
Run1_20201020,Run2_20201027,81,20260914,0.10574532812605247
Run1_20201020,Run2_20201027,82,20260914,-0.05772357055864343
Run1_20201020,Run2_20201027,83,20260914,-0.07492034200968609
Run1_20201020,Run2_20201027,84,20260914,-0.0227987207103018
Run1_20201020,Run2_20201027,85,20260914,-0.051123411717868515
Run1_20201020,Run2_20201027,86,20260914,-0.028847757091958946
Run1_20201020,Run2_20201027,87,20260914,0.0362303826875529
Run1_20201020,Run2_20201027,88,20260914,-0.03998575646832091
Run1_20201020,Run2_20201027,89,20260914,-0.02032842707593421
Run1_20201020,Run2_20201027,90,20260914,0.01413706612497482
Run1_20201020,Run2_20201027,91,20260914,0.05443572890369617
Run1_20201020,Run2_20201027,92,20260914,-0.04665876396194583
Run1_20201020,Run2_20201027,93,20260914,-0.04262551651923084
Run1_20201020,Run2_20201027,94,20260914,-0.025250735260547847
Run1_20201020,Run2_20201027,95,20260914,0.1855850319231357
Run1_20201020,Run2_20201027,96,20260914,-0.027634202692525187
Run1_20201020,Run2_20201027,97,20260914,0.0222720914950726
Run1_20201020,Run2_20201027,98,20260914,-0.0814382832140922
Run1_20201020,Run2_20201027,99,20260914,0.0808111459462915
Run1_20201020,Run2_20201027,100,20260914,-0.000632912390332921
Run1_20201020,Run2_20201027,101,20260914,-0.06039648319687323
Run1_20201020,Run2_20201027,102,20260914,-0.08369568701457042
Run1_20201020,Run2_20201027,103,20260914,-0.03256771086745224
Run1_20201020,Run2_20201027,104,20260914,-0.020212461918726964
Run1_20201020,Run2_20201027,105,20260914,-0.06256422924202104
Run1_20201020,Run2_20201027,106,20260914,-0.011983933693613997
Run1_20201020,Run2_20201027,107,20260914,0.025761857940128696
Run1_20201020,Run2_20201027,108,20260914,-0.029675557077969587
Run1_20201020,Run2_20201027,109,20260914,0.001300259921620103
Run1_20201020,Run2_20201027,110,20260914,-0.02660721656314435
Run1_20201020,Run2_20201027,111,20260914,0.10269807922653425
Run1_20201020,Run2_20201027,112,20260914,0.008767371455855322
Run1_20201020,Run2_20201027,113,20260914,-0.035812817192613595
Run1_20201020,Run2_20201027,114,20260914,0.23815578268253473
Run1_20201020,Run2_20201027,115,20260914,0.011838762014974831
Run1_20201020,Run2_20201027,116,20260914,0.0009305370670993533
Run1_20201020,Run2_20201027,117,20260914,-0.03721890794147613
Run1_20201020,Run2_20201027,118,20260914,-0.04455939633040235
Run1_20201020,Run2_20201027,119,20260914,-0.000784548314790555
Run1_20201020,Run2_20201027,120,20260914,0.0030889514270263946
Run1_20201020,Run2_20201027,121,20260914,-0.05059118290300299
Run1_20201020,Run2_20201027,122,20260914,-0.030292092015428693
Run1_20201020,Run2_20201027,123,20260914,0.07519917759056173
Run1_20201020,Run2_20201027,124,20260914,-0.03588699103889548
Run1_20201020,Run2_20201027,125,20260914,-0.03996691469524283
Run1_20201020,Run2_20201027,126,20260914,-0.018866232234079655
Run1_20201020,Run2_20201027,127,20260914,-0.030803717209594506
Run1_20201020,Run2_20201027,128,20260914,0.147349993451576
Run1_20201020,Run2_20201027,129,20260914,-0.0934843864729479
Run1_20201020,Run2_20201027,130,20260914,-0.0274970385004132
Run1_20201020,Run2_20201027,131,20260914,9.846637246439723e-05
Run1_20201020,Run2_20201027,132,20260914,0.017661749751895953
Run1_20201020,Run2_20201027,133,20260914,-0.026815552434231303
Run1_20201020,Run2_20201027,134,20260914,0.08353629442547231
Run1_20201020,Run2_20201027,135,20260914,0.01784360387172448
Run1_20201020,Run2_20201027,136,20260914,0.11662529708530114
Run1_20201020,Run2_20201027,137,20260914,-0.03653392401956156
Run1_20201020,Run2_20201027,138,20260914,-0.06589973075982478
Run1_20201020,Run2_20201027,139,20260914,-0.026077744821618995
Run1_20201020,Run2_20201027,140,20260914,-0.03112399972115053
Run1_20201020,Run2_20201027,141,20260914,-0.040362522186714114
Run1_20201020,Run2_20201027,142,20260914,0.04522620962762661
Run1_20201020,Run2_20201027,143,20260914,-0.06111676130604495
Run1_20201020,Run2_20201027,144,20260914,0.028154958796397723
Run1_20201020,Run2_20201027,145,20260914,-0.002072424358799329
Run1_20201020,Run2_20201027,146,20260914,0.012449215552327069
Run1_20201020,Run2_20201027,147,20260914,-0.049922633809055365
Run1_20201020,Run2_20201027,148,20260914,0.1810442906673808
Run1_20201020,Run2_20201027,149,20260914,0.1233252607824834
Run1_20201020,Run2_20201027,150,20260914,0.036783663718277466
Run1_20201020,Run2_20201027,151,20260914,-0.01928760605674996
Run1_20201020,Run2_20201027,152,20260914,0.03478256282106694
Run1_20201020,Run2_20201027,153,20260914,-0.04618472715918742
Run1_20201020,Run2_20201027,154,20260914,0.0361263290444192
Run1_20201020,Run2_20201027,155,20260914,-0.0783228911601742
Run1_20201020,Run2_20201027,156,20260914,-0.04431588963282267
Run1_20201020,Run2_20201027,157,20260914,-0.0490176607319525
Run1_20201020,Run2_20201027,158,20260914,0.006652082888091928
Run1_20201020,Run2_20201027,159,20260914,-0.04087357560533788
Run1_20201020,Run2_20201027,160,20260914,0.012410371371214214
Run1_20201020,Run2_20201027,161,20260914,-0.054494168277756355
Run1_20201020,Run2_20201027,162,20260914,-0.03501263000298585
Run1_20201020,Run2_20201027,163,20260914,0.03266289455238454
Run1_20201020,Run2_20201027,164,20260914,-0.0036792877345962456
Run1_20201020,Run2_20201027,165,20260914,-0.053538868934043825
Run1_20201020,Run2_20201027,166,20260914,0.0015150017692416695
Run1_20201020,Run2_20201027,167,20260914,-0.013183811194254528
Run1_20201020,Run2_20201027,168,20260914,-0.052758586307224034
Run1_20201020,Run2_20201027,169,20260914,0.02072397567616228
Run1_20201020,Run2_20201027,170,20260914,-0.04191321685086456
Run1_20201020,Run2_20201027,171,20260914,-0.07225011742811538
Run1_20201020,Run2_20201027,172,20260914,0.18148143629750477
Run1_20201020,Run2_20201027,173,20260914,-0.05380284648197451
Run1_20201020,Run2_20201027,174,20260914,-0.0660490163503678
Run1_20201020,Run2_20201027,175,20260914,-0.059662047301743994
Run1_20201020,Run2_20201027,176,20260914,0.038705443675446094
Run1_20201020,Run2_20201027,177,20260914,-0.06777020235145863
Run1_20201020,Run2_20201027,178,20260914,-0.06264040916765724
Run1_20201020,Run2_20201027,179,20260914,0.06250775721464528
Run1_20201020,Run2_20201027,180,20260914,0.05838639888434492
Run1_20201020,Run2_20201027,181,20260914,-0.06807389728536815
Run1_20201020,Run2_20201027,182,20260914,0.08739703719948066
Run1_20201020,Run2_20201027,183,20260914,-0.0776140357313758
Run1_20201020,Run2_20201027,184,20260914,-0.019571846376373134
Run1_20201020,Run2_20201027,185,20260914,0.11078611459296368
Run1_20201020,Run2_20201027,186,20260914,-0.04460173270008428
Run1_20201020,Run2_20201027,187,20260914,-0.07487395187369388
Run1_20201020,Run2_20201027,188,20260914,-0.015136997315797346
Run1_20201020,Run2_20201027,189,20260914,-0.05077710654633599
Run1_20201020,Run2_20201027,190,20260914,0.00200841619780545
Run1_20201020,Run2_20201027,191,20260914,-0.014882002095482016
Run1_20201020,Run2_20201027,192,20260914,-0.04320858093279559
Run1_20201020,Run2_20201027,193,20260914,0.03573575238087915
Run1_20201020,Run2_20201027,194,20260914,-0.06154263985137583
Run1_20201020,Run2_20201027,195,20260914,-0.05721962780940893
Run1_20201020,Run2_20201027,196,20260914,-0.03175873360589195
Run1_20201020,Run2_20201027,197,20260914,0.08957912475413402
Run1_20201020,Run2_20201027,198,20260914,0.05024238678554541
Run1_20201020,Run2_20201027,199,20260914,0.16799903488606976
Run1_20201020,Run1_20201028,0,20260914,0.008532478815530643
Run1_20201020,Run1_20201028,1,20260914,0.028271030736665207
Run1_20201020,Run1_20201028,2,20260914,-0.015756040500768512
Run1_20201020,Run1_20201028,3,20260914,-0.08094209258160985
Run1_20201020,Run1_20201028,4,20260914,-0.07659814565980437
Run1_20201020,Run1_20201028,5,20260914,0.007874163716067138
Run1_20201020,Run1_20201028,6,20260914,0.007631161805890228
Run1_20201020,Run1_20201028,7,20260914,-0.06425019262489715
Run1_20201020,Run1_20201028,8,20260914,0.13955559928344796
Run1_20201020,Run1_20201028,9,20260914,-0.03607444443019518
Run1_20201020,Run1_20201028,10,20260914,0.13899978641390714
Run1_20201020,Run1_20201028,11,20260914,0.014795147349958744
Run1_20201020,Run1_20201028,12,20260914,-0.009975378633636154
Run1_20201020,Run1_20201028,13,20260914,-0.046032294003764754
Run1_20201020,Run1_20201028,14,20260914,-0.011240239103486795
Run1_20201020,Run1_20201028,15,20260914,0.01946237579609153
Run1_20201020,Run1_20201028,16,20260914,0.006036578709119152
Run1_20201020,Run1_20201028,17,20260914,0.024577534768658215
Run1_20201020,Run1_20201028,18,20260914,0.017778697224046788
Run1_20201020,Run1_20201028,19,20260914,-0.03292317995533368
Run1_20201020,Run1_20201028,20,20260914,-0.05309141734278167
Run1_20201020,Run1_20201028,21,20260914,-0.0062881566485843005
Run1_20201020,Run1_20201028,22,20260914,-0.03245758002378209
Run1_20201020,Run1_20201028,23,20260914,0.030392147743214314
Run1_20201020,Run1_20201028,24,20260914,0.11979887234003662
Run1_20201020,Run1_20201028,25,20260914,-0.026993352723414694
Run1_20201020,Run1_20201028,26,20260914,-0.001384111392672778
Run1_20201020,Run1_20201028,27,20260914,-0.06353142646881824
Run1_20201020,Run1_20201028,28,20260914,-0.052935022845183685
Run1_20201020,Run1_20201028,29,20260914,0.10391232218063728
Run1_20201020,Run1_20201028,30,20260914,8.662327939633308e-05
Run1_20201020,Run1_20201028,31,20260914,-0.038837871498424006
Run1_20201020,Run1_20201028,32,20260914,0.048193019732624784
Run1_20201020,Run1_20201028,33,20260914,-0.005969605414544821
Run1_20201020,Run1_20201028,34,20260914,-0.024614359788055144
Run1_20201020,Run1_20201028,35,20260914,-0.02757878144323067
Run1_20201020,Run1_20201028,36,20260914,0.03953438559311802
Run1_20201020,Run1_20201028,37,20260914,0.07513484372539533
Run1_20201020,Run1_20201028,38,20260914,-0.024866682470571572
Run1_20201020,Run1_20201028,39,20260914,0.040172916883293414
Run1_20201020,Run1_20201028,40,20260914,0.024745488578822358
Run1_20201020,Run1_20201028,41,20260914,0.02454544232938441
Run1_20201020,Run1_20201028,42,20260914,-0.04109024530240167
Run1_20201020,Run1_20201028,43,20260914,-0.04381385394242764
Run1_20201020,Run1_20201028,44,20260914,-0.015488540866087174
Run1_20201020,Run1_20201028,45,20260914,-0.06824240623658323
Run1_20201020,Run1_20201028,46,20260914,-0.03401224865335218
Run1_20201020,Run1_20201028,47,20260914,0.0453846317048698
Run1_20201020,Run1_20201028,48,20260914,-0.0076225044112258385
Run1_20201020,Run1_20201028,49,20260914,0.058749645916359304
Run1_20201020,Run1_20201028,50,20260914,-0.03864750877345182
Run1_20201020,Run1_20201028,51,20260914,-0.03387837833233113
Run1_20201020,Run1_20201028,52,20260914,0.02113742858284634
Run1_20201020,Run1_20201028,53,20260914,-0.03073397281815094
Run1_20201020,Run1_20201028,54,20260914,-0.03441457380024265
Run1_20201020,Run1_20201028,55,20260914,-0.03230343044030238
Run1_20201020,Run1_20201028,56,20260914,-0.058341121583697725
Run1_20201020,Run1_20201028,57,20260914,-0.014235039448232121
Run1_20201020,Run1_20201028,58,20260914,0.05725370264337215
Run1_20201020,Run1_20201028,59,20260914,0.050593849541178564
Run1_20201020,Run1_20201028,60,20260914,-0.07332048776850346
Run1_20201020,Run1_20201028,61,20260914,0.003450267224249726
Run1_20201020,Run1_20201028,62,20260914,-0.0030913430152201844
Run1_20201020,Run1_20201028,63,20260914,-0.03342207120586416
Run1_20201020,Run1_20201028,64,20260914,-0.01328371110394242
Run1_20201020,Run1_20201028,65,20260914,0.10017799611199595
Run1_20201020,Run1_20201028,66,20260914,0.08029715275572154
Run1_20201020,Run1_20201028,67,20260914,-0.08398910358415902
Run1_20201020,Run1_20201028,68,20260914,0.08233507156415104
Run1_20201020,Run1_20201028,69,20260914,-0.02898743879157972
Run1_20201020,Run1_20201028,70,20260914,-0.04430382722585203
Run1_20201020,Run1_20201028,71,20260914,0.021088084108735965
Run1_20201020,Run1_20201028,72,20260914,-0.06486076541503356
Run1_20201020,Run1_20201028,73,20260914,0.05099584875488642
Run1_20201020,Run1_20201028,74,20260914,-0.02528612735884872
Run1_20201020,Run1_20201028,75,20260914,0.03996671800450891
Run1_20201020,Run1_20201028,76,20260914,-0.028077764214952214
Run1_20201020,Run1_20201028,77,20260914,0.02321135572816141
Run1_20201020,Run1_20201028,78,20260914,0.0019522269177247415
Run1_20201020,Run1_20201028,79,20260914,-0.03355881215604593
Run1_20201020,Run1_20201028,80,20260914,0.015209110363964903
Run1_20201020,Run1_20201028,81,20260914,0.0410641761337093
Run1_20201020,Run1_20201028,82,20260914,-0.015136290464492979
Run1_20201020,Run1_20201028,83,20260914,-0.04943245497076212
Run1_20201020,Run1_20201028,84,20260914,-0.05093612351728901
Run1_20201020,Run1_20201028,85,20260914,-0.012239359656263061
Run1_20201020,Run1_20201028,86,20260914,-0.033050595732393245
Run1_20201020,Run1_20201028,87,20260914,-0.007592825361475216
Run1_20201020,Run1_20201028,88,20260914,0.005863483590316375
Run1_20201020,Run1_20201028,89,20260914,-0.023146556826178763
Run1_20201020,Run1_20201028,90,20260914,0.0429738583681585
Run1_20201020,Run1_20201028,91,20260914,-0.03960137690732008
Run1_20201020,Run1_20201028,92,20260914,0.009607920447215696
Run1_20201020,Run1_20201028,93,20260914,-0.012409920712664524
Run1_20201020,Run1_20201028,94,20260914,-0.05535097294945485
Run1_20201020,Run1_20201028,95,20260914,-0.0247647234666753
Run1_20201020,Run1_20201028,96,20260914,0.05110418822545714
Run1_20201020,Run1_20201028,97,20260914,0.0479531052882551
Run1_20201020,Run1_20201028,98,20260914,0.012056216510935528
Run1_20201020,Run1_20201028,99,20260914,-0.033211776197284125
Run1_20201020,Run1_20201028,100,20260914,-0.042624171928007076
Run1_20201020,Run1_20201028,101,20260914,-0.0425939573184637
Run1_20201020,Run1_20201028,102,20260914,0.008776427542651868
Run1_20201020,Run1_20201028,103,20260914,-0.005465502463722814
Run1_20201020,Run1_20201028,104,20260914,-0.05272319203788986
Run1_20201020,Run1_20201028,105,20260914,-0.011655984913113357
Run1_20201020,Run1_20201028,106,20260914,-0.021439079700900712
Run1_20201020,Run1_20201028,107,20260914,-0.03418405397955742
Run1_20201020,Run1_20201028,108,20260914,-0.0069765404846550555
Run1_20201020,Run1_20201028,109,20260914,-0.016504848823327322
Run1_20201020,Run1_20201028,110,20260914,-0.026909253046845782
Run1_20201020,Run1_20201028,111,20260914,0.02084902270116946
Run1_20201020,Run1_20201028,112,20260914,0.04052970739818994
Run1_20201020,Run1_20201028,113,20260914,-0.07450704993071687
Run1_20201020,Run1_20201028,114,20260914,-0.008446162781859357
Run1_20201020,Run1_20201028,115,20260914,-0.051406184645737624
Run1_20201020,Run1_20201028,116,20260914,-0.02588953176459981
Run1_20201020,Run1_20201028,117,20260914,0.1751382292510576
Run1_20201020,Run1_20201028,118,20260914,-0.011280618548819673
Run1_20201020,Run1_20201028,119,20260914,0.08231820010419444
Run1_20201020,Run1_20201028,120,20260914,-0.02127846500428736
Run1_20201020,Run1_20201028,121,20260914,-0.03488617901466915
Run1_20201020,Run1_20201028,122,20260914,-0.047051524949933046
Run1_20201020,Run1_20201028,123,20260914,0.005434807379867475
Run1_20201020,Run1_20201028,124,20260914,0.20283564282230865
Run1_20201020,Run1_20201028,125,20260914,-0.01254791036937252
Run1_20201020,Run1_20201028,126,20260914,0.003324536267863565
Run1_20201020,Run1_20201028,127,20260914,-0.022493229179756845
Run1_20201020,Run1_20201028,128,20260914,0.015577586817490696
Run1_20201020,Run1_20201028,129,20260914,0.0327942492934584
Run1_20201020,Run1_20201028,130,20260914,-0.03601065188378981
Run1_20201020,Run1_20201028,131,20260914,-0.05179729978437431
Run1_20201020,Run1_20201028,132,20260914,0.08194755114247987
Run1_20201020,Run1_20201028,133,20260914,0.0046738989032671235
Run1_20201020,Run1_20201028,134,20260914,0.05736870434569556
Run1_20201020,Run1_20201028,135,20260914,0.03305673832743427
Run1_20201020,Run1_20201028,136,20260914,0.018715464273235553
Run1_20201020,Run1_20201028,137,20260914,-0.0740405295262666
Run1_20201020,Run1_20201028,138,20260914,-0.01118719564225202
Run1_20201020,Run1_20201028,139,20260914,0.010247479532311497
Run1_20201020,Run1_20201028,140,20260914,0.08645595301337114
Run1_20201020,Run1_20201028,141,20260914,-0.07618779373643067
Run1_20201020,Run1_20201028,142,20260914,0.01822928128569898
Run1_20201020,Run1_20201028,143,20260914,0.03901048242960875
Run1_20201020,Run1_20201028,144,20260914,-0.03760927869660421
Run1_20201020,Run1_20201028,145,20260914,0.10934346793507863
Run1_20201020,Run1_20201028,146,20260914,0.004556893137964293
Run1_20201020,Run1_20201028,147,20260914,0.05124103836311988
Run1_20201020,Run1_20201028,148,20260914,0.049785019008886516
Run1_20201020,Run1_20201028,149,20260914,0.019316392190476817
Run1_20201020,Run1_20201028,150,20260914,-0.03868859665563256
Run1_20201020,Run1_20201028,151,20260914,-0.007199926379414905
Run1_20201020,Run1_20201028,152,20260914,-0.03770708419882407
Run1_20201020,Run1_20201028,153,20260914,0.09978952747829162
Run1_20201020,Run1_20201028,154,20260914,-0.00710786831078951
Run1_20201020,Run1_20201028,155,20260914,-0.0008707943605952187
Run1_20201020,Run1_20201028,156,20260914,0.057825316828747864
Run1_20201020,Run1_20201028,157,20260914,0.10977879638435406
Run1_20201020,Run1_20201028,158,20260914,0.04334094752828442
Run1_20201020,Run1_20201028,159,20260914,-0.06919093971744004
Run1_20201020,Run1_20201028,160,20260914,-0.05661283742201654
Run1_20201020,Run1_20201028,161,20260914,0.10213861471187158
Run1_20201020,Run1_20201028,162,20260914,0.03232098549901949
Run1_20201020,Run1_20201028,163,20260914,0.10818827424739248
Run1_20201020,Run1_20201028,164,20260914,0.11251217215892124
Run1_20201020,Run1_20201028,165,20260914,0.010101029653216735
Run1_20201020,Run1_20201028,166,20260914,-0.032952523190418775
Run1_20201020,Run1_20201028,167,20260914,-0.010304270928520907
Run1_20201020,Run1_20201028,168,20260914,-0.04697251941293492
Run1_20201020,Run1_20201028,169,20260914,0.036819998552101725
Run1_20201020,Run1_20201028,170,20260914,-0.04403921989043164
Run1_20201020,Run1_20201028,171,20260914,-0.014281004495503891
Run1_20201020,Run1_20201028,172,20260914,0.03140447050369179
Run1_20201020,Run1_20201028,173,20260914,-0.05191567263852685
Run1_20201020,Run1_20201028,174,20260914,-0.04248968331373115
Run1_20201020,Run1_20201028,175,20260914,-0.020611404703468915
Run1_20201020,Run1_20201028,176,20260914,-0.06313070654811898
Run1_20201020,Run1_20201028,177,20260914,0.0335704677143009
Run1_20201020,Run1_20201028,178,20260914,-0.024007118788425957
Run1_20201020,Run1_20201028,179,20260914,-0.0807680374070944
Run1_20201020,Run1_20201028,180,20260914,0.032641005686878985
Run1_20201020,Run1_20201028,181,20260914,-0.07188044088546165
Run1_20201020,Run1_20201028,182,20260914,0.046204979489069015
Run1_20201020,Run1_20201028,183,20260914,0.006793593510982676
Run1_20201020,Run1_20201028,184,20260914,-0.040091679497764425
Run1_20201020,Run1_20201028,185,20260914,-0.04092392595273124
Run1_20201020,Run1_20201028,186,20260914,-0.053704676648395726
Run1_20201020,Run1_20201028,187,20260914,0.04124626533870084
Run1_20201020,Run1_20201028,188,20260914,-0.03874413747094914
Run1_20201020,Run1_20201028,189,20260914,-0.023912621260968117
Run1_20201020,Run1_20201028,190,20260914,-0.012603823778308904
Run1_20201020,Run1_20201028,191,20260914,-0.003272051142894024
Run1_20201020,Run1_20201028,192,20260914,-0.03280153693457259
Run1_20201020,Run1_20201028,193,20260914,0.03343963162575024
Run1_20201020,Run1_20201028,194,20260914,-0.06536306558564059
Run1_20201020,Run1_20201028,195,20260914,0.06330332884158363
Run1_20201020,Run1_20201028,196,20260914,0.017227855084220575
Run1_20201020,Run1_20201028,197,20260914,-0.0716331867660877
Run1_20201020,Run1_20201028,198,20260914,-0.012627266693177479
Run1_20201020,Run1_20201028,199,20260914,0.025481700245954864
Run1_20201020,Run1_20201030,0,20260914,0.031154436098221196
Run1_20201020,Run1_20201030,1,20260914,-0.02311452770830341
Run1_20201020,Run1_20201030,2,20260914,0.04623747142702997
Run1_20201020,Run1_20201030,3,20260914,-0.05472714261891813
Run1_20201020,Run1_20201030,4,20260914,0.02625310930335156
Run1_20201020,Run1_20201030,5,20260914,-0.059499755961320476
Run1_20201020,Run1_20201030,6,20260914,-0.027949581316071705
Run1_20201020,Run1_20201030,7,20260914,0.006314591622989306
Run1_20201020,Run1_20201030,8,20260914,-0.016246417488722485
Run1_20201020,Run1_20201030,9,20260914,0.0495291029167464
Run1_20201020,Run1_20201030,10,20260914,-0.017683017884383728
Run1_20201020,Run1_20201030,11,20260914,-0.047970409667983493
Run1_20201020,Run1_20201030,12,20260914,0.0029007992414463984
Run1_20201020,Run1_20201030,13,20260914,-0.032560101694339434
Run1_20201020,Run1_20201030,14,20260914,-0.012857164165813242
Run1_20201020,Run1_20201030,15,20260914,0.14583584780532538
Run1_20201020,Run1_20201030,16,20260914,0.005182184413254817
Run1_20201020,Run1_20201030,17,20260914,-0.002900069105896915
Run1_20201020,Run1_20201030,18,20260914,0.14375497565893172
Run1_20201020,Run1_20201030,19,20260914,0.11095754589760144
Run1_20201020,Run1_20201030,20,20260914,-0.04841368924719962
Run1_20201020,Run1_20201030,21,20260914,0.030739939034862388
Run1_20201020,Run1_20201030,22,20260914,0.03949193790066299
Run1_20201020,Run1_20201030,23,20260914,0.13730671606103992
Run1_20201020,Run1_20201030,24,20260914,-0.03292301988073267
Run1_20201020,Run1_20201030,25,20260914,0.0466522408673502
Run1_20201020,Run1_20201030,26,20260914,0.025342967632399255
Run1_20201020,Run1_20201030,27,20260914,-0.031323053906050745
Run1_20201020,Run1_20201030,28,20260914,-0.032992722316243846
Run1_20201020,Run1_20201030,29,20260914,-0.03799906287392141
Run1_20201020,Run1_20201030,30,20260914,0.13140175817502892
Run1_20201020,Run1_20201030,31,20260914,0.023700091262740836
Run1_20201020,Run1_20201030,32,20260914,0.2034499895627401
Run1_20201020,Run1_20201030,33,20260914,-0.0028777583321059827
Run1_20201020,Run1_20201030,34,20260914,-0.06111929386487995
Run1_20201020,Run1_20201030,35,20260914,-0.007369067750163094
Run1_20201020,Run1_20201030,36,20260914,-0.04175054022355462
Run1_20201020,Run1_20201030,37,20260914,0.07058776012533233
Run1_20201020,Run1_20201030,38,20260914,-0.05015578322173571
Run1_20201020,Run1_20201030,39,20260914,-0.027267600092782538
Run1_20201020,Run1_20201030,40,20260914,0.13490606229240873
Run1_20201020,Run1_20201030,41,20260914,-0.015252500670528557
Run1_20201020,Run1_20201030,42,20260914,-0.02939278788189575
Run1_20201020,Run1_20201030,43,20260914,-0.007192257888193051
Run1_20201020,Run1_20201030,44,20260914,-0.01097934470484673
Run1_20201020,Run1_20201030,45,20260914,0.006952884810118775
Run1_20201020,Run1_20201030,46,20260914,-0.027498235086360952
Run1_20201020,Run1_20201030,47,20260914,0.017876856790359674
Run1_20201020,Run1_20201030,48,20260914,0.023899538050834775
Run1_20201020,Run1_20201030,49,20260914,-0.04290750923552867
Run1_20201020,Run1_20201030,50,20260914,0.02050526652025704
Run1_20201020,Run1_20201030,51,20260914,0.017079771115249512
Run1_20201020,Run1_20201030,52,20260914,-0.01764567708757969
Run1_20201020,Run1_20201030,53,20260914,-0.039243995036185114
Run1_20201020,Run1_20201030,54,20260914,-0.06279111581113717
Run1_20201020,Run1_20201030,55,20260914,0.025330935105815824
Run1_20201020,Run1_20201030,56,20260914,-0.02572670016895959
Run1_20201020,Run1_20201030,57,20260914,-0.06043207242782907
Run1_20201020,Run1_20201030,58,20260914,-0.04068297962924804
Run1_20201020,Run1_20201030,59,20260914,0.02657229964716578
Run1_20201020,Run1_20201030,60,20260914,0.12423909308705279
Run1_20201020,Run1_20201030,61,20260914,-0.01625427817358026
Run1_20201020,Run1_20201030,62,20260914,-0.027836704657566918
Run1_20201020,Run1_20201030,63,20260914,-0.05466335646702512
Run1_20201020,Run1_20201030,64,20260914,-0.014661271078825594
Run1_20201020,Run1_20201030,65,20260914,-0.020566926464498154
Run1_20201020,Run1_20201030,66,20260914,0.006721463903962942
Run1_20201020,Run1_20201030,67,20260914,-0.0382489346932951
Run1_20201020,Run1_20201030,68,20260914,-0.0431443868979039
Run1_20201020,Run1_20201030,69,20260914,-0.06273793357018315
Run1_20201020,Run1_20201030,70,20260914,-0.03275168227313012
Run1_20201020,Run1_20201030,71,20260914,0.19616902740543848
Run1_20201020,Run1_20201030,72,20260914,-0.041273609763451416
Run1_20201020,Run1_20201030,73,20260914,-0.035454436990602425
Run1_20201020,Run1_20201030,74,20260914,-0.022536200300419446
Run1_20201020,Run1_20201030,75,20260914,0.0012404252937861155
Run1_20201020,Run1_20201030,76,20260914,-0.027104688843679517
Run1_20201020,Run1_20201030,77,20260914,-0.05667849193292075
Run1_20201020,Run1_20201030,78,20260914,-0.0018906847454634602
Run1_20201020,Run1_20201030,79,20260914,-0.05431035468779974
Run1_20201020,Run1_20201030,80,20260914,0.10094379779520975
Run1_20201020,Run1_20201030,81,20260914,-0.06314008239167869
Run1_20201020,Run1_20201030,82,20260914,-0.0073178443286744015
Run1_20201020,Run1_20201030,83,20260914,0.005734461376427474
Run1_20201020,Run1_20201030,84,20260914,-0.04091550237465926
Run1_20201020,Run1_20201030,85,20260914,-0.01943630643368003
Run1_20201020,Run1_20201030,86,20260914,-0.010960400584526152
Run1_20201020,Run1_20201030,87,20260914,-0.05186337871609713
Run1_20201020,Run1_20201030,88,20260914,0.02808679585558127
Run1_20201020,Run1_20201030,89,20260914,0.0033400821717446054
Run1_20201020,Run1_20201030,90,20260914,0.03504326012327151
Run1_20201020,Run1_20201030,91,20260914,-0.0028956152848002995
Run1_20201020,Run1_20201030,92,20260914,0.1950814890517367
Run1_20201020,Run1_20201030,93,20260914,-0.020489768840160284
Run1_20201020,Run1_20201030,94,20260914,0.03821015614526247
Run1_20201020,Run1_20201030,95,20260914,-0.01565258191197224
Run1_20201020,Run1_20201030,96,20260914,0.07333906598137116
Run1_20201020,Run1_20201030,97,20260914,0.0238093259626064
Run1_20201020,Run1_20201030,98,20260914,0.1666367517153341
Run1_20201020,Run1_20201030,99,20260914,-0.0229418036930336
Run1_20201020,Run1_20201030,100,20260914,-0.05047575933784552
Run1_20201020,Run1_20201030,101,20260914,0.03178169567832658
Run1_20201020,Run1_20201030,102,20260914,0.12218075392038516
Run1_20201020,Run1_20201030,103,20260914,-0.053133013258785375
Run1_20201020,Run1_20201030,104,20260914,-0.04286352046592481
Run1_20201020,Run1_20201030,105,20260914,-0.005521439002629595
Run1_20201020,Run1_20201030,106,20260914,-0.0481016505981429
Run1_20201020,Run1_20201030,107,20260914,0.11685105128395443
Run1_20201020,Run1_20201030,108,20260914,-0.01967773836412139
Run1_20201020,Run1_20201030,109,20260914,0.06557345245448216
Run1_20201020,Run1_20201030,110,20260914,-0.023941743791700592
Run1_20201020,Run1_20201030,111,20260914,0.03212306485364051
Run1_20201020,Run1_20201030,112,20260914,0.06744356051877025
Run1_20201020,Run1_20201030,113,20260914,0.06934496892799628
Run1_20201020,Run1_20201030,114,20260914,-0.055716534926290334
Run1_20201020,Run1_20201030,115,20260914,-0.056641262247538945
Run1_20201020,Run1_20201030,116,20260914,-0.03916843435691658
Run1_20201020,Run1_20201030,117,20260914,0.11598584784218004
Run1_20201020,Run1_20201030,118,20260914,0.00409818686936711
Run1_20201020,Run1_20201030,119,20260914,-0.013590279723524052
Run1_20201020,Run1_20201030,120,20260914,-0.07199409259425696
Run1_20201020,Run1_20201030,121,20260914,-0.03255652033805125
Run1_20201020,Run1_20201030,122,20260914,-0.061145157902484974
Run1_20201020,Run1_20201030,123,20260914,-0.05525082123285753
Run1_20201020,Run1_20201030,124,20260914,0.07821965001929192
Run1_20201020,Run1_20201030,125,20260914,-0.04879972676675996
Run1_20201020,Run1_20201030,126,20260914,-0.055944065649808285
Run1_20201020,Run1_20201030,127,20260914,-0.01852636721906881
Run1_20201020,Run1_20201030,128,20260914,-0.044880509680809345
Run1_20201020,Run1_20201030,129,20260914,0.09981980089266722
Run1_20201020,Run1_20201030,130,20260914,-0.038360003741822024
Run1_20201020,Run1_20201030,131,20260914,0.00715820618822337
Run1_20201020,Run1_20201030,132,20260914,-0.025468227606691717
Run1_20201020,Run1_20201030,133,20260914,0.04857807948718723
Run1_20201020,Run1_20201030,134,20260914,-0.03334449282025777
Run1_20201020,Run1_20201030,135,20260914,-0.010651953945831858
Run1_20201020,Run1_20201030,136,20260914,-0.011011305869271092
Run1_20201020,Run1_20201030,137,20260914,-0.05553906926985387
Run1_20201020,Run1_20201030,138,20260914,-0.0409774316039207
Run1_20201020,Run1_20201030,139,20260914,-0.054919610214354216
Run1_20201020,Run1_20201030,140,20260914,0.018371909054957673
Run1_20201020,Run1_20201030,141,20260914,-0.040182928288139484
Run1_20201020,Run1_20201030,142,20260914,0.007178086602391217
Run1_20201020,Run1_20201030,143,20260914,0.13402575528927987
Run1_20201020,Run1_20201030,144,20260914,0.043658368380630606
Run1_20201020,Run1_20201030,145,20260914,-0.05165519296581404
Run1_20201020,Run1_20201030,146,20260914,0.0048438263348962686
Run1_20201020,Run1_20201030,147,20260914,-0.04524402948575421
Run1_20201020,Run1_20201030,148,20260914,-0.059146535719255766
Run1_20201020,Run1_20201030,149,20260914,0.14122352526398585
Run1_20201020,Run1_20201030,150,20260914,-0.01264281721783117
Run1_20201020,Run1_20201030,151,20260914,0.0012127551722466011
Run1_20201020,Run1_20201030,152,20260914,-0.04626734474324066
Run1_20201020,Run1_20201030,153,20260914,-0.05007083933777858
Run1_20201020,Run1_20201030,154,20260914,-0.03252168428162695
Run1_20201020,Run1_20201030,155,20260914,-0.029646180098495636
Run1_20201020,Run1_20201030,156,20260914,0.04352717264822667
Run1_20201020,Run1_20201030,157,20260914,-0.012741509032469742
Run1_20201020,Run1_20201030,158,20260914,-0.03398524434744312
Run1_20201020,Run1_20201030,159,20260914,-0.04359153215274034
Run1_20201020,Run1_20201030,160,20260914,-0.03354913968692839
Run1_20201020,Run1_20201030,161,20260914,-0.041954893168610376
Run1_20201020,Run1_20201030,162,20260914,-0.03221111768234291
Run1_20201020,Run1_20201030,163,20260914,0.04719926047059232
Run1_20201020,Run1_20201030,164,20260914,0.017518049586956883
Run1_20201020,Run1_20201030,165,20260914,-0.04916759397827274
Run1_20201020,Run1_20201030,166,20260914,-0.03849494502228793
Run1_20201020,Run1_20201030,167,20260914,0.024657471043383422
Run1_20201020,Run1_20201030,168,20260914,-0.006817073224727868
Run1_20201020,Run1_20201030,169,20260914,0.15201223448553525
Run1_20201020,Run1_20201030,170,20260914,0.06695413675901786
Run1_20201020,Run1_20201030,171,20260914,-0.012013251718784914
Run1_20201020,Run1_20201030,172,20260914,-0.0058447934806547894
Run1_20201020,Run1_20201030,173,20260914,-0.004895250095348343
Run1_20201020,Run1_20201030,174,20260914,0.09272077309918758
Run1_20201020,Run1_20201030,175,20260914,-0.03875347755115174
Run1_20201020,Run1_20201030,176,20260914,-0.03253465960302695
Run1_20201020,Run1_20201030,177,20260914,-0.031268644079206404
Run1_20201020,Run1_20201030,178,20260914,-0.0008104904134163743
Run1_20201020,Run1_20201030,179,20260914,0.11330822616040588
Run1_20201020,Run1_20201030,180,20260914,-0.029516052998100527
Run1_20201020,Run1_20201030,181,20260914,-0.01949023185001932
Run1_20201020,Run1_20201030,182,20260914,-0.04334640609973283
Run1_20201020,Run1_20201030,183,20260914,-0.04899906714242321
Run1_20201020,Run1_20201030,184,20260914,0.24848696655859007
Run1_20201020,Run1_20201030,185,20260914,-0.01449647694308757
Run1_20201020,Run1_20201030,186,20260914,0.04364971239628365
Run1_20201020,Run1_20201030,187,20260914,-0.018276517647432215
Run1_20201020,Run1_20201030,188,20260914,0.03542690519921379
Run1_20201020,Run1_20201030,189,20260914,0.05725522955838555
Run1_20201020,Run1_20201030,190,20260914,0.019519601789981546
Run1_20201020,Run1_20201030,191,20260914,-0.06314683937384588
Run1_20201020,Run1_20201030,192,20260914,0.003269402868000049
Run1_20201020,Run1_20201030,193,20260914,0.02872939281508637
Run1_20201020,Run1_20201030,194,20260914,0.05972699942200179
Run1_20201020,Run1_20201030,195,20260914,-0.04070021987688881
Run1_20201020,Run1_20201030,196,20260914,-0.050175890379474994
Run1_20201020,Run1_20201030,197,20260914,-0.004876894228662187
Run1_20201020,Run1_20201030,198,20260914,-0.05599500030492803
Run1_20201020,Run1_20201030,199,20260914,0.07323578430833126
Run1_20201020,Run2_20201030,0,20260914,-0.03897691445913355
Run1_20201020,Run2_20201030,1,20260914,0.005528478070724098
Run1_20201020,Run2_20201030,2,20260914,-0.043203458407803486
Run1_20201020,Run2_20201030,3,20260914,-0.04940959338728599
Run1_20201020,Run2_20201030,4,20260914,-0.045343787886260756
Run1_20201020,Run2_20201030,5,20260914,-0.04934556637258366
Run1_20201020,Run2_20201030,6,20260914,0.016532941603955176
Run1_20201020,Run2_20201030,7,20260914,-0.010587013717064575
Run1_20201020,Run2_20201030,8,20260914,-0.03198834783911323
Run1_20201020,Run2_20201030,9,20260914,0.018765965753762305
Run1_20201020,Run2_20201030,10,20260914,0.04066411549593626
Run1_20201020,Run2_20201030,11,20260914,-0.03409404779713029
Run1_20201020,Run2_20201030,12,20260914,0.06296623309852067
Run1_20201020,Run2_20201030,13,20260914,0.00530861535730723
Run1_20201020,Run2_20201030,14,20260914,0.013647323706942108
Run1_20201020,Run2_20201030,15,20260914,-0.020970106603437497
Run1_20201020,Run2_20201030,16,20260914,0.04780900561234267
Run1_20201020,Run2_20201030,17,20260914,-0.032656813796419465
Run1_20201020,Run2_20201030,18,20260914,0.12379633900982827
Run1_20201020,Run2_20201030,19,20260914,-0.02980645976286772
Run1_20201020,Run2_20201030,20,20260914,-0.05431558898159288
Run1_20201020,Run2_20201030,21,20260914,0.02605769147262243
Run1_20201020,Run2_20201030,22,20260914,-0.04878556828301644
Run1_20201020,Run2_20201030,23,20260914,-0.027067204498676268
Run1_20201020,Run2_20201030,24,20260914,-0.018607185751896904
Run1_20201020,Run2_20201030,25,20260914,-0.017002533503643957
Run1_20201020,Run2_20201030,26,20260914,-0.04552092594934784
Run1_20201020,Run2_20201030,27,20260914,0.019875229504366872
Run1_20201020,Run2_20201030,28,20260914,0.019025153697700727
Run1_20201020,Run2_20201030,29,20260914,0.0515352253077145
Run1_20201020,Run2_20201030,30,20260914,0.07398711671638972
Run1_20201020,Run2_20201030,31,20260914,-0.0036681245309734636
Run1_20201020,Run2_20201030,32,20260914,-0.052701241470290254
Run1_20201020,Run2_20201030,33,20260914,-0.04415517591167744
Run1_20201020,Run2_20201030,34,20260914,-0.015187436367692422
Run1_20201020,Run2_20201030,35,20260914,0.0414529108345955
Run1_20201020,Run2_20201030,36,20260914,0.02176082837433547
Run1_20201020,Run2_20201030,37,20260914,0.038323043424626384
Run1_20201020,Run2_20201030,38,20260914,-0.06564941618791603
Run1_20201020,Run2_20201030,39,20260914,0.010203894850174542
Run1_20201020,Run2_20201030,40,20260914,-0.006881587321285616
Run1_20201020,Run2_20201030,41,20260914,-0.003508320734781794
Run1_20201020,Run2_20201030,42,20260914,0.0042163020558874265
Run1_20201020,Run2_20201030,43,20260914,-0.03560287127035762
Run1_20201020,Run2_20201030,44,20260914,-0.00653832720171934
Run1_20201020,Run2_20201030,45,20260914,-0.04069887864946388
Run1_20201020,Run2_20201030,46,20260914,0.09560482017472828
Run1_20201020,Run2_20201030,47,20260914,-0.061881159825406366
Run1_20201020,Run2_20201030,48,20260914,-0.05259597908789646
Run1_20201020,Run2_20201030,49,20260914,0.11909920118977974
Run1_20201020,Run2_20201030,50,20260914,-0.054996686684601524
Run1_20201020,Run2_20201030,51,20260914,0.020500083287327216
Run1_20201020,Run2_20201030,52,20260914,-0.027911711422284935
Run1_20201020,Run2_20201030,53,20260914,-0.058264362069158075
Run1_20201020,Run2_20201030,54,20260914,0.04259389169028237
Run1_20201020,Run2_20201030,55,20260914,0.17793324651967987
Run1_20201020,Run2_20201030,56,20260914,0.010702828466349087
Run1_20201020,Run2_20201030,57,20260914,-0.02378082917838471
Run1_20201020,Run2_20201030,58,20260914,0.011899954105701738
Run1_20201020,Run2_20201030,59,20260914,-0.05719842249533237
Run1_20201020,Run2_20201030,60,20260914,-0.060921618777681735
Run1_20201020,Run2_20201030,61,20260914,-0.06760736491941005
Run1_20201020,Run2_20201030,62,20260914,-0.005963425945251376
Run1_20201020,Run2_20201030,63,20260914,-0.04739115516762612
Run1_20201020,Run2_20201030,64,20260914,0.014124646922731346
Run1_20201020,Run2_20201030,65,20260914,0.015061106699345463
Run1_20201020,Run2_20201030,66,20260914,-0.019976388511551913
Run1_20201020,Run2_20201030,67,20260914,-0.01714563564961483
Run1_20201020,Run2_20201030,68,20260914,0.12208922296079684
Run1_20201020,Run2_20201030,69,20260914,-0.00787374392312984
Run1_20201020,Run2_20201030,70,20260914,-0.008124065121781559
Run1_20201020,Run2_20201030,71,20260914,-0.03907649936833002
Run1_20201020,Run2_20201030,72,20260914,0.007768701344465289
Run1_20201020,Run2_20201030,73,20260914,-0.060918631687927084
Run1_20201020,Run2_20201030,74,20260914,-0.02424588219639183
Run1_20201020,Run2_20201030,75,20260914,-0.03960152079096303
Run1_20201020,Run2_20201030,76,20260914,-0.013871273268497322
Run1_20201020,Run2_20201030,77,20260914,-0.05314859107351767
Run1_20201020,Run2_20201030,78,20260914,-0.021520008838632053
Run1_20201020,Run2_20201030,79,20260914,0.058411723015711195
Run1_20201020,Run2_20201030,80,20260914,-0.017893363421650106
Run1_20201020,Run2_20201030,81,20260914,-0.03945868511138399
Run1_20201020,Run2_20201030,82,20260914,-0.053301034196496545
Run1_20201020,Run2_20201030,83,20260914,0.013160783605619036
Run1_20201020,Run2_20201030,84,20260914,-0.014545966871417128
Run1_20201020,Run2_20201030,85,20260914,0.12341063615768401
Run1_20201020,Run2_20201030,86,20260914,-0.010700512334646924
Run1_20201020,Run2_20201030,87,20260914,-0.011187705990601768
Run1_20201020,Run2_20201030,88,20260914,0.007238316838053924
Run1_20201020,Run2_20201030,89,20260914,0.04584743300704756
Run1_20201020,Run2_20201030,90,20260914,0.020853185345106526
Run1_20201020,Run2_20201030,91,20260914,-0.03573924859429239
Run1_20201020,Run2_20201030,92,20260914,-0.02132867666661731
Run1_20201020,Run2_20201030,93,20260914,-0.053157750563350224
Run1_20201020,Run2_20201030,94,20260914,-0.04348241055182232
Run1_20201020,Run2_20201030,95,20260914,0.144434796389266
Run1_20201020,Run2_20201030,96,20260914,0.007293744829385164
Run1_20201020,Run2_20201030,97,20260914,0.03066738913489496
Run1_20201020,Run2_20201030,98,20260914,-0.04216445933483264
Run1_20201020,Run2_20201030,99,20260914,0.009636354599024687
Run1_20201020,Run2_20201030,100,20260914,0.13406938323116213
Run1_20201020,Run2_20201030,101,20260914,-0.013109333529012992
Run1_20201020,Run2_20201030,102,20260914,-0.05114362660744032
Run1_20201020,Run2_20201030,103,20260914,-0.03978500262808891
Run1_20201020,Run2_20201030,104,20260914,-0.017911624859862675
Run1_20201020,Run2_20201030,105,20260914,-0.010437370090370816
Run1_20201020,Run2_20201030,106,20260914,-0.06327709142755668
Run1_20201020,Run2_20201030,107,20260914,0.0030747992317443516
Run1_20201020,Run2_20201030,108,20260914,-0.023419373166312624
Run1_20201020,Run2_20201030,109,20260914,0.04797833847315895
Run1_20201020,Run2_20201030,110,20260914,-0.03511994985936514
Run1_20201020,Run2_20201030,111,20260914,-0.038249169570272176
Run1_20201020,Run2_20201030,112,20260914,-0.018000008892378502
Run1_20201020,Run2_20201030,113,20260914,-0.05147499093804373
Run1_20201020,Run2_20201030,114,20260914,0.0013364351203595114
Run1_20201020,Run2_20201030,115,20260914,-0.010616544502430178
Run1_20201020,Run2_20201030,116,20260914,0.148269586471133
Run1_20201020,Run2_20201030,117,20260914,-0.03503840621385904
Run1_20201020,Run2_20201030,118,20260914,0.07793866874216505
Run1_20201020,Run2_20201030,119,20260914,0.030789684914424666
Run1_20201020,Run2_20201030,120,20260914,-0.03262189798674656
Run1_20201020,Run2_20201030,121,20260914,-0.04208188614580194
Run1_20201020,Run2_20201030,122,20260914,-0.031597211212316866
Run1_20201020,Run2_20201030,123,20260914,-0.04421361065036574
Run1_20201020,Run2_20201030,124,20260914,-0.028816266920419803
Run1_20201020,Run2_20201030,125,20260914,-0.025118698721238526
Run1_20201020,Run2_20201030,126,20260914,-0.06167755641626684
Run1_20201020,Run2_20201030,127,20260914,-0.04234942867465958
Run1_20201020,Run2_20201030,128,20260914,-0.04572126539408737
Run1_20201020,Run2_20201030,129,20260914,0.023582773707611134
Run1_20201020,Run2_20201030,130,20260914,-0.028024938120828628
Run1_20201020,Run2_20201030,131,20260914,-0.03163173555809318
Run1_20201020,Run2_20201030,132,20260914,-0.03842224819038167
Run1_20201020,Run2_20201030,133,20260914,0.009129745813466953
Run1_20201020,Run2_20201030,134,20260914,-0.02952846452668574
Run1_20201020,Run2_20201030,135,20260914,-0.02364805489895095
Run1_20201020,Run2_20201030,136,20260914,-0.022199277696142335
Run1_20201020,Run2_20201030,137,20260914,0.07402670938197103
Run1_20201020,Run2_20201030,138,20260914,-0.02493998706503166
Run1_20201020,Run2_20201030,139,20260914,-0.0416717638459008
Run1_20201020,Run2_20201030,140,20260914,-0.03373749610786912
Run1_20201020,Run2_20201030,141,20260914,-0.017830295374135514
Run1_20201020,Run2_20201030,142,20260914,-0.038767941658592625
Run1_20201020,Run2_20201030,143,20260914,-0.032641565761492033
Run1_20201020,Run2_20201030,144,20260914,0.10984122843678312
Run1_20201020,Run2_20201030,145,20260914,-0.0606702835538062
Run1_20201020,Run2_20201030,146,20260914,-0.0005565680258442999
Run1_20201020,Run2_20201030,147,20260914,-0.01971612906906669
Run1_20201020,Run2_20201030,148,20260914,0.062346417251423036
Run1_20201020,Run2_20201030,149,20260914,0.03489808611245158
Run1_20201020,Run2_20201030,150,20260914,-0.011148103308748903
Run1_20201020,Run2_20201030,151,20260914,0.00493595455196005
Run1_20201020,Run2_20201030,152,20260914,0.034925154400934404
Run1_20201020,Run2_20201030,153,20260914,-0.04590556267610622
Run1_20201020,Run2_20201030,154,20260914,0.09287207845019796
Run1_20201020,Run2_20201030,155,20260914,0.02972708849933349
Run1_20201020,Run2_20201030,156,20260914,-0.013150577908149136
Run1_20201020,Run2_20201030,157,20260914,-0.05579017838278808
Run1_20201020,Run2_20201030,158,20260914,-0.04921976254261083
Run1_20201020,Run2_20201030,159,20260914,0.020180050553557746
Run1_20201020,Run2_20201030,160,20260914,0.07424381872192523
Run1_20201020,Run2_20201030,161,20260914,-0.030787666629640525
Run1_20201020,Run2_20201030,162,20260914,-0.05381779194090854
Run1_20201020,Run2_20201030,163,20260914,-0.05173250242403584
Run1_20201020,Run2_20201030,164,20260914,-0.036902558672524094
Run1_20201020,Run2_20201030,165,20260914,-0.06843053886585204
Run1_20201020,Run2_20201030,166,20260914,-0.008256799204388985
Run1_20201020,Run2_20201030,167,20260914,-0.045140819228423085
Run1_20201020,Run2_20201030,168,20260914,-0.03807812289045255
Run1_20201020,Run2_20201030,169,20260914,0.149938729947224
Run1_20201020,Run2_20201030,170,20260914,0.0005217089686438221
Run1_20201020,Run2_20201030,171,20260914,0.012072809799592032
Run1_20201020,Run2_20201030,172,20260914,0.14457112205661057
Run1_20201020,Run2_20201030,173,20260914,0.08491407953510381
Run1_20201020,Run2_20201030,174,20260914,-0.008637741933236777
Run1_20201020,Run2_20201030,175,20260914,-0.06407285597607913
Run1_20201020,Run2_20201030,176,20260914,-0.0023096671018925704
Run1_20201020,Run2_20201030,177,20260914,0.017445468565757235
Run1_20201020,Run2_20201030,178,20260914,-0.04863438575385572
Run1_20201020,Run2_20201030,179,20260914,-0.054683661588124294
Run1_20201020,Run2_20201030,180,20260914,-0.055070035808047674
Run1_20201020,Run2_20201030,181,20260914,-0.05718865011343604
Run1_20201020,Run2_20201030,182,20260914,0.13622002901824093
Run1_20201020,Run2_20201030,183,20260914,-0.04750834313325483
Run1_20201020,Run2_20201030,184,20260914,-0.0014742046546952793
Run1_20201020,Run2_20201030,185,20260914,-0.06232144811654433
Run1_20201020,Run2_20201030,186,20260914,0.08182453656548748
Run1_20201020,Run2_20201030,187,20260914,0.037899523063594974
Run1_20201020,Run2_20201030,188,20260914,0.024721421299304693
Run1_20201020,Run2_20201030,189,20260914,-0.017041678630347834
Run1_20201020,Run2_20201030,190,20260914,0.036845054267895645
Run1_20201020,Run2_20201030,191,20260914,-0.019630370999620922
Run1_20201020,Run2_20201030,192,20260914,-0.04317520394986976
Run1_20201020,Run2_20201030,193,20260914,-0.0023066514030665795
Run1_20201020,Run2_20201030,194,20260914,-0.03126326440111143
Run1_20201020,Run2_20201030,195,20260914,0.10683677105475398
Run1_20201020,Run2_20201030,196,20260914,-0.02609651618705768
Run1_20201020,Run2_20201030,197,20260914,-0.03386807704190231
Run1_20201020,Run2_20201030,198,20260914,0.09856358287094569
Run1_20201020,Run2_20201030,199,20260914,-0.003417145842215941
Run1_20201020,Run1_20201118,0,20260914,0.03809483540542879
Run1_20201020,Run1_20201118,1,20260914,0.15625558619579963
Run1_20201020,Run1_20201118,2,20260914,-0.04618521346215951
Run1_20201020,Run1_20201118,3,20260914,-0.059008870261174594
Run1_20201020,Run1_20201118,4,20260914,0.018032128354744326
Run1_20201020,Run1_20201118,5,20260914,0.07758933386873748
Run1_20201020,Run1_20201118,6,20260914,0.006036880320420517
Run1_20201020,Run1_20201118,7,20260914,-0.03904402252004648
Run1_20201020,Run1_20201118,8,20260914,0.0209825698976381
Run1_20201020,Run1_20201118,9,20260914,-0.08251577978569628
Run1_20201020,Run1_20201118,10,20260914,0.019347911370356154
Run1_20201020,Run1_20201118,11,20260914,0.07180633523409528
Run1_20201020,Run1_20201118,12,20260914,-0.020892968207532978
Run1_20201020,Run1_20201118,13,20260914,-0.05104275260034215
Run1_20201020,Run1_20201118,14,20260914,-0.053235086169467205
Run1_20201020,Run1_20201118,15,20260914,-0.01728830499739766
Run1_20201020,Run1_20201118,16,20260914,0.1856948969774692
Run1_20201020,Run1_20201118,17,20260914,-0.0213995665377052
Run1_20201020,Run1_20201118,18,20260914,-0.030600531050171038
Run1_20201020,Run1_20201118,19,20260914,-0.04643393085620157
Run1_20201020,Run1_20201118,20,20260914,-0.0571606091739078
Run1_20201020,Run1_20201118,21,20260914,-0.013968587532846136
Run1_20201020,Run1_20201118,22,20260914,-0.016941810956030003
Run1_20201020,Run1_20201118,23,20260914,-0.07736415512520904
Run1_20201020,Run1_20201118,24,20260914,-0.01245675123582894
Run1_20201020,Run1_20201118,25,20260914,-0.05356444249167408
Run1_20201020,Run1_20201118,26,20260914,-0.0455681288368887
Run1_20201020,Run1_20201118,27,20260914,-0.031154915267103126
Run1_20201020,Run1_20201118,28,20260914,0.0059124166819381485
Run1_20201020,Run1_20201118,29,20260914,0.02885276744070242
Run1_20201020,Run1_20201118,30,20260914,-0.04923011789386878
Run1_20201020,Run1_20201118,31,20260914,-0.026044582918908106
Run1_20201020,Run1_20201118,32,20260914,-0.007642316895545726
Run1_20201020,Run1_20201118,33,20260914,-0.05362230684304638
Run1_20201020,Run1_20201118,34,20260914,0.08431496207843484
Run1_20201020,Run1_20201118,35,20260914,-0.02282984105192215
Run1_20201020,Run1_20201118,36,20260914,-0.04194655940312701
Run1_20201020,Run1_20201118,37,20260914,0.03471892843452232
Run1_20201020,Run1_20201118,38,20260914,-0.0027719890175351963
Run1_20201020,Run1_20201118,39,20260914,-0.019629105636523304
Run1_20201020,Run1_20201118,40,20260914,-0.04772395485929735
Run1_20201020,Run1_20201118,41,20260914,-0.024322610978950086
Run1_20201020,Run1_20201118,42,20260914,-0.06425380581265869
Run1_20201020,Run1_20201118,43,20260914,0.07246283677201953
Run1_20201020,Run1_20201118,44,20260914,-0.004922797389199972
Run1_20201020,Run1_20201118,45,20260914,0.022600421126854696
Run1_20201020,Run1_20201118,46,20260914,0.022669967106131703
Run1_20201020,Run1_20201118,47,20260914,-0.008043367589705534
Run1_20201020,Run1_20201118,48,20260914,0.14828471337356572
Run1_20201020,Run1_20201118,49,20260914,0.046173197570755234
Run1_20201020,Run1_20201118,50,20260914,0.06498294426567137
Run1_20201020,Run1_20201118,51,20260914,-0.01091653019854658
Run1_20201020,Run1_20201118,52,20260914,0.11482277705072284
Run1_20201020,Run1_20201118,53,20260914,-0.0034955561081757226
Run1_20201020,Run1_20201118,54,20260914,-0.0412634727510975
Run1_20201020,Run1_20201118,55,20260914,0.028634098937685922
Run1_20201020,Run1_20201118,56,20260914,0.021959700960982594
Run1_20201020,Run1_20201118,57,20260914,-0.026223082495749932
Run1_20201020,Run1_20201118,58,20260914,-0.05999762121488687
Run1_20201020,Run1_20201118,59,20260914,0.0673393826629215
Run1_20201020,Run1_20201118,60,20260914,-0.03625017445793549
Run1_20201020,Run1_20201118,61,20260914,-0.028796537213235694
Run1_20201020,Run1_20201118,62,20260914,0.043217547129916774
Run1_20201020,Run1_20201118,63,20260914,0.02069280776985304
Run1_20201020,Run1_20201118,64,20260914,-0.05392428141464576
Run1_20201020,Run1_20201118,65,20260914,-0.07530760534766702
Run1_20201020,Run1_20201118,66,20260914,-0.007419271177463572
Run1_20201020,Run1_20201118,67,20260914,0.13672780384504657
Run1_20201020,Run1_20201118,68,20260914,-0.06507527479010743
Run1_20201020,Run1_20201118,69,20260914,0.03829630683056895
Run1_20201020,Run1_20201118,70,20260914,-0.02118047117694729
Run1_20201020,Run1_20201118,71,20260914,0.0157360591827123
Run1_20201020,Run1_20201118,72,20260914,-0.023281472545939545
Run1_20201020,Run1_20201118,73,20260914,0.05257953189590824
Run1_20201020,Run1_20201118,74,20260914,-0.051159910864759094
Run1_20201020,Run1_20201118,75,20260914,0.0643971286369347
Run1_20201020,Run1_20201118,76,20260914,0.008029744229569183
Run1_20201020,Run1_20201118,77,20260914,-0.0032687321976884905
Run1_20201020,Run1_20201118,78,20260914,-0.02760418316431554
Run1_20201020,Run1_20201118,79,20260914,-0.048656335436954835
Run1_20201020,Run1_20201118,80,20260914,0.014476805551454105
Run1_20201020,Run1_20201118,81,20260914,-0.0072289246642405595
Run1_20201020,Run1_20201118,82,20260914,0.0355397565201494
Run1_20201020,Run1_20201118,83,20260914,-0.010932868987208662
Run1_20201020,Run1_20201118,84,20260914,-0.0632597039468057
Run1_20201020,Run1_20201118,85,20260914,0.0023638951278951914
Run1_20201020,Run1_20201118,86,20260914,-0.053947415429512396
Run1_20201020,Run1_20201118,87,20260914,0.07864776006592011
Run1_20201020,Run1_20201118,88,20260914,-0.04706487529878374
Run1_20201020,Run1_20201118,89,20260914,-0.02311828526665402
Run1_20201020,Run1_20201118,90,20260914,-0.03893249197252162
Run1_20201020,Run1_20201118,91,20260914,0.0751729983549944
Run1_20201020,Run1_20201118,92,20260914,0.008494500548586428
Run1_20201020,Run1_20201118,93,20260914,-0.020002375519655675
Run1_20201020,Run1_20201118,94,20260914,0.0986356514268792
Run1_20201020,Run1_20201118,95,20260914,-0.022551797194365376
Run1_20201020,Run1_20201118,96,20260914,0.011930938128087393
Run1_20201020,Run1_20201118,97,20260914,0.014596343205833019
Run1_20201020,Run1_20201118,98,20260914,0.008913694288147967
Run1_20201020,Run1_20201118,99,20260914,-0.04898403267567076
Run1_20201020,Run1_20201118,100,20260914,0.0361457294743743
Run1_20201020,Run1_20201118,101,20260914,0.011188072350230342
Run1_20201020,Run1_20201118,102,20260914,-0.007480483689491523
Run1_20201020,Run1_20201118,103,20260914,-0.06643043432557115
Run1_20201020,Run1_20201118,104,20260914,0.029366420638606883
Run1_20201020,Run1_20201118,105,20260914,-0.013581025624896645
Run1_20201020,Run1_20201118,106,20260914,0.07351726486175962
Run1_20201020,Run1_20201118,107,20260914,0.0003504537082652275
Run1_20201020,Run1_20201118,108,20260914,-0.05651408733771402
Run1_20201020,Run1_20201118,109,20260914,0.009777369862630256
Run1_20201020,Run1_20201118,110,20260914,-0.017288106727390156
Run1_20201020,Run1_20201118,111,20260914,0.0520282743563746
Run1_20201020,Run1_20201118,112,20260914,0.0879852812027155
Run1_20201020,Run1_20201118,113,20260914,-0.02118540086824309
Run1_20201020,Run1_20201118,114,20260914,-0.0039020892195450237
Run1_20201020,Run1_20201118,115,20260914,-0.05190292275590609
Run1_20201020,Run1_20201118,116,20260914,0.08533394946508534
Run1_20201020,Run1_20201118,117,20260914,-0.02200915709393136
Run1_20201020,Run1_20201118,118,20260914,-0.028603893180887408
Run1_20201020,Run1_20201118,119,20260914,0.011925999440418477
Run1_20201020,Run1_20201118,120,20260914,-0.003898492275615143
Run1_20201020,Run1_20201118,121,20260914,0.013709339943341699
Run1_20201020,Run1_20201118,122,20260914,-0.04870808129163875
Run1_20201020,Run1_20201118,123,20260914,-0.06259049115307096
Run1_20201020,Run1_20201118,124,20260914,-0.04087014445095311
Run1_20201020,Run1_20201118,125,20260914,-0.01652619721546386
Run1_20201020,Run1_20201118,126,20260914,0.05655948795419926
Run1_20201020,Run1_20201118,127,20260914,-0.05376747815017486
Run1_20201020,Run1_20201118,128,20260914,0.0441980589339913
Run1_20201020,Run1_20201118,129,20260914,0.06620249374362919
Run1_20201020,Run1_20201118,130,20260914,0.0009661366183942697
Run1_20201020,Run1_20201118,131,20260914,0.04870467581236409
Run1_20201020,Run1_20201118,132,20260914,0.029860078911188245
Run1_20201020,Run1_20201118,133,20260914,-0.043742626216029694
Run1_20201020,Run1_20201118,134,20260914,-0.026804176604656824
Run1_20201020,Run1_20201118,135,20260914,-0.0319452459936601
Run1_20201020,Run1_20201118,136,20260914,-0.054234412719842494
Run1_20201020,Run1_20201118,137,20260914,-0.0740206862981644
Run1_20201020,Run1_20201118,138,20260914,-0.020425730213407184
Run1_20201020,Run1_20201118,139,20260914,-0.054438446871765994
Run1_20201020,Run1_20201118,140,20260914,0.007325218918101918
Run1_20201020,Run1_20201118,141,20260914,0.0235365687120616
Run1_20201020,Run1_20201118,142,20260914,-0.029045102430527294
Run1_20201020,Run1_20201118,143,20260914,-0.08667664101332599
Run1_20201020,Run1_20201118,144,20260914,0.042281466866264224
Run1_20201020,Run1_20201118,145,20260914,-0.004613013573433018
Run1_20201020,Run1_20201118,146,20260914,-0.02483827846028155
Run1_20201020,Run1_20201118,147,20260914,0.0013413222888873093
Run1_20201020,Run1_20201118,148,20260914,0.0056942644954883735
Run1_20201020,Run1_20201118,149,20260914,0.16143353603228972
Run1_20201020,Run1_20201118,150,20260914,-0.030070604414920158
Run1_20201020,Run1_20201118,151,20260914,-0.031654646096628734
Run1_20201020,Run1_20201118,152,20260914,0.009324794984647068
Run1_20201020,Run1_20201118,153,20260914,0.017452935750501688
Run1_20201020,Run1_20201118,154,20260914,0.1657030164078149
Run1_20201020,Run1_20201118,155,20260914,0.0040793977335077955
Run1_20201020,Run1_20201118,156,20260914,-0.02422114913461981
Run1_20201020,Run1_20201118,157,20260914,0.14502994077364864
Run1_20201020,Run1_20201118,158,20260914,0.012603508394226554
Run1_20201020,Run1_20201118,159,20260914,-0.018062885938233866
Run1_20201020,Run1_20201118,160,20260914,0.022122742505754567
Run1_20201020,Run1_20201118,161,20260914,0.062016138387181
Run1_20201020,Run1_20201118,162,20260914,0.000977561970434382
Run1_20201020,Run1_20201118,163,20260914,-0.07096382543252334
Run1_20201020,Run1_20201118,164,20260914,0.044603832119877965
Run1_20201020,Run1_20201118,165,20260914,-0.07655583239511302
Run1_20201020,Run1_20201118,166,20260914,-0.028306198180452675
Run1_20201020,Run1_20201118,167,20260914,0.03378869247975083
Run1_20201020,Run1_20201118,168,20260914,0.028037452131462488
Run1_20201020,Run1_20201118,169,20260914,0.08768620643297988
Run1_20201020,Run1_20201118,170,20260914,-0.019849760201553823
Run1_20201020,Run1_20201118,171,20260914,-0.019490085635295154
Run1_20201020,Run1_20201118,172,20260914,0.009967100415249307
Run1_20201020,Run1_20201118,173,20260914,0.010890341891185006
Run1_20201020,Run1_20201118,174,20260914,0.021305559097869856
Run1_20201020,Run1_20201118,175,20260914,-0.0280156205472662
Run1_20201020,Run1_20201118,176,20260914,-0.052412165294404504
Run1_20201020,Run1_20201118,177,20260914,-0.04511616954041575
Run1_20201020,Run1_20201118,178,20260914,0.09113597904220255
Run1_20201020,Run1_20201118,179,20260914,0.09830206877815133
Run1_20201020,Run1_20201118,180,20260914,0.2159262429743741
Run1_20201020,Run1_20201118,181,20260914,0.12562182959496376
Run1_20201020,Run1_20201118,182,20260914,0.15573153802907025
Run1_20201020,Run1_20201118,183,20260914,0.040245328382209684
Run1_20201020,Run1_20201118,184,20260914,0.03775898224052237
Run1_20201020,Run1_20201118,185,20260914,0.06999752442766358
Run1_20201020,Run1_20201118,186,20260914,0.03212183895389538
Run1_20201020,Run1_20201118,187,20260914,-0.07820652370757356
Run1_20201020,Run1_20201118,188,20260914,-0.004159321130452629
Run1_20201020,Run1_20201118,189,20260914,-0.01617019875204039
Run1_20201020,Run1_20201118,190,20260914,0.010058732891835613
Run1_20201020,Run1_20201118,191,20260914,-0.003958531184441731
Run1_20201020,Run1_20201118,192,20260914,-0.044160109114124727
Run1_20201020,Run1_20201118,193,20260914,0.005063893758555104
Run1_20201020,Run1_20201118,194,20260914,0.005288809881195482
Run1_20201020,Run1_20201118,195,20260914,0.0025213669999662666
Run1_20201020,Run1_20201118,196,20260914,0.10223830883623147
Run1_20201020,Run1_20201118,197,20260914,0.07858058204138757
Run1_20201020,Run1_20201118,198,20260914,-0.021125651467964492
Run1_20201020,Run1_20201118,199,20260914,-0.01238085996034157
Run1_20201020,Run1_20201119,0,20260914,-0.024293493628009175
Run1_20201020,Run1_20201119,1,20260914,0.030628510187008757
Run1_20201020,Run1_20201119,2,20260914,-0.029616964187583264
Run1_20201020,Run1_20201119,3,20260914,-0.027524095135233326
Run1_20201020,Run1_20201119,4,20260914,-0.030733372421410107
Run1_20201020,Run1_20201119,5,20260914,0.11686736160718386
Run1_20201020,Run1_20201119,6,20260914,-0.048491575093301174
Run1_20201020,Run1_20201119,7,20260914,-0.06909999084351476
Run1_20201020,Run1_20201119,8,20260914,-0.028877161760292088
Run1_20201020,Run1_20201119,9,20260914,-0.027661687259298563
Run1_20201020,Run1_20201119,10,20260914,-0.049374614665116966
Run1_20201020,Run1_20201119,11,20260914,-0.0185504719572869
Run1_20201020,Run1_20201119,12,20260914,-0.0032526975697321427
Run1_20201020,Run1_20201119,13,20260914,-0.01065046784322114
Run1_20201020,Run1_20201119,14,20260914,-0.04304470474651573
Run1_20201020,Run1_20201119,15,20260914,-0.026137115856271355
Run1_20201020,Run1_20201119,16,20260914,0.0024944176338042227
Run1_20201020,Run1_20201119,17,20260914,-0.06915612908418578
Run1_20201020,Run1_20201119,18,20260914,0.023132124278181797
Run1_20201020,Run1_20201119,19,20260914,-0.014929313589233363
Run1_20201020,Run1_20201119,20,20260914,0.12596925215152985
Run1_20201020,Run1_20201119,21,20260914,0.013695739504355769
Run1_20201020,Run1_20201119,22,20260914,-0.059856092230513004
Run1_20201020,Run1_20201119,23,20260914,-0.06570667111450294
Run1_20201020,Run1_20201119,24,20260914,0.1020131384674822
Run1_20201020,Run1_20201119,25,20260914,-0.055305416286587056
Run1_20201020,Run1_20201119,26,20260914,-0.010764266594671319
Run1_20201020,Run1_20201119,27,20260914,0.03483205964778947
Run1_20201020,Run1_20201119,28,20260914,-0.04808820963937273
Run1_20201020,Run1_20201119,29,20260914,0.017761565847659564
Run1_20201020,Run1_20201119,30,20260914,-0.06379484907289959
Run1_20201020,Run1_20201119,31,20260914,-0.0884170619543699
Run1_20201020,Run1_20201119,32,20260914,0.09112790467774771
Run1_20201020,Run1_20201119,33,20260914,0.03876104016831559
Run1_20201020,Run1_20201119,34,20260914,-0.01661034592303306
Run1_20201020,Run1_20201119,35,20260914,0.003272702056472601
Run1_20201020,Run1_20201119,36,20260914,0.12824343391552193
Run1_20201020,Run1_20201119,37,20260914,-0.03406334088517142
Run1_20201020,Run1_20201119,38,20260914,-0.025262240139151734
Run1_20201020,Run1_20201119,39,20260914,-0.03710338915322332
Run1_20201020,Run1_20201119,40,20260914,-0.04399563019246228
Run1_20201020,Run1_20201119,41,20260914,0.009106019776103752
Run1_20201020,Run1_20201119,42,20260914,-0.06332959441126083
Run1_20201020,Run1_20201119,43,20260914,-0.04567462795029579
Run1_20201020,Run1_20201119,44,20260914,-0.050162163921383396
Run1_20201020,Run1_20201119,45,20260914,0.10167492345838794
Run1_20201020,Run1_20201119,46,20260914,-0.05407509843935625
Run1_20201020,Run1_20201119,47,20260914,-0.07115839254880059
Run1_20201020,Run1_20201119,48,20260914,0.0942358478991934
Run1_20201020,Run1_20201119,49,20260914,0.04687352837094937
Run1_20201020,Run1_20201119,50,20260914,0.1282758642055334
Run1_20201020,Run1_20201119,51,20260914,0.10790694047136991
Run1_20201020,Run1_20201119,52,20260914,-0.07007390946888233
Run1_20201020,Run1_20201119,53,20260914,-0.03867666035362797
Run1_20201020,Run1_20201119,54,20260914,-0.02600411672467012
Run1_20201020,Run1_20201119,55,20260914,0.03919984079851054
Run1_20201020,Run1_20201119,56,20260914,-0.05206169691452435
Run1_20201020,Run1_20201119,57,20260914,-0.006471028300735462
Run1_20201020,Run1_20201119,58,20260914,-0.05619955707765231
Run1_20201020,Run1_20201119,59,20260914,-0.008512548184943246
Run1_20201020,Run1_20201119,60,20260914,0.06394211441146194
Run1_20201020,Run1_20201119,61,20260914,0.058603286746683324
Run1_20201020,Run1_20201119,62,20260914,-0.017569898203816145
Run1_20201020,Run1_20201119,63,20260914,0.05851663916152298
Run1_20201020,Run1_20201119,64,20260914,-0.01369356994930708
Run1_20201020,Run1_20201119,65,20260914,-0.049840852040855026
Run1_20201020,Run1_20201119,66,20260914,-0.05050682366612351
Run1_20201020,Run1_20201119,67,20260914,-0.04069808485996037
Run1_20201020,Run1_20201119,68,20260914,0.0004665561426974545
Run1_20201020,Run1_20201119,69,20260914,-0.02061259912772136
Run1_20201020,Run1_20201119,70,20260914,0.10634897251721262
Run1_20201020,Run1_20201119,71,20260914,-0.04452495605758028
Run1_20201020,Run1_20201119,72,20260914,-0.04356537677261083
Run1_20201020,Run1_20201119,73,20260914,-0.06039759829072521
Run1_20201020,Run1_20201119,74,20260914,-0.005901810257210947
Run1_20201020,Run1_20201119,75,20260914,0.04473651157049233
Run1_20201020,Run1_20201119,76,20260914,-0.06565830512005318
Run1_20201020,Run1_20201119,77,20260914,0.07656851009864529
Run1_20201020,Run1_20201119,78,20260914,-0.007180102689000859
Run1_20201020,Run1_20201119,79,20260914,-0.019775649853612708
Run1_20201020,Run1_20201119,80,20260914,-0.07283994165572258
Run1_20201020,Run1_20201119,81,20260914,-0.016232094095715795
Run1_20201020,Run1_20201119,82,20260914,-0.07658557344380425
Run1_20201020,Run1_20201119,83,20260914,-0.009537908728514505
Run1_20201020,Run1_20201119,84,20260914,0.014965626936354419
Run1_20201020,Run1_20201119,85,20260914,-0.03686316983122687
Run1_20201020,Run1_20201119,86,20260914,0.009029994790975684
Run1_20201020,Run1_20201119,87,20260914,0.06722229476207384
Run1_20201020,Run1_20201119,88,20260914,0.09808934843829764
Run1_20201020,Run1_20201119,89,20260914,-0.016767830821244924
Run1_20201020,Run1_20201119,90,20260914,-0.001058981866702094
Run1_20201020,Run1_20201119,91,20260914,-0.03875687608708944
Run1_20201020,Run1_20201119,92,20260914,-0.0039893452869388096
Run1_20201020,Run1_20201119,93,20260914,0.024910298483784187
Run1_20201020,Run1_20201119,94,20260914,0.0085348177408251
Run1_20201020,Run1_20201119,95,20260914,-0.0617228235768283
Run1_20201020,Run1_20201119,96,20260914,0.07959210953807468
Run1_20201020,Run1_20201119,97,20260914,-0.043945857480290076
Run1_20201020,Run1_20201119,98,20260914,-0.07370939045676443
Run1_20201020,Run1_20201119,99,20260914,-0.048725997800625184
Run1_20201020,Run1_20201119,100,20260914,-0.033075389596130114
Run1_20201020,Run1_20201119,101,20260914,0.043544984160776276
Run1_20201020,Run1_20201119,102,20260914,0.03463754520774544
Run1_20201020,Run1_20201119,103,20260914,-0.029944921831417157
Run1_20201020,Run1_20201119,104,20260914,-0.037352661609743154
Run1_20201020,Run1_20201119,105,20260914,-0.019830011920906988
Run1_20201020,Run1_20201119,106,20260914,-0.049164186402916955
Run1_20201020,Run1_20201119,107,20260914,-0.055782187733798984
Run1_20201020,Run1_20201119,108,20260914,-0.02908564963628888
Run1_20201020,Run1_20201119,109,20260914,0.02289616051539684
Run1_20201020,Run1_20201119,110,20260914,-0.03146302995624341
Run1_20201020,Run1_20201119,111,20260914,-0.015637269708132007
Run1_20201020,Run1_20201119,112,20260914,-0.003871122962987211
Run1_20201020,Run1_20201119,113,20260914,-0.0563056123952187
Run1_20201020,Run1_20201119,114,20260914,-0.026628924292514865
Run1_20201020,Run1_20201119,115,20260914,-0.007223471309884996
Run1_20201020,Run1_20201119,116,20260914,0.036582356603571134
Run1_20201020,Run1_20201119,117,20260914,-0.018973060736708736
Run1_20201020,Run1_20201119,118,20260914,-0.046007675991876655
Run1_20201020,Run1_20201119,119,20260914,0.003567953027436182
Run1_20201020,Run1_20201119,120,20260914,0.03142233206797335
Run1_20201020,Run1_20201119,121,20260914,-0.053770797145599306
Run1_20201020,Run1_20201119,122,20260914,-0.02631608947342369
Run1_20201020,Run1_20201119,123,20260914,0.008272868113625362
Run1_20201020,Run1_20201119,124,20260914,0.03952195105769493
Run1_20201020,Run1_20201119,125,20260914,-0.04467745428847704
Run1_20201020,Run1_20201119,126,20260914,0.022854923253166046
Run1_20201020,Run1_20201119,127,20260914,-0.03490603127314717
Run1_20201020,Run1_20201119,128,20260914,-0.027491986759701003
Run1_20201020,Run1_20201119,129,20260914,0.011555399622427435
Run1_20201020,Run1_20201119,130,20260914,-0.025637287254305408
Run1_20201020,Run1_20201119,131,20260914,0.13598829122149117
Run1_20201020,Run1_20201119,132,20260914,-0.053120906837372396
Run1_20201020,Run1_20201119,133,20260914,-0.029257316562726125
Run1_20201020,Run1_20201119,134,20260914,-0.05314508444909446
Run1_20201020,Run1_20201119,135,20260914,-0.05413093489989634
Run1_20201020,Run1_20201119,136,20260914,-0.029795657533082175
Run1_20201020,Run1_20201119,137,20260914,0.12386296825216873
Run1_20201020,Run1_20201119,138,20260914,-0.03317481062791101
Run1_20201020,Run1_20201119,139,20260914,0.04149717779152369
Run1_20201020,Run1_20201119,140,20260914,-0.0534107289842569
Run1_20201020,Run1_20201119,141,20260914,0.2308088122745032
Run1_20201020,Run1_20201119,142,20260914,-0.059686710562475875
Run1_20201020,Run1_20201119,143,20260914,0.13766526973228044
Run1_20201020,Run1_20201119,144,20260914,-0.043867342480058844
Run1_20201020,Run1_20201119,145,20260914,0.036410245683130456
Run1_20201020,Run1_20201119,146,20260914,0.10914606355926039
Run1_20201020,Run1_20201119,147,20260914,-0.05561568286196458
Run1_20201020,Run1_20201119,148,20260914,0.1697214088644717
Run1_20201020,Run1_20201119,149,20260914,-0.02372615532742012
Run1_20201020,Run1_20201119,150,20260914,-0.07093852651588928
Run1_20201020,Run1_20201119,151,20260914,-0.04477570011936552
Run1_20201020,Run1_20201119,152,20260914,-0.059053497810510044
Run1_20201020,Run1_20201119,153,20260914,-0.05569715363499073
Run1_20201020,Run1_20201119,154,20260914,0.027790526689501865
Run1_20201020,Run1_20201119,155,20260914,-0.014221722766632675
Run1_20201020,Run1_20201119,156,20260914,0.09780459377167183
Run1_20201020,Run1_20201119,157,20260914,-0.018617936611556522
Run1_20201020,Run1_20201119,158,20260914,-0.038204184434641436
Run1_20201020,Run1_20201119,159,20260914,-0.06403358454787407
Run1_20201020,Run1_20201119,160,20260914,0.047021683419571116
Run1_20201020,Run1_20201119,161,20260914,-0.03334886676497351
Run1_20201020,Run1_20201119,162,20260914,-0.06001875994835317
Run1_20201020,Run1_20201119,163,20260914,-0.06633330285748959
Run1_20201020,Run1_20201119,164,20260914,0.090120419904916
Run1_20201020,Run1_20201119,165,20260914,0.09335445503685176
Run1_20201020,Run1_20201119,166,20260914,0.15151030978795316
Run1_20201020,Run1_20201119,167,20260914,0.07204056985789542
Run1_20201020,Run1_20201119,168,20260914,-0.023966835995802398
Run1_20201020,Run1_20201119,169,20260914,-0.0304830109265503
Run1_20201020,Run1_20201119,170,20260914,0.006568590670998574
Run1_20201020,Run1_20201119,171,20260914,0.05224685310056132
Run1_20201020,Run1_20201119,172,20260914,0.0538266339806052
Run1_20201020,Run1_20201119,173,20260914,-0.05281343056245936
Run1_20201020,Run1_20201119,174,20260914,-0.060550998258752244
Run1_20201020,Run1_20201119,175,20260914,0.019270219847713634
Run1_20201020,Run1_20201119,176,20260914,-0.021933229175013884
Run1_20201020,Run1_20201119,177,20260914,0.1450061016158649
Run1_20201020,Run1_20201119,178,20260914,-0.0028982729888047515
Run1_20201020,Run1_20201119,179,20260914,0.004967485482495166
Run1_20201020,Run1_20201119,180,20260914,-0.027896560615203955
Run1_20201020,Run1_20201119,181,20260914,0.05282976653421161
Run1_20201020,Run1_20201119,182,20260914,0.08400746668949546
Run1_20201020,Run1_20201119,183,20260914,-0.07979438056126228
Run1_20201020,Run1_20201119,184,20260914,0.10108432111752476
Run1_20201020,Run1_20201119,185,20260914,-0.007231291252542535
Run1_20201020,Run1_20201119,186,20260914,0.06481877865138408
Run1_20201020,Run1_20201119,187,20260914,-0.0380732556085016
Run1_20201020,Run1_20201119,188,20260914,-0.06095203503178212
Run1_20201020,Run1_20201119,189,20260914,-0.01725919786928775
Run1_20201020,Run1_20201119,190,20260914,-0.06631589245620079
Run1_20201020,Run1_20201119,191,20260914,-0.03557801794418648
Run1_20201020,Run1_20201119,192,20260914,0.03319686135504313
Run1_20201020,Run1_20201119,193,20260914,0.004335501564647525
Run1_20201020,Run1_20201119,194,20260914,0.05804130967820038
Run1_20201020,Run1_20201119,195,20260914,0.023396843106790875
Run1_20201020,Run1_20201119,196,20260914,-0.05194763528904842
Run1_20201020,Run1_20201119,197,20260914,-0.0022612796961414485
Run1_20201020,Run1_20201119,198,20260914,0.1695641475652094
Run1_20201020,Run1_20201119,199,20260914,-0.008167845566975388
Run1_20201020,Run1_20201124,0,20260914,0.05612065303843155
Run1_20201020,Run1_20201124,1,20260914,0.08867887956918596
Run1_20201020,Run1_20201124,2,20260914,-0.05358873714110033
Run1_20201020,Run1_20201124,3,20260914,0.08761467593370105
Run1_20201020,Run1_20201124,4,20260914,0.06915599792136701
Run1_20201020,Run1_20201124,5,20260914,-0.03160433983287577
Run1_20201020,Run1_20201124,6,20260914,-0.045523579465382484
Run1_20201020,Run1_20201124,7,20260914,-0.02424038918702903
Run1_20201020,Run1_20201124,8,20260914,-0.010305320269651783
Run1_20201020,Run1_20201124,9,20260914,0.08055320983469756
Run1_20201020,Run1_20201124,10,20260914,0.060614794973539325
Run1_20201020,Run1_20201124,11,20260914,-0.03373573586700842
Run1_20201020,Run1_20201124,12,20260914,0.10321451460062504
Run1_20201020,Run1_20201124,13,20260914,0.01331602630428889
Run1_20201020,Run1_20201124,14,20260914,-0.022409629645979326
Run1_20201020,Run1_20201124,15,20260914,-0.007670762629967566
Run1_20201020,Run1_20201124,16,20260914,0.030699258037843888
Run1_20201020,Run1_20201124,17,20260914,0.006246955164870225
Run1_20201020,Run1_20201124,18,20260914,-0.03207209775127194
Run1_20201020,Run1_20201124,19,20260914,0.12510418293936298
Run1_20201020,Run1_20201124,20,20260914,-0.05993415668759007
Run1_20201020,Run1_20201124,21,20260914,0.22365722708085636
Run1_20201020,Run1_20201124,22,20260914,0.006440556233669836
Run1_20201020,Run1_20201124,23,20260914,0.0702628167903804
Run1_20201020,Run1_20201124,24,20260914,-0.02258443583729929
Run1_20201020,Run1_20201124,25,20260914,-0.004564001590308854
Run1_20201020,Run1_20201124,26,20260914,-0.06595034977711874
Run1_20201020,Run1_20201124,27,20260914,-0.023938792054064226
Run1_20201020,Run1_20201124,28,20260914,0.05277648487866388
Run1_20201020,Run1_20201124,29,20260914,-0.046307429976759025
Run1_20201020,Run1_20201124,30,20260914,-0.025241341640300674
Run1_20201020,Run1_20201124,31,20260914,0.03195946321340204
Run1_20201020,Run1_20201124,32,20260914,-0.06316777346814112
Run1_20201020,Run1_20201124,33,20260914,-0.026803394285762564
Run1_20201020,Run1_20201124,34,20260914,0.016475904871640263
Run1_20201020,Run1_20201124,35,20260914,-0.004208167949690301
Run1_20201020,Run1_20201124,36,20260914,0.051814490179292925
Run1_20201020,Run1_20201124,37,20260914,-0.06364672078298744
Run1_20201020,Run1_20201124,38,20260914,-0.04413272974855397
Run1_20201020,Run1_20201124,39,20260914,-0.05741012728054193
Run1_20201020,Run1_20201124,40,20260914,0.027854274251698268
Run1_20201020,Run1_20201124,41,20260914,0.026483093381273637
Run1_20201020,Run1_20201124,42,20260914,-0.010387995415960659
Run1_20201020,Run1_20201124,43,20260914,-0.05813132457149889
Run1_20201020,Run1_20201124,44,20260914,-0.026991065941683833
Run1_20201020,Run1_20201124,45,20260914,-0.02631914733029599
Run1_20201020,Run1_20201124,46,20260914,-0.002336122093960385
Run1_20201020,Run1_20201124,47,20260914,-0.029194104362101892
Run1_20201020,Run1_20201124,48,20260914,-0.004229986768775441
Run1_20201020,Run1_20201124,49,20260914,-0.05758731179448233
Run1_20201020,Run1_20201124,50,20260914,0.013448664515014351
Run1_20201020,Run1_20201124,51,20260914,-0.07592458538358886
Run1_20201020,Run1_20201124,52,20260914,-0.04493621133377296
Run1_20201020,Run1_20201124,53,20260914,-0.0607634062276925
Run1_20201020,Run1_20201124,54,20260914,0.08065347231378898
Run1_20201020,Run1_20201124,55,20260914,-0.04417447113091214
Run1_20201020,Run1_20201124,56,20260914,-0.04987421338117501
Run1_20201020,Run1_20201124,57,20260914,-0.02356644107649821
Run1_20201020,Run1_20201124,58,20260914,0.08548314802018876
Run1_20201020,Run1_20201124,59,20260914,0.07680390684571173
Run1_20201020,Run1_20201124,60,20260914,-0.04381258881185724
Run1_20201020,Run1_20201124,61,20260914,0.006280970129665963
Run1_20201020,Run1_20201124,62,20260914,-0.003369143698675591
Run1_20201020,Run1_20201124,63,20260914,0.12956233386171995
Run1_20201020,Run1_20201124,64,20260914,-0.026960796275510183
Run1_20201020,Run1_20201124,65,20260914,-0.03014197661687332
Run1_20201020,Run1_20201124,66,20260914,-0.030102853008420347
Run1_20201020,Run1_20201124,67,20260914,0.10536229374607692
Run1_20201020,Run1_20201124,68,20260914,-0.017812297311051054
Run1_20201020,Run1_20201124,69,20260914,-0.05114583699368058
Run1_20201020,Run1_20201124,70,20260914,0.04936270399756351
Run1_20201020,Run1_20201124,71,20260914,-0.012839662815543109
Run1_20201020,Run1_20201124,72,20260914,0.09190051833409285
Run1_20201020,Run1_20201124,73,20260914,0.06137366987465312
Run1_20201020,Run1_20201124,74,20260914,-0.05488701500648746
Run1_20201020,Run1_20201124,75,20260914,0.12623198988231393
Run1_20201020,Run1_20201124,76,20260914,-0.019751090107478365
Run1_20201020,Run1_20201124,77,20260914,0.0007265552456907463
Run1_20201020,Run1_20201124,78,20260914,0.04021285614764244
Run1_20201020,Run1_20201124,79,20260914,0.04275621073735881
Run1_20201020,Run1_20201124,80,20260914,0.07875245868739904
Run1_20201020,Run1_20201124,81,20260914,-0.006660147902790389
Run1_20201020,Run1_20201124,82,20260914,-0.02477664800310898
Run1_20201020,Run1_20201124,83,20260914,-0.02811123451820088
Run1_20201020,Run1_20201124,84,20260914,0.022254641232753114
Run1_20201020,Run1_20201124,85,20260914,-0.04180735370816108
Run1_20201020,Run1_20201124,86,20260914,-0.02920892681011729
Run1_20201020,Run1_20201124,87,20260914,0.0683460319466307
Run1_20201020,Run1_20201124,88,20260914,-0.0018164215813711105
Run1_20201020,Run1_20201124,89,20260914,0.07102526879791567
Run1_20201020,Run1_20201124,90,20260914,-0.03711534189023316
Run1_20201020,Run1_20201124,91,20260914,-0.016844193889525395
Run1_20201020,Run1_20201124,92,20260914,-0.03169595885699932
Run1_20201020,Run1_20201124,93,20260914,0.09544689399036148
Run1_20201020,Run1_20201124,94,20260914,0.07812046248411432
Run1_20201020,Run1_20201124,95,20260914,0.09331614645772253
Run1_20201020,Run1_20201124,96,20260914,-0.02928176223637917
Run1_20201020,Run1_20201124,97,20260914,-0.04788902510159679
Run1_20201020,Run1_20201124,98,20260914,-0.037890046614534885
Run1_20201020,Run1_20201124,99,20260914,0.019396750198869654
Run1_20201020,Run1_20201124,100,20260914,0.018072501535837424
Run1_20201020,Run1_20201124,101,20260914,0.015220270435199447
Run1_20201020,Run1_20201124,102,20260914,0.009542923090349029
Run1_20201020,Run1_20201124,103,20260914,-0.06116389719234659
Run1_20201020,Run1_20201124,104,20260914,0.06586435161259743
Run1_20201020,Run1_20201124,105,20260914,0.024047679509159293
Run1_20201020,Run1_20201124,106,20260914,-0.03328393911748255
Run1_20201020,Run1_20201124,107,20260914,-0.012387451282148191
Run1_20201020,Run1_20201124,108,20260914,-0.04669053865954218
Run1_20201020,Run1_20201124,109,20260914,-0.03239643329223185
Run1_20201020,Run1_20201124,110,20260914,-0.04890858125252208
Run1_20201020,Run1_20201124,111,20260914,0.06287112525714204
Run1_20201020,Run1_20201124,112,20260914,-0.048651368054409956
Run1_20201020,Run1_20201124,113,20260914,-0.04902503183467674
Run1_20201020,Run1_20201124,114,20260914,0.013238745095734862
Run1_20201020,Run1_20201124,115,20260914,0.003913791667880746
Run1_20201020,Run1_20201124,116,20260914,-0.021506122061041893
Run1_20201020,Run1_20201124,117,20260914,0.09487232280638114
Run1_20201020,Run1_20201124,118,20260914,0.047861338608343566
Run1_20201020,Run1_20201124,119,20260914,0.01618978410735783
Run1_20201020,Run1_20201124,120,20260914,-0.0418720500041615
Run1_20201020,Run1_20201124,121,20260914,-0.016487435762802802
Run1_20201020,Run1_20201124,122,20260914,0.01622441080425992
Run1_20201020,Run1_20201124,123,20260914,0.0989551253347293
Run1_20201020,Run1_20201124,124,20260914,-0.026460187396806466
Run1_20201020,Run1_20201124,125,20260914,-0.027474335531713343
Run1_20201020,Run1_20201124,126,20260914,-0.04696507887047499
Run1_20201020,Run1_20201124,127,20260914,0.12814519785845802
Run1_20201020,Run1_20201124,128,20260914,-0.03649296249014326
Run1_20201020,Run1_20201124,129,20260914,0.058327465481505275
Run1_20201020,Run1_20201124,130,20260914,0.04836256798455913
Run1_20201020,Run1_20201124,131,20260914,0.14346895208789465
Run1_20201020,Run1_20201124,132,20260914,0.22364577833731666
Run1_20201020,Run1_20201124,133,20260914,0.019199395191222463
Run1_20201020,Run1_20201124,134,20260914,-0.009591624312036166
Run1_20201020,Run1_20201124,135,20260914,0.19629318496775175
Run1_20201020,Run1_20201124,136,20260914,-0.026324110024564938
Run1_20201020,Run1_20201124,137,20260914,-0.038944187073748006
Run1_20201020,Run1_20201124,138,20260914,0.0060778494256946555
Run1_20201020,Run1_20201124,139,20260914,-0.059925553185344295
Run1_20201020,Run1_20201124,140,20260914,0.014424226355607308
Run1_20201020,Run1_20201124,141,20260914,0.02564212235423636
Run1_20201020,Run1_20201124,142,20260914,-0.03866682581353013
Run1_20201020,Run1_20201124,143,20260914,-0.056870880497987254
Run1_20201020,Run1_20201124,144,20260914,0.018330298293264376
Run1_20201020,Run1_20201124,145,20260914,-0.023235179712720672
Run1_20201020,Run1_20201124,146,20260914,0.0029043647720576582
Run1_20201020,Run1_20201124,147,20260914,-0.006461278335510696
Run1_20201020,Run1_20201124,148,20260914,0.06292449320741476
Run1_20201020,Run1_20201124,149,20260914,0.052242030330903154
Run1_20201020,Run1_20201124,150,20260914,0.02110221973854253
Run1_20201020,Run1_20201124,151,20260914,-0.05106738661076955
Run1_20201020,Run1_20201124,152,20260914,0.08927153130403274
Run1_20201020,Run1_20201124,153,20260914,-0.004452968622167421
Run1_20201020,Run1_20201124,154,20260914,0.02641931655186298
Run1_20201020,Run1_20201124,155,20260914,-0.0058806419345958
Run1_20201020,Run1_20201124,156,20260914,-0.02751383191801123
Run1_20201020,Run1_20201124,157,20260914,-0.020447890279479956
Run1_20201020,Run1_20201124,158,20260914,-0.023992290002533324
Run1_20201020,Run1_20201124,159,20260914,0.03172401446443927
Run1_20201020,Run1_20201124,160,20260914,-0.01060703583282344
Run1_20201020,Run1_20201124,161,20260914,0.07953009526075867
Run1_20201020,Run1_20201124,162,20260914,-0.021079293227628134
Run1_20201020,Run1_20201124,163,20260914,-0.06330563585264383
Run1_20201020,Run1_20201124,164,20260914,0.11144909436437925
Run1_20201020,Run1_20201124,165,20260914,-0.04469914593608835
Run1_20201020,Run1_20201124,166,20260914,-0.01469844417945584
Run1_20201020,Run1_20201124,167,20260914,-0.02118571634365426
Run1_20201020,Run1_20201124,168,20260914,0.11234964256034928
Run1_20201020,Run1_20201124,169,20260914,0.16262968761181068
Run1_20201020,Run1_20201124,170,20260914,-0.04255931501736031
Run1_20201020,Run1_20201124,171,20260914,-0.03966430392838668
Run1_20201020,Run1_20201124,172,20260914,-0.02480436490144161
Run1_20201020,Run1_20201124,173,20260914,0.019218416955769542
Run1_20201020,Run1_20201124,174,20260914,-0.04615778187348629
Run1_20201020,Run1_20201124,175,20260914,-0.031888104914442654
Run1_20201020,Run1_20201124,176,20260914,0.0021842630881352704
Run1_20201020,Run1_20201124,177,20260914,-0.06592710668074306
Run1_20201020,Run1_20201124,178,20260914,-0.06381776297576551
Run1_20201020,Run1_20201124,179,20260914,0.02471474965302753
Run1_20201020,Run1_20201124,180,20260914,-0.044307114843115725
Run1_20201020,Run1_20201124,181,20260914,0.06485979532580873
Run1_20201020,Run1_20201124,182,20260914,0.01016037682155231
Run1_20201020,Run1_20201124,183,20260914,-0.051998667350043305
Run1_20201020,Run1_20201124,184,20260914,0.004552230802174782
Run1_20201020,Run1_20201124,185,20260914,-0.06211185480124728
Run1_20201020,Run1_20201124,186,20260914,0.016032787037585726
Run1_20201020,Run1_20201124,187,20260914,-0.021982686168461885
Run1_20201020,Run1_20201124,188,20260914,-0.016931599214872608
Run1_20201020,Run1_20201124,189,20260914,-0.0534674156433815
Run1_20201020,Run1_20201124,190,20260914,-0.05615496692163384
Run1_20201020,Run1_20201124,191,20260914,-0.04108738450212864
Run1_20201020,Run1_20201124,192,20260914,-0.032100570605770595
Run1_20201020,Run1_20201124,193,20260914,-0.0363428884311539
Run1_20201020,Run1_20201124,194,20260914,0.022074882068708716
Run1_20201020,Run1_20201124,195,20260914,0.13075377688009798
Run1_20201020,Run1_20201124,196,20260914,0.03373284750410709
Run1_20201020,Run1_20201124,197,20260914,0.07081187498029935
Run1_20201020,Run1_20201124,198,20260914,0.01627398667370019
Run1_20201020,Run1_20201124,199,20260914,-0.06729945097950231
Run1_20201020,Run2_20201124,0,20260914,-0.029482762026576105
Run1_20201020,Run2_20201124,1,20260914,-0.04449981510253858
Run1_20201020,Run2_20201124,2,20260914,0.15771636212486795
Run1_20201020,Run2_20201124,3,20260914,-0.00786972914750691
Run1_20201020,Run2_20201124,4,20260914,-0.0634268544178385
Run1_20201020,Run2_20201124,5,20260914,-0.02300208662285551
Run1_20201020,Run2_20201124,6,20260914,0.04479355231118139
Run1_20201020,Run2_20201124,7,20260914,-0.013014486759647736
Run1_20201020,Run2_20201124,8,20260914,0.14913098187939408
Run1_20201020,Run2_20201124,9,20260914,0.12040888483177115
Run1_20201020,Run2_20201124,10,20260914,0.0679456508338646
Run1_20201020,Run2_20201124,11,20260914,-0.028136433830979603
Run1_20201020,Run2_20201124,12,20260914,0.02260603928748305
Run1_20201020,Run2_20201124,13,20260914,0.07100928561506276
Run1_20201020,Run2_20201124,14,20260914,-0.08796330072119402
Run1_20201020,Run2_20201124,15,20260914,-0.011359383482205913
Run1_20201020,Run2_20201124,16,20260914,0.16752004468599246
Run1_20201020,Run2_20201124,17,20260914,0.020642176098493115
Run1_20201020,Run2_20201124,18,20260914,0.035631324175038205
Run1_20201020,Run2_20201124,19,20260914,-0.07320928490618739
Run1_20201020,Run2_20201124,20,20260914,-0.0030560512506188748
Run1_20201020,Run2_20201124,21,20260914,-0.0323678927674689
Run1_20201020,Run2_20201124,22,20260914,-0.061878718431972485
Run1_20201020,Run2_20201124,23,20260914,0.008702536070757943
Run1_20201020,Run2_20201124,24,20260914,0.003618857616425747
Run1_20201020,Run2_20201124,25,20260914,-0.0011356482005405206
Run1_20201020,Run2_20201124,26,20260914,-0.04332555743460718
Run1_20201020,Run2_20201124,27,20260914,0.0050370845547580215
Run1_20201020,Run2_20201124,28,20260914,-0.045228786023831076
Run1_20201020,Run2_20201124,29,20260914,-0.04254499125758404
Run1_20201020,Run2_20201124,30,20260914,-0.06696178747657058
Run1_20201020,Run2_20201124,31,20260914,-0.030885943556681887
Run1_20201020,Run2_20201124,32,20260914,0.022614700638851886
Run1_20201020,Run2_20201124,33,20260914,-0.02347488890999117
Run1_20201020,Run2_20201124,34,20260914,-0.05400415732576211
Run1_20201020,Run2_20201124,35,20260914,0.057813369041341336
Run1_20201020,Run2_20201124,36,20260914,-0.009885853692918535
Run1_20201020,Run2_20201124,37,20260914,-0.033412270735988785
Run1_20201020,Run2_20201124,38,20260914,-0.0368654928943095
Run1_20201020,Run2_20201124,39,20260914,0.0024921976114502084
Run1_20201020,Run2_20201124,40,20260914,-0.0025300569529537386
Run1_20201020,Run2_20201124,41,20260914,-0.03790428005498856
Run1_20201020,Run2_20201124,42,20260914,0.0117939366402214
Run1_20201020,Run2_20201124,43,20260914,-0.05039703958164083
Run1_20201020,Run2_20201124,44,20260914,-0.06698446593269981
Run1_20201020,Run2_20201124,45,20260914,-0.019180505317740685
Run1_20201020,Run2_20201124,46,20260914,0.033944367419440506
Run1_20201020,Run2_20201124,47,20260914,-0.01737979056268721
Run1_20201020,Run2_20201124,48,20260914,0.012422816421364601
Run1_20201020,Run2_20201124,49,20260914,-0.06078633382811255
Run1_20201020,Run2_20201124,50,20260914,-0.049317395035460815
Run1_20201020,Run2_20201124,51,20260914,-0.042991866701894636
Run1_20201020,Run2_20201124,52,20260914,0.001429715647341728
Run1_20201020,Run2_20201124,53,20260914,-0.05423617602203024
Run1_20201020,Run2_20201124,54,20260914,-0.025385599082159867
Run1_20201020,Run2_20201124,55,20260914,0.014518788465703146
Run1_20201020,Run2_20201124,56,20260914,0.0023834362140043876
Run1_20201020,Run2_20201124,57,20260914,0.12432400645757546
Run1_20201020,Run2_20201124,58,20260914,-0.02546653164154349
Run1_20201020,Run2_20201124,59,20260914,-0.04907435990416965
Run1_20201020,Run2_20201124,60,20260914,0.0230814120602015
Run1_20201020,Run2_20201124,61,20260914,-0.04243056204523239
Run1_20201020,Run2_20201124,62,20260914,-0.03322658689288962
Run1_20201020,Run2_20201124,63,20260914,-0.033557437131767204
Run1_20201020,Run2_20201124,64,20260914,0.01419826734022096
Run1_20201020,Run2_20201124,65,20260914,0.10274734055751725
Run1_20201020,Run2_20201124,66,20260914,-0.025594438932691997
Run1_20201020,Run2_20201124,67,20260914,-0.026600568795599865
Run1_20201020,Run2_20201124,68,20260914,-0.036196612846507374
Run1_20201020,Run2_20201124,69,20260914,-0.0165429917523999
Run1_20201020,Run2_20201124,70,20260914,-0.04184202223635517
Run1_20201020,Run2_20201124,71,20260914,-0.011095040108311277
Run1_20201020,Run2_20201124,72,20260914,0.024757925313903268
Run1_20201020,Run2_20201124,73,20260914,-0.025153900387844756
Run1_20201020,Run2_20201124,74,20260914,-0.05042240357813969
Run1_20201020,Run2_20201124,75,20260914,0.03951006368267772
Run1_20201020,Run2_20201124,76,20260914,0.012497240151017514
Run1_20201020,Run2_20201124,77,20260914,-0.03260318072945102
Run1_20201020,Run2_20201124,78,20260914,-0.058011448708365075
Run1_20201020,Run2_20201124,79,20260914,0.06300838749568123
Run1_20201020,Run2_20201124,80,20260914,0.032916044868984695
Run1_20201020,Run2_20201124,81,20260914,-0.06340949200542198
Run1_20201020,Run2_20201124,82,20260914,0.002981763743818486
Run1_20201020,Run2_20201124,83,20260914,-0.05936573705373748
Run1_20201020,Run2_20201124,84,20260914,-0.06703992288057638
Run1_20201020,Run2_20201124,85,20260914,-0.009030881396176183
Run1_20201020,Run2_20201124,86,20260914,-0.04100304257421047
Run1_20201020,Run2_20201124,87,20260914,-0.02797605349564843
Run1_20201020,Run2_20201124,88,20260914,-0.031811799954042326
Run1_20201020,Run2_20201124,89,20260914,-0.03811724403350903
Run1_20201020,Run2_20201124,90,20260914,-0.012600870423737283
Run1_20201020,Run2_20201124,91,20260914,-0.00938638676268737
Run1_20201020,Run2_20201124,92,20260914,-0.05888918406642172
Run1_20201020,Run2_20201124,93,20260914,-0.004487580506653493
Run1_20201020,Run2_20201124,94,20260914,-0.0366292069192726
Run1_20201020,Run2_20201124,95,20260914,-0.011898334629480733
Run1_20201020,Run2_20201124,96,20260914,-0.07096521329191877
Run1_20201020,Run2_20201124,97,20260914,-0.06632964724053633
Run1_20201020,Run2_20201124,98,20260914,-0.031617035428793946
Run1_20201020,Run2_20201124,99,20260914,-0.01579301048495277
Run1_20201020,Run2_20201124,100,20260914,-0.06688520443849129
Run1_20201020,Run2_20201124,101,20260914,-0.04866932191545468
Run1_20201020,Run2_20201124,102,20260914,0.1291306792204662
Run1_20201020,Run2_20201124,103,20260914,-0.0371174981058819
Run1_20201020,Run2_20201124,104,20260914,-0.028329297125209423
Run1_20201020,Run2_20201124,105,20260914,-0.04634154529939963
Run1_20201020,Run2_20201124,106,20260914,-0.05365556405635768
Run1_20201020,Run2_20201124,107,20260914,-0.012552461913005014
Run1_20201020,Run2_20201124,108,20260914,-0.06025836949636083
Run1_20201020,Run2_20201124,109,20260914,0.02877412319806617
Run1_20201020,Run2_20201124,110,20260914,-0.046526269959526634
Run1_20201020,Run2_20201124,111,20260914,0.0685821347823738
Run1_20201020,Run2_20201124,112,20260914,-0.06777415406819368
Run1_20201020,Run2_20201124,113,20260914,0.015884968307054922
Run1_20201020,Run2_20201124,114,20260914,0.09080380043396212
Run1_20201020,Run2_20201124,115,20260914,0.11499084035367327
Run1_20201020,Run2_20201124,116,20260914,0.035096707031532975
Run1_20201020,Run2_20201124,117,20260914,0.042705551454879226
Run1_20201020,Run2_20201124,118,20260914,-0.020133776358565947
Run1_20201020,Run2_20201124,119,20260914,0.07313699067923754
Run1_20201020,Run2_20201124,120,20260914,0.03959855957923739
Run1_20201020,Run2_20201124,121,20260914,0.11482734543169822
Run1_20201020,Run2_20201124,122,20260914,0.018568455734251282
Run1_20201020,Run2_20201124,123,20260914,-0.007342161222895796
Run1_20201020,Run2_20201124,124,20260914,-0.06587115953588293
Run1_20201020,Run2_20201124,125,20260914,0.006178554476036016
Run1_20201020,Run2_20201124,126,20260914,-0.03183791039225416
Run1_20201020,Run2_20201124,127,20260914,-0.0006833467780751766
Run1_20201020,Run2_20201124,128,20260914,-0.04713557988046919
Run1_20201020,Run2_20201124,129,20260914,-0.04509503203806219
Run1_20201020,Run2_20201124,130,20260914,-0.018211089987060378
Run1_20201020,Run2_20201124,131,20260914,-0.030055006220596165
Run1_20201020,Run2_20201124,132,20260914,-0.009695163116284128
Run1_20201020,Run2_20201124,133,20260914,-0.031692422024596496
Run1_20201020,Run2_20201124,134,20260914,0.005718677998627318
Run1_20201020,Run2_20201124,135,20260914,-0.02259452602382577
Run1_20201020,Run2_20201124,136,20260914,0.08302359704429141
Run1_20201020,Run2_20201124,137,20260914,-0.04733021842374227
Run1_20201020,Run2_20201124,138,20260914,-0.01642602151620311
Run1_20201020,Run2_20201124,139,20260914,-0.06416446708269376
Run1_20201020,Run2_20201124,140,20260914,0.01001101574693186
Run1_20201020,Run2_20201124,141,20260914,-0.009329824798415098
Run1_20201020,Run2_20201124,142,20260914,0.0035050554697513875
Run1_20201020,Run2_20201124,143,20260914,-0.023797121226575343
Run1_20201020,Run2_20201124,144,20260914,-0.0448117093727861
Run1_20201020,Run2_20201124,145,20260914,-0.05545429977389271
Run1_20201020,Run2_20201124,146,20260914,-0.037354187234120956
Run1_20201020,Run2_20201124,147,20260914,-0.023749002785059453
Run1_20201020,Run2_20201124,148,20260914,-0.03720542382785278
Run1_20201020,Run2_20201124,149,20260914,-0.02105898274648947
Run1_20201020,Run2_20201124,150,20260914,-0.0631660075356809
Run1_20201020,Run2_20201124,151,20260914,-0.012591659800610893
Run1_20201020,Run2_20201124,152,20260914,-0.003413240125671365
Run1_20201020,Run2_20201124,153,20260914,0.012437811354701903
Run1_20201020,Run2_20201124,154,20260914,-0.0678598936840421
Run1_20201020,Run2_20201124,155,20260914,0.009905716689980719
Run1_20201020,Run2_20201124,156,20260914,-0.05827079515872445
Run1_20201020,Run2_20201124,157,20260914,0.014418113751948385
Run1_20201020,Run2_20201124,158,20260914,-0.009905674717031345
Run1_20201020,Run2_20201124,159,20260914,0.0020765096500306324
Run1_20201020,Run2_20201124,160,20260914,0.07166885904271116
Run1_20201020,Run2_20201124,161,20260914,0.03544100753208713
Run1_20201020,Run2_20201124,162,20260914,0.022528054637790146
Run1_20201020,Run2_20201124,163,20260914,0.07096089455313093
Run1_20201020,Run2_20201124,164,20260914,-0.04533881951978919
Run1_20201020,Run2_20201124,165,20260914,0.0012675367206465464
Run1_20201020,Run2_20201124,166,20260914,0.020132775328580023
Run1_20201020,Run2_20201124,167,20260914,-0.054501283725528774
Run1_20201020,Run2_20201124,168,20260914,-0.055731754471440964
Run1_20201020,Run2_20201124,169,20260914,0.00566649902210419
Run1_20201020,Run2_20201124,170,20260914,0.06614488774504436
Run1_20201020,Run2_20201124,171,20260914,-0.02537336940694755
Run1_20201020,Run2_20201124,172,20260914,-0.05365255455343976
Run1_20201020,Run2_20201124,173,20260914,0.07076030125528496
Run1_20201020,Run2_20201124,174,20260914,0.0932462804433889
Run1_20201020,Run2_20201124,175,20260914,-0.0497228501355456
Run1_20201020,Run2_20201124,176,20260914,-0.007663810858198339
Run1_20201020,Run2_20201124,177,20260914,0.016173967966474027
Run1_20201020,Run2_20201124,178,20260914,-0.02280440540492957
Run1_20201020,Run2_20201124,179,20260914,-0.006407519289395857
Run1_20201020,Run2_20201124,180,20260914,-0.026450245261850844
Run1_20201020,Run2_20201124,181,20260914,-0.033477917654485864
Run1_20201020,Run2_20201124,182,20260914,-0.008647781088033105
Run1_20201020,Run2_20201124,183,20260914,0.00689695390702701
Run1_20201020,Run2_20201124,184,20260914,-0.05216106437386343
Run1_20201020,Run2_20201124,185,20260914,0.025161696516644638
Run1_20201020,Run2_20201124,186,20260914,0.16937914279629634
Run1_20201020,Run2_20201124,187,20260914,-0.03318835509282565
Run1_20201020,Run2_20201124,188,20260914,0.033023689741603905
Run1_20201020,Run2_20201124,189,20260914,-0.044359215699395604
Run1_20201020,Run2_20201124,190,20260914,-0.01130206764525834
Run1_20201020,Run2_20201124,191,20260914,0.02756322278690688
Run1_20201020,Run2_20201124,192,20260914,-0.004340126352061412
Run1_20201020,Run2_20201124,193,20260914,-0.0044274465785979055
Run1_20201020,Run2_20201124,194,20260914,-0.058878274633462235
Run1_20201020,Run2_20201124,195,20260914,-0.018751106550401565
Run1_20201020,Run2_20201124,196,20260914,-0.048374874886199556
Run1_20201020,Run2_20201124,197,20260914,-0.047496776818776405
Run1_20201020,Run2_20201124,198,20260914,0.002384557001020172
Run1_20201020,Run2_20201124,199,20260914,0.012311269278527702
Run2_20201020,Run1_20201027,0,20260914,0.09392040908194345
Run2_20201020,Run1_20201027,1,20260914,-0.03467664054718875
Run2_20201020,Run1_20201027,2,20260914,0.00838153803924806
Run2_20201020,Run1_20201027,3,20260914,-0.04764894312005013
Run2_20201020,Run1_20201027,4,20260914,0.01597665819526427
Run2_20201020,Run1_20201027,5,20260914,-0.00034491245262401635
Run2_20201020,Run1_20201027,6,20260914,0.013424855299774998
Run2_20201020,Run1_20201027,7,20260914,-0.06209446046241148
Run2_20201020,Run1_20201027,8,20260914,-0.06687768184258046
Run2_20201020,Run1_20201027,9,20260914,0.07067485456595411
Run2_20201020,Run1_20201027,10,20260914,-0.013662575416944838
Run2_20201020,Run1_20201027,11,20260914,0.055157286277487574
Run2_20201020,Run1_20201027,12,20260914,0.04438469106751725
Run2_20201020,Run1_20201027,13,20260914,-0.022998851452212653
Run2_20201020,Run1_20201027,14,20260914,-0.0036330405476690817
Run2_20201020,Run1_20201027,15,20260914,0.06630780945817612
Run2_20201020,Run1_20201027,16,20260914,-0.02870370875122743
Run2_20201020,Run1_20201027,17,20260914,-0.08824208656303378
Run2_20201020,Run1_20201027,18,20260914,0.18185376098265488
Run2_20201020,Run1_20201027,19,20260914,0.014058895129413185
Run2_20201020,Run1_20201027,20,20260914,-0.0028297708339496113
Run2_20201020,Run1_20201027,21,20260914,0.08839129559175789
Run2_20201020,Run1_20201027,22,20260914,0.08056255850642728
Run2_20201020,Run1_20201027,23,20260914,-0.0010013758403135057
Run2_20201020,Run1_20201027,24,20260914,-0.010551906637154036
Run2_20201020,Run1_20201027,25,20260914,-0.03508958387495089
Run2_20201020,Run1_20201027,26,20260914,0.03555095914162599
Run2_20201020,Run1_20201027,27,20260914,0.09780419805771481
Run2_20201020,Run1_20201027,28,20260914,0.06266130975200537
Run2_20201020,Run1_20201027,29,20260914,-0.019382499658981176
Run2_20201020,Run1_20201027,30,20260914,-0.008383950410101934
Run2_20201020,Run1_20201027,31,20260914,0.05865013610727704
Run2_20201020,Run1_20201027,32,20260914,-0.047090081717306484
Run2_20201020,Run1_20201027,33,20260914,0.05681999280456744
Run2_20201020,Run1_20201027,34,20260914,-0.0526934009018315
Run2_20201020,Run1_20201027,35,20260914,-0.024135822779730715
Run2_20201020,Run1_20201027,36,20260914,-0.06044741680016978
Run2_20201020,Run1_20201027,37,20260914,-0.006466270944386769
Run2_20201020,Run1_20201027,38,20260914,-0.04139240266857139
Run2_20201020,Run1_20201027,39,20260914,-0.03313232042649242
Run2_20201020,Run1_20201027,40,20260914,0.04458940859120561
Run2_20201020,Run1_20201027,41,20260914,-0.039355204018391425
Run2_20201020,Run1_20201027,42,20260914,0.09061530327631333
Run2_20201020,Run1_20201027,43,20260914,0.010184585765879774
Run2_20201020,Run1_20201027,44,20260914,-0.00910182087654587
Run2_20201020,Run1_20201027,45,20260914,-0.09960606568955284
Run2_20201020,Run1_20201027,46,20260914,0.16172789873293814
Run2_20201020,Run1_20201027,47,20260914,0.09681257509786441
Run2_20201020,Run1_20201027,48,20260914,-0.07140562133647387
Run2_20201020,Run1_20201027,49,20260914,-0.021118024518180078
Run2_20201020,Run1_20201027,50,20260914,0.01710898999879719
Run2_20201020,Run1_20201027,51,20260914,0.0194365258375709
Run2_20201020,Run1_20201027,52,20260914,-0.054294509372874646
Run2_20201020,Run1_20201027,53,20260914,-0.04920230878821396
Run2_20201020,Run1_20201027,54,20260914,0.08914896740202755
Run2_20201020,Run1_20201027,55,20260914,0.040365005959604724
Run2_20201020,Run1_20201027,56,20260914,-0.06762809410513175
Run2_20201020,Run1_20201027,57,20260914,0.03980033345280126
Run2_20201020,Run1_20201027,58,20260914,-0.05536825569548212
Run2_20201020,Run1_20201027,59,20260914,-0.03622859339288119
Run2_20201020,Run1_20201027,60,20260914,0.06906719320410878
Run2_20201020,Run1_20201027,61,20260914,0.10375545399518718
Run2_20201020,Run1_20201027,62,20260914,0.001057145970525197
Run2_20201020,Run1_20201027,63,20260914,-0.02908688514318593
Run2_20201020,Run1_20201027,64,20260914,-0.09328715330185913
Run2_20201020,Run1_20201027,65,20260914,-0.023005649850640734
Run2_20201020,Run1_20201027,66,20260914,0.029344450057024962
Run2_20201020,Run1_20201027,67,20260914,0.10280529170181402
Run2_20201020,Run1_20201027,68,20260914,-0.05253698082111912
Run2_20201020,Run1_20201027,69,20260914,0.04824661148000634
Run2_20201020,Run1_20201027,70,20260914,-0.04488612754562806
Run2_20201020,Run1_20201027,71,20260914,0.0641406922827144
Run2_20201020,Run1_20201027,72,20260914,-0.06243567864458617
Run2_20201020,Run1_20201027,73,20260914,-0.079409438297798
Run2_20201020,Run1_20201027,74,20260914,-0.0976657043341928
Run2_20201020,Run1_20201027,75,20260914,-0.049551723412913966
Run2_20201020,Run1_20201027,76,20260914,-0.009215146241819941
Run2_20201020,Run1_20201027,77,20260914,-0.0635726805922198
Run2_20201020,Run1_20201027,78,20260914,-0.009455339191517354
Run2_20201020,Run1_20201027,79,20260914,-0.024975071117686154
Run2_20201020,Run1_20201027,80,20260914,-0.0326895469954921
Run2_20201020,Run1_20201027,81,20260914,-0.04432859950483788
Run2_20201020,Run1_20201027,82,20260914,-0.008571545208345707
Run2_20201020,Run1_20201027,83,20260914,-0.059581502778171896
Run2_20201020,Run1_20201027,84,20260914,-0.010436425005403456
Run2_20201020,Run1_20201027,85,20260914,-0.010792368219483237
Run2_20201020,Run1_20201027,86,20260914,0.07791639647163666
Run2_20201020,Run1_20201027,87,20260914,0.09494865015126372
Run2_20201020,Run1_20201027,88,20260914,-0.08784879538121085
Run2_20201020,Run1_20201027,89,20260914,0.01675058170783083
Run2_20201020,Run1_20201027,90,20260914,-0.058927965245980145
Run2_20201020,Run1_20201027,91,20260914,0.0005462096223424001
Run2_20201020,Run1_20201027,92,20260914,-0.011697517079588413
Run2_20201020,Run1_20201027,93,20260914,-0.026521183936741702
Run2_20201020,Run1_20201027,94,20260914,0.006072074987119409
Run2_20201020,Run1_20201027,95,20260914,-0.01708993162152728
Run2_20201020,Run1_20201027,96,20260914,-0.054382423244793233
Run2_20201020,Run1_20201027,97,20260914,0.09853568501962952
Run2_20201020,Run1_20201027,98,20260914,-0.007483593055576845
Run2_20201020,Run1_20201027,99,20260914,0.012927404864095196
Run2_20201020,Run1_20201027,100,20260914,0.023879965778287073
Run2_20201020,Run1_20201027,101,20260914,-0.020092412630206363
Run2_20201020,Run1_20201027,102,20260914,-0.07202735843364991
Run2_20201020,Run1_20201027,103,20260914,-0.049110932401986274
Run2_20201020,Run1_20201027,104,20260914,-0.04210698423323572
Run2_20201020,Run1_20201027,105,20260914,-0.031157843216759906
Run2_20201020,Run1_20201027,106,20260914,-0.025572866233294474
Run2_20201020,Run1_20201027,107,20260914,-0.06306124946251768
Run2_20201020,Run1_20201027,108,20260914,0.03415464512531786
Run2_20201020,Run1_20201027,109,20260914,-0.04256828996455505
Run2_20201020,Run1_20201027,110,20260914,-0.040262638495955315
Run2_20201020,Run1_20201027,111,20260914,0.0671011786808034
Run2_20201020,Run1_20201027,112,20260914,0.004951731110163646
Run2_20201020,Run1_20201027,113,20260914,-0.05872087824398165
Run2_20201020,Run1_20201027,114,20260914,-0.0492878565479985
Run2_20201020,Run1_20201027,115,20260914,0.22108584962695643
Run2_20201020,Run1_20201027,116,20260914,0.022464214545918022
Run2_20201020,Run1_20201027,117,20260914,-0.07254454120578148
Run2_20201020,Run1_20201027,118,20260914,-0.06595730015297768
Run2_20201020,Run1_20201027,119,20260914,-0.0897983292554087
Run2_20201020,Run1_20201027,120,20260914,0.0641795353348969
Run2_20201020,Run1_20201027,121,20260914,0.010891761432681023
Run2_20201020,Run1_20201027,122,20260914,0.0091114308433833
Run2_20201020,Run1_20201027,123,20260914,-0.07524429344448264
Run2_20201020,Run1_20201027,124,20260914,0.012604385764489008
Run2_20201020,Run1_20201027,125,20260914,0.003160801691272921
Run2_20201020,Run1_20201027,126,20260914,0.16644187445498632
Run2_20201020,Run1_20201027,127,20260914,0.013258890803870061
Run2_20201020,Run1_20201027,128,20260914,-0.014968721893950232
Run2_20201020,Run1_20201027,129,20260914,-0.01664261145530959
Run2_20201020,Run1_20201027,130,20260914,0.010275298051006023
Run2_20201020,Run1_20201027,131,20260914,0.09788711013156545
Run2_20201020,Run1_20201027,132,20260914,-0.0444738498992455
Run2_20201020,Run1_20201027,133,20260914,0.015668289111274703
Run2_20201020,Run1_20201027,134,20260914,0.11217799424636699
Run2_20201020,Run1_20201027,135,20260914,-0.005200367640817884
Run2_20201020,Run1_20201027,136,20260914,-0.05523046258650886
Run2_20201020,Run1_20201027,137,20260914,0.026653402613381665
Run2_20201020,Run1_20201027,138,20260914,-0.0223349093232245
Run2_20201020,Run1_20201027,139,20260914,-0.012176774251066433
Run2_20201020,Run1_20201027,140,20260914,-0.08399768817037333
Run2_20201020,Run1_20201027,141,20260914,-0.09388340713656784
Run2_20201020,Run1_20201027,142,20260914,-0.05301004506847312
Run2_20201020,Run1_20201027,143,20260914,0.0472658167119261
Run2_20201020,Run1_20201027,144,20260914,-0.05508354455162109
Run2_20201020,Run1_20201027,145,20260914,-0.04479426095130708
Run2_20201020,Run1_20201027,146,20260914,-0.018564295875460726
Run2_20201020,Run1_20201027,147,20260914,-0.07287531900508239
Run2_20201020,Run1_20201027,148,20260914,-0.04455388435625558
Run2_20201020,Run1_20201027,149,20260914,-0.029699513077969468
Run2_20201020,Run1_20201027,150,20260914,-0.04714168741128107
Run2_20201020,Run1_20201027,151,20260914,-0.002739029422928402
Run2_20201020,Run1_20201027,152,20260914,0.10175354959033911
Run2_20201020,Run1_20201027,153,20260914,-0.022370422473587358
Run2_20201020,Run1_20201027,154,20260914,-0.049630363867269975
Run2_20201020,Run1_20201027,155,20260914,0.01295824567214203
Run2_20201020,Run1_20201027,156,20260914,0.058041335566801626
Run2_20201020,Run1_20201027,157,20260914,-0.09009585536174217
Run2_20201020,Run1_20201027,158,20260914,-0.04322888189716653
Run2_20201020,Run1_20201027,159,20260914,-0.009234148208430623
Run2_20201020,Run1_20201027,160,20260914,-0.05089433935226722
Run2_20201020,Run1_20201027,161,20260914,-0.005531315599485433
Run2_20201020,Run1_20201027,162,20260914,0.00028163640539142484
Run2_20201020,Run1_20201027,163,20260914,-0.019164087313998494
Run2_20201020,Run1_20201027,164,20260914,-0.014535975131123374
Run2_20201020,Run1_20201027,165,20260914,0.04592124180121877
Run2_20201020,Run1_20201027,166,20260914,-0.06602798950802878
Run2_20201020,Run1_20201027,167,20260914,0.03290547224848478
Run2_20201020,Run1_20201027,168,20260914,-0.024642003816136324
Run2_20201020,Run1_20201027,169,20260914,-0.01927442848415849
Run2_20201020,Run1_20201027,170,20260914,-0.06858293332182319
Run2_20201020,Run1_20201027,171,20260914,-0.026532730881340467
Run2_20201020,Run1_20201027,172,20260914,0.1370066367495004
Run2_20201020,Run1_20201027,173,20260914,-0.021687408407340906
Run2_20201020,Run1_20201027,174,20260914,-0.07305374982903534
Run2_20201020,Run1_20201027,175,20260914,-0.035206757539306584
Run2_20201020,Run1_20201027,176,20260914,-0.03700919951342138
Run2_20201020,Run1_20201027,177,20260914,-0.03548750626891795
Run2_20201020,Run1_20201027,178,20260914,-0.02835181889853922
Run2_20201020,Run1_20201027,179,20260914,-0.03731764531703597
Run2_20201020,Run1_20201027,180,20260914,0.12407552799387415
Run2_20201020,Run1_20201027,181,20260914,-0.07587195625959721
Run2_20201020,Run1_20201027,182,20260914,-0.06491169955322384
Run2_20201020,Run1_20201027,183,20260914,-0.07627355146555966
Run2_20201020,Run1_20201027,184,20260914,-0.022278060953567432
Run2_20201020,Run1_20201027,185,20260914,-0.0692851375726487
Run2_20201020,Run1_20201027,186,20260914,-0.07111203928383296
Run2_20201020,Run1_20201027,187,20260914,0.0029935133170444377
Run2_20201020,Run1_20201027,188,20260914,0.1469026893397252
Run2_20201020,Run1_20201027,189,20260914,-0.07056648090937609
Run2_20201020,Run1_20201027,190,20260914,0.0023857989176048963
Run2_20201020,Run1_20201027,191,20260914,0.018868605696516813
Run2_20201020,Run1_20201027,192,20260914,0.06032141429300943
Run2_20201020,Run1_20201027,193,20260914,-0.04139253548057232
Run2_20201020,Run1_20201027,194,20260914,-0.03403917674731744
Run2_20201020,Run1_20201027,195,20260914,0.01632974165890343
Run2_20201020,Run1_20201027,196,20260914,-0.06180921029428532
Run2_20201020,Run1_20201027,197,20260914,-0.05339394792426777
Run2_20201020,Run1_20201027,198,20260914,-0.0491292902534098
Run2_20201020,Run1_20201027,199,20260914,0.014912456020600323
Run2_20201020,Run2_20201027,0,20260914,-0.03515097987887585
Run2_20201020,Run2_20201027,1,20260914,-0.050180807527510515
Run2_20201020,Run2_20201027,2,20260914,0.12326577163076353
Run2_20201020,Run2_20201027,3,20260914,-0.07772192974477278
Run2_20201020,Run2_20201027,4,20260914,0.05776592680317793
Run2_20201020,Run2_20201027,5,20260914,0.006697797660366362
Run2_20201020,Run2_20201027,6,20260914,0.10308034424600707
Run2_20201020,Run2_20201027,7,20260914,-0.01881017846348721
Run2_20201020,Run2_20201027,8,20260914,-0.05770042383111178
Run2_20201020,Run2_20201027,9,20260914,-0.06907335740006844
Run2_20201020,Run2_20201027,10,20260914,-0.028863577276704373
Run2_20201020,Run2_20201027,11,20260914,0.12322494904463686
Run2_20201020,Run2_20201027,12,20260914,-0.09487716263564308
Run2_20201020,Run2_20201027,13,20260914,0.054605242631145155
Run2_20201020,Run2_20201027,14,20260914,0.05337982778448454
Run2_20201020,Run2_20201027,15,20260914,0.03960389047115559
Run2_20201020,Run2_20201027,16,20260914,-0.057179441764767656
Run2_20201020,Run2_20201027,17,20260914,0.1083698281543456
Run2_20201020,Run2_20201027,18,20260914,0.04175245365231191
Run2_20201020,Run2_20201027,19,20260914,0.013001420651838198
Run2_20201020,Run2_20201027,20,20260914,-0.07970951423520733
Run2_20201020,Run2_20201027,21,20260914,-0.05121922905815096
Run2_20201020,Run2_20201027,22,20260914,-0.050340736735956834
Run2_20201020,Run2_20201027,23,20260914,0.17185244114880405
Run2_20201020,Run2_20201027,24,20260914,-0.09032318141270787
Run2_20201020,Run2_20201027,25,20260914,0.037824893500584676
Run2_20201020,Run2_20201027,26,20260914,0.06530177162152297
Run2_20201020,Run2_20201027,27,20260914,-0.00894152150468349
Run2_20201020,Run2_20201027,28,20260914,-0.020387078337117847
Run2_20201020,Run2_20201027,29,20260914,-0.08567190835430344
Run2_20201020,Run2_20201027,30,20260914,-0.10104109656355373
Run2_20201020,Run2_20201027,31,20260914,-0.01924463208326965
Run2_20201020,Run2_20201027,32,20260914,-0.021870405211215083
Run2_20201020,Run2_20201027,33,20260914,-0.04348902156102251
Run2_20201020,Run2_20201027,34,20260914,0.007746018449465263
Run2_20201020,Run2_20201027,35,20260914,-0.06174705011588023
Run2_20201020,Run2_20201027,36,20260914,-0.045948923436025225
Run2_20201020,Run2_20201027,37,20260914,0.04678183244891892
Run2_20201020,Run2_20201027,38,20260914,-0.05864679473380087
Run2_20201020,Run2_20201027,39,20260914,-0.02498656056528277
Run2_20201020,Run2_20201027,40,20260914,0.009825731616831803
Run2_20201020,Run2_20201027,41,20260914,0.014906037116848698
Run2_20201020,Run2_20201027,42,20260914,-0.0674718837293877
Run2_20201020,Run2_20201027,43,20260914,-0.053039199090765855
Run2_20201020,Run2_20201027,44,20260914,-0.0030845784313926505
Run2_20201020,Run2_20201027,45,20260914,-0.04469047726214942
Run2_20201020,Run2_20201027,46,20260914,-0.04328209332153087
Run2_20201020,Run2_20201027,47,20260914,0.0057078940142914255
Run2_20201020,Run2_20201027,48,20260914,0.03102110020495691
Run2_20201020,Run2_20201027,49,20260914,-0.04888359702285656
Run2_20201020,Run2_20201027,50,20260914,-0.06443427022394366
Run2_20201020,Run2_20201027,51,20260914,-0.07248523637589685
Run2_20201020,Run2_20201027,52,20260914,-0.053462133553681
Run2_20201020,Run2_20201027,53,20260914,-0.022614092342530135
Run2_20201020,Run2_20201027,54,20260914,-0.05361025473684827
Run2_20201020,Run2_20201027,55,20260914,0.08481862594583636
Run2_20201020,Run2_20201027,56,20260914,-0.034566968533628256
Run2_20201020,Run2_20201027,57,20260914,-0.06805643484216115
Run2_20201020,Run2_20201027,58,20260914,0.022799221435955114
Run2_20201020,Run2_20201027,59,20260914,0.11781673890877878
Run2_20201020,Run2_20201027,60,20260914,-0.008351396676082925
Run2_20201020,Run2_20201027,61,20260914,-0.03923540352651749
Run2_20201020,Run2_20201027,62,20260914,-0.0706025107734494
Run2_20201020,Run2_20201027,63,20260914,0.12974928258185456
Run2_20201020,Run2_20201027,64,20260914,0.09851364920096022
Run2_20201020,Run2_20201027,65,20260914,-0.051333902644380584
Run2_20201020,Run2_20201027,66,20260914,-0.06207751168548661
Run2_20201020,Run2_20201027,67,20260914,0.08361987144230167
Run2_20201020,Run2_20201027,68,20260914,-0.0916804854491095
Run2_20201020,Run2_20201027,69,20260914,0.07081784748973478
Run2_20201020,Run2_20201027,70,20260914,0.004710686096186973
Run2_20201020,Run2_20201027,71,20260914,-0.08599761775940387
Run2_20201020,Run2_20201027,72,20260914,-0.0885165362349566
Run2_20201020,Run2_20201027,73,20260914,-0.07804558082540493
Run2_20201020,Run2_20201027,74,20260914,-0.09292330615662905
Run2_20201020,Run2_20201027,75,20260914,0.01636705641694607
Run2_20201020,Run2_20201027,76,20260914,-0.05907528037026013
Run2_20201020,Run2_20201027,77,20260914,-0.008190260633809775
Run2_20201020,Run2_20201027,78,20260914,0.014965909296972855
Run2_20201020,Run2_20201027,79,20260914,-0.08726906162664406
Run2_20201020,Run2_20201027,80,20260914,0.022105531948235835
Run2_20201020,Run2_20201027,81,20260914,-0.019388707200194116
Run2_20201020,Run2_20201027,82,20260914,-0.01790338976877684
Run2_20201020,Run2_20201027,83,20260914,0.0204985657493385
Run2_20201020,Run2_20201027,84,20260914,-0.0778391823793987
Run2_20201020,Run2_20201027,85,20260914,0.09926412191388048
Run2_20201020,Run2_20201027,86,20260914,-0.035937948772796616
Run2_20201020,Run2_20201027,87,20260914,-0.06050355327078242
Run2_20201020,Run2_20201027,88,20260914,0.024814372849738947
Run2_20201020,Run2_20201027,89,20260914,0.07425588522248841
Run2_20201020,Run2_20201027,90,20260914,0.06038344890001811
Run2_20201020,Run2_20201027,91,20260914,0.09729898542828744
Run2_20201020,Run2_20201027,92,20260914,-0.059590531638563565
Run2_20201020,Run2_20201027,93,20260914,-0.011194540063860281
Run2_20201020,Run2_20201027,94,20260914,-0.028660895727891534
Run2_20201020,Run2_20201027,95,20260914,-0.058818621418029786
Run2_20201020,Run2_20201027,96,20260914,-0.026808085375465952
Run2_20201020,Run2_20201027,97,20260914,0.026107364128332117
Run2_20201020,Run2_20201027,98,20260914,-0.008797408625876184
Run2_20201020,Run2_20201027,99,20260914,-0.03524945250603585
Run2_20201020,Run2_20201027,100,20260914,-0.02445103373657963
Run2_20201020,Run2_20201027,101,20260914,0.08033681970574524
Run2_20201020,Run2_20201027,102,20260914,-0.05007903421513722
Run2_20201020,Run2_20201027,103,20260914,-0.03728267900210179
Run2_20201020,Run2_20201027,104,20260914,-0.033735355441385007
Run2_20201020,Run2_20201027,105,20260914,0.043690383978510536
Run2_20201020,Run2_20201027,106,20260914,-0.02046612829495985
Run2_20201020,Run2_20201027,107,20260914,-0.025238407410274857
Run2_20201020,Run2_20201027,108,20260914,0.18388561971222528
Run2_20201020,Run2_20201027,109,20260914,-0.01076926729888406
Run2_20201020,Run2_20201027,110,20260914,0.12837150672488096
Run2_20201020,Run2_20201027,111,20260914,-0.05293327863778885
Run2_20201020,Run2_20201027,112,20260914,0.023269786737519362
Run2_20201020,Run2_20201027,113,20260914,-0.10360207096435174
Run2_20201020,Run2_20201027,114,20260914,-0.010743324387555327
Run2_20201020,Run2_20201027,115,20260914,-0.004035313862117899
Run2_20201020,Run2_20201027,116,20260914,0.031122722358675137
Run2_20201020,Run2_20201027,117,20260914,-0.049893141841129744
Run2_20201020,Run2_20201027,118,20260914,-0.06307717828683258
Run2_20201020,Run2_20201027,119,20260914,0.016572529342594563
Run2_20201020,Run2_20201027,120,20260914,-0.08551231184220826
Run2_20201020,Run2_20201027,121,20260914,-0.01684339355231467
Run2_20201020,Run2_20201027,122,20260914,-0.006876889688553009
Run2_20201020,Run2_20201027,123,20260914,-0.006219088788699829
Run2_20201020,Run2_20201027,124,20260914,-0.06296301243152874
Run2_20201020,Run2_20201027,125,20260914,-0.042798523213445766
Run2_20201020,Run2_20201027,126,20260914,-0.046408347000912835
Run2_20201020,Run2_20201027,127,20260914,0.2303052650823046
Run2_20201020,Run2_20201027,128,20260914,0.014082927480439324
Run2_20201020,Run2_20201027,129,20260914,-0.05838438489404574
Run2_20201020,Run2_20201027,130,20260914,-0.04089612841660876
Run2_20201020,Run2_20201027,131,20260914,-0.05399675306625527
Run2_20201020,Run2_20201027,132,20260914,-0.10225719042899013
Run2_20201020,Run2_20201027,133,20260914,-0.07596847678144442
Run2_20201020,Run2_20201027,134,20260914,0.11721788255595597
Run2_20201020,Run2_20201027,135,20260914,-0.0977596578294832
Run2_20201020,Run2_20201027,136,20260914,-0.010943824026619512
Run2_20201020,Run2_20201027,137,20260914,-0.023244066324054256
Run2_20201020,Run2_20201027,138,20260914,-0.06556870213159234
Run2_20201020,Run2_20201027,139,20260914,-0.0684364543638982
Run2_20201020,Run2_20201027,140,20260914,-0.039977309731013995
Run2_20201020,Run2_20201027,141,20260914,0.00212001094247003
Run2_20201020,Run2_20201027,142,20260914,-0.026841467257722528
Run2_20201020,Run2_20201027,143,20260914,-0.10848502539716252
Run2_20201020,Run2_20201027,144,20260914,0.0027554100386351465
Run2_20201020,Run2_20201027,145,20260914,0.041854091916116824
Run2_20201020,Run2_20201027,146,20260914,0.07345705282917246
Run2_20201020,Run2_20201027,147,20260914,-0.04139584498809653
Run2_20201020,Run2_20201027,148,20260914,-0.01713026048478665
Run2_20201020,Run2_20201027,149,20260914,-0.01896857238207262
Run2_20201020,Run2_20201027,150,20260914,-0.03979514836759444
Run2_20201020,Run2_20201027,151,20260914,0.040493095588189136
Run2_20201020,Run2_20201027,152,20260914,-0.09016165147431829
Run2_20201020,Run2_20201027,153,20260914,0.021793881517099677
Run2_20201020,Run2_20201027,154,20260914,-0.0008946298386880646
Run2_20201020,Run2_20201027,155,20260914,0.057916620771897145
Run2_20201020,Run2_20201027,156,20260914,-0.07675343638349626
Run2_20201020,Run2_20201027,157,20260914,0.05684599296951349
Run2_20201020,Run2_20201027,158,20260914,0.037202094614083615
Run2_20201020,Run2_20201027,159,20260914,-0.048813317668254995
Run2_20201020,Run2_20201027,160,20260914,-0.05214280083576963
Run2_20201020,Run2_20201027,161,20260914,0.032491177008786565
Run2_20201020,Run2_20201027,162,20260914,0.02908359553018293
Run2_20201020,Run2_20201027,163,20260914,-0.05433444990505416
Run2_20201020,Run2_20201027,164,20260914,0.08325847157209186
Run2_20201020,Run2_20201027,165,20260914,-0.05258266959813805
Run2_20201020,Run2_20201027,166,20260914,-0.010463719575599696
Run2_20201020,Run2_20201027,167,20260914,-0.04054973455510495
Run2_20201020,Run2_20201027,168,20260914,-0.006412691890347839
Run2_20201020,Run2_20201027,169,20260914,-0.033973202012490496
Run2_20201020,Run2_20201027,170,20260914,-0.027207654172340324
Run2_20201020,Run2_20201027,171,20260914,0.09206936400453371
Run2_20201020,Run2_20201027,172,20260914,-0.06334995733215786
Run2_20201020,Run2_20201027,173,20260914,-0.059675799505842717
Run2_20201020,Run2_20201027,174,20260914,-0.05237825876082977
Run2_20201020,Run2_20201027,175,20260914,-0.06192632458620266
Run2_20201020,Run2_20201027,176,20260914,0.06148136967660176
Run2_20201020,Run2_20201027,177,20260914,-0.06723870801557015
Run2_20201020,Run2_20201027,178,20260914,0.013238810844618455
Run2_20201020,Run2_20201027,179,20260914,-0.00044887871101583615
Run2_20201020,Run2_20201027,180,20260914,-0.06905672434101243
Run2_20201020,Run2_20201027,181,20260914,-0.016677587030719972
Run2_20201020,Run2_20201027,182,20260914,0.05559124708894918
Run2_20201020,Run2_20201027,183,20260914,-0.05454829504503661
Run2_20201020,Run2_20201027,184,20260914,-0.004845271391680847
Run2_20201020,Run2_20201027,185,20260914,0.12616989028165548
Run2_20201020,Run2_20201027,186,20260914,-0.09304099394738552
Run2_20201020,Run2_20201027,187,20260914,0.14660846054221494
Run2_20201020,Run2_20201027,188,20260914,-0.05435955211794296
Run2_20201020,Run2_20201027,189,20260914,-0.034378922708277124
Run2_20201020,Run2_20201027,190,20260914,-0.05028666448691034
Run2_20201020,Run2_20201027,191,20260914,0.07716631369193185
Run2_20201020,Run2_20201027,192,20260914,-0.07791533572504987
Run2_20201020,Run2_20201027,193,20260914,-0.03752560357978437
Run2_20201020,Run2_20201027,194,20260914,-0.0481808679687369
Run2_20201020,Run2_20201027,195,20260914,-0.03978903765100777
Run2_20201020,Run2_20201027,196,20260914,-0.08473827409676367
Run2_20201020,Run2_20201027,197,20260914,0.0873365291631233
Run2_20201020,Run2_20201027,198,20260914,0.008415324946372458
Run2_20201020,Run2_20201027,199,20260914,-0.02219660198447395
Run2_20201020,Run1_20201028,0,20260914,0.0028517752168383684
Run2_20201020,Run1_20201028,1,20260914,0.049325705461244214
Run2_20201020,Run1_20201028,2,20260914,-0.020439067342534496
Run2_20201020,Run1_20201028,3,20260914,-0.00404698433139599
Run2_20201020,Run1_20201028,4,20260914,0.13702623026258723
Run2_20201020,Run1_20201028,5,20260914,-0.03558271499648021
Run2_20201020,Run1_20201028,6,20260914,-0.07681660045363294
Run2_20201020,Run1_20201028,7,20260914,0.053090581886747694
Run2_20201020,Run1_20201028,8,20260914,0.000359751513328144
Run2_20201020,Run1_20201028,9,20260914,-0.05068534862760601
Run2_20201020,Run1_20201028,10,20260914,0.027993777662505385
Run2_20201020,Run1_20201028,11,20260914,-0.04524134104857292
Run2_20201020,Run1_20201028,12,20260914,-0.046868266648882016
Run2_20201020,Run1_20201028,13,20260914,0.025981300336984765
Run2_20201020,Run1_20201028,14,20260914,0.028825829538292366
Run2_20201020,Run1_20201028,15,20260914,0.10251579828558202
Run2_20201020,Run1_20201028,16,20260914,-0.0034595508785327674
Run2_20201020,Run1_20201028,17,20260914,0.009944481508800009
Run2_20201020,Run1_20201028,18,20260914,-0.0437486842049086
Run2_20201020,Run1_20201028,19,20260914,-0.07937018227056165
Run2_20201020,Run1_20201028,20,20260914,0.08813183643734276
Run2_20201020,Run1_20201028,21,20260914,-0.017780791731055814
Run2_20201020,Run1_20201028,22,20260914,0.014305381889265736
Run2_20201020,Run1_20201028,23,20260914,0.1431124626979591
Run2_20201020,Run1_20201028,24,20260914,-0.0328404337324278
Run2_20201020,Run1_20201028,25,20260914,-0.05974137574379761
Run2_20201020,Run1_20201028,26,20260914,-0.03908696752767049
Run2_20201020,Run1_20201028,27,20260914,-0.03225829513349881
Run2_20201020,Run1_20201028,28,20260914,-0.0034155686706128004
Run2_20201020,Run1_20201028,29,20260914,-0.08369959045313606
Run2_20201020,Run1_20201028,30,20260914,-0.039306880651596404
Run2_20201020,Run1_20201028,31,20260914,-0.039582884241188
Run2_20201020,Run1_20201028,32,20260914,0.049244228283639536
Run2_20201020,Run1_20201028,33,20260914,-0.028140027893910017
Run2_20201020,Run1_20201028,34,20260914,-0.030021749058918964
Run2_20201020,Run1_20201028,35,20260914,-0.03246805926562446
Run2_20201020,Run1_20201028,36,20260914,-0.07750619014548811
Run2_20201020,Run1_20201028,37,20260914,0.019352067908231907
Run2_20201020,Run1_20201028,38,20260914,-0.03875047371748686
Run2_20201020,Run1_20201028,39,20260914,-0.058353106016698006
Run2_20201020,Run1_20201028,40,20260914,-0.057408062762354946
Run2_20201020,Run1_20201028,41,20260914,-0.040269051593688904
Run2_20201020,Run1_20201028,42,20260914,0.061972280947422693
Run2_20201020,Run1_20201028,43,20260914,0.009088381962730931
Run2_20201020,Run1_20201028,44,20260914,-0.003387272706255269
Run2_20201020,Run1_20201028,45,20260914,-0.011896917938327272
Run2_20201020,Run1_20201028,46,20260914,-0.05175466485548721
Run2_20201020,Run1_20201028,47,20260914,0.020654361890075593
Run2_20201020,Run1_20201028,48,20260914,-0.021735316595213692
Run2_20201020,Run1_20201028,49,20260914,-0.010409909862781971
Run2_20201020,Run1_20201028,50,20260914,-0.016118733887993366
Run2_20201020,Run1_20201028,51,20260914,0.04210132114256889
Run2_20201020,Run1_20201028,52,20260914,-0.009052500817455704
Run2_20201020,Run1_20201028,53,20260914,-0.015915919976419203
Run2_20201020,Run1_20201028,54,20260914,-0.020498097166257313
Run2_20201020,Run1_20201028,55,20260914,-0.005142238624915941
Run2_20201020,Run1_20201028,56,20260914,-0.07125765751126838
Run2_20201020,Run1_20201028,57,20260914,0.0213971947417555
Run2_20201020,Run1_20201028,58,20260914,-0.017305551277433533
Run2_20201020,Run1_20201028,59,20260914,0.06708489089193663
Run2_20201020,Run1_20201028,60,20260914,0.03100766619713216
Run2_20201020,Run1_20201028,61,20260914,0.013003980129909247
Run2_20201020,Run1_20201028,62,20260914,0.1539677286224861
Run2_20201020,Run1_20201028,63,20260914,-0.051886636211544525
Run2_20201020,Run1_20201028,64,20260914,0.0014297924512675182
Run2_20201020,Run1_20201028,65,20260914,0.08025778208853587
Run2_20201020,Run1_20201028,66,20260914,0.04695782868322407
Run2_20201020,Run1_20201028,67,20260914,-0.054150338434659315
Run2_20201020,Run1_20201028,68,20260914,-0.036332484558409074
Run2_20201020,Run1_20201028,69,20260914,-0.020273806817728682
Run2_20201020,Run1_20201028,70,20260914,0.00926984269529182
Run2_20201020,Run1_20201028,71,20260914,-0.08705536303588587
Run2_20201020,Run1_20201028,72,20260914,-0.04116679175803461
Run2_20201020,Run1_20201028,73,20260914,-0.029489203053143665
Run2_20201020,Run1_20201028,74,20260914,-0.06266330527018435
Run2_20201020,Run1_20201028,75,20260914,-0.002817550434108209
Run2_20201020,Run1_20201028,76,20260914,-0.06522221998375821
Run2_20201020,Run1_20201028,77,20260914,0.005351365256487518
Run2_20201020,Run1_20201028,78,20260914,-0.05874321654686276
Run2_20201020,Run1_20201028,79,20260914,-0.037462109052019604
Run2_20201020,Run1_20201028,80,20260914,-0.03654643737740059
Run2_20201020,Run1_20201028,81,20260914,0.0435458425032689
Run2_20201020,Run1_20201028,82,20260914,0.03240976409847688
Run2_20201020,Run1_20201028,83,20260914,0.03819799707474403
Run2_20201020,Run1_20201028,84,20260914,0.11181304977266736
Run2_20201020,Run1_20201028,85,20260914,-0.014018439677462528
Run2_20201020,Run1_20201028,86,20260914,-0.05346568064019386
Run2_20201020,Run1_20201028,87,20260914,-0.030800284999901388
Run2_20201020,Run1_20201028,88,20260914,-0.05863092829825624
Run2_20201020,Run1_20201028,89,20260914,0.04306391817475037
Run2_20201020,Run1_20201028,90,20260914,0.040182190718036526
Run2_20201020,Run1_20201028,91,20260914,-0.030605704452313916
Run2_20201020,Run1_20201028,92,20260914,-0.004135030722698428
Run2_20201020,Run1_20201028,93,20260914,-0.029894535289762755
Run2_20201020,Run1_20201028,94,20260914,-0.03897819072181107
Run2_20201020,Run1_20201028,95,20260914,-0.05577330637077984
Run2_20201020,Run1_20201028,96,20260914,-0.006123296745918086
Run2_20201020,Run1_20201028,97,20260914,-0.0283820837338757
Run2_20201020,Run1_20201028,98,20260914,-0.016268366001749215
Run2_20201020,Run1_20201028,99,20260914,-0.04366066452596468
Run2_20201020,Run1_20201028,100,20260914,-0.05637973979087054
Run2_20201020,Run1_20201028,101,20260914,-0.04375592648090155
Run2_20201020,Run1_20201028,102,20260914,0.022574216026479
Run2_20201020,Run1_20201028,103,20260914,-0.005758647120156181
Run2_20201020,Run1_20201028,104,20260914,-0.005400646314581818
Run2_20201020,Run1_20201028,105,20260914,0.09705716889347087
Run2_20201020,Run1_20201028,106,20260914,-0.04625813789916209
Run2_20201020,Run1_20201028,107,20260914,0.058323029730030104
Run2_20201020,Run1_20201028,108,20260914,-0.007220779350804195
Run2_20201020,Run1_20201028,109,20260914,-0.0716702656977837
Run2_20201020,Run1_20201028,110,20260914,-0.0505061352404871
Run2_20201020,Run1_20201028,111,20260914,-0.06423802980276087
Run2_20201020,Run1_20201028,112,20260914,-0.018598255167076
Run2_20201020,Run1_20201028,113,20260914,-0.039104233288332714
Run2_20201020,Run1_20201028,114,20260914,-0.038022193185906716
Run2_20201020,Run1_20201028,115,20260914,-0.008216036482636628
Run2_20201020,Run1_20201028,116,20260914,-0.03057835030864564
Run2_20201020,Run1_20201028,117,20260914,-0.06595345050699142
Run2_20201020,Run1_20201028,118,20260914,0.18290798429094884
Run2_20201020,Run1_20201028,119,20260914,-0.07640872640979277
Run2_20201020,Run1_20201028,120,20260914,-0.0303323299042925
Run2_20201020,Run1_20201028,121,20260914,-0.040793171805242945
Run2_20201020,Run1_20201028,122,20260914,-0.00523946143562494
Run2_20201020,Run1_20201028,123,20260914,0.036540594538254534
Run2_20201020,Run1_20201028,124,20260914,-0.052253653676066845
Run2_20201020,Run1_20201028,125,20260914,-0.09169495403754235
Run2_20201020,Run1_20201028,126,20260914,0.0660652101451252
Run2_20201020,Run1_20201028,127,20260914,0.013293232098344716
Run2_20201020,Run1_20201028,128,20260914,-0.005549495736937157
Run2_20201020,Run1_20201028,129,20260914,0.030635826031609418
Run2_20201020,Run1_20201028,130,20260914,-0.030589585635143652
Run2_20201020,Run1_20201028,131,20260914,0.030507949700353382
Run2_20201020,Run1_20201028,132,20260914,-0.07020467167290693
Run2_20201020,Run1_20201028,133,20260914,0.04018406336261336
Run2_20201020,Run1_20201028,134,20260914,-0.06364107824956755
Run2_20201020,Run1_20201028,135,20260914,0.10927578036776271
Run2_20201020,Run1_20201028,136,20260914,-0.04708673156749688
Run2_20201020,Run1_20201028,137,20260914,0.01096334082023697
Run2_20201020,Run1_20201028,138,20260914,-0.025054052958962004
Run2_20201020,Run1_20201028,139,20260914,0.02096687490344467
Run2_20201020,Run1_20201028,140,20260914,-0.04199669989122616
Run2_20201020,Run1_20201028,141,20260914,0.11726943703327482
Run2_20201020,Run1_20201028,142,20260914,0.07007803741241517
Run2_20201020,Run1_20201028,143,20260914,0.03974776678809698
Run2_20201020,Run1_20201028,144,20260914,-0.03330919580598825
Run2_20201020,Run1_20201028,145,20260914,0.010819655810218992
Run2_20201020,Run1_20201028,146,20260914,0.05581372818504311
Run2_20201020,Run1_20201028,147,20260914,-0.04300912979931763
Run2_20201020,Run1_20201028,148,20260914,0.09849461514128838
Run2_20201020,Run1_20201028,149,20260914,-0.02797494113060845
Run2_20201020,Run1_20201028,150,20260914,0.05088505481113713
Run2_20201020,Run1_20201028,151,20260914,0.03985186988148904
Run2_20201020,Run1_20201028,152,20260914,-0.0457265645368345
Run2_20201020,Run1_20201028,153,20260914,0.009925600822997456
Run2_20201020,Run1_20201028,154,20260914,-0.041603144951857726
Run2_20201020,Run1_20201028,155,20260914,-0.015677685144366415
Run2_20201020,Run1_20201028,156,20260914,-0.0222643658557565
Run2_20201020,Run1_20201028,157,20260914,-0.03877355483418906
Run2_20201020,Run1_20201028,158,20260914,0.02648159128191329
Run2_20201020,Run1_20201028,159,20260914,-0.01832248941465378
Run2_20201020,Run1_20201028,160,20260914,-0.03234262448382756
Run2_20201020,Run1_20201028,161,20260914,0.17275533627993916
Run2_20201020,Run1_20201028,162,20260914,-0.015720459344032163
Run2_20201020,Run1_20201028,163,20260914,-0.0062830027562392355
Run2_20201020,Run1_20201028,164,20260914,-0.029442340020104894
Run2_20201020,Run1_20201028,165,20260914,0.07660344352226264
Run2_20201020,Run1_20201028,166,20260914,-0.025153127215607834
Run2_20201020,Run1_20201028,167,20260914,-0.03843829846176339
Run2_20201020,Run1_20201028,168,20260914,0.14179621699137063
Run2_20201020,Run1_20201028,169,20260914,-0.07354382225616632
Run2_20201020,Run1_20201028,170,20260914,0.01990985643840212
Run2_20201020,Run1_20201028,171,20260914,0.011338229399117468
Run2_20201020,Run1_20201028,172,20260914,0.062103516122735285
Run2_20201020,Run1_20201028,173,20260914,-0.042726419945215116
Run2_20201020,Run1_20201028,174,20260914,0.08160264145018233
Run2_20201020,Run1_20201028,175,20260914,-0.09186053775171643
Run2_20201020,Run1_20201028,176,20260914,0.040744833717323806
Run2_20201020,Run1_20201028,177,20260914,0.011981318875218333
Run2_20201020,Run1_20201028,178,20260914,0.017155244684816235
Run2_20201020,Run1_20201028,179,20260914,0.007480703175889222
Run2_20201020,Run1_20201028,180,20260914,-0.08630814208788999
Run2_20201020,Run1_20201028,181,20260914,0.023773643187677204
Run2_20201020,Run1_20201028,182,20260914,0.06381042936300287
Run2_20201020,Run1_20201028,183,20260914,0.01703632817872835
Run2_20201020,Run1_20201028,184,20260914,-0.029736871774285516
Run2_20201020,Run1_20201028,185,20260914,0.028665415527553174
Run2_20201020,Run1_20201028,186,20260914,0.019911276556381242
Run2_20201020,Run1_20201028,187,20260914,0.05383010272598385
Run2_20201020,Run1_20201028,188,20260914,0.06470693113284322
Run2_20201020,Run1_20201028,189,20260914,-0.05056645871304129
Run2_20201020,Run1_20201028,190,20260914,0.05011801251294192
Run2_20201020,Run1_20201028,191,20260914,0.02661697690545335
Run2_20201020,Run1_20201028,192,20260914,0.006170730369607676
Run2_20201020,Run1_20201028,193,20260914,-0.0634585550757766
Run2_20201020,Run1_20201028,194,20260914,-0.04332016145678018
Run2_20201020,Run1_20201028,195,20260914,0.021509350759265668
Run2_20201020,Run1_20201028,196,20260914,0.007247526024741613
Run2_20201020,Run1_20201028,197,20260914,-0.04675402527038583
Run2_20201020,Run1_20201028,198,20260914,-0.04171930939952092
Run2_20201020,Run1_20201028,199,20260914,-0.049490021042618994
Run2_20201020,Run1_20201030,0,20260914,0.1605490559616138
Run2_20201020,Run1_20201030,1,20260914,0.07444354185049029
Run2_20201020,Run1_20201030,2,20260914,0.011608513985911501
Run2_20201020,Run1_20201030,3,20260914,-0.04131822968906343
Run2_20201020,Run1_20201030,4,20260914,0.045543521221004614
Run2_20201020,Run1_20201030,5,20260914,0.11424158561244845
Run2_20201020,Run1_20201030,6,20260914,0.06642864088212032
Run2_20201020,Run1_20201030,7,20260914,-0.0673810587939917
Run2_20201020,Run1_20201030,8,20260914,0.015132703171257181
Run2_20201020,Run1_20201030,9,20260914,-0.06560069070614255
Run2_20201020,Run1_20201030,10,20260914,-0.01697852190868415
Run2_20201020,Run1_20201030,11,20260914,0.001479660228027944
Run2_20201020,Run1_20201030,12,20260914,-0.0016221345690053378
Run2_20201020,Run1_20201030,13,20260914,-0.03934229293966168
Run2_20201020,Run1_20201030,14,20260914,-0.023057655545831002
Run2_20201020,Run1_20201030,15,20260914,0.022376781235390938
Run2_20201020,Run1_20201030,16,20260914,-0.07050016795253938
Run2_20201020,Run1_20201030,17,20260914,-0.052991996863937754
Run2_20201020,Run1_20201030,18,20260914,-0.037123461142498565
Run2_20201020,Run1_20201030,19,20260914,-0.007439979110208789
Run2_20201020,Run1_20201030,20,20260914,-0.05058595225217907
Run2_20201020,Run1_20201030,21,20260914,-0.03374250968269425
Run2_20201020,Run1_20201030,22,20260914,-0.04164663521061793
Run2_20201020,Run1_20201030,23,20260914,-0.06498811132634451
Run2_20201020,Run1_20201030,24,20260914,0.0393694894798247
Run2_20201020,Run1_20201030,25,20260914,-0.04223178138324149
Run2_20201020,Run1_20201030,26,20260914,0.07064023407540869
Run2_20201020,Run1_20201030,27,20260914,0.11308353099754402
Run2_20201020,Run1_20201030,28,20260914,-0.05708903140710624
Run2_20201020,Run1_20201030,29,20260914,-0.03028257854689869
Run2_20201020,Run1_20201030,30,20260914,-0.07446420777036142
Run2_20201020,Run1_20201030,31,20260914,-0.044529300354404666
Run2_20201020,Run1_20201030,32,20260914,-0.053531544004894675
Run2_20201020,Run1_20201030,33,20260914,-0.08299885177545381
Run2_20201020,Run1_20201030,34,20260914,0.04886642557814593
Run2_20201020,Run1_20201030,35,20260914,-0.01892392489380122
Run2_20201020,Run1_20201030,36,20260914,-0.03808219479482778
Run2_20201020,Run1_20201030,37,20260914,-0.05345692990725867
Run2_20201020,Run1_20201030,38,20260914,-0.045937969765358175
Run2_20201020,Run1_20201030,39,20260914,-0.06553020061788978
Run2_20201020,Run1_20201030,40,20260914,-0.032928432346560156
Run2_20201020,Run1_20201030,41,20260914,-0.01637184714654475
Run2_20201020,Run1_20201030,42,20260914,-0.031087962918934883
Run2_20201020,Run1_20201030,43,20260914,0.19079870008157618
Run2_20201020,Run1_20201030,44,20260914,-0.05504904660551249
Run2_20201020,Run1_20201030,45,20260914,-0.07948419137256311
Run2_20201020,Run1_20201030,46,20260914,-0.062704240015262
Run2_20201020,Run1_20201030,47,20260914,0.01210077156347748
Run2_20201020,Run1_20201030,48,20260914,-0.03307324569615616
Run2_20201020,Run1_20201030,49,20260914,-0.054563810844951134
Run2_20201020,Run1_20201030,50,20260914,-0.06104732978684079
Run2_20201020,Run1_20201030,51,20260914,-0.052696367506226145
Run2_20201020,Run1_20201030,52,20260914,-0.05559437003839291
Run2_20201020,Run1_20201030,53,20260914,-0.07679431503997393
Run2_20201020,Run1_20201030,54,20260914,-0.057543509055937636
Run2_20201020,Run1_20201030,55,20260914,-0.06429282656020953
Run2_20201020,Run1_20201030,56,20260914,0.1364484041950354
Run2_20201020,Run1_20201030,57,20260914,0.0874107295884863
Run2_20201020,Run1_20201030,58,20260914,-0.035534412292677835
Run2_20201020,Run1_20201030,59,20260914,-0.0090704312137046
Run2_20201020,Run1_20201030,60,20260914,-0.06704309289812783
Run2_20201020,Run1_20201030,61,20260914,-0.04514896388178858
Run2_20201020,Run1_20201030,62,20260914,-0.00868668252200693
Run2_20201020,Run1_20201030,63,20260914,0.11364252276867354
Run2_20201020,Run1_20201030,64,20260914,0.034822281765888384
Run2_20201020,Run1_20201030,65,20260914,-0.04560260500644273
Run2_20201020,Run1_20201030,66,20260914,-0.056235473534493444
Run2_20201020,Run1_20201030,67,20260914,0.004925205369575017
Run2_20201020,Run1_20201030,68,20260914,0.02471068168132747
Run2_20201020,Run1_20201030,69,20260914,-0.03926779689660693
Run2_20201020,Run1_20201030,70,20260914,0.01531345932586004
Run2_20201020,Run1_20201030,71,20260914,-0.04440933929864686
Run2_20201020,Run1_20201030,72,20260914,-0.06333156837021962
Run2_20201020,Run1_20201030,73,20260914,-0.0004930940493409842
Run2_20201020,Run1_20201030,74,20260914,-0.005182940919699713
Run2_20201020,Run1_20201030,75,20260914,-0.055254348947347154
Run2_20201020,Run1_20201030,76,20260914,-0.006283905311048258
Run2_20201020,Run1_20201030,77,20260914,-0.04583762855975646
Run2_20201020,Run1_20201030,78,20260914,-0.02598593969682651
Run2_20201020,Run1_20201030,79,20260914,-0.03257487398825252
Run2_20201020,Run1_20201030,80,20260914,-0.06889729020339136
Run2_20201020,Run1_20201030,81,20260914,0.10948880984464537
Run2_20201020,Run1_20201030,82,20260914,-0.06543756896348615
Run2_20201020,Run1_20201030,83,20260914,-0.03484911229659022
Run2_20201020,Run1_20201030,84,20260914,-0.06455698516233783
Run2_20201020,Run1_20201030,85,20260914,0.12919822176987067
Run2_20201020,Run1_20201030,86,20260914,0.0014898588670085866
Run2_20201020,Run1_20201030,87,20260914,-0.05859329056482324
Run2_20201020,Run1_20201030,88,20260914,-0.053722595734865035
Run2_20201020,Run1_20201030,89,20260914,-0.07869562266657425
Run2_20201020,Run1_20201030,90,20260914,-0.0498135269111703
Run2_20201020,Run1_20201030,91,20260914,-0.033136733719401956
Run2_20201020,Run1_20201030,92,20260914,0.03890766029582253
Run2_20201020,Run1_20201030,93,20260914,-0.04531741152656937
Run2_20201020,Run1_20201030,94,20260914,0.13432026906012973
Run2_20201020,Run1_20201030,95,20260914,-0.018364148781080662
Run2_20201020,Run1_20201030,96,20260914,0.017056068942309176
Run2_20201020,Run1_20201030,97,20260914,-0.04470631031808064
Run2_20201020,Run1_20201030,98,20260914,0.002576664446794392
Run2_20201020,Run1_20201030,99,20260914,-0.01731247615378722
Run2_20201020,Run1_20201030,100,20260914,-0.05773841812565836
Run2_20201020,Run1_20201030,101,20260914,-0.04850233243628844
Run2_20201020,Run1_20201030,102,20260914,-0.00675387886507589
Run2_20201020,Run1_20201030,103,20260914,-0.056992196643794936
Run2_20201020,Run1_20201030,104,20260914,-0.05183147377694767
Run2_20201020,Run1_20201030,105,20260914,0.01886560289268188
Run2_20201020,Run1_20201030,106,20260914,-0.012857883979666819
Run2_20201020,Run1_20201030,107,20260914,-0.025839535825050435
Run2_20201020,Run1_20201030,108,20260914,0.01634670478084287
Run2_20201020,Run1_20201030,109,20260914,-0.006706899750314649
Run2_20201020,Run1_20201030,110,20260914,-0.07778194546955712
Run2_20201020,Run1_20201030,111,20260914,0.060289695670885095
Run2_20201020,Run1_20201030,112,20260914,-0.039375564214763
Run2_20201020,Run1_20201030,113,20260914,-0.0346062009198267
Run2_20201020,Run1_20201030,114,20260914,-0.02800496279583851
Run2_20201020,Run1_20201030,115,20260914,-0.033661695196507184
Run2_20201020,Run1_20201030,116,20260914,-0.04705290696093623
Run2_20201020,Run1_20201030,117,20260914,-0.04766489467619488
Run2_20201020,Run1_20201030,118,20260914,-0.002373272115860923
Run2_20201020,Run1_20201030,119,20260914,0.008739004158425696
Run2_20201020,Run1_20201030,120,20260914,-0.026369733713335383
Run2_20201020,Run1_20201030,121,20260914,-0.060160180005506846
Run2_20201020,Run1_20201030,122,20260914,-0.08305986186879037
Run2_20201020,Run1_20201030,123,20260914,0.03829964488270296
Run2_20201020,Run1_20201030,124,20260914,-0.06639900222036416
Run2_20201020,Run1_20201030,125,20260914,0.03356855890916474
Run2_20201020,Run1_20201030,126,20260914,0.03503766010533986
Run2_20201020,Run1_20201030,127,20260914,0.10666635586806104
Run2_20201020,Run1_20201030,128,20260914,-0.025721721901674023
Run2_20201020,Run1_20201030,129,20260914,-0.022308380014236358
Run2_20201020,Run1_20201030,130,20260914,-0.03570157399892376
Run2_20201020,Run1_20201030,131,20260914,0.06874862089583449
Run2_20201020,Run1_20201030,132,20260914,-0.05419948614461699
Run2_20201020,Run1_20201030,133,20260914,-0.015009700994391913
Run2_20201020,Run1_20201030,134,20260914,-0.06304881944482439
Run2_20201020,Run1_20201030,135,20260914,0.004859759372232
Run2_20201020,Run1_20201030,136,20260914,-0.06787558081988221
Run2_20201020,Run1_20201030,137,20260914,-0.04112139220343417
Run2_20201020,Run1_20201030,138,20260914,-0.02594287700502906
Run2_20201020,Run1_20201030,139,20260914,-0.025303470160798144
Run2_20201020,Run1_20201030,140,20260914,0.004919166480278284
Run2_20201020,Run1_20201030,141,20260914,0.11551155272424021
Run2_20201020,Run1_20201030,142,20260914,0.1836002543067968
Run2_20201020,Run1_20201030,143,20260914,0.06708809925900881
Run2_20201020,Run1_20201030,144,20260914,0.06144407550674796
Run2_20201020,Run1_20201030,145,20260914,-0.05255092172945343
Run2_20201020,Run1_20201030,146,20260914,0.11014181801406588
Run2_20201020,Run1_20201030,147,20260914,-0.030525218378687616
Run2_20201020,Run1_20201030,148,20260914,-0.04453397633598229
Run2_20201020,Run1_20201030,149,20260914,-0.035717678203469924
Run2_20201020,Run1_20201030,150,20260914,-0.034841182551508955
Run2_20201020,Run1_20201030,151,20260914,-0.06804475801152424
Run2_20201020,Run1_20201030,152,20260914,-0.04758735901142616
Run2_20201020,Run1_20201030,153,20260914,-0.07649273177302458
Run2_20201020,Run1_20201030,154,20260914,-0.024274581937344282
Run2_20201020,Run1_20201030,155,20260914,0.0007034023746514879
Run2_20201020,Run1_20201030,156,20260914,0.08505656206923351
Run2_20201020,Run1_20201030,157,20260914,-0.05329689534982726
Run2_20201020,Run1_20201030,158,20260914,-0.06869724985315555
Run2_20201020,Run1_20201030,159,20260914,-0.0019632123521060897
Run2_20201020,Run1_20201030,160,20260914,-0.04826866648249128
Run2_20201020,Run1_20201030,161,20260914,0.0341540368448791
Run2_20201020,Run1_20201030,162,20260914,0.1176794284001124
Run2_20201020,Run1_20201030,163,20260914,0.09154865536961594
Run2_20201020,Run1_20201030,164,20260914,0.0698616299787625
Run2_20201020,Run1_20201030,165,20260914,-0.07152983922601161
Run2_20201020,Run1_20201030,166,20260914,-0.07110231203135552
Run2_20201020,Run1_20201030,167,20260914,-0.049370925221442485
Run2_20201020,Run1_20201030,168,20260914,-0.04949842520212953
Run2_20201020,Run1_20201030,169,20260914,-0.026962981051954597
Run2_20201020,Run1_20201030,170,20260914,-0.05930216098134515
Run2_20201020,Run1_20201030,171,20260914,0.02369595031258457
Run2_20201020,Run1_20201030,172,20260914,0.1430850107077644
Run2_20201020,Run1_20201030,173,20260914,-0.043062356599893804
Run2_20201020,Run1_20201030,174,20260914,0.0005830656592835042
Run2_20201020,Run1_20201030,175,20260914,-0.0008733527195230781
Run2_20201020,Run1_20201030,176,20260914,0.006378550313214371
Run2_20201020,Run1_20201030,177,20260914,-0.04968275767932371
Run2_20201020,Run1_20201030,178,20260914,-0.05345499864351016
Run2_20201020,Run1_20201030,179,20260914,0.03459833647593511
Run2_20201020,Run1_20201030,180,20260914,0.0011335599083794013
Run2_20201020,Run1_20201030,181,20260914,-0.06986290107391249
Run2_20201020,Run1_20201030,182,20260914,-0.05833503258421312
Run2_20201020,Run1_20201030,183,20260914,-0.06281598564085872
Run2_20201020,Run1_20201030,184,20260914,-0.043127484136532036
Run2_20201020,Run1_20201030,185,20260914,-0.007400173357507343
Run2_20201020,Run1_20201030,186,20260914,-0.013034687071053493
Run2_20201020,Run1_20201030,187,20260914,-0.04626285203636012
Run2_20201020,Run1_20201030,188,20260914,0.016949113788580723
Run2_20201020,Run1_20201030,189,20260914,-0.03224759605210395
Run2_20201020,Run1_20201030,190,20260914,-0.04604674456505465
Run2_20201020,Run1_20201030,191,20260914,-0.02998375745080984
Run2_20201020,Run1_20201030,192,20260914,-0.05661327280244324
Run2_20201020,Run1_20201030,193,20260914,-0.0629939460238955
Run2_20201020,Run1_20201030,194,20260914,0.009957155102679185
Run2_20201020,Run1_20201030,195,20260914,-0.026537470277495628
Run2_20201020,Run1_20201030,196,20260914,-0.04752677467992557
Run2_20201020,Run1_20201030,197,20260914,0.08311725062343865
Run2_20201020,Run1_20201030,198,20260914,-0.06749237065132434
Run2_20201020,Run1_20201030,199,20260914,-0.05774489605262067
Run2_20201020,Run2_20201030,0,20260914,0.004883981802814438
Run2_20201020,Run2_20201030,1,20260914,-0.04004351147529827
Run2_20201020,Run2_20201030,2,20260914,-0.01798772893079407
Run2_20201020,Run2_20201030,3,20260914,-0.01206349524762148
Run2_20201020,Run2_20201030,4,20260914,-0.058792283975053795
Run2_20201020,Run2_20201030,5,20260914,0.08281388500963006
Run2_20201020,Run2_20201030,6,20260914,-0.05831222718354576
Run2_20201020,Run2_20201030,7,20260914,0.051523452231592326
Run2_20201020,Run2_20201030,8,20260914,-0.05700852331889405
Run2_20201020,Run2_20201030,9,20260914,-0.05179335084526176
Run2_20201020,Run2_20201030,10,20260914,-0.018426067834382692
Run2_20201020,Run2_20201030,11,20260914,-0.06868575751255465
Run2_20201020,Run2_20201030,12,20260914,-0.023882139680182827
Run2_20201020,Run2_20201030,13,20260914,-0.019274813923296
Run2_20201020,Run2_20201030,14,20260914,-0.06345285985235422
Run2_20201020,Run2_20201030,15,20260914,-0.07160563723142731
Run2_20201020,Run2_20201030,16,20260914,0.017953222132418376
Run2_20201020,Run2_20201030,17,20260914,-0.03755837792282549
Run2_20201020,Run2_20201030,18,20260914,-0.04220588235037494
Run2_20201020,Run2_20201030,19,20260914,-0.00901742970666079
Run2_20201020,Run2_20201030,20,20260914,-0.05954382026372607
Run2_20201020,Run2_20201030,21,20260914,0.17202578337624672
Run2_20201020,Run2_20201030,22,20260914,-0.05305602285062771
Run2_20201020,Run2_20201030,23,20260914,0.06151198289842638
Run2_20201020,Run2_20201030,24,20260914,-0.03251594167414456
Run2_20201020,Run2_20201030,25,20260914,0.09063585916556809
Run2_20201020,Run2_20201030,26,20260914,-0.032089506957035704
Run2_20201020,Run2_20201030,27,20260914,-0.03718760132062744
Run2_20201020,Run2_20201030,28,20260914,-0.007000485724189161
Run2_20201020,Run2_20201030,29,20260914,-0.05922638546645376
Run2_20201020,Run2_20201030,30,20260914,-0.020880235399477056
Run2_20201020,Run2_20201030,31,20260914,0.1915550775026454
Run2_20201020,Run2_20201030,32,20260914,-0.028337739576416235
Run2_20201020,Run2_20201030,33,20260914,-0.04971157256496611
Run2_20201020,Run2_20201030,34,20260914,-0.021955627908344603
Run2_20201020,Run2_20201030,35,20260914,0.11347395520942019
Run2_20201020,Run2_20201030,36,20260914,0.04185754525886374
Run2_20201020,Run2_20201030,37,20260914,-0.008952460324357292
Run2_20201020,Run2_20201030,38,20260914,0.05895334824941532
Run2_20201020,Run2_20201030,39,20260914,-0.047458430399758875
Run2_20201020,Run2_20201030,40,20260914,-0.03377148721333987
Run2_20201020,Run2_20201030,41,20260914,-0.011662451024704274
Run2_20201020,Run2_20201030,42,20260914,0.013874678810387946
Run2_20201020,Run2_20201030,43,20260914,-0.041862563260634686
Run2_20201020,Run2_20201030,44,20260914,-0.010288122356597686
Run2_20201020,Run2_20201030,45,20260914,0.13780884154469955
Run2_20201020,Run2_20201030,46,20260914,-0.049841059332411286
Run2_20201020,Run2_20201030,47,20260914,0.025052296171669146
Run2_20201020,Run2_20201030,48,20260914,0.01859362544468238
Run2_20201020,Run2_20201030,49,20260914,-0.04435094011826054
Run2_20201020,Run2_20201030,50,20260914,0.028856829872434497
Run2_20201020,Run2_20201030,51,20260914,-0.03832614187208296
Run2_20201020,Run2_20201030,52,20260914,-0.03055008912797478
Run2_20201020,Run2_20201030,53,20260914,-0.06467491181390005
Run2_20201020,Run2_20201030,54,20260914,0.04735620275738778
Run2_20201020,Run2_20201030,55,20260914,-0.009194432739363675
Run2_20201020,Run2_20201030,56,20260914,-0.040842747761472765
Run2_20201020,Run2_20201030,57,20260914,-0.0011293904670136737
Run2_20201020,Run2_20201030,58,20260914,-0.015375056378151715
Run2_20201020,Run2_20201030,59,20260914,-0.035550762646918886
Run2_20201020,Run2_20201030,60,20260914,0.025593343906498114
Run2_20201020,Run2_20201030,61,20260914,-0.034783453914586565
Run2_20201020,Run2_20201030,62,20260914,-0.06412712431297934
Run2_20201020,Run2_20201030,63,20260914,-0.052504080374818816
Run2_20201020,Run2_20201030,64,20260914,-0.051332786927843245
Run2_20201020,Run2_20201030,65,20260914,0.04225934733409751
Run2_20201020,Run2_20201030,66,20260914,-0.026836070810917167
Run2_20201020,Run2_20201030,67,20260914,0.09335438709019503
Run2_20201020,Run2_20201030,68,20260914,-0.08775034559880514
Run2_20201020,Run2_20201030,69,20260914,-0.026161966477200285
Run2_20201020,Run2_20201030,70,20260914,-0.007260992074201004
Run2_20201020,Run2_20201030,71,20260914,0.08066087290229852
Run2_20201020,Run2_20201030,72,20260914,-0.00868939962181733
Run2_20201020,Run2_20201030,73,20260914,-0.05925804189449831
Run2_20201020,Run2_20201030,74,20260914,0.22993236593987904
Run2_20201020,Run2_20201030,75,20260914,-0.011999066431874816
Run2_20201020,Run2_20201030,76,20260914,-0.06850430946655575
Run2_20201020,Run2_20201030,77,20260914,-0.0071296417927430205
Run2_20201020,Run2_20201030,78,20260914,0.008534767081849538
Run2_20201020,Run2_20201030,79,20260914,0.1946330688844994
Run2_20201020,Run2_20201030,80,20260914,-0.044151874122220214
Run2_20201020,Run2_20201030,81,20260914,-0.0346699033297974
Run2_20201020,Run2_20201030,82,20260914,0.1876985211665636
Run2_20201020,Run2_20201030,83,20260914,-0.05358229293350265
Run2_20201020,Run2_20201030,84,20260914,-0.03016941772970026
Run2_20201020,Run2_20201030,85,20260914,0.0632214732359702
Run2_20201020,Run2_20201030,86,20260914,-0.01416771987178022
Run2_20201020,Run2_20201030,87,20260914,-0.06162747484841337
Run2_20201020,Run2_20201030,88,20260914,-0.07695272000707187
Run2_20201020,Run2_20201030,89,20260914,-0.02128605164203502
Run2_20201020,Run2_20201030,90,20260914,-0.046365890903221345
Run2_20201020,Run2_20201030,91,20260914,-0.06394597730813266
Run2_20201020,Run2_20201030,92,20260914,-0.04426490405471073
Run2_20201020,Run2_20201030,93,20260914,0.017082921986591827
Run2_20201020,Run2_20201030,94,20260914,0.029779154273134704
Run2_20201020,Run2_20201030,95,20260914,-0.05283789464273598
Run2_20201020,Run2_20201030,96,20260914,0.007827767761578834
Run2_20201020,Run2_20201030,97,20260914,0.028528684182191687
Run2_20201020,Run2_20201030,98,20260914,-0.06865578213823377
Run2_20201020,Run2_20201030,99,20260914,-0.02297933248775603
Run2_20201020,Run2_20201030,100,20260914,-0.03306221999872273
Run2_20201020,Run2_20201030,101,20260914,-0.08397576668920764
Run2_20201020,Run2_20201030,102,20260914,-0.03935313107946934
Run2_20201020,Run2_20201030,103,20260914,-0.06750301472704374
Run2_20201020,Run2_20201030,104,20260914,0.030792724984715896
Run2_20201020,Run2_20201030,105,20260914,0.10592103015600711
Run2_20201020,Run2_20201030,106,20260914,0.06450373144432701
Run2_20201020,Run2_20201030,107,20260914,-0.053866928393135345
Run2_20201020,Run2_20201030,108,20260914,0.15421761297304032
Run2_20201020,Run2_20201030,109,20260914,-0.010468845477537
Run2_20201020,Run2_20201030,110,20260914,0.23284671968727774
Run2_20201020,Run2_20201030,111,20260914,-0.05157632379425179
Run2_20201020,Run2_20201030,112,20260914,-0.01169076406542235
Run2_20201020,Run2_20201030,113,20260914,-0.02105515233055646
Run2_20201020,Run2_20201030,114,20260914,-0.05600605931052147
Run2_20201020,Run2_20201030,115,20260914,-0.04202335963356886
Run2_20201020,Run2_20201030,116,20260914,-0.04255270962984699
Run2_20201020,Run2_20201030,117,20260914,-0.008438020588271802
Run2_20201020,Run2_20201030,118,20260914,-0.024387633950387146
Run2_20201020,Run2_20201030,119,20260914,-0.03371647254227137
Run2_20201020,Run2_20201030,120,20260914,-0.03425406538384922
Run2_20201020,Run2_20201030,121,20260914,-0.027561237553283748
Run2_20201020,Run2_20201030,122,20260914,-0.03489247041463845
Run2_20201020,Run2_20201030,123,20260914,0.05089247640900223
Run2_20201020,Run2_20201030,124,20260914,-0.0694741356688621
Run2_20201020,Run2_20201030,125,20260914,-0.06481385457133154
Run2_20201020,Run2_20201030,126,20260914,0.061964798602913165
Run2_20201020,Run2_20201030,127,20260914,-0.0299379481540864
Run2_20201020,Run2_20201030,128,20260914,-0.05141277157455659
Run2_20201020,Run2_20201030,129,20260914,-0.046809912586173105
Run2_20201020,Run2_20201030,130,20260914,-0.04565256231805189
Run2_20201020,Run2_20201030,131,20260914,-0.003030022529533751
Run2_20201020,Run2_20201030,132,20260914,-0.09410634168208652
Run2_20201020,Run2_20201030,133,20260914,-0.013914297159159825
Run2_20201020,Run2_20201030,134,20260914,-0.047851415060319424
Run2_20201020,Run2_20201030,135,20260914,-0.04371696608582195
Run2_20201020,Run2_20201030,136,20260914,-0.05041727892402586
Run2_20201020,Run2_20201030,137,20260914,0.019044099376292287
Run2_20201020,Run2_20201030,138,20260914,-0.06132692478713849
Run2_20201020,Run2_20201030,139,20260914,0.12331158280979987
Run2_20201020,Run2_20201030,140,20260914,-0.05245351469773074
Run2_20201020,Run2_20201030,141,20260914,-0.036561422909569985
Run2_20201020,Run2_20201030,142,20260914,0.00799732675994691
Run2_20201020,Run2_20201030,143,20260914,0.06298487600815622
Run2_20201020,Run2_20201030,144,20260914,-0.05381567917382211
Run2_20201020,Run2_20201030,145,20260914,-0.04828412717638877
Run2_20201020,Run2_20201030,146,20260914,-0.04223287251599314
Run2_20201020,Run2_20201030,147,20260914,-0.046965351910686716
Run2_20201020,Run2_20201030,148,20260914,-0.05109205058263409
Run2_20201020,Run2_20201030,149,20260914,0.03618453265837491
Run2_20201020,Run2_20201030,150,20260914,-0.03971040148080949
Run2_20201020,Run2_20201030,151,20260914,-0.04699404923394002
Run2_20201020,Run2_20201030,152,20260914,0.06585037031877639
Run2_20201020,Run2_20201030,153,20260914,0.08865679496363019
Run2_20201020,Run2_20201030,154,20260914,-0.03614135683553192
Run2_20201020,Run2_20201030,155,20260914,-0.06172411796927147
Run2_20201020,Run2_20201030,156,20260914,0.019568609971669124
Run2_20201020,Run2_20201030,157,20260914,-0.0007780114547061934
Run2_20201020,Run2_20201030,158,20260914,-0.0006406633046252309
Run2_20201020,Run2_20201030,159,20260914,0.10152299531798033
Run2_20201020,Run2_20201030,160,20260914,-0.07133781656110007
Run2_20201020,Run2_20201030,161,20260914,-0.03244426693423095
Run2_20201020,Run2_20201030,162,20260914,-0.06976603940319365
Run2_20201020,Run2_20201030,163,20260914,-0.06222287046494813
Run2_20201020,Run2_20201030,164,20260914,-0.05281741926994786
Run2_20201020,Run2_20201030,165,20260914,0.00377827850374524
Run2_20201020,Run2_20201030,166,20260914,-0.07794443224172615
Run2_20201020,Run2_20201030,167,20260914,0.0013584046226313
Run2_20201020,Run2_20201030,168,20260914,-0.05792411702108748
Run2_20201020,Run2_20201030,169,20260914,-0.056192176869422156
Run2_20201020,Run2_20201030,170,20260914,0.050512207920195125
Run2_20201020,Run2_20201030,171,20260914,-0.031250470206089516
Run2_20201020,Run2_20201030,172,20260914,-0.006014837214322787
Run2_20201020,Run2_20201030,173,20260914,-0.00028738806277217225
Run2_20201020,Run2_20201030,174,20260914,0.009234775594225815
Run2_20201020,Run2_20201030,175,20260914,-0.03670049247206263
Run2_20201020,Run2_20201030,176,20260914,-0.027952854020090182
Run2_20201020,Run2_20201030,177,20260914,-0.04514228362982795
Run2_20201020,Run2_20201030,178,20260914,-0.04078757035829802
Run2_20201020,Run2_20201030,179,20260914,0.02793164544271283
Run2_20201020,Run2_20201030,180,20260914,0.07336491711939852
Run2_20201020,Run2_20201030,181,20260914,-0.013606003930266742
Run2_20201020,Run2_20201030,182,20260914,-0.02424807229769426
Run2_20201020,Run2_20201030,183,20260914,-0.009853982517972568
Run2_20201020,Run2_20201030,184,20260914,0.05758699755311109
Run2_20201020,Run2_20201030,185,20260914,0.056238625290995076
Run2_20201020,Run2_20201030,186,20260914,-0.07550722199535183
Run2_20201020,Run2_20201030,187,20260914,-0.009569878241453451
Run2_20201020,Run2_20201030,188,20260914,-0.03762498433232804
Run2_20201020,Run2_20201030,189,20260914,0.0017607834886913523
Run2_20201020,Run2_20201030,190,20260914,0.11162178938052585
Run2_20201020,Run2_20201030,191,20260914,0.051213746054610154
Run2_20201020,Run2_20201030,192,20260914,-0.06976421209130748
Run2_20201020,Run2_20201030,193,20260914,0.13290630845665183
Run2_20201020,Run2_20201030,194,20260914,-0.0538517149387325
Run2_20201020,Run2_20201030,195,20260914,-0.02282380459967998
Run2_20201020,Run2_20201030,196,20260914,0.051144340258485285
Run2_20201020,Run2_20201030,197,20260914,0.060849643405647705
Run2_20201020,Run2_20201030,198,20260914,-0.010608992622249529
Run2_20201020,Run2_20201030,199,20260914,0.05421998635117478
Run2_20201020,Run1_20201118,0,20260914,-0.02047570052902488
Run2_20201020,Run1_20201118,1,20260914,0.0070311049983785255
Run2_20201020,Run1_20201118,2,20260914,-0.014832851333165772
Run2_20201020,Run1_20201118,3,20260914,-0.05951446752009824
Run2_20201020,Run1_20201118,4,20260914,-0.07282944964568767
Run2_20201020,Run1_20201118,5,20260914,-0.011444825925915291
Run2_20201020,Run1_20201118,6,20260914,-0.050749796850117324
Run2_20201020,Run1_20201118,7,20260914,0.033284941451674446
Run2_20201020,Run1_20201118,8,20260914,0.08724516647610336
Run2_20201020,Run1_20201118,9,20260914,-0.027790810408831145
Run2_20201020,Run1_20201118,10,20260914,0.026272655259902526
Run2_20201020,Run1_20201118,11,20260914,-0.030894282013821318
Run2_20201020,Run1_20201118,12,20260914,0.20711281652369873
Run2_20201020,Run1_20201118,13,20260914,-0.021543840084506643
Run2_20201020,Run1_20201118,14,20260914,0.03311550763184324
Run2_20201020,Run1_20201118,15,20260914,-0.05584330734062627
Run2_20201020,Run1_20201118,16,20260914,-0.020576483897980648
Run2_20201020,Run1_20201118,17,20260914,0.002576285912509792
Run2_20201020,Run1_20201118,18,20260914,-0.021104624140928216
Run2_20201020,Run1_20201118,19,20260914,-0.06907779916734634
Run2_20201020,Run1_20201118,20,20260914,-0.06726023781323139
Run2_20201020,Run1_20201118,21,20260914,-0.003356421185082551
Run2_20201020,Run1_20201118,22,20260914,0.006745377233098295
Run2_20201020,Run1_20201118,23,20260914,-0.009619395883065636
Run2_20201020,Run1_20201118,24,20260914,-0.0076094293114927335
Run2_20201020,Run1_20201118,25,20260914,-0.05063892791847553
Run2_20201020,Run1_20201118,26,20260914,-0.010150403211654854
Run2_20201020,Run1_20201118,27,20260914,-0.007942673322162495
Run2_20201020,Run1_20201118,28,20260914,0.06452823621007342
Run2_20201020,Run1_20201118,29,20260914,0.1603770070349118
Run2_20201020,Run1_20201118,30,20260914,-0.033463069013329204
Run2_20201020,Run1_20201118,31,20260914,0.03312754396616533
Run2_20201020,Run1_20201118,32,20260914,0.046453988701869925
Run2_20201020,Run1_20201118,33,20260914,-0.034906744440780325
Run2_20201020,Run1_20201118,34,20260914,-0.07725473007408905
Run2_20201020,Run1_20201118,35,20260914,-0.0449045577828778
Run2_20201020,Run1_20201118,36,20260914,-0.05834002715440625
Run2_20201020,Run1_20201118,37,20260914,-0.02217422401085982
Run2_20201020,Run1_20201118,38,20260914,-0.008230444775963274
Run2_20201020,Run1_20201118,39,20260914,0.002969556527706454
Run2_20201020,Run1_20201118,40,20260914,0.058529559330602145
Run2_20201020,Run1_20201118,41,20260914,-0.007942765448635276
Run2_20201020,Run1_20201118,42,20260914,0.005897790999516207
Run2_20201020,Run1_20201118,43,20260914,0.007131437032993359
Run2_20201020,Run1_20201118,44,20260914,0.028046456243396547
Run2_20201020,Run1_20201118,45,20260914,-0.04007605969982021
Run2_20201020,Run1_20201118,46,20260914,-0.07141370139263215
Run2_20201020,Run1_20201118,47,20260914,0.006954707833848896
Run2_20201020,Run1_20201118,48,20260914,-0.04047116601823752
Run2_20201020,Run1_20201118,49,20260914,-0.08098785963777615
Run2_20201020,Run1_20201118,50,20260914,0.008888301217853495
Run2_20201020,Run1_20201118,51,20260914,0.08487188939386335
Run2_20201020,Run1_20201118,52,20260914,0.003921125141228047
Run2_20201020,Run1_20201118,53,20260914,0.006688468367418084
Run2_20201020,Run1_20201118,54,20260914,0.12675113581122652
Run2_20201020,Run1_20201118,55,20260914,-0.02213072167915369
Run2_20201020,Run1_20201118,56,20260914,-0.016635064474092097
Run2_20201020,Run1_20201118,57,20260914,0.05639093073540553
Run2_20201020,Run1_20201118,58,20260914,0.14074022043327927
Run2_20201020,Run1_20201118,59,20260914,-0.03106459862953322
Run2_20201020,Run1_20201118,60,20260914,-0.0270304204125679
Run2_20201020,Run1_20201118,61,20260914,-0.013860147036826441
Run2_20201020,Run1_20201118,62,20260914,-0.00024379388469678107
Run2_20201020,Run1_20201118,63,20260914,-0.06543214620763482
Run2_20201020,Run1_20201118,64,20260914,-0.037487823088379904
Run2_20201020,Run1_20201118,65,20260914,0.0075867093751565565
Run2_20201020,Run1_20201118,66,20260914,-0.02205525615993065
Run2_20201020,Run1_20201118,67,20260914,-0.036390299770115785
Run2_20201020,Run1_20201118,68,20260914,0.056478500528459874
Run2_20201020,Run1_20201118,69,20260914,0.012907193621574364
Run2_20201020,Run1_20201118,70,20260914,-0.04929734715530373
Run2_20201020,Run1_20201118,71,20260914,-0.04562372287286816
Run2_20201020,Run1_20201118,72,20260914,0.00140239503021149
Run2_20201020,Run1_20201118,73,20260914,0.14838926344822717
Run2_20201020,Run1_20201118,74,20260914,0.021397002358213773
Run2_20201020,Run1_20201118,75,20260914,0.09846602698431978
Run2_20201020,Run1_20201118,76,20260914,-0.04244988336622315
Run2_20201020,Run1_20201118,77,20260914,-0.013747122466345636
Run2_20201020,Run1_20201118,78,20260914,-0.07551190937951718
Run2_20201020,Run1_20201118,79,20260914,-0.056905734481137484
Run2_20201020,Run1_20201118,80,20260914,-0.007301166091070681
Run2_20201020,Run1_20201118,81,20260914,-0.05379070567913243
Run2_20201020,Run1_20201118,82,20260914,-0.01885313228040813
Run2_20201020,Run1_20201118,83,20260914,0.0001081771105306233
Run2_20201020,Run1_20201118,84,20260914,0.08085085358302427
Run2_20201020,Run1_20201118,85,20260914,0.09630022733714244
Run2_20201020,Run1_20201118,86,20260914,-0.010170225144969004
Run2_20201020,Run1_20201118,87,20260914,0.1224035022887378
Run2_20201020,Run1_20201118,88,20260914,-0.015007311435073518
Run2_20201020,Run1_20201118,89,20260914,0.03115192441723055
Run2_20201020,Run1_20201118,90,20260914,-0.025099889111616026
Run2_20201020,Run1_20201118,91,20260914,-0.002668986271600793
Run2_20201020,Run1_20201118,92,20260914,0.017750761963571702
Run2_20201020,Run1_20201118,93,20260914,0.04487466564975803
Run2_20201020,Run1_20201118,94,20260914,-0.040092464435193126
Run2_20201020,Run1_20201118,95,20260914,0.019575522667805777
Run2_20201020,Run1_20201118,96,20260914,0.1090873829034495
Run2_20201020,Run1_20201118,97,20260914,-0.04918238211406161
Run2_20201020,Run1_20201118,98,20260914,0.007514885345587617
Run2_20201020,Run1_20201118,99,20260914,-0.05849419907444081
Run2_20201020,Run1_20201118,100,20260914,0.000995581648368156
Run2_20201020,Run1_20201118,101,20260914,-0.12429236795330685
Run2_20201020,Run1_20201118,102,20260914,-0.013465351741847932
Run2_20201020,Run1_20201118,103,20260914,0.04001057463140236
Run2_20201020,Run1_20201118,104,20260914,-0.020542589296732635
Run2_20201020,Run1_20201118,105,20260914,-0.02248439258308754
Run2_20201020,Run1_20201118,106,20260914,0.06739705069924899
Run2_20201020,Run1_20201118,107,20260914,-0.051973565543416
Run2_20201020,Run1_20201118,108,20260914,0.06192583074191976
Run2_20201020,Run1_20201118,109,20260914,-0.04638147750414831
Run2_20201020,Run1_20201118,110,20260914,0.10541049369162254
Run2_20201020,Run1_20201118,111,20260914,0.06058268052288616
Run2_20201020,Run1_20201118,112,20260914,-0.07266850126165238
Run2_20201020,Run1_20201118,113,20260914,0.07292491703389839
Run2_20201020,Run1_20201118,114,20260914,0.09675538047986224
Run2_20201020,Run1_20201118,115,20260914,-0.060253546712030925
Run2_20201020,Run1_20201118,116,20260914,-0.03284029612248761
Run2_20201020,Run1_20201118,117,20260914,0.07123841467595876
Run2_20201020,Run1_20201118,118,20260914,-0.07880183414684346
Run2_20201020,Run1_20201118,119,20260914,0.007663224742810244
Run2_20201020,Run1_20201118,120,20260914,-0.04797229187635652
Run2_20201020,Run1_20201118,121,20260914,-0.007849887290425813
Run2_20201020,Run1_20201118,122,20260914,0.007520243974417515
Run2_20201020,Run1_20201118,123,20260914,-0.035115838219054035
Run2_20201020,Run1_20201118,124,20260914,-0.0032708574704714537
Run2_20201020,Run1_20201118,125,20260914,0.025102885727880556
Run2_20201020,Run1_20201118,126,20260914,0.11549420385266976
Run2_20201020,Run1_20201118,127,20260914,-0.0075239985097503865
Run2_20201020,Run1_20201118,128,20260914,0.04814136532630062
Run2_20201020,Run1_20201118,129,20260914,0.04433887738220904
Run2_20201020,Run1_20201118,130,20260914,0.13999588429136728
Run2_20201020,Run1_20201118,131,20260914,-0.014145035455960873
Run2_20201020,Run1_20201118,132,20260914,-0.02160094917725469
Run2_20201020,Run1_20201118,133,20260914,0.12106709842127607
Run2_20201020,Run1_20201118,134,20260914,-0.0015068994957113653
Run2_20201020,Run1_20201118,135,20260914,-0.026941487067572552
Run2_20201020,Run1_20201118,136,20260914,-0.015010917415154961
Run2_20201020,Run1_20201118,137,20260914,0.057087351422594
Run2_20201020,Run1_20201118,138,20260914,-0.05195102923676747
Run2_20201020,Run1_20201118,139,20260914,-0.04169945877476901
Run2_20201020,Run1_20201118,140,20260914,-0.020734651690478566
Run2_20201020,Run1_20201118,141,20260914,-0.05710966980342709
Run2_20201020,Run1_20201118,142,20260914,0.014931172703926318
Run2_20201020,Run1_20201118,143,20260914,0.02344665095207232
Run2_20201020,Run1_20201118,144,20260914,0.02788270113429511
Run2_20201020,Run1_20201118,145,20260914,0.03342998986280156
Run2_20201020,Run1_20201118,146,20260914,0.03947701349755609
Run2_20201020,Run1_20201118,147,20260914,-0.053419702369978304
Run2_20201020,Run1_20201118,148,20260914,0.0011097953747394092
Run2_20201020,Run1_20201118,149,20260914,-0.06189969443996732
Run2_20201020,Run1_20201118,150,20260914,-0.0643614964946182
Run2_20201020,Run1_20201118,151,20260914,0.041849090952539594
Run2_20201020,Run1_20201118,152,20260914,0.044914017235012774
Run2_20201020,Run1_20201118,153,20260914,-0.05925646077912151
Run2_20201020,Run1_20201118,154,20260914,0.01788366965062918
Run2_20201020,Run1_20201118,155,20260914,-0.015231222530995198
Run2_20201020,Run1_20201118,156,20260914,0.004637433403883776
Run2_20201020,Run1_20201118,157,20260914,0.005580437163632052
Run2_20201020,Run1_20201118,158,20260914,0.0777475247640591
Run2_20201020,Run1_20201118,159,20260914,0.04193346238191068
Run2_20201020,Run1_20201118,160,20260914,-0.017885241566198844
Run2_20201020,Run1_20201118,161,20260914,-0.00840355386364521
Run2_20201020,Run1_20201118,162,20260914,0.01740882876767676
Run2_20201020,Run1_20201118,163,20260914,-0.035512412507070226
Run2_20201020,Run1_20201118,164,20260914,-0.04691685138226455
Run2_20201020,Run1_20201118,165,20260914,0.007355922837744442
Run2_20201020,Run1_20201118,166,20260914,0.015248882478327635
Run2_20201020,Run1_20201118,167,20260914,0.019923480405788806
Run2_20201020,Run1_20201118,168,20260914,0.003310461324892176
Run2_20201020,Run1_20201118,169,20260914,0.02012008486400681
Run2_20201020,Run1_20201118,170,20260914,-0.05967555827068118
Run2_20201020,Run1_20201118,171,20260914,0.0009380483940186874
Run2_20201020,Run1_20201118,172,20260914,0.04432287373871025
Run2_20201020,Run1_20201118,173,20260914,0.06979050041057369
Run2_20201020,Run1_20201118,174,20260914,0.03631939738294671
Run2_20201020,Run1_20201118,175,20260914,0.018641763988600922
Run2_20201020,Run1_20201118,176,20260914,-0.038309541028621386
Run2_20201020,Run1_20201118,177,20260914,0.008016402349070239
Run2_20201020,Run1_20201118,178,20260914,-0.01236301900904434
Run2_20201020,Run1_20201118,179,20260914,0.16057963581903073
Run2_20201020,Run1_20201118,180,20260914,-0.002213931886538034
Run2_20201020,Run1_20201118,181,20260914,-0.0023073594536421613
Run2_20201020,Run1_20201118,182,20260914,0.1524160900896194
Run2_20201020,Run1_20201118,183,20260914,0.05194758162104467
Run2_20201020,Run1_20201118,184,20260914,-0.022269225384553542
Run2_20201020,Run1_20201118,185,20260914,-0.027487119228064873
Run2_20201020,Run1_20201118,186,20260914,-0.04894493473876459
Run2_20201020,Run1_20201118,187,20260914,-0.05337180211533884
Run2_20201020,Run1_20201118,188,20260914,0.05621979499703343
Run2_20201020,Run1_20201118,189,20260914,-0.04927402825317644
Run2_20201020,Run1_20201118,190,20260914,-0.023860970251112845
Run2_20201020,Run1_20201118,191,20260914,-0.06418088221157925
Run2_20201020,Run1_20201118,192,20260914,-0.04024427756096092
Run2_20201020,Run1_20201118,193,20260914,-0.012463335959053759
Run2_20201020,Run1_20201118,194,20260914,0.003415103719213416
Run2_20201020,Run1_20201118,195,20260914,-0.03486527297898636
Run2_20201020,Run1_20201118,196,20260914,-0.02132022461735687
Run2_20201020,Run1_20201118,197,20260914,-0.04920567658678195
Run2_20201020,Run1_20201118,198,20260914,-0.016126415393978084
Run2_20201020,Run1_20201118,199,20260914,-0.048392857821035494
Run2_20201020,Run1_20201119,0,20260914,-0.03811461802094616
Run2_20201020,Run1_20201119,1,20260914,-0.06486762398798963
Run2_20201020,Run1_20201119,2,20260914,-0.0063738064352460945
Run2_20201020,Run1_20201119,3,20260914,-0.022733565080291424
Run2_20201020,Run1_20201119,4,20260914,0.00484041540787204
Run2_20201020,Run1_20201119,5,20260914,0.03675228107217067
Run2_20201020,Run1_20201119,6,20260914,-0.07410789188316215
Run2_20201020,Run1_20201119,7,20260914,-0.04848245404144071
Run2_20201020,Run1_20201119,8,20260914,-0.0704400773281202
Run2_20201020,Run1_20201119,9,20260914,-0.0366183014920685
Run2_20201020,Run1_20201119,10,20260914,0.02941031811776303
Run2_20201020,Run1_20201119,11,20260914,-0.041272231730391275
Run2_20201020,Run1_20201119,12,20260914,-0.03998789164578602
Run2_20201020,Run1_20201119,13,20260914,0.04792478383625011
Run2_20201020,Run1_20201119,14,20260914,-0.027246708069195373
Run2_20201020,Run1_20201119,15,20260914,-0.050715991133848906
Run2_20201020,Run1_20201119,16,20260914,0.1273672678803466
Run2_20201020,Run1_20201119,17,20260914,-0.039319712277806035
Run2_20201020,Run1_20201119,18,20260914,-0.005672650386919663
Run2_20201020,Run1_20201119,19,20260914,-0.004433948373841669
Run2_20201020,Run1_20201119,20,20260914,-0.018083150319790395
Run2_20201020,Run1_20201119,21,20260914,-0.0697540267779637
Run2_20201020,Run1_20201119,22,20260914,-0.08426500720752843
Run2_20201020,Run1_20201119,23,20260914,0.10873201459753117
Run2_20201020,Run1_20201119,24,20260914,-0.014529320248775778
Run2_20201020,Run1_20201119,25,20260914,-0.021937384080530243
Run2_20201020,Run1_20201119,26,20260914,-0.043976089588774414
Run2_20201020,Run1_20201119,27,20260914,0.21363719062304576
Run2_20201020,Run1_20201119,28,20260914,-0.05333434623664336
Run2_20201020,Run1_20201119,29,20260914,-0.035447574409571005
Run2_20201020,Run1_20201119,30,20260914,0.033758353325556566
Run2_20201020,Run1_20201119,31,20260914,0.02800364137900068
Run2_20201020,Run1_20201119,32,20260914,0.030807084652671242
Run2_20201020,Run1_20201119,33,20260914,-0.08871249398256909
Run2_20201020,Run1_20201119,34,20260914,0.07170032922262963
Run2_20201020,Run1_20201119,35,20260914,-0.051043013213281786
Run2_20201020,Run1_20201119,36,20260914,0.0005226887396278301
Run2_20201020,Run1_20201119,37,20260914,-0.08903707935863299
Run2_20201020,Run1_20201119,38,20260914,-0.009531905861704035
Run2_20201020,Run1_20201119,39,20260914,-0.04102314069477824
Run2_20201020,Run1_20201119,40,20260914,0.0031546337215310302
Run2_20201020,Run1_20201119,41,20260914,0.08761110392982396
Run2_20201020,Run1_20201119,42,20260914,0.04004956465070188
Run2_20201020,Run1_20201119,43,20260914,0.005101097991003767
Run2_20201020,Run1_20201119,44,20260914,-0.02813507263235892
Run2_20201020,Run1_20201119,45,20260914,-0.0352925245701727
Run2_20201020,Run1_20201119,46,20260914,-0.03428635220826218
Run2_20201020,Run1_20201119,47,20260914,-0.06794446162261451
Run2_20201020,Run1_20201119,48,20260914,0.1556595664441021
Run2_20201020,Run1_20201119,49,20260914,-0.05340166387818871
Run2_20201020,Run1_20201119,50,20260914,-0.04086385501386988
Run2_20201020,Run1_20201119,51,20260914,-0.007657742585493233
Run2_20201020,Run1_20201119,52,20260914,-0.042843710030313266
Run2_20201020,Run1_20201119,53,20260914,-0.05533549315818177
Run2_20201020,Run1_20201119,54,20260914,-0.05803130413154512
Run2_20201020,Run1_20201119,55,20260914,0.012630855522010062
Run2_20201020,Run1_20201119,56,20260914,0.08431268376740653
Run2_20201020,Run1_20201119,57,20260914,-0.005295071049657993
Run2_20201020,Run1_20201119,58,20260914,-0.016950341375603094
Run2_20201020,Run1_20201119,59,20260914,0.07338426663285647
Run2_20201020,Run1_20201119,60,20260914,-0.020752278018966883
Run2_20201020,Run1_20201119,61,20260914,0.031442235283830555
Run2_20201020,Run1_20201119,62,20260914,-0.07394813029850723
Run2_20201020,Run1_20201119,63,20260914,0.017827622123224057
Run2_20201020,Run1_20201119,64,20260914,-0.09391269672353705
Run2_20201020,Run1_20201119,65,20260914,-0.044755461524707704
Run2_20201020,Run1_20201119,66,20260914,0.05121346334903888
Run2_20201020,Run1_20201119,67,20260914,-0.025715952635889425
Run2_20201020,Run1_20201119,68,20260914,-0.027377800283794208
Run2_20201020,Run1_20201119,69,20260914,-0.08773648945227094
Run2_20201020,Run1_20201119,70,20260914,-0.08112044687872802
Run2_20201020,Run1_20201119,71,20260914,-0.006680371096462322
Run2_20201020,Run1_20201119,72,20260914,-0.0719618345273888
Run2_20201020,Run1_20201119,73,20260914,-0.06146761822185164
Run2_20201020,Run1_20201119,74,20260914,-0.037187498356736806
Run2_20201020,Run1_20201119,75,20260914,-0.045721533783396634
Run2_20201020,Run1_20201119,76,20260914,0.008178347763000365
Run2_20201020,Run1_20201119,77,20260914,-0.06974903768678356
Run2_20201020,Run1_20201119,78,20260914,0.027540779537509275
Run2_20201020,Run1_20201119,79,20260914,0.061635776413565886
Run2_20201020,Run1_20201119,80,20260914,0.005299387609185526
Run2_20201020,Run1_20201119,81,20260914,0.02422209956898148
Run2_20201020,Run1_20201119,82,20260914,-0.049294078545972765
Run2_20201020,Run1_20201119,83,20260914,-0.09349493406740648
Run2_20201020,Run1_20201119,84,20260914,-0.07235891061463129
Run2_20201020,Run1_20201119,85,20260914,-0.060854533216681515
Run2_20201020,Run1_20201119,86,20260914,-0.0656550668826106
Run2_20201020,Run1_20201119,87,20260914,-0.04918231869585081
Run2_20201020,Run1_20201119,88,20260914,-0.09262380259954067
Run2_20201020,Run1_20201119,89,20260914,-0.006459269345674617
Run2_20201020,Run1_20201119,90,20260914,-0.06700177248863122
Run2_20201020,Run1_20201119,91,20260914,-0.03785683828520056
Run2_20201020,Run1_20201119,92,20260914,-0.06700561925921125
Run2_20201020,Run1_20201119,93,20260914,0.0011068048019242987
Run2_20201020,Run1_20201119,94,20260914,-0.031748578577658323
Run2_20201020,Run1_20201119,95,20260914,-0.08734706323024294
Run2_20201020,Run1_20201119,96,20260914,-0.0712275225375754
Run2_20201020,Run1_20201119,97,20260914,-0.0020079746895723454
Run2_20201020,Run1_20201119,98,20260914,0.04234996731620118
Run2_20201020,Run1_20201119,99,20260914,-0.02201374882352025
Run2_20201020,Run1_20201119,100,20260914,-0.10176568298123936
Run2_20201020,Run1_20201119,101,20260914,0.11155276747944483
Run2_20201020,Run1_20201119,102,20260914,0.007584948144511286
Run2_20201020,Run1_20201119,103,20260914,-0.016635052821162167
Run2_20201020,Run1_20201119,104,20260914,-0.05914750523606648
Run2_20201020,Run1_20201119,105,20260914,-0.06714081229237093
Run2_20201020,Run1_20201119,106,20260914,-0.0578039231356961
Run2_20201020,Run1_20201119,107,20260914,0.081640586776617
Run2_20201020,Run1_20201119,108,20260914,-0.07592050028031606
Run2_20201020,Run1_20201119,109,20260914,-0.032229563899312405
Run2_20201020,Run1_20201119,110,20260914,-0.0625414161374836
Run2_20201020,Run1_20201119,111,20260914,0.03803507084005517
Run2_20201020,Run1_20201119,112,20260914,0.06941458559002424
Run2_20201020,Run1_20201119,113,20260914,-0.02854880557939207
Run2_20201020,Run1_20201119,114,20260914,-0.007308113723447958
Run2_20201020,Run1_20201119,115,20260914,-0.03711135942767623
Run2_20201020,Run1_20201119,116,20260914,-0.040166817538038885
Run2_20201020,Run1_20201119,117,20260914,-0.0414584745906894
Run2_20201020,Run1_20201119,118,20260914,0.09058344508442286
Run2_20201020,Run1_20201119,119,20260914,-0.059929101691450506
Run2_20201020,Run1_20201119,120,20260914,0.024413536410124947
Run2_20201020,Run1_20201119,121,20260914,-0.027068525994858213
Run2_20201020,Run1_20201119,122,20260914,-0.03485607679959326
Run2_20201020,Run1_20201119,123,20260914,-0.05855687915560064
Run2_20201020,Run1_20201119,124,20260914,-0.018713824307188397
Run2_20201020,Run1_20201119,125,20260914,-0.08432151928892037
Run2_20201020,Run1_20201119,126,20260914,-0.01526115705991179
Run2_20201020,Run1_20201119,127,20260914,-0.03426596619335389
Run2_20201020,Run1_20201119,128,20260914,0.012285388909816421
Run2_20201020,Run1_20201119,129,20260914,0.069242996752784
Run2_20201020,Run1_20201119,130,20260914,-0.005869478314264653
Run2_20201020,Run1_20201119,131,20260914,-0.034760886209870806
Run2_20201020,Run1_20201119,132,20260914,-0.011896187743325015
Run2_20201020,Run1_20201119,133,20260914,-0.04289260022123957
Run2_20201020,Run1_20201119,134,20260914,-0.042918106800615335
Run2_20201020,Run1_20201119,135,20260914,-0.057145213629133024
Run2_20201020,Run1_20201119,136,20260914,0.08318500252053919
Run2_20201020,Run1_20201119,137,20260914,-0.06012154958429604
Run2_20201020,Run1_20201119,138,20260914,-0.03669976240571946
Run2_20201020,Run1_20201119,139,20260914,-0.010823224429645268
Run2_20201020,Run1_20201119,140,20260914,0.06863514163666082
Run2_20201020,Run1_20201119,141,20260914,0.016082403109604192
Run2_20201020,Run1_20201119,142,20260914,-0.012117212902874534
Run2_20201020,Run1_20201119,143,20260914,-0.033975682805339816
Run2_20201020,Run1_20201119,144,20260914,-0.05528795437089722
Run2_20201020,Run1_20201119,145,20260914,-0.053657618627858505
Run2_20201020,Run1_20201119,146,20260914,-0.04723481626064385
Run2_20201020,Run1_20201119,147,20260914,-0.041271714790297766
Run2_20201020,Run1_20201119,148,20260914,0.021729781716881093
Run2_20201020,Run1_20201119,149,20260914,0.0013059358569738578
Run2_20201020,Run1_20201119,150,20260914,-0.06929942722992122
Run2_20201020,Run1_20201119,151,20260914,-0.026155490049980315
Run2_20201020,Run1_20201119,152,20260914,0.0003069655569972592
Run2_20201020,Run1_20201119,153,20260914,0.0026450782057953356
Run2_20201020,Run1_20201119,154,20260914,-0.07317051381591598
Run2_20201020,Run1_20201119,155,20260914,-0.062020111547049686
Run2_20201020,Run1_20201119,156,20260914,-0.06041214263089618
Run2_20201020,Run1_20201119,157,20260914,0.041642827722731104
Run2_20201020,Run1_20201119,158,20260914,-0.034002345880633056
Run2_20201020,Run1_20201119,159,20260914,-0.059395639953922885
Run2_20201020,Run1_20201119,160,20260914,0.08509581758743559
Run2_20201020,Run1_20201119,161,20260914,-0.08881607101058782
Run2_20201020,Run1_20201119,162,20260914,-0.07186887851736784
Run2_20201020,Run1_20201119,163,20260914,-0.022574457240692365
Run2_20201020,Run1_20201119,164,20260914,-0.02430763113309861
Run2_20201020,Run1_20201119,165,20260914,-0.05295530535097905
Run2_20201020,Run1_20201119,166,20260914,-0.06354741998843758
Run2_20201020,Run1_20201119,167,20260914,-0.06282309083453255
Run2_20201020,Run1_20201119,168,20260914,-0.04376072227957198
Run2_20201020,Run1_20201119,169,20260914,-0.06136085895226666
Run2_20201020,Run1_20201119,170,20260914,0.045212431753009784
Run2_20201020,Run1_20201119,171,20260914,-0.09805530485423876
Run2_20201020,Run1_20201119,172,20260914,-0.046907819982076465
Run2_20201020,Run1_20201119,173,20260914,0.029430401416125487
Run2_20201020,Run1_20201119,174,20260914,-0.0391330263959504
Run2_20201020,Run1_20201119,175,20260914,0.009770720318214644
Run2_20201020,Run1_20201119,176,20260914,-0.01132218192508397
Run2_20201020,Run1_20201119,177,20260914,-0.0035774638310466073
Run2_20201020,Run1_20201119,178,20260914,-0.07529477738988766
Run2_20201020,Run1_20201119,179,20260914,0.004025356073724101
Run2_20201020,Run1_20201119,180,20260914,-0.053063856747327144
Run2_20201020,Run1_20201119,181,20260914,0.02820399245921905
Run2_20201020,Run1_20201119,182,20260914,-0.0193897777376342
Run2_20201020,Run1_20201119,183,20260914,-0.00217718972563705
Run2_20201020,Run1_20201119,184,20260914,0.10761482647827725
Run2_20201020,Run1_20201119,185,20260914,-0.01080693784400056
Run2_20201020,Run1_20201119,186,20260914,-0.027099846329357812
Run2_20201020,Run1_20201119,187,20260914,-0.06963781860548918
Run2_20201020,Run1_20201119,188,20260914,-0.04578608705153427
Run2_20201020,Run1_20201119,189,20260914,-0.07554756496323459
Run2_20201020,Run1_20201119,190,20260914,0.01803881508175832
Run2_20201020,Run1_20201119,191,20260914,0.07023634105331046
Run2_20201020,Run1_20201119,192,20260914,-0.05010653788178083
Run2_20201020,Run1_20201119,193,20260914,0.0178567221420099
Run2_20201020,Run1_20201119,194,20260914,0.09653337772573002
Run2_20201020,Run1_20201119,195,20260914,0.03845699464855048
Run2_20201020,Run1_20201119,196,20260914,-0.07743435622889684
Run2_20201020,Run1_20201119,197,20260914,-0.04359569659817055
Run2_20201020,Run1_20201119,198,20260914,-0.06249184770939369
Run2_20201020,Run1_20201119,199,20260914,0.13477520662260337
Run2_20201020,Run1_20201124,0,20260914,0.005429379486988194
Run2_20201020,Run1_20201124,1,20260914,-0.0014521568073714338
Run2_20201020,Run1_20201124,2,20260914,-0.02965566207246488
Run2_20201020,Run1_20201124,3,20260914,-0.054274914230561966
Run2_20201020,Run1_20201124,4,20260914,-0.0031235751442684704
Run2_20201020,Run1_20201124,5,20260914,0.021173762415388556
Run2_20201020,Run1_20201124,6,20260914,0.018202658431216087
Run2_20201020,Run1_20201124,7,20260914,0.05365019525675512
Run2_20201020,Run1_20201124,8,20260914,-0.028235846162158473
Run2_20201020,Run1_20201124,9,20260914,0.09006468394909621
Run2_20201020,Run1_20201124,10,20260914,-0.027604947012414824
Run2_20201020,Run1_20201124,11,20260914,-0.02801470576219459
Run2_20201020,Run1_20201124,12,20260914,-0.07148344597645176
Run2_20201020,Run1_20201124,13,20260914,-0.05556172125403538
Run2_20201020,Run1_20201124,14,20260914,0.03769374846674102
Run2_20201020,Run1_20201124,15,20260914,-0.005531386089364491
Run2_20201020,Run1_20201124,16,20260914,0.006491227297833853
Run2_20201020,Run1_20201124,17,20260914,0.008985774105598723
Run2_20201020,Run1_20201124,18,20260914,-0.04760603255841995
Run2_20201020,Run1_20201124,19,20260914,0.0006853946434891559
Run2_20201020,Run1_20201124,20,20260914,-0.050413307799696154
Run2_20201020,Run1_20201124,21,20260914,-0.05655101517520098
Run2_20201020,Run1_20201124,22,20260914,-0.08624284597763628
Run2_20201020,Run1_20201124,23,20260914,0.05148294722442204
Run2_20201020,Run1_20201124,24,20260914,-0.022847364310309204
Run2_20201020,Run1_20201124,25,20260914,0.02820397995939762
Run2_20201020,Run1_20201124,26,20260914,-0.05758361638565419
Run2_20201020,Run1_20201124,27,20260914,0.022136126800975656
Run2_20201020,Run1_20201124,28,20260914,-0.009407849261134197
Run2_20201020,Run1_20201124,29,20260914,-0.08757353150789216
Run2_20201020,Run1_20201124,30,20260914,-0.06306004912815774
Run2_20201020,Run1_20201124,31,20260914,0.024670776423051113
Run2_20201020,Run1_20201124,32,20260914,0.05519326535391587
Run2_20201020,Run1_20201124,33,20260914,-0.05217287948195136
Run2_20201020,Run1_20201124,34,20260914,-0.023372269391391327
Run2_20201020,Run1_20201124,35,20260914,0.1514464349132023
Run2_20201020,Run1_20201124,36,20260914,-0.05723110119427686
Run2_20201020,Run1_20201124,37,20260914,-0.06442023344176825
Run2_20201020,Run1_20201124,38,20260914,0.02941534124242983
Run2_20201020,Run1_20201124,39,20260914,-0.06323630238691255
Run2_20201020,Run1_20201124,40,20260914,-0.09202288152326928
Run2_20201020,Run1_20201124,41,20260914,-0.0245506143202384
Run2_20201020,Run1_20201124,42,20260914,-0.08554886375724957
Run2_20201020,Run1_20201124,43,20260914,-0.05573392043580757
Run2_20201020,Run1_20201124,44,20260914,-0.05269678333608616
Run2_20201020,Run1_20201124,45,20260914,-0.07532372022807177
Run2_20201020,Run1_20201124,46,20260914,-0.05419486044195702
Run2_20201020,Run1_20201124,47,20260914,0.08437153236124648
Run2_20201020,Run1_20201124,48,20260914,-0.07261537281695585
Run2_20201020,Run1_20201124,49,20260914,-0.06495996464821092
Run2_20201020,Run1_20201124,50,20260914,-0.09114094008293558
Run2_20201020,Run1_20201124,51,20260914,-0.031138851027720283
Run2_20201020,Run1_20201124,52,20260914,-0.033125636768916084
Run2_20201020,Run1_20201124,53,20260914,-0.07942374440443639
Run2_20201020,Run1_20201124,54,20260914,-0.003178523272692138
Run2_20201020,Run1_20201124,55,20260914,-0.01902997761703796
Run2_20201020,Run1_20201124,56,20260914,-0.07820134543972851
Run2_20201020,Run1_20201124,57,20260914,-0.0070366756570402955
Run2_20201020,Run1_20201124,58,20260914,-0.04757819109325474
Run2_20201020,Run1_20201124,59,20260914,0.05262209297262729
Run2_20201020,Run1_20201124,60,20260914,-0.03243320930265218
Run2_20201020,Run1_20201124,61,20260914,0.20590874845374157
Run2_20201020,Run1_20201124,62,20260914,-0.03355975644514066
Run2_20201020,Run1_20201124,63,20260914,0.02492811831089102
Run2_20201020,Run1_20201124,64,20260914,-0.047370259071235855
Run2_20201020,Run1_20201124,65,20260914,-0.04814193611493413
Run2_20201020,Run1_20201124,66,20260914,0.0028560983884406265
Run2_20201020,Run1_20201124,67,20260914,0.03000965151021004
Run2_20201020,Run1_20201124,68,20260914,-0.03235432728539663
Run2_20201020,Run1_20201124,69,20260914,-0.008045312355333924
Run2_20201020,Run1_20201124,70,20260914,-0.03932867215821945
Run2_20201020,Run1_20201124,71,20260914,0.05177348140026872
Run2_20201020,Run1_20201124,72,20260914,0.04410385590990149
Run2_20201020,Run1_20201124,73,20260914,0.05324289534414985
Run2_20201020,Run1_20201124,74,20260914,0.10928597331090822
Run2_20201020,Run1_20201124,75,20260914,0.02896884819682628
Run2_20201020,Run1_20201124,76,20260914,-0.04633587226710948
Run2_20201020,Run1_20201124,77,20260914,-0.09482540520950637
Run2_20201020,Run1_20201124,78,20260914,-0.011881858112118482
Run2_20201020,Run1_20201124,79,20260914,-0.06871139296829654
Run2_20201020,Run1_20201124,80,20260914,-0.004876015488295868
Run2_20201020,Run1_20201124,81,20260914,0.020407043434114043
Run2_20201020,Run1_20201124,82,20260914,-0.014568264647907864
Run2_20201020,Run1_20201124,83,20260914,-0.06046925121633084
Run2_20201020,Run1_20201124,84,20260914,-0.07168364723546093
Run2_20201020,Run1_20201124,85,20260914,-0.031466954106723254
Run2_20201020,Run1_20201124,86,20260914,0.004389631883517988
Run2_20201020,Run1_20201124,87,20260914,-0.0802055464535007
Run2_20201020,Run1_20201124,88,20260914,0.047591861989378495
Run2_20201020,Run1_20201124,89,20260914,-0.050794709089165876
Run2_20201020,Run1_20201124,90,20260914,-0.08712587192384731
Run2_20201020,Run1_20201124,91,20260914,-0.06248840368064489
Run2_20201020,Run1_20201124,92,20260914,-0.02582592998801108
Run2_20201020,Run1_20201124,93,20260914,0.011670038666988467
Run2_20201020,Run1_20201124,94,20260914,0.006447030742622178
Run2_20201020,Run1_20201124,95,20260914,-0.006682816757656
Run2_20201020,Run1_20201124,96,20260914,-0.03344693502581159
Run2_20201020,Run1_20201124,97,20260914,0.04165077763644514
Run2_20201020,Run1_20201124,98,20260914,-0.03937872792991861
Run2_20201020,Run1_20201124,99,20260914,-0.017136649824654224
Run2_20201020,Run1_20201124,100,20260914,0.034191669623217395
Run2_20201020,Run1_20201124,101,20260914,-0.05464049912837063
Run2_20201020,Run1_20201124,102,20260914,-0.09181342408625918
Run2_20201020,Run1_20201124,103,20260914,0.028041316486838674
Run2_20201020,Run1_20201124,104,20260914,-0.041971127727777856
Run2_20201020,Run1_20201124,105,20260914,-0.030164944307297027
Run2_20201020,Run1_20201124,106,20260914,-0.040035335253489054
Run2_20201020,Run1_20201124,107,20260914,-0.03584219748882808
Run2_20201020,Run1_20201124,108,20260914,-0.07236596798404922
Run2_20201020,Run1_20201124,109,20260914,-0.01889708483662512
Run2_20201020,Run1_20201124,110,20260914,-0.062213066704967394
Run2_20201020,Run1_20201124,111,20260914,0.008809612859265131
Run2_20201020,Run1_20201124,112,20260914,0.016493311033467344
Run2_20201020,Run1_20201124,113,20260914,-0.05402429532564251
Run2_20201020,Run1_20201124,114,20260914,-0.08075693150769024
Run2_20201020,Run1_20201124,115,20260914,-0.04898494302264028
Run2_20201020,Run1_20201124,116,20260914,-0.016353419148975964
Run2_20201020,Run1_20201124,117,20260914,0.060321287629274016
Run2_20201020,Run1_20201124,118,20260914,-0.03795917388849154
Run2_20201020,Run1_20201124,119,20260914,-0.05357035250767573
Run2_20201020,Run1_20201124,120,20260914,-0.015466127015491812
Run2_20201020,Run1_20201124,121,20260914,-0.05643360366724455
Run2_20201020,Run1_20201124,122,20260914,-0.04917083748649253
Run2_20201020,Run1_20201124,123,20260914,-0.06839662697254961
Run2_20201020,Run1_20201124,124,20260914,-0.03741713316776504
Run2_20201020,Run1_20201124,125,20260914,-0.06930325785576259
Run2_20201020,Run1_20201124,126,20260914,-0.0031305946908217934
Run2_20201020,Run1_20201124,127,20260914,0.041355166479673036
Run2_20201020,Run1_20201124,128,20260914,0.009649928859055811
Run2_20201020,Run1_20201124,129,20260914,-0.0030412285384178676
Run2_20201020,Run1_20201124,130,20260914,-0.05134181110975812
Run2_20201020,Run1_20201124,131,20260914,-0.06664222636722802
Run2_20201020,Run1_20201124,132,20260914,-0.0034002095578708914
Run2_20201020,Run1_20201124,133,20260914,-0.029688780979408722
Run2_20201020,Run1_20201124,134,20260914,-0.060265363176574195
Run2_20201020,Run1_20201124,135,20260914,-0.004071546068021967
Run2_20201020,Run1_20201124,136,20260914,-0.017715149683607646
Run2_20201020,Run1_20201124,137,20260914,0.011401405827579815
Run2_20201020,Run1_20201124,138,20260914,0.050517859298227594
Run2_20201020,Run1_20201124,139,20260914,-0.08348968441171033
Run2_20201020,Run1_20201124,140,20260914,-0.053465135177302524
Run2_20201020,Run1_20201124,141,20260914,-0.05203717740125112
Run2_20201020,Run1_20201124,142,20260914,-0.03372831382428109
Run2_20201020,Run1_20201124,143,20260914,-0.015365066545322013
Run2_20201020,Run1_20201124,144,20260914,-0.06465458190451008
Run2_20201020,Run1_20201124,145,20260914,-0.05150898419857426
Run2_20201020,Run1_20201124,146,20260914,-0.06388628994172778
Run2_20201020,Run1_20201124,147,20260914,0.02712665171378599
Run2_20201020,Run1_20201124,148,20260914,-0.014145662023133387
Run2_20201020,Run1_20201124,149,20260914,-0.09775735710140136
Run2_20201020,Run1_20201124,150,20260914,-0.07724362093679134
Run2_20201020,Run1_20201124,151,20260914,0.03744393032700134
Run2_20201020,Run1_20201124,152,20260914,0.011834979803429043
Run2_20201020,Run1_20201124,153,20260914,0.020250709156372285
Run2_20201020,Run1_20201124,154,20260914,0.11371785457817678
Run2_20201020,Run1_20201124,155,20260914,-0.07639723199357791
Run2_20201020,Run1_20201124,156,20260914,-0.026692874587280854
Run2_20201020,Run1_20201124,157,20260914,-0.07705645638947929
Run2_20201020,Run1_20201124,158,20260914,-0.009732014057513798
Run2_20201020,Run1_20201124,159,20260914,-0.017302794643727422
Run2_20201020,Run1_20201124,160,20260914,0.006702447251919146
Run2_20201020,Run1_20201124,161,20260914,0.020421232774455997
Run2_20201020,Run1_20201124,162,20260914,0.017013142730959774
Run2_20201020,Run1_20201124,163,20260914,-0.05265323463100791
Run2_20201020,Run1_20201124,164,20260914,-0.006563092966077336
Run2_20201020,Run1_20201124,165,20260914,0.01634962469824369
Run2_20201020,Run1_20201124,166,20260914,-0.019592813380974895
Run2_20201020,Run1_20201124,167,20260914,0.007486330437588232
Run2_20201020,Run1_20201124,168,20260914,-0.030023224551778947
Run2_20201020,Run1_20201124,169,20260914,-0.054882739270057365
Run2_20201020,Run1_20201124,170,20260914,-0.0165678341369724
Run2_20201020,Run1_20201124,171,20260914,-0.030322412350875814
Run2_20201020,Run1_20201124,172,20260914,-0.024923790989430886
Run2_20201020,Run1_20201124,173,20260914,0.1766144267182283
Run2_20201020,Run1_20201124,174,20260914,-0.008974484574391138
Run2_20201020,Run1_20201124,175,20260914,-0.01617419840684938
Run2_20201020,Run1_20201124,176,20260914,0.03924974144481543
Run2_20201020,Run1_20201124,177,20260914,-0.013373885253088615
Run2_20201020,Run1_20201124,178,20260914,-0.09171175918278386
Run2_20201020,Run1_20201124,179,20260914,-0.016257424843358327
Run2_20201020,Run1_20201124,180,20260914,-0.08558706821260763
Run2_20201020,Run1_20201124,181,20260914,-0.06107102546833968
Run2_20201020,Run1_20201124,182,20260914,-0.04728220617040347
Run2_20201020,Run1_20201124,183,20260914,0.04109056150643183
Run2_20201020,Run1_20201124,184,20260914,-0.06773087073627777
Run2_20201020,Run1_20201124,185,20260914,-0.023027668274121983
Run2_20201020,Run1_20201124,186,20260914,0.0024977114808799827
Run2_20201020,Run1_20201124,187,20260914,-0.05159091256652
Run2_20201020,Run1_20201124,188,20260914,-0.06265804479762047
Run2_20201020,Run1_20201124,189,20260914,0.0011241167171071073
Run2_20201020,Run1_20201124,190,20260914,0.09151411419972472
Run2_20201020,Run1_20201124,191,20260914,-0.009746185846048422
Run2_20201020,Run1_20201124,192,20260914,0.025103476166727604
Run2_20201020,Run1_20201124,193,20260914,-0.008666254400934359
Run2_20201020,Run1_20201124,194,20260914,0.04342672301568139
Run2_20201020,Run1_20201124,195,20260914,0.0014134824531165365
Run2_20201020,Run1_20201124,196,20260914,-0.08842541468591665
Run2_20201020,Run1_20201124,197,20260914,0.021693515677017567
Run2_20201020,Run1_20201124,198,20260914,-0.04386604115258665
Run2_20201020,Run1_20201124,199,20260914,0.04588960577114814
Run2_20201020,Run2_20201124,0,20260914,-0.05769755325292003
Run2_20201020,Run2_20201124,1,20260914,0.09692772245863424
Run2_20201020,Run2_20201124,2,20260914,-0.06015601474978757
Run2_20201020,Run2_20201124,3,20260914,-0.00793093303894635
Run2_20201020,Run2_20201124,4,20260914,0.0014925096643705932
Run2_20201020,Run2_20201124,5,20260914,-0.05497548032117975
Run2_20201020,Run2_20201124,6,20260914,0.08808320695920452
Run2_20201020,Run2_20201124,7,20260914,-0.027236509075314965
Run2_20201020,Run2_20201124,8,20260914,-0.08208840439640727
Run2_20201020,Run2_20201124,9,20260914,-0.04163149222247901
Run2_20201020,Run2_20201124,10,20260914,-0.04601185820418093
Run2_20201020,Run2_20201124,11,20260914,-0.05484046429226179
Run2_20201020,Run2_20201124,12,20260914,-0.059431794999551736
Run2_20201020,Run2_20201124,13,20260914,-0.09890152570386403
Run2_20201020,Run2_20201124,14,20260914,0.03482284528455624
Run2_20201020,Run2_20201124,15,20260914,-0.013990748456395734
Run2_20201020,Run2_20201124,16,20260914,0.01830046361266718
Run2_20201020,Run2_20201124,17,20260914,-0.03126129092311592
Run2_20201020,Run2_20201124,18,20260914,0.06508105987203235
Run2_20201020,Run2_20201124,19,20260914,-0.06513399356594687
Run2_20201020,Run2_20201124,20,20260914,-0.02476374296836991
Run2_20201020,Run2_20201124,21,20260914,-0.013033617492546766
Run2_20201020,Run2_20201124,22,20260914,0.06961202839566029
Run2_20201020,Run2_20201124,23,20260914,-0.0069949293760390475
Run2_20201020,Run2_20201124,24,20260914,0.025293652628944552
Run2_20201020,Run2_20201124,25,20260914,0.016547112877381153
Run2_20201020,Run2_20201124,26,20260914,0.1227228120520603
Run2_20201020,Run2_20201124,27,20260914,0.040803707052289785
Run2_20201020,Run2_20201124,28,20260914,-0.04550624557728951
Run2_20201020,Run2_20201124,29,20260914,-0.027092607651064433
Run2_20201020,Run2_20201124,30,20260914,-0.042509273012827004
Run2_20201020,Run2_20201124,31,20260914,0.024471784283063153
Run2_20201020,Run2_20201124,32,20260914,-0.07547274908388665
Run2_20201020,Run2_20201124,33,20260914,-0.042390142052792415
Run2_20201020,Run2_20201124,34,20260914,0.04418999806359516
Run2_20201020,Run2_20201124,35,20260914,-0.036591004599895054
Run2_20201020,Run2_20201124,36,20260914,0.07122106509218012
Run2_20201020,Run2_20201124,37,20260914,-0.08737409453131383
Run2_20201020,Run2_20201124,38,20260914,-0.05431554835540464
Run2_20201020,Run2_20201124,39,20260914,-0.024760900871281993
Run2_20201020,Run2_20201124,40,20260914,-0.033993094380025075
Run2_20201020,Run2_20201124,41,20260914,0.04212299315080153
Run2_20201020,Run2_20201124,42,20260914,-0.036361789653613544
Run2_20201020,Run2_20201124,43,20260914,-0.042061023643574676
Run2_20201020,Run2_20201124,44,20260914,0.04022059273007342
Run2_20201020,Run2_20201124,45,20260914,0.005783474290282196
Run2_20201020,Run2_20201124,46,20260914,-0.07481901369433812
Run2_20201020,Run2_20201124,47,20260914,-0.012934755973542452
Run2_20201020,Run2_20201124,48,20260914,-0.00737671498732252
Run2_20201020,Run2_20201124,49,20260914,-0.0072864836453867664
Run2_20201020,Run2_20201124,50,20260914,-0.06465203636123368
Run2_20201020,Run2_20201124,51,20260914,-0.07291520573236929
Run2_20201020,Run2_20201124,52,20260914,-0.006202982362105558
Run2_20201020,Run2_20201124,53,20260914,-0.045753151212123026
Run2_20201020,Run2_20201124,54,20260914,0.04109903365541241
Run2_20201020,Run2_20201124,55,20260914,0.009737395026745508
Run2_20201020,Run2_20201124,56,20260914,0.04335464090684401
Run2_20201020,Run2_20201124,57,20260914,-0.0618483545522671
Run2_20201020,Run2_20201124,58,20260914,0.007904281225235244
Run2_20201020,Run2_20201124,59,20260914,-0.017353461184161065
Run2_20201020,Run2_20201124,60,20260914,-0.0067122731443175826
Run2_20201020,Run2_20201124,61,20260914,-0.0022438855013413228
Run2_20201020,Run2_20201124,62,20260914,-0.07226067943933365
Run2_20201020,Run2_20201124,63,20260914,-0.0016858067037608647
Run2_20201020,Run2_20201124,64,20260914,-0.007828754677821967
Run2_20201020,Run2_20201124,65,20260914,-0.03685387958038942
Run2_20201020,Run2_20201124,66,20260914,-0.05088396302390477
Run2_20201020,Run2_20201124,67,20260914,-0.005256426835134907
Run2_20201020,Run2_20201124,68,20260914,-0.07302748537701831
Run2_20201020,Run2_20201124,69,20260914,-0.050335132549079786
Run2_20201020,Run2_20201124,70,20260914,0.04684831636734036
Run2_20201020,Run2_20201124,71,20260914,0.01625688297695895
Run2_20201020,Run2_20201124,72,20260914,-0.024492847731077315
Run2_20201020,Run2_20201124,73,20260914,-0.027628056168489335
Run2_20201020,Run2_20201124,74,20260914,-0.060784107454883635
Run2_20201020,Run2_20201124,75,20260914,0.010466651059495605
Run2_20201020,Run2_20201124,76,20260914,-0.03787752009475374
Run2_20201020,Run2_20201124,77,20260914,0.11221195003095165
Run2_20201020,Run2_20201124,78,20260914,-0.011584992061228332
Run2_20201020,Run2_20201124,79,20260914,-0.004350723490584524
Run2_20201020,Run2_20201124,80,20260914,0.019309619525555786
Run2_20201020,Run2_20201124,81,20260914,-0.07287454114790161
Run2_20201020,Run2_20201124,82,20260914,-0.005456580037661827
Run2_20201020,Run2_20201124,83,20260914,-0.058097242387712834
Run2_20201020,Run2_20201124,84,20260914,-0.05149213284594164
Run2_20201020,Run2_20201124,85,20260914,-0.04224123257569734
Run2_20201020,Run2_20201124,86,20260914,-0.07514685253021022
Run2_20201020,Run2_20201124,87,20260914,0.017457754864484674
Run2_20201020,Run2_20201124,88,20260914,0.0003894790194194373
Run2_20201020,Run2_20201124,89,20260914,0.075215089824876
Run2_20201020,Run2_20201124,90,20260914,-0.020392910127040212
Run2_20201020,Run2_20201124,91,20260914,0.005228045921270073
Run2_20201020,Run2_20201124,92,20260914,-0.04595780285932979
Run2_20201020,Run2_20201124,93,20260914,-0.04772432200072844
Run2_20201020,Run2_20201124,94,20260914,0.010909202325018123
Run2_20201020,Run2_20201124,95,20260914,-0.006797888733819925
Run2_20201020,Run2_20201124,96,20260914,-0.07850153310522347
Run2_20201020,Run2_20201124,97,20260914,0.028271420513305584
Run2_20201020,Run2_20201124,98,20260914,-0.016067012360366784
Run2_20201020,Run2_20201124,99,20260914,0.13462916027886324
Run2_20201020,Run2_20201124,100,20260914,-0.07476957672104143
Run2_20201020,Run2_20201124,101,20260914,0.051046304409197794
Run2_20201020,Run2_20201124,102,20260914,-0.057088523245670444
Run2_20201020,Run2_20201124,103,20260914,0.004731540775288561
Run2_20201020,Run2_20201124,104,20260914,0.0073817981146470455
Run2_20201020,Run2_20201124,105,20260914,0.03312120837524159
Run2_20201020,Run2_20201124,106,20260914,-0.051382776302313554
Run2_20201020,Run2_20201124,107,20260914,-0.07898201986917687
Run2_20201020,Run2_20201124,108,20260914,0.09157760526624698
Run2_20201020,Run2_20201124,109,20260914,-0.08139737166837568
Run2_20201020,Run2_20201124,110,20260914,-0.01674138211232658
Run2_20201020,Run2_20201124,111,20260914,0.005351038625165817
Run2_20201020,Run2_20201124,112,20260914,-0.07862414542704808
Run2_20201020,Run2_20201124,113,20260914,0.006408075468830706
Run2_20201020,Run2_20201124,114,20260914,0.008765610822466758
Run2_20201020,Run2_20201124,115,20260914,0.0095507235386318
Run2_20201020,Run2_20201124,116,20260914,-0.02027228449890878
Run2_20201020,Run2_20201124,117,20260914,-0.036720606949836115
Run2_20201020,Run2_20201124,118,20260914,0.0335935450799614
Run2_20201020,Run2_20201124,119,20260914,0.021164935729411766
Run2_20201020,Run2_20201124,120,20260914,-0.08754706200551886
Run2_20201020,Run2_20201124,121,20260914,-0.06504500556972968
Run2_20201020,Run2_20201124,122,20260914,-0.030027885989393217
Run2_20201020,Run2_20201124,123,20260914,-0.010250105640265317
Run2_20201020,Run2_20201124,124,20260914,-0.053138443319248746
Run2_20201020,Run2_20201124,125,20260914,0.011098747637035849
Run2_20201020,Run2_20201124,126,20260914,0.0018637809175648277
Run2_20201020,Run2_20201124,127,20260914,0.09140603943045414
Run2_20201020,Run2_20201124,128,20260914,-0.0005084688831472951
Run2_20201020,Run2_20201124,129,20260914,0.03813625964345664
Run2_20201020,Run2_20201124,130,20260914,0.03418881691484196
Run2_20201020,Run2_20201124,131,20260914,0.08769051579177378
Run2_20201020,Run2_20201124,132,20260914,0.040684118314536985
Run2_20201020,Run2_20201124,133,20260914,-0.0039311845975138855
Run2_20201020,Run2_20201124,134,20260914,-0.0721764676113371
Run2_20201020,Run2_20201124,135,20260914,-0.014357741263535591
Run2_20201020,Run2_20201124,136,20260914,0.053090505242417256
Run2_20201020,Run2_20201124,137,20260914,-0.015428891233230177
Run2_20201020,Run2_20201124,138,20260914,0.028529227008967227
Run2_20201020,Run2_20201124,139,20260914,0.01478398256767583
Run2_20201020,Run2_20201124,140,20260914,0.05058316960097351
Run2_20201020,Run2_20201124,141,20260914,-0.06012888221668921
Run2_20201020,Run2_20201124,142,20260914,-0.05076338459998806
Run2_20201020,Run2_20201124,143,20260914,-9.190663180958094e-05
Run2_20201020,Run2_20201124,144,20260914,-0.05876319836509457
Run2_20201020,Run2_20201124,145,20260914,0.005655122089945156
Run2_20201020,Run2_20201124,146,20260914,0.025835221314641256
Run2_20201020,Run2_20201124,147,20260914,-0.02905580720685525
Run2_20201020,Run2_20201124,148,20260914,-0.045198104008640945
Run2_20201020,Run2_20201124,149,20260914,-0.008985450133720903
Run2_20201020,Run2_20201124,150,20260914,-0.0362968628355003
Run2_20201020,Run2_20201124,151,20260914,-0.043399499490331866
Run2_20201020,Run2_20201124,152,20260914,0.005242951518758822
Run2_20201020,Run2_20201124,153,20260914,0.01935460628295087
Run2_20201020,Run2_20201124,154,20260914,0.0018827352890459462
Run2_20201020,Run2_20201124,155,20260914,-0.06768179803150781
Run2_20201020,Run2_20201124,156,20260914,-0.016330208276731886
Run2_20201020,Run2_20201124,157,20260914,0.0882774972857471
Run2_20201020,Run2_20201124,158,20260914,-0.0069565021156374135
Run2_20201020,Run2_20201124,159,20260914,-0.05725485521312268
Run2_20201020,Run2_20201124,160,20260914,-0.013758909079926739
Run2_20201020,Run2_20201124,161,20260914,0.06990435140315027
Run2_20201020,Run2_20201124,162,20260914,0.047961731892610326
Run2_20201020,Run2_20201124,163,20260914,-0.03478632050344172
Run2_20201020,Run2_20201124,164,20260914,0.017905893879785143
Run2_20201020,Run2_20201124,165,20260914,-0.0025707645959276862
Run2_20201020,Run2_20201124,166,20260914,0.07314769392775013
Run2_20201020,Run2_20201124,167,20260914,0.030145117073547483
Run2_20201020,Run2_20201124,168,20260914,-0.04031827285311713
Run2_20201020,Run2_20201124,169,20260914,0.047474868657695825
Run2_20201020,Run2_20201124,170,20260914,0.0171039780699509
Run2_20201020,Run2_20201124,171,20260914,0.1501334441841958
Run2_20201020,Run2_20201124,172,20260914,-0.025481497884710862
Run2_20201020,Run2_20201124,173,20260914,0.06839513762476561
Run2_20201020,Run2_20201124,174,20260914,0.11064952668652593
Run2_20201020,Run2_20201124,175,20260914,-0.023567772899837608
Run2_20201020,Run2_20201124,176,20260914,0.039914829919298435
Run2_20201020,Run2_20201124,177,20260914,-0.05153425704969732
Run2_20201020,Run2_20201124,178,20260914,0.06217350621004453
Run2_20201020,Run2_20201124,179,20260914,-0.10393304518727568
Run2_20201020,Run2_20201124,180,20260914,0.051883068219015616
Run2_20201020,Run2_20201124,181,20260914,-0.05337883482795275
Run2_20201020,Run2_20201124,182,20260914,-0.013890339006704012
Run2_20201020,Run2_20201124,183,20260914,-0.046181247933023736
Run2_20201020,Run2_20201124,184,20260914,-0.02996571416251699
Run2_20201020,Run2_20201124,185,20260914,0.10331300711003842
Run2_20201020,Run2_20201124,186,20260914,-0.06562915775008614
Run2_20201020,Run2_20201124,187,20260914,-0.04403236088783036
Run2_20201020,Run2_20201124,188,20260914,0.025847544176294954
Run2_20201020,Run2_20201124,189,20260914,-0.02932574213796933
Run2_20201020,Run2_20201124,190,20260914,0.0686034033250443
Run2_20201020,Run2_20201124,191,20260914,-0.06390741611941485
Run2_20201020,Run2_20201124,192,20260914,0.022081905424732737
Run2_20201020,Run2_20201124,193,20260914,-0.029437510730136444
Run2_20201020,Run2_20201124,194,20260914,-0.03179714820065168
Run2_20201020,Run2_20201124,195,20260914,0.052080554297550714
Run2_20201020,Run2_20201124,196,20260914,-0.05087349216427209
Run2_20201020,Run2_20201124,197,20260914,-0.06628796364638691
Run2_20201020,Run2_20201124,198,20260914,0.10375712791640385
Run2_20201020,Run2_20201124,199,20260914,0.031399756424942846
Run1_20201027,Run2_20201027,0,20260914,-0.06169166408392286
Run1_20201027,Run2_20201027,1,20260914,0.02066726350951103
Run1_20201027,Run2_20201027,2,20260914,0.06560211310312003
Run1_20201027,Run2_20201027,3,20260914,-0.004733548546224064
Run1_20201027,Run2_20201027,4,20260914,0.027441234205514423
Run1_20201027,Run2_20201027,5,20260914,-0.004850412978599091
Run1_20201027,Run2_20201027,6,20260914,-0.016398565269004222
Run1_20201027,Run2_20201027,7,20260914,0.062148241375294865
Run1_20201027,Run2_20201027,8,20260914,0.07052353924550549
Run1_20201027,Run2_20201027,9,20260914,-0.06859139109830063
Run1_20201027,Run2_20201027,10,20260914,0.09547522981315948
Run1_20201027,Run2_20201027,11,20260914,-0.014343388155276254
Run1_20201027,Run2_20201027,12,20260914,0.010330757099143998
Run1_20201027,Run2_20201027,13,20260914,0.018657210723268754
Run1_20201027,Run2_20201027,14,20260914,0.10329089980722578
Run1_20201027,Run2_20201027,15,20260914,-0.05275734311362031
Run1_20201027,Run2_20201027,16,20260914,-0.033668100039730704
Run1_20201027,Run2_20201027,17,20260914,0.05849702505458545
Run1_20201027,Run2_20201027,18,20260914,0.09852859933209397
Run1_20201027,Run2_20201027,19,20260914,-0.02944284706745999
Run1_20201027,Run2_20201027,20,20260914,-0.04085357665051004
Run1_20201027,Run2_20201027,21,20260914,0.14283534274799994
Run1_20201027,Run2_20201027,22,20260914,-0.019024231658183108
Run1_20201027,Run2_20201027,23,20260914,0.029498584643179036
Run1_20201027,Run2_20201027,24,20260914,0.032181239758091146
Run1_20201027,Run2_20201027,25,20260914,0.17422482488189805
Run1_20201027,Run2_20201027,26,20260914,0.030488949296530697
Run1_20201027,Run2_20201027,27,20260914,-0.05020837994967827
Run1_20201027,Run2_20201027,28,20260914,-0.01734890675196274
Run1_20201027,Run2_20201027,29,20260914,-0.047217210937438726
Run1_20201027,Run2_20201027,30,20260914,-0.01849526780641345
Run1_20201027,Run2_20201027,31,20260914,-0.05633614294198581
Run1_20201027,Run2_20201027,32,20260914,0.03824459279756116
Run1_20201027,Run2_20201027,33,20260914,0.016120607181650547
Run1_20201027,Run2_20201027,34,20260914,0.08619710819265688
Run1_20201027,Run2_20201027,35,20260914,0.1451812749812947
Run1_20201027,Run2_20201027,36,20260914,-0.04528542976333978
Run1_20201027,Run2_20201027,37,20260914,-0.0006383860032805633
Run1_20201027,Run2_20201027,38,20260914,-0.01123808153448897
Run1_20201027,Run2_20201027,39,20260914,-0.012586636052466224
Run1_20201027,Run2_20201027,40,20260914,0.06631520872382905
Run1_20201027,Run2_20201027,41,20260914,0.010100008260855218
Run1_20201027,Run2_20201027,42,20260914,-0.040013752606003525
Run1_20201027,Run2_20201027,43,20260914,-0.0455497645173496
Run1_20201027,Run2_20201027,44,20260914,0.06836991943940475
Run1_20201027,Run2_20201027,45,20260914,-0.035374683433654096
Run1_20201027,Run2_20201027,46,20260914,0.007218987822301343
Run1_20201027,Run2_20201027,47,20260914,0.0065618585740659105
Run1_20201027,Run2_20201027,48,20260914,-0.04749616567507849
Run1_20201027,Run2_20201027,49,20260914,0.021036374342421074
Run1_20201027,Run2_20201027,50,20260914,-0.025773524019400633
Run1_20201027,Run2_20201027,51,20260914,-0.028412502055269975
Run1_20201027,Run2_20201027,52,20260914,-0.04416859011077844
Run1_20201027,Run2_20201027,53,20260914,-0.03841246005296659
Run1_20201027,Run2_20201027,54,20260914,-0.035955568654366804
Run1_20201027,Run2_20201027,55,20260914,-0.021587186065781545
Run1_20201027,Run2_20201027,56,20260914,0.06415561983791099
Run1_20201027,Run2_20201027,57,20260914,0.1169372350834458
Run1_20201027,Run2_20201027,58,20260914,-0.013065690369181338
Run1_20201027,Run2_20201027,59,20260914,-0.037106956151645124
Run1_20201027,Run2_20201027,60,20260914,-0.02647394170286417
Run1_20201027,Run2_20201027,61,20260914,-0.023722893521460797
Run1_20201027,Run2_20201027,62,20260914,0.0044205688446207975
Run1_20201027,Run2_20201027,63,20260914,0.040838267934333025
Run1_20201027,Run2_20201027,64,20260914,-0.04960631983873071
Run1_20201027,Run2_20201027,65,20260914,-0.017908202635069252
Run1_20201027,Run2_20201027,66,20260914,-0.02347932009649413
Run1_20201027,Run2_20201027,67,20260914,-0.014208617648500729
Run1_20201027,Run2_20201027,68,20260914,0.007243546250038781
Run1_20201027,Run2_20201027,69,20260914,0.14979058557518002
Run1_20201027,Run2_20201027,70,20260914,-0.005576129873878818
Run1_20201027,Run2_20201027,71,20260914,-0.012367233303172579
Run1_20201027,Run2_20201027,72,20260914,-0.022333594477910057
Run1_20201027,Run2_20201027,73,20260914,-0.04418162099181065
Run1_20201027,Run2_20201027,74,20260914,-0.0341467954736744
Run1_20201027,Run2_20201027,75,20260914,-0.027396257923668173
Run1_20201027,Run2_20201027,76,20260914,0.02672279947220105
Run1_20201027,Run2_20201027,77,20260914,-0.015347148399708013
Run1_20201027,Run2_20201027,78,20260914,0.007815181477216578
Run1_20201027,Run2_20201027,79,20260914,-0.03255003659699103
Run1_20201027,Run2_20201027,80,20260914,-0.05683732230924569
Run1_20201027,Run2_20201027,81,20260914,0.017738771599921755
Run1_20201027,Run2_20201027,82,20260914,0.010317598906883581
Run1_20201027,Run2_20201027,83,20260914,-0.03781163919303255
Run1_20201027,Run2_20201027,84,20260914,-0.02147319779516009
Run1_20201027,Run2_20201027,85,20260914,0.019482051230643588
Run1_20201027,Run2_20201027,86,20260914,0.06523798738088651
Run1_20201027,Run2_20201027,87,20260914,-0.027262280028570424
Run1_20201027,Run2_20201027,88,20260914,-0.0053234448352125485
Run1_20201027,Run2_20201027,89,20260914,0.03492071907622279
Run1_20201027,Run2_20201027,90,20260914,0.03663088036244559
Run1_20201027,Run2_20201027,91,20260914,0.061885855906948534
Run1_20201027,Run2_20201027,92,20260914,0.030204602975028014
Run1_20201027,Run2_20201027,93,20260914,-0.05944751825565799
Run1_20201027,Run2_20201027,94,20260914,-0.022738607205543312
Run1_20201027,Run2_20201027,95,20260914,0.03981691915535425
Run1_20201027,Run2_20201027,96,20260914,0.19689496856897784
Run1_20201027,Run2_20201027,97,20260914,-0.044271296252972374
Run1_20201027,Run2_20201027,98,20260914,-0.0022719426390316656
Run1_20201027,Run2_20201027,99,20260914,0.005834806462606722
Run1_20201027,Run2_20201027,100,20260914,0.07999798865804719
Run1_20201027,Run2_20201027,101,20260914,-0.0033953196891146698
Run1_20201027,Run2_20201027,102,20260914,0.05904585611356763
Run1_20201027,Run2_20201027,103,20260914,-0.026231644673382824
Run1_20201027,Run2_20201027,104,20260914,-0.00517010781695665
Run1_20201027,Run2_20201027,105,20260914,-0.03376117341201834
Run1_20201027,Run2_20201027,106,20260914,-0.04251327796548213
Run1_20201027,Run2_20201027,107,20260914,0.07860583491905002
Run1_20201027,Run2_20201027,108,20260914,0.07722864840862527
Run1_20201027,Run2_20201027,109,20260914,0.1388542124103686
Run1_20201027,Run2_20201027,110,20260914,0.06477529627045692
Run1_20201027,Run2_20201027,111,20260914,-0.06639183837586049
Run1_20201027,Run2_20201027,112,20260914,-0.006906306302305533
Run1_20201027,Run2_20201027,113,20260914,0.023537007414033133
Run1_20201027,Run2_20201027,114,20260914,-0.04052185716133909
Run1_20201027,Run2_20201027,115,20260914,0.0553118582163474
Run1_20201027,Run2_20201027,116,20260914,-0.048318529004058974
Run1_20201027,Run2_20201027,117,20260914,-0.004655463703456028
Run1_20201027,Run2_20201027,118,20260914,0.004722829727528256
Run1_20201027,Run2_20201027,119,20260914,-0.013393483641879618
Run1_20201027,Run2_20201027,120,20260914,-0.04872426716375841
Run1_20201027,Run2_20201027,121,20260914,-0.029418556692087466
Run1_20201027,Run2_20201027,122,20260914,-0.056649677330338086
Run1_20201027,Run2_20201027,123,20260914,-0.04824941069876118
Run1_20201027,Run2_20201027,124,20260914,-0.05367625591059865
Run1_20201027,Run2_20201027,125,20260914,0.03861670857785852
Run1_20201027,Run2_20201027,126,20260914,-0.019255134779561544
Run1_20201027,Run2_20201027,127,20260914,-0.04054071927792341
Run1_20201027,Run2_20201027,128,20260914,-0.036970259730446084
Run1_20201027,Run2_20201027,129,20260914,0.007736533909510634
Run1_20201027,Run2_20201027,130,20260914,0.04825964749891338
Run1_20201027,Run2_20201027,131,20260914,-0.0009606556559349795
Run1_20201027,Run2_20201027,132,20260914,0.1412252174273869
Run1_20201027,Run2_20201027,133,20260914,-0.04469951598769711
Run1_20201027,Run2_20201027,134,20260914,-0.03606159411957568
Run1_20201027,Run2_20201027,135,20260914,0.008824099161567985
Run1_20201027,Run2_20201027,136,20260914,-0.018679505731124063
Run1_20201027,Run2_20201027,137,20260914,0.007455816649070489
Run1_20201027,Run2_20201027,138,20260914,-0.016646868302410734
Run1_20201027,Run2_20201027,139,20260914,0.0401634478253288
Run1_20201027,Run2_20201027,140,20260914,0.023664626825528143
Run1_20201027,Run2_20201027,141,20260914,-0.017246300868499948
Run1_20201027,Run2_20201027,142,20260914,0.04758935274197672
Run1_20201027,Run2_20201027,143,20260914,-0.04584572627292719
Run1_20201027,Run2_20201027,144,20260914,0.09349095480562532
Run1_20201027,Run2_20201027,145,20260914,-0.057806210463150584
Run1_20201027,Run2_20201027,146,20260914,-0.007059330174334314
Run1_20201027,Run2_20201027,147,20260914,0.10417833581405248
Run1_20201027,Run2_20201027,148,20260914,-0.04346394397538832
Run1_20201027,Run2_20201027,149,20260914,0.034764374215281627
Run1_20201027,Run2_20201027,150,20260914,0.0058406704985477335
Run1_20201027,Run2_20201027,151,20260914,0.03724768519979448
Run1_20201027,Run2_20201027,152,20260914,0.10476324224432063
Run1_20201027,Run2_20201027,153,20260914,-0.009739950343484877
Run1_20201027,Run2_20201027,154,20260914,-0.049650964786288734
Run1_20201027,Run2_20201027,155,20260914,0.03089558085910404
Run1_20201027,Run2_20201027,156,20260914,0.08487188624341226
Run1_20201027,Run2_20201027,157,20260914,0.010386590991969076
Run1_20201027,Run2_20201027,158,20260914,0.03287043264596047
Run1_20201027,Run2_20201027,159,20260914,-0.06489759569417272
Run1_20201027,Run2_20201027,160,20260914,-0.04264991664861073
Run1_20201027,Run2_20201027,161,20260914,-0.031105031886675474
Run1_20201027,Run2_20201027,162,20260914,-0.03469329456540593
Run1_20201027,Run2_20201027,163,20260914,0.004691767184336471
Run1_20201027,Run2_20201027,164,20260914,0.05085141880208665
Run1_20201027,Run2_20201027,165,20260914,0.04338865710697793
Run1_20201027,Run2_20201027,166,20260914,-0.0646683127435297
Run1_20201027,Run2_20201027,167,20260914,0.11804690395191797
Run1_20201027,Run2_20201027,168,20260914,-0.015470012615540136
Run1_20201027,Run2_20201027,169,20260914,0.01581682852194208
Run1_20201027,Run2_20201027,170,20260914,-0.04772378182832082
Run1_20201027,Run2_20201027,171,20260914,0.07730182636602066
Run1_20201027,Run2_20201027,172,20260914,0.022445805262858536
Run1_20201027,Run2_20201027,173,20260914,-0.006726384942414338
Run1_20201027,Run2_20201027,174,20260914,0.021642872707448385
Run1_20201027,Run2_20201027,175,20260914,-0.0451474191066795
Run1_20201027,Run2_20201027,176,20260914,0.06942624233731998
Run1_20201027,Run2_20201027,177,20260914,-0.034674448086532327
Run1_20201027,Run2_20201027,178,20260914,0.040035367864625464
Run1_20201027,Run2_20201027,179,20260914,0.026107493898212295
Run1_20201027,Run2_20201027,180,20260914,0.0017621127724808988
Run1_20201027,Run2_20201027,181,20260914,-0.036112029245291714
Run1_20201027,Run2_20201027,182,20260914,-0.05956576828886888
Run1_20201027,Run2_20201027,183,20260914,0.031032503363006482
Run1_20201027,Run2_20201027,184,20260914,-0.022002013236662007
Run1_20201027,Run2_20201027,185,20260914,-0.007592263353476635
Run1_20201027,Run2_20201027,186,20260914,-0.0633609663520053
Run1_20201027,Run2_20201027,187,20260914,0.06841462571534464
Run1_20201027,Run2_20201027,188,20260914,0.01779767041310261
Run1_20201027,Run2_20201027,189,20260914,-0.031922090955310505
Run1_20201027,Run2_20201027,190,20260914,0.015736630237893817
Run1_20201027,Run2_20201027,191,20260914,-0.031867356989459875
Run1_20201027,Run2_20201027,192,20260914,0.02000409492023724
Run1_20201027,Run2_20201027,193,20260914,0.14732675564916792
Run1_20201027,Run2_20201027,194,20260914,-0.008446833045593896
Run1_20201027,Run2_20201027,195,20260914,0.009842273330220409
Run1_20201027,Run2_20201027,196,20260914,-0.03438476330467099
Run1_20201027,Run2_20201027,197,20260914,-0.027802275301734222
Run1_20201027,Run2_20201027,198,20260914,-0.02433191606667418
Run1_20201027,Run2_20201027,199,20260914,-0.016039179112476362
Run1_20201027,Run1_20201028,0,20260914,-0.005790628517997656
Run1_20201027,Run1_20201028,1,20260914,0.07499878006817354
Run1_20201027,Run1_20201028,2,20260914,-0.033266886900421296
Run1_20201027,Run1_20201028,3,20260914,-0.03830448159243101
Run1_20201027,Run1_20201028,4,20260914,-0.06565308532074847
Run1_20201027,Run1_20201028,5,20260914,-0.027522464501557868
Run1_20201027,Run1_20201028,6,20260914,0.09774960871980229
Run1_20201027,Run1_20201028,7,20260914,0.07633823658570738
Run1_20201027,Run1_20201028,8,20260914,0.030480939310824278
Run1_20201027,Run1_20201028,9,20260914,-0.002878549054711739
Run1_20201027,Run1_20201028,10,20260914,0.25795127833781556
Run1_20201027,Run1_20201028,11,20260914,-0.03381167449798897
Run1_20201027,Run1_20201028,12,20260914,-0.015463157007866659
Run1_20201027,Run1_20201028,13,20260914,-0.05466146761236887
Run1_20201027,Run1_20201028,14,20260914,0.0005733819870681426
Run1_20201027,Run1_20201028,15,20260914,0.005744805627668776
Run1_20201027,Run1_20201028,16,20260914,0.038129411165124624
Run1_20201027,Run1_20201028,17,20260914,0.011326877283933865
Run1_20201027,Run1_20201028,18,20260914,-0.006308112793350847
Run1_20201027,Run1_20201028,19,20260914,-0.05684295250662722
Run1_20201027,Run1_20201028,20,20260914,-0.03268092138967001
Run1_20201027,Run1_20201028,21,20260914,-0.0780606834247069
Run1_20201027,Run1_20201028,22,20260914,0.013686744287521242
Run1_20201027,Run1_20201028,23,20260914,-0.043445174466532885
Run1_20201027,Run1_20201028,24,20260914,-0.07426486090802209
Run1_20201027,Run1_20201028,25,20260914,0.12402848279140745
Run1_20201027,Run1_20201028,26,20260914,-0.04164624466069924
Run1_20201027,Run1_20201028,27,20260914,-0.012974909807601928
Run1_20201027,Run1_20201028,28,20260914,-0.06666974187744193
Run1_20201027,Run1_20201028,29,20260914,-0.036638368748894756
Run1_20201027,Run1_20201028,30,20260914,-0.057412809816712394
Run1_20201027,Run1_20201028,31,20260914,0.020431894942970406
Run1_20201027,Run1_20201028,32,20260914,-0.0036632257865562997
Run1_20201027,Run1_20201028,33,20260914,0.022821930647934557
Run1_20201027,Run1_20201028,34,20260914,-0.02050714594735723
Run1_20201027,Run1_20201028,35,20260914,-0.038911076622689125
Run1_20201027,Run1_20201028,36,20260914,-0.018925365752411025
Run1_20201027,Run1_20201028,37,20260914,0.007260884521364631
Run1_20201027,Run1_20201028,38,20260914,0.0035951986789344655
Run1_20201027,Run1_20201028,39,20260914,-0.0625430462997755
Run1_20201027,Run1_20201028,40,20260914,0.01402249888570848
Run1_20201027,Run1_20201028,41,20260914,0.0397771735987187
Run1_20201027,Run1_20201028,42,20260914,0.029240345610129986
Run1_20201027,Run1_20201028,43,20260914,-0.009827948440223675
Run1_20201027,Run1_20201028,44,20260914,0.10387021176868495
Run1_20201027,Run1_20201028,45,20260914,-0.06646401853361661
Run1_20201027,Run1_20201028,46,20260914,-0.02121681180643827
Run1_20201027,Run1_20201028,47,20260914,-0.032354806473516205
Run1_20201027,Run1_20201028,48,20260914,-0.06730215024447407
Run1_20201027,Run1_20201028,49,20260914,-0.03826279715979397
Run1_20201027,Run1_20201028,50,20260914,-0.0034665511813692907
Run1_20201027,Run1_20201028,51,20260914,0.10181205584894011
Run1_20201027,Run1_20201028,52,20260914,0.03367564255908161
Run1_20201027,Run1_20201028,53,20260914,-0.06969214016240712
Run1_20201027,Run1_20201028,54,20260914,0.000387978067630921
Run1_20201027,Run1_20201028,55,20260914,-0.015920973643698898
Run1_20201027,Run1_20201028,56,20260914,-0.015198434735475835
Run1_20201027,Run1_20201028,57,20260914,-0.052880405951446344
Run1_20201027,Run1_20201028,58,20260914,0.01717499624915252
Run1_20201027,Run1_20201028,59,20260914,-0.0485455959200998
Run1_20201027,Run1_20201028,60,20260914,-0.013450310548799851
Run1_20201027,Run1_20201028,61,20260914,0.07033297264665878
Run1_20201027,Run1_20201028,62,20260914,-0.038009784366848175
Run1_20201027,Run1_20201028,63,20260914,-0.005251239321690034
Run1_20201027,Run1_20201028,64,20260914,-0.056146343625012675
Run1_20201027,Run1_20201028,65,20260914,0.10371538781058687
Run1_20201027,Run1_20201028,66,20260914,0.06753468254932934
Run1_20201027,Run1_20201028,67,20260914,-0.04578984932253672
Run1_20201027,Run1_20201028,68,20260914,-0.045307848508953426
Run1_20201027,Run1_20201028,69,20260914,-0.018563480906072377
Run1_20201027,Run1_20201028,70,20260914,-0.03049345769459789
Run1_20201027,Run1_20201028,71,20260914,0.029668611588248617
Run1_20201027,Run1_20201028,72,20260914,-0.049579698893502576
Run1_20201027,Run1_20201028,73,20260914,0.020183005568209244
Run1_20201027,Run1_20201028,74,20260914,0.014648192900610778
Run1_20201027,Run1_20201028,75,20260914,0.04924819929884928
Run1_20201027,Run1_20201028,76,20260914,-0.023749321127226462
Run1_20201027,Run1_20201028,77,20260914,-0.053866965324097314
Run1_20201027,Run1_20201028,78,20260914,-0.0286755942487
Run1_20201027,Run1_20201028,79,20260914,0.10304812882479285
Run1_20201027,Run1_20201028,80,20260914,0.03913824183651418
Run1_20201027,Run1_20201028,81,20260914,-0.03008666340659209
Run1_20201027,Run1_20201028,82,20260914,-0.0398225575846663
Run1_20201027,Run1_20201028,83,20260914,0.02352444758959243
Run1_20201027,Run1_20201028,84,20260914,-0.023599858273125614
Run1_20201027,Run1_20201028,85,20260914,-0.03179373598472798
Run1_20201027,Run1_20201028,86,20260914,-0.0437673800140207
Run1_20201027,Run1_20201028,87,20260914,-0.049105586513307396
Run1_20201027,Run1_20201028,88,20260914,0.030006536199161386
Run1_20201027,Run1_20201028,89,20260914,-0.04913139803822774
Run1_20201027,Run1_20201028,90,20260914,0.009302501814672499
Run1_20201027,Run1_20201028,91,20260914,-0.030250671029565364
Run1_20201027,Run1_20201028,92,20260914,-0.02650420759339176
Run1_20201027,Run1_20201028,93,20260914,0.025633390906108052
Run1_20201027,Run1_20201028,94,20260914,0.08106877620496489
Run1_20201027,Run1_20201028,95,20260914,-0.04768808618732584
Run1_20201027,Run1_20201028,96,20260914,0.03022216358382463
Run1_20201027,Run1_20201028,97,20260914,0.027588434787863214
Run1_20201027,Run1_20201028,98,20260914,-0.003418736158597714
Run1_20201027,Run1_20201028,99,20260914,-0.035748094416763826
Run1_20201027,Run1_20201028,100,20260914,-0.043166535893442444
Run1_20201027,Run1_20201028,101,20260914,0.03303673495145339
Run1_20201027,Run1_20201028,102,20260914,0.01312201055434401
Run1_20201027,Run1_20201028,103,20260914,-0.02078384241841902
Run1_20201027,Run1_20201028,104,20260914,-0.02409820435317212
Run1_20201027,Run1_20201028,105,20260914,-0.009722150800178108
Run1_20201027,Run1_20201028,106,20260914,0.20629369757958987
Run1_20201027,Run1_20201028,107,20260914,0.06815853859316513
Run1_20201027,Run1_20201028,108,20260914,-0.04920303511427183
Run1_20201027,Run1_20201028,109,20260914,0.017963711368904775
Run1_20201027,Run1_20201028,110,20260914,-0.03214490985586391
Run1_20201027,Run1_20201028,111,20260914,0.10965571251986685
Run1_20201027,Run1_20201028,112,20260914,0.05248545393970821
Run1_20201027,Run1_20201028,113,20260914,-0.014268237060593615
Run1_20201027,Run1_20201028,114,20260914,-0.03631192184235552
Run1_20201027,Run1_20201028,115,20260914,0.15455815522451416
Run1_20201027,Run1_20201028,116,20260914,0.018119742893951123
Run1_20201027,Run1_20201028,117,20260914,0.008502706185055877
Run1_20201027,Run1_20201028,118,20260914,0.07817657332345154
Run1_20201027,Run1_20201028,119,20260914,-0.05837707131473354
Run1_20201027,Run1_20201028,120,20260914,0.3065348718704348
Run1_20201027,Run1_20201028,121,20260914,0.04609432319754924
Run1_20201027,Run1_20201028,122,20260914,0.0033982487232768577
Run1_20201027,Run1_20201028,123,20260914,-0.06714399632766459
Run1_20201027,Run1_20201028,124,20260914,-0.03224786394120204
Run1_20201027,Run1_20201028,125,20260914,-0.0492849198688141
Run1_20201027,Run1_20201028,126,20260914,0.0146969747212768
Run1_20201027,Run1_20201028,127,20260914,0.027133864625709287
Run1_20201027,Run1_20201028,128,20260914,-0.06030875992597091
Run1_20201027,Run1_20201028,129,20260914,-0.030733797328456894
Run1_20201027,Run1_20201028,130,20260914,-0.04883357990842984
Run1_20201027,Run1_20201028,131,20260914,0.11808614397382261
Run1_20201027,Run1_20201028,132,20260914,-0.05299434235997143
Run1_20201027,Run1_20201028,133,20260914,0.056154605085612326
Run1_20201027,Run1_20201028,134,20260914,-0.03031808468146373
Run1_20201027,Run1_20201028,135,20260914,0.007737536991279322
Run1_20201027,Run1_20201028,136,20260914,-0.0025163981756358674
Run1_20201027,Run1_20201028,137,20260914,-0.006289174542055791
Run1_20201027,Run1_20201028,138,20260914,0.009926347307722093
Run1_20201027,Run1_20201028,139,20260914,0.15609396782905186
Run1_20201027,Run1_20201028,140,20260914,-0.0016713459738159793
Run1_20201027,Run1_20201028,141,20260914,0.008806552742523342
Run1_20201027,Run1_20201028,142,20260914,-0.06843242990397479
Run1_20201027,Run1_20201028,143,20260914,-0.030843769749029974
Run1_20201027,Run1_20201028,144,20260914,0.13446477333706572
Run1_20201027,Run1_20201028,145,20260914,-0.0465712079554924
Run1_20201027,Run1_20201028,146,20260914,0.050485469609102905
Run1_20201027,Run1_20201028,147,20260914,0.12480906279182273
Run1_20201027,Run1_20201028,148,20260914,-0.07181899932659423
Run1_20201027,Run1_20201028,149,20260914,-0.02222175868420471
Run1_20201027,Run1_20201028,150,20260914,0.057827222022990454
Run1_20201027,Run1_20201028,151,20260914,-0.039923175015548186
Run1_20201027,Run1_20201028,152,20260914,-0.008252628608894521
Run1_20201027,Run1_20201028,153,20260914,-0.03828838552407544
Run1_20201027,Run1_20201028,154,20260914,0.013694972235718127
Run1_20201027,Run1_20201028,155,20260914,-0.05952003241514613
Run1_20201027,Run1_20201028,156,20260914,0.002274961202954173
Run1_20201027,Run1_20201028,157,20260914,0.0937911257038988
Run1_20201027,Run1_20201028,158,20260914,-0.018948186864793888
Run1_20201027,Run1_20201028,159,20260914,-0.04032866172466024
Run1_20201027,Run1_20201028,160,20260914,-0.05093543452707752
Run1_20201027,Run1_20201028,161,20260914,-0.02721589867838354
Run1_20201027,Run1_20201028,162,20260914,0.022595033611512404
Run1_20201027,Run1_20201028,163,20260914,-0.066590125450704
Run1_20201027,Run1_20201028,164,20260914,0.11458099403241721
Run1_20201027,Run1_20201028,165,20260914,0.004864543825522139
Run1_20201027,Run1_20201028,166,20260914,-0.0112972740012776
Run1_20201027,Run1_20201028,167,20260914,-0.0627300892515551
Run1_20201027,Run1_20201028,168,20260914,0.006080989404772106
Run1_20201027,Run1_20201028,169,20260914,0.06578737731654279
Run1_20201027,Run1_20201028,170,20260914,-0.015275571012936359
Run1_20201027,Run1_20201028,171,20260914,-0.051173336563949054
Run1_20201027,Run1_20201028,172,20260914,0.07052877101186412
Run1_20201027,Run1_20201028,173,20260914,0.024576614802664626
Run1_20201027,Run1_20201028,174,20260914,0.08914619980337178
Run1_20201027,Run1_20201028,175,20260914,0.006736308168720097
Run1_20201027,Run1_20201028,176,20260914,-0.03579568935518531
Run1_20201027,Run1_20201028,177,20260914,-0.058799406341495594
Run1_20201027,Run1_20201028,178,20260914,-0.051513432455539576
Run1_20201027,Run1_20201028,179,20260914,-0.00888247821343863
Run1_20201027,Run1_20201028,180,20260914,0.032089418367636846
Run1_20201027,Run1_20201028,181,20260914,0.009603275978335234
Run1_20201027,Run1_20201028,182,20260914,0.07929110432814195
Run1_20201027,Run1_20201028,183,20260914,0.03721247027750412
Run1_20201027,Run1_20201028,184,20260914,0.02650069953975161
Run1_20201027,Run1_20201028,185,20260914,-0.01978545203314186
Run1_20201027,Run1_20201028,186,20260914,-0.020623841327972826
Run1_20201027,Run1_20201028,187,20260914,-0.006637436645430037
Run1_20201027,Run1_20201028,188,20260914,0.2817412610835601
Run1_20201027,Run1_20201028,189,20260914,-0.0047391606787893165
Run1_20201027,Run1_20201028,190,20260914,0.06530960276683159
Run1_20201027,Run1_20201028,191,20260914,-0.026166741194568018
Run1_20201027,Run1_20201028,192,20260914,-0.04346045079491155
Run1_20201027,Run1_20201028,193,20260914,-0.040595471822529074
Run1_20201027,Run1_20201028,194,20260914,-0.04105041393170131
Run1_20201027,Run1_20201028,195,20260914,-0.06395698173185167
Run1_20201027,Run1_20201028,196,20260914,-0.0845195050436917
Run1_20201027,Run1_20201028,197,20260914,-0.03641865292812609
Run1_20201027,Run1_20201028,198,20260914,-0.03464048452550689
Run1_20201027,Run1_20201028,199,20260914,-0.0539002114250749
Run1_20201027,Run1_20201030,0,20260914,0.023052834471451303
Run1_20201027,Run1_20201030,1,20260914,-0.036268214375235495
Run1_20201027,Run1_20201030,2,20260914,0.017584824591800587
Run1_20201027,Run1_20201030,3,20260914,-0.01901721556890167
Run1_20201027,Run1_20201030,4,20260914,0.01414244485701727
Run1_20201027,Run1_20201030,5,20260914,0.14134245857296926
Run1_20201027,Run1_20201030,6,20260914,0.014005369211441838
Run1_20201027,Run1_20201030,7,20260914,0.024885432752138295
Run1_20201027,Run1_20201030,8,20260914,-0.006357785451242992
Run1_20201027,Run1_20201030,9,20260914,-0.02677264907308109
Run1_20201027,Run1_20201030,10,20260914,-0.012991577858966126
Run1_20201027,Run1_20201030,11,20260914,0.13537729511954627
Run1_20201027,Run1_20201030,12,20260914,-0.00894738563047213
Run1_20201027,Run1_20201030,13,20260914,-0.0062549141224380765
Run1_20201027,Run1_20201030,14,20260914,-0.015118490359173535
Run1_20201027,Run1_20201030,15,20260914,-0.009619548402219067
Run1_20201027,Run1_20201030,16,20260914,-0.021911554349587716
Run1_20201027,Run1_20201030,17,20260914,0.04029571787129912
Run1_20201027,Run1_20201030,18,20260914,-0.0004314864906329756
Run1_20201027,Run1_20201030,19,20260914,0.012704928248268795
Run1_20201027,Run1_20201030,20,20260914,0.07062322083382777
Run1_20201027,Run1_20201030,21,20260914,-0.0526598236216182
Run1_20201027,Run1_20201030,22,20260914,0.03629168653645939
Run1_20201027,Run1_20201030,23,20260914,-0.026613565829097192
Run1_20201027,Run1_20201030,24,20260914,0.01226615668273149
Run1_20201027,Run1_20201030,25,20260914,0.0394906944996542
Run1_20201027,Run1_20201030,26,20260914,-0.022700269928381967
Run1_20201027,Run1_20201030,27,20260914,-0.047752944076601446
Run1_20201027,Run1_20201030,28,20260914,0.010643664350495581
Run1_20201027,Run1_20201030,29,20260914,-0.040391578651706284
Run1_20201027,Run1_20201030,30,20260914,0.019755973187844444
Run1_20201027,Run1_20201030,31,20260914,0.11736976420064667
Run1_20201027,Run1_20201030,32,20260914,0.015058826360132877
Run1_20201027,Run1_20201030,33,20260914,-0.04533406356965207
Run1_20201027,Run1_20201030,34,20260914,0.03192707810661689
Run1_20201027,Run1_20201030,35,20260914,-0.027968443893224254
Run1_20201027,Run1_20201030,36,20260914,0.2690983551730583
Run1_20201027,Run1_20201030,37,20260914,0.020777514117874818
Run1_20201027,Run1_20201030,38,20260914,0.03556434135574518
Run1_20201027,Run1_20201030,39,20260914,0.1794695419416722
Run1_20201027,Run1_20201030,40,20260914,-0.001890060544688174
Run1_20201027,Run1_20201030,41,20260914,-0.04807201623628946
Run1_20201027,Run1_20201030,42,20260914,-0.027469212214632145
Run1_20201027,Run1_20201030,43,20260914,0.13530621785275881
Run1_20201027,Run1_20201030,44,20260914,0.017592504088845953
Run1_20201027,Run1_20201030,45,20260914,-0.05965304269762553
Run1_20201027,Run1_20201030,46,20260914,-0.07062972363069185
Run1_20201027,Run1_20201030,47,20260914,-0.03157338785226395
Run1_20201027,Run1_20201030,48,20260914,-0.017146419422601356
Run1_20201027,Run1_20201030,49,20260914,-0.014334023516350752
Run1_20201027,Run1_20201030,50,20260914,0.34666854084590537
Run1_20201027,Run1_20201030,51,20260914,0.008106669235992176
Run1_20201027,Run1_20201030,52,20260914,0.12904286973780232
Run1_20201027,Run1_20201030,53,20260914,-0.03236710673499444
Run1_20201027,Run1_20201030,54,20260914,-0.03282140887512671
Run1_20201027,Run1_20201030,55,20260914,-0.04868664702429249
Run1_20201027,Run1_20201030,56,20260914,0.014415819812818953
Run1_20201027,Run1_20201030,57,20260914,-0.03389477783090586
Run1_20201027,Run1_20201030,58,20260914,-0.038331229101523284
Run1_20201027,Run1_20201030,59,20260914,0.02144553055552867
Run1_20201027,Run1_20201030,60,20260914,0.016614115133940083
Run1_20201027,Run1_20201030,61,20260914,-0.07090097398824562
Run1_20201027,Run1_20201030,62,20260914,-0.029542310913566495
Run1_20201027,Run1_20201030,63,20260914,-0.06480684393608822
Run1_20201027,Run1_20201030,64,20260914,-0.007061482209943029
Run1_20201027,Run1_20201030,65,20260914,0.052056893408080916
Run1_20201027,Run1_20201030,66,20260914,-0.019358294385907637
Run1_20201027,Run1_20201030,67,20260914,0.0032179609846438788
Run1_20201027,Run1_20201030,68,20260914,-0.036901256418497855
Run1_20201027,Run1_20201030,69,20260914,-0.03175668562641439
Run1_20201027,Run1_20201030,70,20260914,-0.037332074156717014
Run1_20201027,Run1_20201030,71,20260914,-0.01799665124412084
Run1_20201027,Run1_20201030,72,20260914,0.21403534499662202
Run1_20201027,Run1_20201030,73,20260914,-0.000534438999523553
Run1_20201027,Run1_20201030,74,20260914,-0.006402343879221316
Run1_20201027,Run1_20201030,75,20260914,-0.04142361190033624
Run1_20201027,Run1_20201030,76,20260914,0.054019739191707467
Run1_20201027,Run1_20201030,77,20260914,-0.028541680380737157
Run1_20201027,Run1_20201030,78,20260914,0.07394342629199843
Run1_20201027,Run1_20201030,79,20260914,0.052344019954868516
Run1_20201027,Run1_20201030,80,20260914,-0.06194856205158239
Run1_20201027,Run1_20201030,81,20260914,-0.059367448179705976
Run1_20201027,Run1_20201030,82,20260914,-0.02661538310724566
Run1_20201027,Run1_20201030,83,20260914,0.014041830148961649
Run1_20201027,Run1_20201030,84,20260914,-0.04931778416042505
Run1_20201027,Run1_20201030,85,20260914,0.02867897744340259
Run1_20201027,Run1_20201030,86,20260914,0.06267777194990742
Run1_20201027,Run1_20201030,87,20260914,-0.023811286310285368
Run1_20201027,Run1_20201030,88,20260914,-0.05403049101461964
Run1_20201027,Run1_20201030,89,20260914,-0.04872978851681452
Run1_20201027,Run1_20201030,90,20260914,0.02920430403424313
Run1_20201027,Run1_20201030,91,20260914,-0.015020340236631813
Run1_20201027,Run1_20201030,92,20260914,-0.016680299697272652
Run1_20201027,Run1_20201030,93,20260914,-0.03929324812839826
Run1_20201027,Run1_20201030,94,20260914,-0.011168140412327355
Run1_20201027,Run1_20201030,95,20260914,-0.055860809661854284
Run1_20201027,Run1_20201030,96,20260914,0.01122547648865971
Run1_20201027,Run1_20201030,97,20260914,0.01742743633824864
Run1_20201027,Run1_20201030,98,20260914,-0.04226626023812191
Run1_20201027,Run1_20201030,99,20260914,-0.02578511120064191
Run1_20201027,Run1_20201030,100,20260914,-0.040023917983588425
Run1_20201027,Run1_20201030,101,20260914,0.01008997914668772
Run1_20201027,Run1_20201030,102,20260914,-0.02038293298781111
Run1_20201027,Run1_20201030,103,20260914,-0.030616782684138286
Run1_20201027,Run1_20201030,104,20260914,-9.985878832960173e-05
Run1_20201027,Run1_20201030,105,20260914,0.03400811518009775
Run1_20201027,Run1_20201030,106,20260914,-0.0005460251576768039
Run1_20201027,Run1_20201030,107,20260914,0.294016739406905
Run1_20201027,Run1_20201030,108,20260914,0.015399412493891916
Run1_20201027,Run1_20201030,109,20260914,-0.008283170094108592
Run1_20201027,Run1_20201030,110,20260914,-0.00872384273268855
Run1_20201027,Run1_20201030,111,20260914,0.038769176613405544
Run1_20201027,Run1_20201030,112,20260914,-0.023170092162653273
Run1_20201027,Run1_20201030,113,20260914,0.2858073489319883
Run1_20201027,Run1_20201030,114,20260914,0.08456042599155657
Run1_20201027,Run1_20201030,115,20260914,-0.03912546540296909
Run1_20201027,Run1_20201030,116,20260914,0.12844202709311447
Run1_20201027,Run1_20201030,117,20260914,0.13163745103793764
Run1_20201027,Run1_20201030,118,20260914,-0.015698672326631417
Run1_20201027,Run1_20201030,119,20260914,-0.04880269551339582
Run1_20201027,Run1_20201030,120,20260914,0.0009005166917196375
Run1_20201027,Run1_20201030,121,20260914,-0.04385933342862078
Run1_20201027,Run1_20201030,122,20260914,-0.05781388169240827
Run1_20201027,Run1_20201030,123,20260914,-0.035222773095776976
Run1_20201027,Run1_20201030,124,20260914,0.10840288621664367
Run1_20201027,Run1_20201030,125,20260914,0.2683847574701395
Run1_20201027,Run1_20201030,126,20260914,0.2659732492252891
Run1_20201027,Run1_20201030,127,20260914,-0.06632327606363396
Run1_20201027,Run1_20201030,128,20260914,0.02530844858347173
Run1_20201027,Run1_20201030,129,20260914,0.008652098455575455
Run1_20201027,Run1_20201030,130,20260914,-0.049632259527580484
Run1_20201027,Run1_20201030,131,20260914,0.04560925310458142
Run1_20201027,Run1_20201030,132,20260914,-0.02470127674322526
Run1_20201027,Run1_20201030,133,20260914,-0.025575837113498947
Run1_20201027,Run1_20201030,134,20260914,0.009788085749946496
Run1_20201027,Run1_20201030,135,20260914,0.04321250386201242
Run1_20201027,Run1_20201030,136,20260914,-0.01897395405561066
Run1_20201027,Run1_20201030,137,20260914,-0.06102754340172197
Run1_20201027,Run1_20201030,138,20260914,-0.06778853461852517
Run1_20201027,Run1_20201030,139,20260914,-0.00885259026190484
Run1_20201027,Run1_20201030,140,20260914,0.02043265390609915
Run1_20201027,Run1_20201030,141,20260914,-0.06079749820745506
Run1_20201027,Run1_20201030,142,20260914,0.03118045844964471
Run1_20201027,Run1_20201030,143,20260914,-0.026167666515159133
Run1_20201027,Run1_20201030,144,20260914,-0.05024772932852443
Run1_20201027,Run1_20201030,145,20260914,-0.03576377078435166
Run1_20201027,Run1_20201030,146,20260914,-0.0512050312541269
Run1_20201027,Run1_20201030,147,20260914,-0.01020048658822891
Run1_20201027,Run1_20201030,148,20260914,0.053896336369681025
Run1_20201027,Run1_20201030,149,20260914,-0.006940752605934102
Run1_20201027,Run1_20201030,150,20260914,-0.05258991433759573
Run1_20201027,Run1_20201030,151,20260914,-0.023403636185183874
Run1_20201027,Run1_20201030,152,20260914,0.2181300754738862
Run1_20201027,Run1_20201030,153,20260914,0.0861093739650837
Run1_20201027,Run1_20201030,154,20260914,-0.037594931661578214
Run1_20201027,Run1_20201030,155,20260914,0.04629760478902703
Run1_20201027,Run1_20201030,156,20260914,-0.049170108484381234
Run1_20201027,Run1_20201030,157,20260914,-0.023682782610596715
Run1_20201027,Run1_20201030,158,20260914,-0.054900738863758916
Run1_20201027,Run1_20201030,159,20260914,-0.041978052565159414
Run1_20201027,Run1_20201030,160,20260914,0.07181488871278156
Run1_20201027,Run1_20201030,161,20260914,0.041924908832763036
Run1_20201027,Run1_20201030,162,20260914,0.11746173334544695
Run1_20201027,Run1_20201030,163,20260914,0.0360000556304811
Run1_20201027,Run1_20201030,164,20260914,0.053112891929052525
Run1_20201027,Run1_20201030,165,20260914,0.0563717632040245
Run1_20201027,Run1_20201030,166,20260914,0.0947415581191063
Run1_20201027,Run1_20201030,167,20260914,0.06483972267458381
Run1_20201027,Run1_20201030,168,20260914,-0.03084228845555079
Run1_20201027,Run1_20201030,169,20260914,0.024828299776679833
Run1_20201027,Run1_20201030,170,20260914,0.010033875467010754
Run1_20201027,Run1_20201030,171,20260914,0.03655576638199402
Run1_20201027,Run1_20201030,172,20260914,-0.05174575399363495
Run1_20201027,Run1_20201030,173,20260914,0.005262588135736187
Run1_20201027,Run1_20201030,174,20260914,-0.04782855433158528
Run1_20201027,Run1_20201030,175,20260914,-0.03498183214542874
Run1_20201027,Run1_20201030,176,20260914,0.02419061029787158
Run1_20201027,Run1_20201030,177,20260914,-0.03309234255573141
Run1_20201027,Run1_20201030,178,20260914,0.03768157897938108
Run1_20201027,Run1_20201030,179,20260914,-0.047964794501139156
Run1_20201027,Run1_20201030,180,20260914,-0.0635508257175587
Run1_20201027,Run1_20201030,181,20260914,-0.050595530117367817
Run1_20201027,Run1_20201030,182,20260914,0.07021142877589458
Run1_20201027,Run1_20201030,183,20260914,-0.012617643611618108
Run1_20201027,Run1_20201030,184,20260914,0.04554139304576717
Run1_20201027,Run1_20201030,185,20260914,0.03804000901076523
Run1_20201027,Run1_20201030,186,20260914,-0.04198275787823127
Run1_20201027,Run1_20201030,187,20260914,-0.038871802798599746
Run1_20201027,Run1_20201030,188,20260914,0.02407232414674964
Run1_20201027,Run1_20201030,189,20260914,-0.002212336937893911
Run1_20201027,Run1_20201030,190,20260914,0.01997665655078959
Run1_20201027,Run1_20201030,191,20260914,-0.04411996747551783
Run1_20201027,Run1_20201030,192,20260914,0.04561912603637141
Run1_20201027,Run1_20201030,193,20260914,-0.05640696543369456
Run1_20201027,Run1_20201030,194,20260914,-0.06206659812233835
Run1_20201027,Run1_20201030,195,20260914,0.00892841964922898
Run1_20201027,Run1_20201030,196,20260914,-0.011978804272014537
Run1_20201027,Run1_20201030,197,20260914,-0.013750293696313053
Run1_20201027,Run1_20201030,198,20260914,-0.02903078303816501
Run1_20201027,Run1_20201030,199,20260914,0.23286205869500995
Run1_20201027,Run2_20201030,0,20260914,0.02178632970836759
Run1_20201027,Run2_20201030,1,20260914,-0.030209298533589286
Run1_20201027,Run2_20201030,2,20260914,0.05070201754856794
Run1_20201027,Run2_20201030,3,20260914,0.0723877220993259
Run1_20201027,Run2_20201030,4,20260914,-0.0337498028069948
Run1_20201027,Run2_20201030,5,20260914,0.037109705159018104
Run1_20201027,Run2_20201030,6,20260914,-0.020944736313493566
Run1_20201027,Run2_20201030,7,20260914,-0.012048818006403901
Run1_20201027,Run2_20201030,8,20260914,-0.014807565083886276
Run1_20201027,Run2_20201030,9,20260914,-0.003427547322869613
Run1_20201027,Run2_20201030,10,20260914,0.011258677968976788
Run1_20201027,Run2_20201030,11,20260914,-0.02319170817787757
Run1_20201027,Run2_20201030,12,20260914,-0.019678965051414348
Run1_20201027,Run2_20201030,13,20260914,0.21399857627630178
Run1_20201027,Run2_20201030,14,20260914,0.0386087755833268
Run1_20201027,Run2_20201030,15,20260914,-0.01863014454917649
Run1_20201027,Run2_20201030,16,20260914,0.001347474849799951
Run1_20201027,Run2_20201030,17,20260914,0.1645068871930415
Run1_20201027,Run2_20201030,18,20260914,-0.023451595770289383
Run1_20201027,Run2_20201030,19,20260914,-0.008223345383981702
Run1_20201027,Run2_20201030,20,20260914,-0.04284375306538214
Run1_20201027,Run2_20201030,21,20260914,0.02062220252603919
Run1_20201027,Run2_20201030,22,20260914,-0.004893906477166771
Run1_20201027,Run2_20201030,23,20260914,0.09117271473837384
Run1_20201027,Run2_20201030,24,20260914,0.007644377689784025
Run1_20201027,Run2_20201030,25,20260914,-0.020166220106565814
Run1_20201027,Run2_20201030,26,20260914,-0.003943136116545156
Run1_20201027,Run2_20201030,27,20260914,0.1319132778043211
Run1_20201027,Run2_20201030,28,20260914,0.1606808036208646
Run1_20201027,Run2_20201030,29,20260914,0.005349841192285006
Run1_20201027,Run2_20201030,30,20260914,-0.028705221866984213
Run1_20201027,Run2_20201030,31,20260914,-0.03548654903160815
Run1_20201027,Run2_20201030,32,20260914,-0.04355443257034237
Run1_20201027,Run2_20201030,33,20260914,0.010944973486834486
Run1_20201027,Run2_20201030,34,20260914,-0.04130343356007874
Run1_20201027,Run2_20201030,35,20260914,-0.019823734528239028
Run1_20201027,Run2_20201030,36,20260914,-0.018344277773200957
Run1_20201027,Run2_20201030,37,20260914,-0.026280837747844718
Run1_20201027,Run2_20201030,38,20260914,-0.020486254180435592
Run1_20201027,Run2_20201030,39,20260914,-0.04089958907654844
Run1_20201027,Run2_20201030,40,20260914,0.021044608109554053
Run1_20201027,Run2_20201030,41,20260914,-0.004250374204205231
Run1_20201027,Run2_20201030,42,20260914,-0.0012234055528845644
Run1_20201027,Run2_20201030,43,20260914,-0.031205927196015643
Run1_20201027,Run2_20201030,44,20260914,0.033484901688724714
Run1_20201027,Run2_20201030,45,20260914,0.02459768901648325
Run1_20201027,Run2_20201030,46,20260914,0.027753148154510004
Run1_20201027,Run2_20201030,47,20260914,-0.030760612987596903
Run1_20201027,Run2_20201030,48,20260914,0.017194932028792614
Run1_20201027,Run2_20201030,49,20260914,-0.018723767925463645
Run1_20201027,Run2_20201030,50,20260914,0.034106711489186196
Run1_20201027,Run2_20201030,51,20260914,-0.024449159966448926
Run1_20201027,Run2_20201030,52,20260914,-0.03627820557553086
Run1_20201027,Run2_20201030,53,20260914,0.010211957058669533
Run1_20201027,Run2_20201030,54,20260914,-0.019396711645797576
Run1_20201027,Run2_20201030,55,20260914,-0.0064407670896153195
Run1_20201027,Run2_20201030,56,20260914,-0.02683019010304877
Run1_20201027,Run2_20201030,57,20260914,0.008172987563388195
Run1_20201027,Run2_20201030,58,20260914,0.1402691222913714
Run1_20201027,Run2_20201030,59,20260914,0.00017155579839828804
Run1_20201027,Run2_20201030,60,20260914,-0.0007298950916960123
Run1_20201027,Run2_20201030,61,20260914,0.0775438780983601
Run1_20201027,Run2_20201030,62,20260914,-0.0317018720436837
Run1_20201027,Run2_20201030,63,20260914,-0.029717303774096624
Run1_20201027,Run2_20201030,64,20260914,0.17582415312327979
Run1_20201027,Run2_20201030,65,20260914,0.07838377306049608
Run1_20201027,Run2_20201030,66,20260914,-0.03484869863253846
Run1_20201027,Run2_20201030,67,20260914,0.03747047812935039
Run1_20201027,Run2_20201030,68,20260914,-0.024987683137833557
Run1_20201027,Run2_20201030,69,20260914,0.021217237268719852
Run1_20201027,Run2_20201030,70,20260914,0.04473233637030728
Run1_20201027,Run2_20201030,71,20260914,-0.015488150154773268
Run1_20201027,Run2_20201030,72,20260914,0.23442135829862412
Run1_20201027,Run2_20201030,73,20260914,-0.02395535717196805
Run1_20201027,Run2_20201030,74,20260914,-0.051488824676688145
Run1_20201027,Run2_20201030,75,20260914,-0.043810711749430825
Run1_20201027,Run2_20201030,76,20260914,-0.022559431252980624
Run1_20201027,Run2_20201030,77,20260914,0.16770811058312732
Run1_20201027,Run2_20201030,78,20260914,0.298363960660438
Run1_20201027,Run2_20201030,79,20260914,0.010672828522988174
Run1_20201027,Run2_20201030,80,20260914,-0.0041609928431151355
Run1_20201027,Run2_20201030,81,20260914,-0.017843974712873713
Run1_20201027,Run2_20201030,82,20260914,-0.052961009205022946
Run1_20201027,Run2_20201030,83,20260914,0.026808200984967216
Run1_20201027,Run2_20201030,84,20260914,-0.011349104315393243
Run1_20201027,Run2_20201030,85,20260914,-0.016904424765734824
Run1_20201027,Run2_20201030,86,20260914,-0.03283052218405761
Run1_20201027,Run2_20201030,87,20260914,0.0068992896733964075
Run1_20201027,Run2_20201030,88,20260914,0.007153737572541107
Run1_20201027,Run2_20201030,89,20260914,-0.01644136421105665
Run1_20201027,Run2_20201030,90,20260914,-0.03877211477891944
Run1_20201027,Run2_20201030,91,20260914,-0.019125543796440582
Run1_20201027,Run2_20201030,92,20260914,0.035625647507697804
Run1_20201027,Run2_20201030,93,20260914,-0.0060562825638897505
Run1_20201027,Run2_20201030,94,20260914,-0.03133127457850548
Run1_20201027,Run2_20201030,95,20260914,0.10133589776556194
Run1_20201027,Run2_20201030,96,20260914,0.04339382865049217
Run1_20201027,Run2_20201030,97,20260914,-0.017177010745092373
Run1_20201027,Run2_20201030,98,20260914,-0.0012381723713784803
Run1_20201027,Run2_20201030,99,20260914,-0.05005271256966474
Run1_20201027,Run2_20201030,100,20260914,0.007855239921374787
Run1_20201027,Run2_20201030,101,20260914,-0.04793688651770743
Run1_20201027,Run2_20201030,102,20260914,-0.05651872733029398
Run1_20201027,Run2_20201030,103,20260914,-0.02792958490492412
Run1_20201027,Run2_20201030,104,20260914,0.013307404862513658
Run1_20201027,Run2_20201030,105,20260914,0.03216966556925699
Run1_20201027,Run2_20201030,106,20260914,-0.004954421338957489
Run1_20201027,Run2_20201030,107,20260914,-0.03341136791281859
Run1_20201027,Run2_20201030,108,20260914,-0.026811473998713566
Run1_20201027,Run2_20201030,109,20260914,0.06876693952551978
Run1_20201027,Run2_20201030,110,20260914,0.004415356602299372
Run1_20201027,Run2_20201030,111,20260914,0.12662955861830286
Run1_20201027,Run2_20201030,112,20260914,-0.04526377008127396
Run1_20201027,Run2_20201030,113,20260914,-0.024020135977173295
Run1_20201027,Run2_20201030,114,20260914,0.042210597177428505
Run1_20201027,Run2_20201030,115,20260914,-0.027973669338753927
Run1_20201027,Run2_20201030,116,20260914,0.0516890533526745
Run1_20201027,Run2_20201030,117,20260914,0.02295270944070607
Run1_20201027,Run2_20201030,118,20260914,0.012328664156649282
Run1_20201027,Run2_20201030,119,20260914,-0.03573750593055268
Run1_20201027,Run2_20201030,120,20260914,-0.010931152585815186
Run1_20201027,Run2_20201030,121,20260914,0.07104347227460697
Run1_20201027,Run2_20201030,122,20260914,-0.026088568790411968
Run1_20201027,Run2_20201030,123,20260914,0.011588501488979486
Run1_20201027,Run2_20201030,124,20260914,0.09142979549196348
Run1_20201027,Run2_20201030,125,20260914,0.0076543988154031545
Run1_20201027,Run2_20201030,126,20260914,0.021497866451462264
Run1_20201027,Run2_20201030,127,20260914,0.06493351474161468
Run1_20201027,Run2_20201030,128,20260914,0.043229212640105326
Run1_20201027,Run2_20201030,129,20260914,-0.004709200354394822
Run1_20201027,Run2_20201030,130,20260914,0.011566622110297098
Run1_20201027,Run2_20201030,131,20260914,-0.058414323354279485
Run1_20201027,Run2_20201030,132,20260914,-0.00835964182555562
Run1_20201027,Run2_20201030,133,20260914,0.003579226040387101
Run1_20201027,Run2_20201030,134,20260914,-0.042652855744160306
Run1_20201027,Run2_20201030,135,20260914,0.057270946711878885
Run1_20201027,Run2_20201030,136,20260914,0.05741749461524129
Run1_20201027,Run2_20201030,137,20260914,-0.0019260421614718743
Run1_20201027,Run2_20201030,138,20260914,-0.04405051395559186
Run1_20201027,Run2_20201030,139,20260914,-0.052809267789123066
Run1_20201027,Run2_20201030,140,20260914,-0.008192018441279073
Run1_20201027,Run2_20201030,141,20260914,0.03700444479438774
Run1_20201027,Run2_20201030,142,20260914,0.03858451540063856
Run1_20201027,Run2_20201030,143,20260914,-0.021914617683709368
Run1_20201027,Run2_20201030,144,20260914,0.0313710617298701
Run1_20201027,Run2_20201030,145,20260914,-0.062467203249616056
Run1_20201027,Run2_20201030,146,20260914,-0.04535864716750328
Run1_20201027,Run2_20201030,147,20260914,-0.061693308391969265
Run1_20201027,Run2_20201030,148,20260914,-0.025758854701675712
Run1_20201027,Run2_20201030,149,20260914,-0.03993158436742581
Run1_20201027,Run2_20201030,150,20260914,0.012963883202732845
Run1_20201027,Run2_20201030,151,20260914,-0.037118929480163744
Run1_20201027,Run2_20201030,152,20260914,0.15820857222800563
Run1_20201027,Run2_20201030,153,20260914,0.0005079578908297636
Run1_20201027,Run2_20201030,154,20260914,-0.04984716881683991
Run1_20201027,Run2_20201030,155,20260914,-0.021643911699103804
Run1_20201027,Run2_20201030,156,20260914,-0.011362417641048795
Run1_20201027,Run2_20201030,157,20260914,0.04100390173172908
Run1_20201027,Run2_20201030,158,20260914,0.14218867226841364
Run1_20201027,Run2_20201030,159,20260914,0.03397350306673219
Run1_20201027,Run2_20201030,160,20260914,0.012218450686313168
Run1_20201027,Run2_20201030,161,20260914,0.01865641907886126
Run1_20201027,Run2_20201030,162,20260914,0.020074743621698577
Run1_20201027,Run2_20201030,163,20260914,0.013106046635540377
Run1_20201027,Run2_20201030,164,20260914,-0.027472485976746067
Run1_20201027,Run2_20201030,165,20260914,-0.016489699732487057
Run1_20201027,Run2_20201030,166,20260914,-0.0492508827120208
Run1_20201027,Run2_20201030,167,20260914,0.03010755463370906
Run1_20201027,Run2_20201030,168,20260914,-0.03653118143502006
Run1_20201027,Run2_20201030,169,20260914,0.015547692641159778
Run1_20201027,Run2_20201030,170,20260914,-0.023130571240428763
Run1_20201027,Run2_20201030,171,20260914,0.07884461239668586
Run1_20201027,Run2_20201030,172,20260914,-0.01896740097374141
Run1_20201027,Run2_20201030,173,20260914,-0.03346175124348593
Run1_20201027,Run2_20201030,174,20260914,-0.0360735465777066
Run1_20201027,Run2_20201030,175,20260914,-0.00016463258922438714
Run1_20201027,Run2_20201030,176,20260914,0.017140813781828697
Run1_20201027,Run2_20201030,177,20260914,0.20383673365819746
Run1_20201027,Run2_20201030,178,20260914,0.041475689907692695
Run1_20201027,Run2_20201030,179,20260914,-0.0036877942528743637
Run1_20201027,Run2_20201030,180,20260914,-0.005217230193299695
Run1_20201027,Run2_20201030,181,20260914,-0.00022892276610771953
Run1_20201027,Run2_20201030,182,20260914,0.00186150498513148
Run1_20201027,Run2_20201030,183,20260914,-0.011600262750874944
Run1_20201027,Run2_20201030,184,20260914,0.005838515340053019
Run1_20201027,Run2_20201030,185,20260914,0.018396981475410416
Run1_20201027,Run2_20201030,186,20260914,-0.04601793349276795
Run1_20201027,Run2_20201030,187,20260914,0.030256830119001453
Run1_20201027,Run2_20201030,188,20260914,0.11833516439472798
Run1_20201027,Run2_20201030,189,20260914,-0.02309940299190659
Run1_20201027,Run2_20201030,190,20260914,-0.02576200704832116
Run1_20201027,Run2_20201030,191,20260914,0.06525215832426338
Run1_20201027,Run2_20201030,192,20260914,-0.03619582794000926
Run1_20201027,Run2_20201030,193,20260914,0.006142310741085351
Run1_20201027,Run2_20201030,194,20260914,0.019471368378571136
Run1_20201027,Run2_20201030,195,20260914,-0.04416789427241781
Run1_20201027,Run2_20201030,196,20260914,0.046760025961099225
Run1_20201027,Run2_20201030,197,20260914,0.0002253419086131505
Run1_20201027,Run2_20201030,198,20260914,0.07153642064874777
Run1_20201027,Run2_20201030,199,20260914,-0.03749980492654897
Run1_20201027,Run1_20201118,0,20260914,-0.06619269490426448
Run1_20201027,Run1_20201118,1,20260914,0.0014069319436518111
Run1_20201027,Run1_20201118,2,20260914,-0.038850619863163745
Run1_20201027,Run1_20201118,3,20260914,0.04475265727612912
Run1_20201027,Run1_20201118,4,20260914,0.009368983391624867
Run1_20201027,Run1_20201118,5,20260914,-0.06985880627511813
Run1_20201027,Run1_20201118,6,20260914,-0.020099155646694702
Run1_20201027,Run1_20201118,7,20260914,0.051256564946726896
Run1_20201027,Run1_20201118,8,20260914,-0.006429834453485974
Run1_20201027,Run1_20201118,9,20260914,-0.03937503760976671
Run1_20201027,Run1_20201118,10,20260914,-0.03450517200943516
Run1_20201027,Run1_20201118,11,20260914,-0.052091516392893215
Run1_20201027,Run1_20201118,12,20260914,0.15941957639344898
Run1_20201027,Run1_20201118,13,20260914,-0.009113573040031854
Run1_20201027,Run1_20201118,14,20260914,-0.043853933940042326
Run1_20201027,Run1_20201118,15,20260914,-0.06922505561867699
Run1_20201027,Run1_20201118,16,20260914,0.0038302901170246873
Run1_20201027,Run1_20201118,17,20260914,-0.004152480937911744
Run1_20201027,Run1_20201118,18,20260914,0.03210473398141444
Run1_20201027,Run1_20201118,19,20260914,-0.04541436601058552
Run1_20201027,Run1_20201118,20,20260914,0.05871978314754588
Run1_20201027,Run1_20201118,21,20260914,-0.07436805544177949
Run1_20201027,Run1_20201118,22,20260914,0.028433632529223818
Run1_20201027,Run1_20201118,23,20260914,0.05550408568572953
Run1_20201027,Run1_20201118,24,20260914,0.1745056335807186
Run1_20201027,Run1_20201118,25,20260914,-0.0292992547687521
Run1_20201027,Run1_20201118,26,20260914,-0.04015710644897079
Run1_20201027,Run1_20201118,27,20260914,-0.03497106671186257
Run1_20201027,Run1_20201118,28,20260914,-0.05279581861265411
Run1_20201027,Run1_20201118,29,20260914,-0.05117533342371246
Run1_20201027,Run1_20201118,30,20260914,0.01615604279068373
Run1_20201027,Run1_20201118,31,20260914,-0.04372087648993756
Run1_20201027,Run1_20201118,32,20260914,0.00793520185460337
Run1_20201027,Run1_20201118,33,20260914,-0.013365391088010643
Run1_20201027,Run1_20201118,34,20260914,-0.020094958441406408
Run1_20201027,Run1_20201118,35,20260914,0.041021239705635364
Run1_20201027,Run1_20201118,36,20260914,-0.007024977817671322
Run1_20201027,Run1_20201118,37,20260914,0.0789427235457867
Run1_20201027,Run1_20201118,38,20260914,-0.038275469181275536
Run1_20201027,Run1_20201118,39,20260914,-0.05602780976084179
Run1_20201027,Run1_20201118,40,20260914,-0.01564876521761804
Run1_20201027,Run1_20201118,41,20260914,-0.05203604467572055
Run1_20201027,Run1_20201118,42,20260914,-0.04564621274244442
Run1_20201027,Run1_20201118,43,20260914,-0.04125765006632531
Run1_20201027,Run1_20201118,44,20260914,-0.04884046220611288
Run1_20201027,Run1_20201118,45,20260914,-0.039863874558597585
Run1_20201027,Run1_20201118,46,20260914,-0.06268445809167676
Run1_20201027,Run1_20201118,47,20260914,0.03195933844953755
Run1_20201027,Run1_20201118,48,20260914,-0.004544555311978278
Run1_20201027,Run1_20201118,49,20260914,0.03904776313486913
Run1_20201027,Run1_20201118,50,20260914,-0.06647190277490295
Run1_20201027,Run1_20201118,51,20260914,-0.011694850958637284
Run1_20201027,Run1_20201118,52,20260914,0.14717908175950992
Run1_20201027,Run1_20201118,53,20260914,0.016551507877952173
Run1_20201027,Run1_20201118,54,20260914,-0.056699973424601466
Run1_20201027,Run1_20201118,55,20260914,-0.05224011781247707
Run1_20201027,Run1_20201118,56,20260914,0.1457434660207984
Run1_20201027,Run1_20201118,57,20260914,0.058659027475627026
Run1_20201027,Run1_20201118,58,20260914,-0.079090980578458
Run1_20201027,Run1_20201118,59,20260914,-0.042544221293976614
Run1_20201027,Run1_20201118,60,20260914,-0.08600833036603514
Run1_20201027,Run1_20201118,61,20260914,-0.06960593207888752
Run1_20201027,Run1_20201118,62,20260914,0.015653756870963504
Run1_20201027,Run1_20201118,63,20260914,-0.05903468549937789
Run1_20201027,Run1_20201118,64,20260914,0.01383052730723166
Run1_20201027,Run1_20201118,65,20260914,-0.09203233295639228
Run1_20201027,Run1_20201118,66,20260914,-0.03929652610740108
Run1_20201027,Run1_20201118,67,20260914,-0.03921461381627418
Run1_20201027,Run1_20201118,68,20260914,-0.06280642339821835
Run1_20201027,Run1_20201118,69,20260914,-0.0932419974514113
Run1_20201027,Run1_20201118,70,20260914,-0.06143413320009553
Run1_20201027,Run1_20201118,71,20260914,-0.054916341106294744
Run1_20201027,Run1_20201118,72,20260914,-0.015725735410932126
Run1_20201027,Run1_20201118,73,20260914,0.04946340705824778
Run1_20201027,Run1_20201118,74,20260914,-0.03835908303557269
Run1_20201027,Run1_20201118,75,20260914,0.024150716468282055
Run1_20201027,Run1_20201118,76,20260914,-0.008744516013206692
Run1_20201027,Run1_20201118,77,20260914,0.153237333103962
Run1_20201027,Run1_20201118,78,20260914,-0.05624707959049302
Run1_20201027,Run1_20201118,79,20260914,-0.011457047252608986
Run1_20201027,Run1_20201118,80,20260914,-0.06932015957619012
Run1_20201027,Run1_20201118,81,20260914,-0.037365762136145404
Run1_20201027,Run1_20201118,82,20260914,-0.09072791031937072
Run1_20201027,Run1_20201118,83,20260914,0.02830452719460063
Run1_20201027,Run1_20201118,84,20260914,-0.050269336318497504
Run1_20201027,Run1_20201118,85,20260914,0.03644650801531714
Run1_20201027,Run1_20201118,86,20260914,0.13848236632411998
Run1_20201027,Run1_20201118,87,20260914,-0.06579679380731672
Run1_20201027,Run1_20201118,88,20260914,0.0010872720269443493
Run1_20201027,Run1_20201118,89,20260914,-0.06312665757024416
Run1_20201027,Run1_20201118,90,20260914,-0.06544632009276825
Run1_20201027,Run1_20201118,91,20260914,-0.008131341028121374
Run1_20201027,Run1_20201118,92,20260914,-0.0549721303750228
Run1_20201027,Run1_20201118,93,20260914,-0.061894536022784996
Run1_20201027,Run1_20201118,94,20260914,0.008928388105176415
Run1_20201027,Run1_20201118,95,20260914,0.0023959144274143616
Run1_20201027,Run1_20201118,96,20260914,0.021278366934721935
Run1_20201027,Run1_20201118,97,20260914,0.10505425454486754
Run1_20201027,Run1_20201118,98,20260914,-0.00841049479068792
Run1_20201027,Run1_20201118,99,20260914,-0.0601415025122795
Run1_20201027,Run1_20201118,100,20260914,-0.013283769968515931
Run1_20201027,Run1_20201118,101,20260914,0.13727490582324564
Run1_20201027,Run1_20201118,102,20260914,-0.046553694745578654
Run1_20201027,Run1_20201118,103,20260914,-0.06374924315622632
Run1_20201027,Run1_20201118,104,20260914,-0.001532393162559695
Run1_20201027,Run1_20201118,105,20260914,-0.0012222573451893721
Run1_20201027,Run1_20201118,106,20260914,-0.014408259908606813
Run1_20201027,Run1_20201118,107,20260914,0.04340499627502958
Run1_20201027,Run1_20201118,108,20260914,0.004006329395925762
Run1_20201027,Run1_20201118,109,20260914,-0.0982451739307643
Run1_20201027,Run1_20201118,110,20260914,-0.02591598511490912
Run1_20201027,Run1_20201118,111,20260914,0.1426315592976156
Run1_20201027,Run1_20201118,112,20260914,-0.06355831165320991
Run1_20201027,Run1_20201118,113,20260914,-0.001633046742052662
Run1_20201027,Run1_20201118,114,20260914,-0.0008048546740495627
Run1_20201027,Run1_20201118,115,20260914,-0.0672889709109849
Run1_20201027,Run1_20201118,116,20260914,0.25037957069145783
Run1_20201027,Run1_20201118,117,20260914,0.0607299956139291
Run1_20201027,Run1_20201118,118,20260914,-0.06678818133758652
Run1_20201027,Run1_20201118,119,20260914,0.015430016622756289
Run1_20201027,Run1_20201118,120,20260914,0.012039889308800532
Run1_20201027,Run1_20201118,121,20260914,-0.005564215668167939
Run1_20201027,Run1_20201118,122,20260914,0.0020547393204300604
Run1_20201027,Run1_20201118,123,20260914,-0.04361486843667604
Run1_20201027,Run1_20201118,124,20260914,-0.008802885776528033
Run1_20201027,Run1_20201118,125,20260914,0.0963035403589929
Run1_20201027,Run1_20201118,126,20260914,0.07075066056650768
Run1_20201027,Run1_20201118,127,20260914,-0.0909956686504607
Run1_20201027,Run1_20201118,128,20260914,0.042971059069768516
Run1_20201027,Run1_20201118,129,20260914,0.08900434715703245
Run1_20201027,Run1_20201118,130,20260914,-0.0610779633406712
Run1_20201027,Run1_20201118,131,20260914,0.0019707332682197746
Run1_20201027,Run1_20201118,132,20260914,-0.0820199622908329
Run1_20201027,Run1_20201118,133,20260914,0.08539134600458298
Run1_20201027,Run1_20201118,134,20260914,-0.07000782487918969
Run1_20201027,Run1_20201118,135,20260914,-0.04228407243977748
Run1_20201027,Run1_20201118,136,20260914,-0.03277502415778085
Run1_20201027,Run1_20201118,137,20260914,-0.06896922597777282
Run1_20201027,Run1_20201118,138,20260914,-0.03502089186624292
Run1_20201027,Run1_20201118,139,20260914,-0.05020706423202846
Run1_20201027,Run1_20201118,140,20260914,0.1608830686782747
Run1_20201027,Run1_20201118,141,20260914,-0.014778913002206445
Run1_20201027,Run1_20201118,142,20260914,-0.046931062110781026
Run1_20201027,Run1_20201118,143,20260914,0.06583277468341654
Run1_20201027,Run1_20201118,144,20260914,-0.0004611084730355374
Run1_20201027,Run1_20201118,145,20260914,-0.043170941080274125
Run1_20201027,Run1_20201118,146,20260914,-0.033904686212743305
Run1_20201027,Run1_20201118,147,20260914,-0.051089578533173564
Run1_20201027,Run1_20201118,148,20260914,0.020037239583218715
Run1_20201027,Run1_20201118,149,20260914,-0.0589759082971764
Run1_20201027,Run1_20201118,150,20260914,0.0031648479893164965
Run1_20201027,Run1_20201118,151,20260914,0.11480722613322471
Run1_20201027,Run1_20201118,152,20260914,-0.0014371533393926004
Run1_20201027,Run1_20201118,153,20260914,-0.06372441528217213
Run1_20201027,Run1_20201118,154,20260914,0.002151808523100014
Run1_20201027,Run1_20201118,155,20260914,-0.03183875457706462
Run1_20201027,Run1_20201118,156,20260914,0.06109922192718186
Run1_20201027,Run1_20201118,157,20260914,-0.07999680938941883
Run1_20201027,Run1_20201118,158,20260914,-0.05535256316653642
Run1_20201027,Run1_20201118,159,20260914,-0.034631560456656225
Run1_20201027,Run1_20201118,160,20260914,0.005291370128770717
Run1_20201027,Run1_20201118,161,20260914,-0.026093434124843773
Run1_20201027,Run1_20201118,162,20260914,0.015011579662727988
Run1_20201027,Run1_20201118,163,20260914,-0.04603262643308884
Run1_20201027,Run1_20201118,164,20260914,-0.02014401776785971
Run1_20201027,Run1_20201118,165,20260914,-0.031310532558908435
Run1_20201027,Run1_20201118,166,20260914,-0.021894613345777584
Run1_20201027,Run1_20201118,167,20260914,-0.05699238014804952
Run1_20201027,Run1_20201118,168,20260914,-0.04134684765256402
Run1_20201027,Run1_20201118,169,20260914,-0.08812101416020794
Run1_20201027,Run1_20201118,170,20260914,-0.05645343196020189
Run1_20201027,Run1_20201118,171,20260914,-0.05814792518060278
Run1_20201027,Run1_20201118,172,20260914,0.017637143999229353
Run1_20201027,Run1_20201118,173,20260914,0.24726386932571542
Run1_20201027,Run1_20201118,174,20260914,0.000670478672591359
Run1_20201027,Run1_20201118,175,20260914,-0.0588986567137584
Run1_20201027,Run1_20201118,176,20260914,-0.03430778881998884
Run1_20201027,Run1_20201118,177,20260914,0.004412224218427189
Run1_20201027,Run1_20201118,178,20260914,-0.055194566608758884
Run1_20201027,Run1_20201118,179,20260914,0.1406940817059384
Run1_20201027,Run1_20201118,180,20260914,0.061503690275688985
Run1_20201027,Run1_20201118,181,20260914,0.02279028003002476
Run1_20201027,Run1_20201118,182,20260914,0.0166930882066361
Run1_20201027,Run1_20201118,183,20260914,0.05983248194782656
Run1_20201027,Run1_20201118,184,20260914,-0.045734844457753575
Run1_20201027,Run1_20201118,185,20260914,-0.0639097819621876
Run1_20201027,Run1_20201118,186,20260914,-0.037438182038914455
Run1_20201027,Run1_20201118,187,20260914,0.009099791139718092
Run1_20201027,Run1_20201118,188,20260914,-0.031216909957539816
Run1_20201027,Run1_20201118,189,20260914,0.025073482815905455
Run1_20201027,Run1_20201118,190,20260914,-0.022586871415489675
Run1_20201027,Run1_20201118,191,20260914,-0.06459942144323867
Run1_20201027,Run1_20201118,192,20260914,0.005535822300547715
Run1_20201027,Run1_20201118,193,20260914,0.02003328548167479
Run1_20201027,Run1_20201118,194,20260914,-0.04371652628633942
Run1_20201027,Run1_20201118,195,20260914,-0.0013402276963463495
Run1_20201027,Run1_20201118,196,20260914,0.2491816635821576
Run1_20201027,Run1_20201118,197,20260914,-0.0751641399594267
Run1_20201027,Run1_20201118,198,20260914,-0.015250611985241002
Run1_20201027,Run1_20201118,199,20260914,0.05166042584085614
Run1_20201027,Run1_20201119,0,20260914,0.005256983118112071
Run1_20201027,Run1_20201119,1,20260914,0.040789804033058395
Run1_20201027,Run1_20201119,2,20260914,-0.0010580483555557734
Run1_20201027,Run1_20201119,3,20260914,0.04462523241132492
Run1_20201027,Run1_20201119,4,20260914,-0.04233953285551101
Run1_20201027,Run1_20201119,5,20260914,0.005768796766106768
Run1_20201027,Run1_20201119,6,20260914,-0.07135818715479518
Run1_20201027,Run1_20201119,7,20260914,0.02152654677511086
Run1_20201027,Run1_20201119,8,20260914,-0.0021560362931520114
Run1_20201027,Run1_20201119,9,20260914,0.016142646763669177
Run1_20201027,Run1_20201119,10,20260914,-0.06241445460722446
Run1_20201027,Run1_20201119,11,20260914,0.11635892709213727
Run1_20201027,Run1_20201119,12,20260914,-0.04834559732697074
Run1_20201027,Run1_20201119,13,20260914,0.019075110654624337
Run1_20201027,Run1_20201119,14,20260914,0.15665581068459256
Run1_20201027,Run1_20201119,15,20260914,0.07523948575276636
Run1_20201027,Run1_20201119,16,20260914,0.03487084645317059
Run1_20201027,Run1_20201119,17,20260914,0.050699460814521265
Run1_20201027,Run1_20201119,18,20260914,-0.01865851158024273
Run1_20201027,Run1_20201119,19,20260914,0.01136687601999443
Run1_20201027,Run1_20201119,20,20260914,0.014132273653456335
Run1_20201027,Run1_20201119,21,20260914,0.1514879981482286
Run1_20201027,Run1_20201119,22,20260914,0.10176849938960068
Run1_20201027,Run1_20201119,23,20260914,0.10823386046172184
Run1_20201027,Run1_20201119,24,20260914,0.018460837481579055
Run1_20201027,Run1_20201119,25,20260914,-0.03197302291872234
Run1_20201027,Run1_20201119,26,20260914,-0.004570408407566282
Run1_20201027,Run1_20201119,27,20260914,0.06415358883223093
Run1_20201027,Run1_20201119,28,20260914,-0.05131681992703645
Run1_20201027,Run1_20201119,29,20260914,-0.03933294056402968
Run1_20201027,Run1_20201119,30,20260914,-0.04903950900783449
Run1_20201027,Run1_20201119,31,20260914,0.12793440252663799
Run1_20201027,Run1_20201119,32,20260914,-0.05090406253170848
Run1_20201027,Run1_20201119,33,20260914,0.014068129278702698
Run1_20201027,Run1_20201119,34,20260914,0.0017023965889508416
Run1_20201027,Run1_20201119,35,20260914,-0.03674544462326675
Run1_20201027,Run1_20201119,36,20260914,0.004529234346778475
Run1_20201027,Run1_20201119,37,20260914,-0.021084040688126315
Run1_20201027,Run1_20201119,38,20260914,-0.04866904789505461
Run1_20201027,Run1_20201119,39,20260914,-0.0065908843117778145
Run1_20201027,Run1_20201119,40,20260914,-0.042813971069414994
Run1_20201027,Run1_20201119,41,20260914,0.08006478347097173
Run1_20201027,Run1_20201119,42,20260914,-0.03142544257861001
Run1_20201027,Run1_20201119,43,20260914,0.05930607597667219
Run1_20201027,Run1_20201119,44,20260914,-0.051271166331638814
Run1_20201027,Run1_20201119,45,20260914,-0.02201921515555115
Run1_20201027,Run1_20201119,46,20260914,0.015492665738370036
Run1_20201027,Run1_20201119,47,20260914,-0.026964517432978292
Run1_20201027,Run1_20201119,48,20260914,0.05993470567290452
Run1_20201027,Run1_20201119,49,20260914,0.09400894155078103
Run1_20201027,Run1_20201119,50,20260914,0.06459416602775313
Run1_20201027,Run1_20201119,51,20260914,0.08033699764934725
Run1_20201027,Run1_20201119,52,20260914,-0.009180022243153433
Run1_20201027,Run1_20201119,53,20260914,-0.054139758568155935
Run1_20201027,Run1_20201119,54,20260914,0.023157794529978456
Run1_20201027,Run1_20201119,55,20260914,-0.03529562473424493
Run1_20201027,Run1_20201119,56,20260914,0.020120539646303663
Run1_20201027,Run1_20201119,57,20260914,0.02730388772012928
Run1_20201027,Run1_20201119,58,20260914,0.015236998547009347
Run1_20201027,Run1_20201119,59,20260914,0.03957410667615114
Run1_20201027,Run1_20201119,60,20260914,0.04144985790656793
Run1_20201027,Run1_20201119,61,20260914,0.03796424952549985
Run1_20201027,Run1_20201119,62,20260914,-0.04425245709884559
Run1_20201027,Run1_20201119,63,20260914,0.1895247524487892
Run1_20201027,Run1_20201119,64,20260914,-0.028074459714667658
Run1_20201027,Run1_20201119,65,20260914,0.016174363558404733
Run1_20201027,Run1_20201119,66,20260914,-0.04918117630754086
Run1_20201027,Run1_20201119,67,20260914,0.09847977549526112
Run1_20201027,Run1_20201119,68,20260914,-0.05120525028208547
Run1_20201027,Run1_20201119,69,20260914,-0.010513165966414361
Run1_20201027,Run1_20201119,70,20260914,0.21499173142811082
Run1_20201027,Run1_20201119,71,20260914,-0.02201488473389446
Run1_20201027,Run1_20201119,72,20260914,0.009142118803996926
Run1_20201027,Run1_20201119,73,20260914,-0.04885229689317981
Run1_20201027,Run1_20201119,74,20260914,-0.03558411907591555
Run1_20201027,Run1_20201119,75,20260914,0.0450113566650308
Run1_20201027,Run1_20201119,76,20260914,0.005883165279261897
Run1_20201027,Run1_20201119,77,20260914,-0.03504902731831256
Run1_20201027,Run1_20201119,78,20260914,0.00643950937619846
Run1_20201027,Run1_20201119,79,20260914,0.04115004587076292
Run1_20201027,Run1_20201119,80,20260914,-0.039537419508792075
Run1_20201027,Run1_20201119,81,20260914,0.1606540061744485
Run1_20201027,Run1_20201119,82,20260914,0.03502536464856475
Run1_20201027,Run1_20201119,83,20260914,0.05673520052141171
Run1_20201027,Run1_20201119,84,20260914,0.176160543998158
Run1_20201027,Run1_20201119,85,20260914,-0.013209263219753424
Run1_20201027,Run1_20201119,86,20260914,-0.04978278413733755
Run1_20201027,Run1_20201119,87,20260914,-0.04657105404854824
Run1_20201027,Run1_20201119,88,20260914,-0.0447518920105458
Run1_20201027,Run1_20201119,89,20260914,-0.027349898889463275
Run1_20201027,Run1_20201119,90,20260914,-0.003563001654412801
Run1_20201027,Run1_20201119,91,20260914,0.035494575493216836
Run1_20201027,Run1_20201119,92,20260914,0.026476837690025578
Run1_20201027,Run1_20201119,93,20260914,0.027657193218845834
Run1_20201027,Run1_20201119,94,20260914,-0.06799871593662268
Run1_20201027,Run1_20201119,95,20260914,0.03656272763837033
Run1_20201027,Run1_20201119,96,20260914,0.029057945136259807
Run1_20201027,Run1_20201119,97,20260914,0.06885979966009984
Run1_20201027,Run1_20201119,98,20260914,0.01127666747483253
Run1_20201027,Run1_20201119,99,20260914,0.033422423759036084
Run1_20201027,Run1_20201119,100,20260914,0.0970646422756948
Run1_20201027,Run1_20201119,101,20260914,-0.025287345318111238
Run1_20201027,Run1_20201119,102,20260914,-0.01569259337692598
Run1_20201027,Run1_20201119,103,20260914,-0.023622048567727906
Run1_20201027,Run1_20201119,104,20260914,-0.02174750108059415
Run1_20201027,Run1_20201119,105,20260914,0.05461845931178715
Run1_20201027,Run1_20201119,106,20260914,0.03529870652142358
Run1_20201027,Run1_20201119,107,20260914,-0.021739722724118064
Run1_20201027,Run1_20201119,108,20260914,0.07025783562279228
Run1_20201027,Run1_20201119,109,20260914,0.022985603160134493
Run1_20201027,Run1_20201119,110,20260914,-0.03316913387474933
Run1_20201027,Run1_20201119,111,20260914,0.005207965871063983
Run1_20201027,Run1_20201119,112,20260914,-0.06022487170027719
Run1_20201027,Run1_20201119,113,20260914,-0.023643506408242
Run1_20201027,Run1_20201119,114,20260914,-0.005991579888444448
Run1_20201027,Run1_20201119,115,20260914,0.18480733877615801
Run1_20201027,Run1_20201119,116,20260914,-0.03589844814152441
Run1_20201027,Run1_20201119,117,20260914,-0.030538342935889404
Run1_20201027,Run1_20201119,118,20260914,0.07441896637532772
Run1_20201027,Run1_20201119,119,20260914,0.04041785998946153
Run1_20201027,Run1_20201119,120,20260914,-0.02743075000778261
Run1_20201027,Run1_20201119,121,20260914,0.01101192891241579
Run1_20201027,Run1_20201119,122,20260914,-0.05256727732718023
Run1_20201027,Run1_20201119,123,20260914,-0.04934594559660335
Run1_20201027,Run1_20201119,124,20260914,-0.05104128239832365
Run1_20201027,Run1_20201119,125,20260914,-0.020607939990119326
Run1_20201027,Run1_20201119,126,20260914,0.05434857795460581
Run1_20201027,Run1_20201119,127,20260914,0.016618241199928087
Run1_20201027,Run1_20201119,128,20260914,0.13092975559349698
Run1_20201027,Run1_20201119,129,20260914,-0.05751179468676561
Run1_20201027,Run1_20201119,130,20260914,-0.04811232286174126
Run1_20201027,Run1_20201119,131,20260914,-0.015531298255684714
Run1_20201027,Run1_20201119,132,20260914,-0.04777917746084887
Run1_20201027,Run1_20201119,133,20260914,0.040543080723254424
Run1_20201027,Run1_20201119,134,20260914,-0.035190610488120395
Run1_20201027,Run1_20201119,135,20260914,-0.014816963952425977
Run1_20201027,Run1_20201119,136,20260914,0.10737950738867673
Run1_20201027,Run1_20201119,137,20260914,-0.042143125317560905
Run1_20201027,Run1_20201119,138,20260914,-0.037003082911479836
Run1_20201027,Run1_20201119,139,20260914,0.017360012298839697
Run1_20201027,Run1_20201119,140,20260914,-0.0015098333458117572
Run1_20201027,Run1_20201119,141,20260914,0.06722310852049614
Run1_20201027,Run1_20201119,142,20260914,-0.07166691897766289
Run1_20201027,Run1_20201119,143,20260914,-0.05025150353219512
Run1_20201027,Run1_20201119,144,20260914,-0.023630580974982038
Run1_20201027,Run1_20201119,145,20260914,0.16757161055722525
Run1_20201027,Run1_20201119,146,20260914,-0.06900021439487272
Run1_20201027,Run1_20201119,147,20260914,-0.02243012445268492
Run1_20201027,Run1_20201119,148,20260914,-0.03227154106760402
Run1_20201027,Run1_20201119,149,20260914,0.020092617373199968
Run1_20201027,Run1_20201119,150,20260914,-0.04844993798575204
Run1_20201027,Run1_20201119,151,20260914,-0.01648032874300942
Run1_20201027,Run1_20201119,152,20260914,0.021409727726926
Run1_20201027,Run1_20201119,153,20260914,0.009693778263123062
Run1_20201027,Run1_20201119,154,20260914,-0.04651841240710556
Run1_20201027,Run1_20201119,155,20260914,0.04324552091260033
Run1_20201027,Run1_20201119,156,20260914,0.004306928488966504
Run1_20201027,Run1_20201119,157,20260914,-0.020565611561387063
Run1_20201027,Run1_20201119,158,20260914,0.04101902778660517
Run1_20201027,Run1_20201119,159,20260914,0.03308213704093277
Run1_20201027,Run1_20201119,160,20260914,-0.04398690124272599
Run1_20201027,Run1_20201119,161,20260914,0.03550016569396234
Run1_20201027,Run1_20201119,162,20260914,-0.00783300544284041
Run1_20201027,Run1_20201119,163,20260914,0.004544336689076229
Run1_20201027,Run1_20201119,164,20260914,0.07140443062755292
Run1_20201027,Run1_20201119,165,20260914,0.04359178835917757
Run1_20201027,Run1_20201119,166,20260914,-0.042281645158235626
Run1_20201027,Run1_20201119,167,20260914,-0.047669810481592245
Run1_20201027,Run1_20201119,168,20260914,0.02364751794934792
Run1_20201027,Run1_20201119,169,20260914,-0.026730103921553033
Run1_20201027,Run1_20201119,170,20260914,-0.0009131298631016406
Run1_20201027,Run1_20201119,171,20260914,0.00538317186749486
Run1_20201027,Run1_20201119,172,20260914,-0.0068145507621089445
Run1_20201027,Run1_20201119,173,20260914,-0.02829467348990507
Run1_20201027,Run1_20201119,174,20260914,0.04304061346518309
Run1_20201027,Run1_20201119,175,20260914,-0.02831913156666747
Run1_20201027,Run1_20201119,176,20260914,0.011975295757232905
Run1_20201027,Run1_20201119,177,20260914,-0.023423314571842383
Run1_20201027,Run1_20201119,178,20260914,0.002153984777387585
Run1_20201027,Run1_20201119,179,20260914,-0.009670286691664568
Run1_20201027,Run1_20201119,180,20260914,0.08579154792427679
Run1_20201027,Run1_20201119,181,20260914,0.13839852287451096
Run1_20201027,Run1_20201119,182,20260914,0.017542152547313266
Run1_20201027,Run1_20201119,183,20260914,0.07816802755369448
Run1_20201027,Run1_20201119,184,20260914,-0.0406633987662607
Run1_20201027,Run1_20201119,185,20260914,0.10217981806133808
Run1_20201027,Run1_20201119,186,20260914,-0.01824093220802335
Run1_20201027,Run1_20201119,187,20260914,0.16772882409316225
Run1_20201027,Run1_20201119,188,20260914,0.0017752165957842987
Run1_20201027,Run1_20201119,189,20260914,-0.0485744402909263
Run1_20201027,Run1_20201119,190,20260914,0.0027971440570960728
Run1_20201027,Run1_20201119,191,20260914,0.01419239671311567
Run1_20201027,Run1_20201119,192,20260914,-0.04510314247029409
Run1_20201027,Run1_20201119,193,20260914,-0.02269938971654428
Run1_20201027,Run1_20201119,194,20260914,0.046746881208892144
Run1_20201027,Run1_20201119,195,20260914,-0.04975880113413309
Run1_20201027,Run1_20201119,196,20260914,0.09620650400814054
Run1_20201027,Run1_20201119,197,20260914,0.024051630005109903
Run1_20201027,Run1_20201119,198,20260914,-0.013047683922837092
Run1_20201027,Run1_20201119,199,20260914,-0.05476302977935094
Run1_20201027,Run1_20201124,0,20260914,0.00013048474015618254
Run1_20201027,Run1_20201124,1,20260914,-0.041833502294571834
Run1_20201027,Run1_20201124,2,20260914,-0.016596784023908403
Run1_20201027,Run1_20201124,3,20260914,-0.020764500476833238
Run1_20201027,Run1_20201124,4,20260914,0.019692035652596165
Run1_20201027,Run1_20201124,5,20260914,0.08287054555072934
Run1_20201027,Run1_20201124,6,20260914,-0.022664177801262522
Run1_20201027,Run1_20201124,7,20260914,-0.06816867619702204
Run1_20201027,Run1_20201124,8,20260914,0.005047555853475362
Run1_20201027,Run1_20201124,9,20260914,0.013446973788054716
Run1_20201027,Run1_20201124,10,20260914,0.11044172930807128
Run1_20201027,Run1_20201124,11,20260914,0.2960423243116897
Run1_20201027,Run1_20201124,12,20260914,0.034995303037233305
Run1_20201027,Run1_20201124,13,20260914,-0.02344521862426219
Run1_20201027,Run1_20201124,14,20260914,0.01113764208441277
Run1_20201027,Run1_20201124,15,20260914,0.09175488037670912
Run1_20201027,Run1_20201124,16,20260914,-0.028230725732281397
Run1_20201027,Run1_20201124,17,20260914,-0.012702633038587914
Run1_20201027,Run1_20201124,18,20260914,0.037611298613163466
Run1_20201027,Run1_20201124,19,20260914,-0.0032366079823409415
Run1_20201027,Run1_20201124,20,20260914,0.09239113770450572
Run1_20201027,Run1_20201124,21,20260914,-0.030196201435445026
Run1_20201027,Run1_20201124,22,20260914,-0.043867336494389245
Run1_20201027,Run1_20201124,23,20260914,-0.048730461075986144
Run1_20201027,Run1_20201124,24,20260914,-0.014521566668188539
Run1_20201027,Run1_20201124,25,20260914,-0.00472643348472151
Run1_20201027,Run1_20201124,26,20260914,-0.010229282421897431
Run1_20201027,Run1_20201124,27,20260914,0.015791539287413937
Run1_20201027,Run1_20201124,28,20260914,-0.021929082630782786
Run1_20201027,Run1_20201124,29,20260914,-0.000693965691855261
Run1_20201027,Run1_20201124,30,20260914,-0.05269857352844246
Run1_20201027,Run1_20201124,31,20260914,0.013340698289692771
Run1_20201027,Run1_20201124,32,20260914,0.06200357950816997
Run1_20201027,Run1_20201124,33,20260914,0.061707240778980404
Run1_20201027,Run1_20201124,34,20260914,0.03826082931312645
Run1_20201027,Run1_20201124,35,20260914,0.19663495826098815
Run1_20201027,Run1_20201124,36,20260914,-0.022525774966219263
Run1_20201027,Run1_20201124,37,20260914,0.0455898835993143
Run1_20201027,Run1_20201124,38,20260914,-0.02833702665987322
Run1_20201027,Run1_20201124,39,20260914,0.012419047388249263
Run1_20201027,Run1_20201124,40,20260914,0.08081833598605721
Run1_20201027,Run1_20201124,41,20260914,-0.04537663752353901
Run1_20201027,Run1_20201124,42,20260914,-0.022338911024293265
Run1_20201027,Run1_20201124,43,20260914,-0.01211295449128375
Run1_20201027,Run1_20201124,44,20260914,-0.02993770034539383
Run1_20201027,Run1_20201124,45,20260914,-0.005476887317750471
Run1_20201027,Run1_20201124,46,20260914,0.015462688546969095
Run1_20201027,Run1_20201124,47,20260914,0.08072367805996486
Run1_20201027,Run1_20201124,48,20260914,0.0252241927450183
Run1_20201027,Run1_20201124,49,20260914,-0.04903229082741955
Run1_20201027,Run1_20201124,50,20260914,0.023696099171736228
Run1_20201027,Run1_20201124,51,20260914,0.2303306700788627
Run1_20201027,Run1_20201124,52,20260914,0.045826597323263045
Run1_20201027,Run1_20201124,53,20260914,0.005497426595392109
Run1_20201027,Run1_20201124,54,20260914,0.038617963594170385
Run1_20201027,Run1_20201124,55,20260914,0.1765930649365322
Run1_20201027,Run1_20201124,56,20260914,-0.04438747167382698
Run1_20201027,Run1_20201124,57,20260914,-0.0020738500742843364
Run1_20201027,Run1_20201124,58,20260914,0.12179671064902912
Run1_20201027,Run1_20201124,59,20260914,0.010699697007714958
Run1_20201027,Run1_20201124,60,20260914,-0.008275256429407213
Run1_20201027,Run1_20201124,61,20260914,-0.011501335128915921
Run1_20201027,Run1_20201124,62,20260914,-0.0021735302065141408
Run1_20201027,Run1_20201124,63,20260914,0.023810267927187097
Run1_20201027,Run1_20201124,64,20260914,-0.015584988632244803
Run1_20201027,Run1_20201124,65,20260914,0.014029085362793767
Run1_20201027,Run1_20201124,66,20260914,-0.02003515682648744
Run1_20201027,Run1_20201124,67,20260914,-0.003220142225395518
Run1_20201027,Run1_20201124,68,20260914,0.08753959415587674
Run1_20201027,Run1_20201124,69,20260914,-0.02687783347354117
Run1_20201027,Run1_20201124,70,20260914,-0.0042170303908192226
Run1_20201027,Run1_20201124,71,20260914,-0.004560931541387828
Run1_20201027,Run1_20201124,72,20260914,-0.012432501072936154
Run1_20201027,Run1_20201124,73,20260914,-0.0050162705174613955
Run1_20201027,Run1_20201124,74,20260914,0.10506101124282853
Run1_20201027,Run1_20201124,75,20260914,0.04032528198367857
Run1_20201027,Run1_20201124,76,20260914,-0.03694595399443851
Run1_20201027,Run1_20201124,77,20260914,0.005070071078735432
Run1_20201027,Run1_20201124,78,20260914,0.002866063159915574
Run1_20201027,Run1_20201124,79,20260914,0.004309088448719513
Run1_20201027,Run1_20201124,80,20260914,0.0018674827826329762
Run1_20201027,Run1_20201124,81,20260914,0.08120244502249441
Run1_20201027,Run1_20201124,82,20260914,0.06736940215056449
Run1_20201027,Run1_20201124,83,20260914,-0.03278899319405849
Run1_20201027,Run1_20201124,84,20260914,0.09279537302699517
Run1_20201027,Run1_20201124,85,20260914,0.03362015545841483
Run1_20201027,Run1_20201124,86,20260914,0.02458582547762622
Run1_20201027,Run1_20201124,87,20260914,0.035569306362717025
Run1_20201027,Run1_20201124,88,20260914,-0.03849518701314905
Run1_20201027,Run1_20201124,89,20260914,0.10953624615351258
Run1_20201027,Run1_20201124,90,20260914,0.010116929655082785
Run1_20201027,Run1_20201124,91,20260914,0.0071454656442787815
Run1_20201027,Run1_20201124,92,20260914,-0.05459665156220079
Run1_20201027,Run1_20201124,93,20260914,0.07660977042853365
Run1_20201027,Run1_20201124,94,20260914,0.014281258894333695
Run1_20201027,Run1_20201124,95,20260914,0.12116250585258845
Run1_20201027,Run1_20201124,96,20260914,0.08519440338781523
Run1_20201027,Run1_20201124,97,20260914,0.026522074754472474
Run1_20201027,Run1_20201124,98,20260914,0.04650125834961163
Run1_20201027,Run1_20201124,99,20260914,-0.029590885840442175
Run1_20201027,Run1_20201124,100,20260914,0.049527351131427984
Run1_20201027,Run1_20201124,101,20260914,-0.05936236458575616
Run1_20201027,Run1_20201124,102,20260914,0.009953718343705462
Run1_20201027,Run1_20201124,103,20260914,-0.005049141214060478
Run1_20201027,Run1_20201124,104,20260914,0.0331860196036907
Run1_20201027,Run1_20201124,105,20260914,0.12571694788408297
Run1_20201027,Run1_20201124,106,20260914,-0.03645045678487128
Run1_20201027,Run1_20201124,107,20260914,-0.001746970485872245
Run1_20201027,Run1_20201124,108,20260914,-0.02654295649740387
Run1_20201027,Run1_20201124,109,20260914,0.009438930963758037
Run1_20201027,Run1_20201124,110,20260914,0.005302719320080113
Run1_20201027,Run1_20201124,111,20260914,0.009259570798944999
Run1_20201027,Run1_20201124,112,20260914,0.024516552831525058
Run1_20201027,Run1_20201124,113,20260914,0.08818941260253066
Run1_20201027,Run1_20201124,114,20260914,-0.010711501219412452
Run1_20201027,Run1_20201124,115,20260914,0.0326422670296912
Run1_20201027,Run1_20201124,116,20260914,-0.01884396020948317
Run1_20201027,Run1_20201124,117,20260914,0.049973389061457416
Run1_20201027,Run1_20201124,118,20260914,0.09946010320620864
Run1_20201027,Run1_20201124,119,20260914,-0.01893260436376674
Run1_20201027,Run1_20201124,120,20260914,-0.024328476750604854
Run1_20201027,Run1_20201124,121,20260914,0.035079278871352
Run1_20201027,Run1_20201124,122,20260914,0.08589489614348261
Run1_20201027,Run1_20201124,123,20260914,0.026903037951563173
Run1_20201027,Run1_20201124,124,20260914,-0.02910607351857114
Run1_20201027,Run1_20201124,125,20260914,-0.049869784563081374
Run1_20201027,Run1_20201124,126,20260914,0.025159419121373042
Run1_20201027,Run1_20201124,127,20260914,0.02351320209543109
Run1_20201027,Run1_20201124,128,20260914,-0.055401181857332955
Run1_20201027,Run1_20201124,129,20260914,0.003950012928969658
Run1_20201027,Run1_20201124,130,20260914,0.13937963152303487
Run1_20201027,Run1_20201124,131,20260914,0.011623080265397979
Run1_20201027,Run1_20201124,132,20260914,0.05998625054789189
Run1_20201027,Run1_20201124,133,20260914,0.07788252471690918
Run1_20201027,Run1_20201124,134,20260914,0.1259469448305682
Run1_20201027,Run1_20201124,135,20260914,-0.04446506650427557
Run1_20201027,Run1_20201124,136,20260914,0.05646087719647331
Run1_20201027,Run1_20201124,137,20260914,0.022673383289398618
Run1_20201027,Run1_20201124,138,20260914,0.00717072297407445
Run1_20201027,Run1_20201124,139,20260914,-0.015541733545575519
Run1_20201027,Run1_20201124,140,20260914,0.028555091641652996
Run1_20201027,Run1_20201124,141,20260914,0.02775636806492254
Run1_20201027,Run1_20201124,142,20260914,0.09685569146441744
Run1_20201027,Run1_20201124,143,20260914,-0.00946683010334243
Run1_20201027,Run1_20201124,144,20260914,0.007970648930204813
Run1_20201027,Run1_20201124,145,20260914,-0.022542338257892088
Run1_20201027,Run1_20201124,146,20260914,-0.0101045382321186
Run1_20201027,Run1_20201124,147,20260914,-0.03320804858420756
Run1_20201027,Run1_20201124,148,20260914,0.013615915607026565
Run1_20201027,Run1_20201124,149,20260914,0.08576692125275197
Run1_20201027,Run1_20201124,150,20260914,0.014969913515484408
Run1_20201027,Run1_20201124,151,20260914,0.03251083646432082
Run1_20201027,Run1_20201124,152,20260914,0.0036199877734415923
Run1_20201027,Run1_20201124,153,20260914,-0.029862043104944048
Run1_20201027,Run1_20201124,154,20260914,-0.0025508737127828062
Run1_20201027,Run1_20201124,155,20260914,-0.018803721938725308
Run1_20201027,Run1_20201124,156,20260914,0.21292662202589263
Run1_20201027,Run1_20201124,157,20260914,0.030143963014170185
Run1_20201027,Run1_20201124,158,20260914,0.1516904094250857
Run1_20201027,Run1_20201124,159,20260914,0.10731758130308915
Run1_20201027,Run1_20201124,160,20260914,0.034974609734038715
Run1_20201027,Run1_20201124,161,20260914,0.03724505609038833
Run1_20201027,Run1_20201124,162,20260914,-0.0032803684128492063
Run1_20201027,Run1_20201124,163,20260914,0.043768164681691694
Run1_20201027,Run1_20201124,164,20260914,-0.038418905179002594
Run1_20201027,Run1_20201124,165,20260914,-0.05978319809030564
Run1_20201027,Run1_20201124,166,20260914,0.009598498350871657
Run1_20201027,Run1_20201124,167,20260914,-0.025550680179206257
Run1_20201027,Run1_20201124,168,20260914,0.025705758133807734
Run1_20201027,Run1_20201124,169,20260914,0.1252253198914777
Run1_20201027,Run1_20201124,170,20260914,-0.006945496176682473
Run1_20201027,Run1_20201124,171,20260914,0.00035201668343802424
Run1_20201027,Run1_20201124,172,20260914,-0.0003951926690212632
Run1_20201027,Run1_20201124,173,20260914,0.009629324887277965
Run1_20201027,Run1_20201124,174,20260914,0.024308994203702316
Run1_20201027,Run1_20201124,175,20260914,0.025424954929019333
Run1_20201027,Run1_20201124,176,20260914,0.16320891741501034
Run1_20201027,Run1_20201124,177,20260914,0.09819447165570327
Run1_20201027,Run1_20201124,178,20260914,-0.012080985619456325
Run1_20201027,Run1_20201124,179,20260914,0.08631135825322274
Run1_20201027,Run1_20201124,180,20260914,-0.02039079392623687
Run1_20201027,Run1_20201124,181,20260914,-0.020512469439294172
Run1_20201027,Run1_20201124,182,20260914,0.13307502249353592
Run1_20201027,Run1_20201124,183,20260914,-0.01719428800772354
Run1_20201027,Run1_20201124,184,20260914,0.016777728154984066
Run1_20201027,Run1_20201124,185,20260914,0.26548300885832493
Run1_20201027,Run1_20201124,186,20260914,0.04028449708018857
Run1_20201027,Run1_20201124,187,20260914,0.06207254226280947
Run1_20201027,Run1_20201124,188,20260914,0.0016007805849558106
Run1_20201027,Run1_20201124,189,20260914,0.12239910661896432
Run1_20201027,Run1_20201124,190,20260914,0.009128412732190665
Run1_20201027,Run1_20201124,191,20260914,0.020561502488237456
Run1_20201027,Run1_20201124,192,20260914,-0.0009483968491118555
Run1_20201027,Run1_20201124,193,20260914,-0.018240678803281514
Run1_20201027,Run1_20201124,194,20260914,0.0145422680234899
Run1_20201027,Run1_20201124,195,20260914,0.009196052409812625
Run1_20201027,Run1_20201124,196,20260914,-0.009115410066782233
Run1_20201027,Run1_20201124,197,20260914,0.041990893535241866
Run1_20201027,Run1_20201124,198,20260914,-0.019036412538068075
Run1_20201027,Run1_20201124,199,20260914,-0.023113491482545725
Run1_20201027,Run2_20201124,0,20260914,-0.0006958499830376189
Run1_20201027,Run2_20201124,1,20260914,-0.03263188040980376
Run1_20201027,Run2_20201124,2,20260914,-0.02697129771054975
Run1_20201027,Run2_20201124,3,20260914,0.024191362389533143
Run1_20201027,Run2_20201124,4,20260914,-0.02304327373004998
Run1_20201027,Run2_20201124,5,20260914,0.05750112064392676
Run1_20201027,Run2_20201124,6,20260914,0.10840316476782577
Run1_20201027,Run2_20201124,7,20260914,-0.0027387000991248036
Run1_20201027,Run2_20201124,8,20260914,-0.007401869063400146
Run1_20201027,Run2_20201124,9,20260914,-0.025859870203480566
Run1_20201027,Run2_20201124,10,20260914,0.0976646771993892
Run1_20201027,Run2_20201124,11,20260914,0.008513136299266501
Run1_20201027,Run2_20201124,12,20260914,0.0120693762065867
Run1_20201027,Run2_20201124,13,20260914,-0.009177848536404189
Run1_20201027,Run2_20201124,14,20260914,0.2718815000082088
Run1_20201027,Run2_20201124,15,20260914,-0.025518923165603034
Run1_20201027,Run2_20201124,16,20260914,0.06904405569415387
Run1_20201027,Run2_20201124,17,20260914,-0.04151033505274718
Run1_20201027,Run2_20201124,18,20260914,-0.043895316849117634
Run1_20201027,Run2_20201124,19,20260914,0.016724786612210545
Run1_20201027,Run2_20201124,20,20260914,0.23638684643909763
Run1_20201027,Run2_20201124,21,20260914,-0.00591346998177645
Run1_20201027,Run2_20201124,22,20260914,0.006913158139007732
Run1_20201027,Run2_20201124,23,20260914,0.021296986004639067
Run1_20201027,Run2_20201124,24,20260914,-0.045866524851232576
Run1_20201027,Run2_20201124,25,20260914,0.004533324690269551
Run1_20201027,Run2_20201124,26,20260914,0.04450176171396347
Run1_20201027,Run2_20201124,27,20260914,-0.028862679175727293
Run1_20201027,Run2_20201124,28,20260914,-0.028509556706356704
Run1_20201027,Run2_20201124,29,20260914,-0.024010179969258333
Run1_20201027,Run2_20201124,30,20260914,-0.03160399982609847
Run1_20201027,Run2_20201124,31,20260914,0.026361411412010573
Run1_20201027,Run2_20201124,32,20260914,-0.04390176532716526
Run1_20201027,Run2_20201124,33,20260914,0.033050074801596684
Run1_20201027,Run2_20201124,34,20260914,-0.024695342324519153
Run1_20201027,Run2_20201124,35,20260914,0.04947630240061722
Run1_20201027,Run2_20201124,36,20260914,0.07722457528780141
Run1_20201027,Run2_20201124,37,20260914,0.050711083431378035
Run1_20201027,Run2_20201124,38,20260914,0.08504648526532436
Run1_20201027,Run2_20201124,39,20260914,-0.05027785667753398
Run1_20201027,Run2_20201124,40,20260914,-0.04009308694409945
Run1_20201027,Run2_20201124,41,20260914,-0.04683116936014447
Run1_20201027,Run2_20201124,42,20260914,0.07805876286988365
Run1_20201027,Run2_20201124,43,20260914,0.06738433752056415
Run1_20201027,Run2_20201124,44,20260914,-0.03095017953710589
Run1_20201027,Run2_20201124,45,20260914,-0.03852809932070109
Run1_20201027,Run2_20201124,46,20260914,0.012020970920302148
Run1_20201027,Run2_20201124,47,20260914,0.05713997483503776
Run1_20201027,Run2_20201124,48,20260914,0.11347859428676838
Run1_20201027,Run2_20201124,49,20260914,-0.04124132543441866
Run1_20201027,Run2_20201124,50,20260914,-0.026221195160316353
Run1_20201027,Run2_20201124,51,20260914,-0.021117523494647003
Run1_20201027,Run2_20201124,52,20260914,-0.06053785497802359
Run1_20201027,Run2_20201124,53,20260914,-0.048386842709654376
Run1_20201027,Run2_20201124,54,20260914,0.15453059876641445
Run1_20201027,Run2_20201124,55,20260914,0.06240243740789136
Run1_20201027,Run2_20201124,56,20260914,0.0343040551233723
Run1_20201027,Run2_20201124,57,20260914,0.06861598956595896
Run1_20201027,Run2_20201124,58,20260914,0.16409742688243842
Run1_20201027,Run2_20201124,59,20260914,-0.029484636332899668
Run1_20201027,Run2_20201124,60,20260914,0.09838698071672128
Run1_20201027,Run2_20201124,61,20260914,-0.05581547599473889
Run1_20201027,Run2_20201124,62,20260914,-0.022094631474306903
Run1_20201027,Run2_20201124,63,20260914,-0.008801905885886484
Run1_20201027,Run2_20201124,64,20260914,0.013597164409620435
Run1_20201027,Run2_20201124,65,20260914,-0.0195586729585838
Run1_20201027,Run2_20201124,66,20260914,0.01682184502087483
Run1_20201027,Run2_20201124,67,20260914,0.05120393557439785
Run1_20201027,Run2_20201124,68,20260914,0.13726110191040544
Run1_20201027,Run2_20201124,69,20260914,-0.04813395510230845
Run1_20201027,Run2_20201124,70,20260914,-0.006077203449136903
Run1_20201027,Run2_20201124,71,20260914,-0.03264091062410434
Run1_20201027,Run2_20201124,72,20260914,-0.02113773638940899
Run1_20201027,Run2_20201124,73,20260914,0.12359672585438214
Run1_20201027,Run2_20201124,74,20260914,0.06461619658485361
Run1_20201027,Run2_20201124,75,20260914,0.049106390920191194
Run1_20201027,Run2_20201124,76,20260914,-0.03222502696722112
Run1_20201027,Run2_20201124,77,20260914,-0.020612840842413105
Run1_20201027,Run2_20201124,78,20260914,-0.07688918263141586
Run1_20201027,Run2_20201124,79,20260914,-0.005289591172941593
Run1_20201027,Run2_20201124,80,20260914,0.01385385338293682
Run1_20201027,Run2_20201124,81,20260914,-0.042126264377829306
Run1_20201027,Run2_20201124,82,20260914,-0.04142290790180177
Run1_20201027,Run2_20201124,83,20260914,0.02076088079765918
Run1_20201027,Run2_20201124,84,20260914,0.0958853893363707
Run1_20201027,Run2_20201124,85,20260914,-0.010344086120575677
Run1_20201027,Run2_20201124,86,20260914,-0.04560217171327644
Run1_20201027,Run2_20201124,87,20260914,0.05000826542998289
Run1_20201027,Run2_20201124,88,20260914,-0.0022446197072252083
Run1_20201027,Run2_20201124,89,20260914,-0.02308991530548325
Run1_20201027,Run2_20201124,90,20260914,-0.055739972115860306
Run1_20201027,Run2_20201124,91,20260914,0.005716010326266325
Run1_20201027,Run2_20201124,92,20260914,0.024806166235293997
Run1_20201027,Run2_20201124,93,20260914,-0.07473619762821888
Run1_20201027,Run2_20201124,94,20260914,-0.030583323487182623
Run1_20201027,Run2_20201124,95,20260914,0.05914801557863245
Run1_20201027,Run2_20201124,96,20260914,-0.006751511491271215
Run1_20201027,Run2_20201124,97,20260914,-0.015414296018011522
Run1_20201027,Run2_20201124,98,20260914,-0.003552879255955327
Run1_20201027,Run2_20201124,99,20260914,-0.007515750927177943
Run1_20201027,Run2_20201124,100,20260914,-0.040661541507057995
Run1_20201027,Run2_20201124,101,20260914,0.0010905209459166475
Run1_20201027,Run2_20201124,102,20260914,-0.015394197214877732
Run1_20201027,Run2_20201124,103,20260914,-0.0333056970878126
Run1_20201027,Run2_20201124,104,20260914,0.004944539771892201
Run1_20201027,Run2_20201124,105,20260914,-0.02509168496520325
Run1_20201027,Run2_20201124,106,20260914,-0.03130765472705294
Run1_20201027,Run2_20201124,107,20260914,-0.017831913270629007
Run1_20201027,Run2_20201124,108,20260914,-0.04870598758382311
Run1_20201027,Run2_20201124,109,20260914,-0.0017512293116288685
Run1_20201027,Run2_20201124,110,20260914,-0.012339867521954448
Run1_20201027,Run2_20201124,111,20260914,-0.05647207380361398
Run1_20201027,Run2_20201124,112,20260914,0.18667670495677885
Run1_20201027,Run2_20201124,113,20260914,-0.07812131141469954
Run1_20201027,Run2_20201124,114,20260914,-0.049837251873878115
Run1_20201027,Run2_20201124,115,20260914,0.03743712391746972
Run1_20201027,Run2_20201124,116,20260914,-0.04237788227756627
Run1_20201027,Run2_20201124,117,20260914,-0.02019561327266308
Run1_20201027,Run2_20201124,118,20260914,0.0871442130206441
Run1_20201027,Run2_20201124,119,20260914,-0.02648962392189176
Run1_20201027,Run2_20201124,120,20260914,-0.012140599274869811
Run1_20201027,Run2_20201124,121,20260914,0.01436924997685423
Run1_20201027,Run2_20201124,122,20260914,-0.0038077267390715223
Run1_20201027,Run2_20201124,123,20260914,-0.03886865760709016
Run1_20201027,Run2_20201124,124,20260914,-0.030703428925057605
Run1_20201027,Run2_20201124,125,20260914,-0.051163775641607775
Run1_20201027,Run2_20201124,126,20260914,0.10591219431547524
Run1_20201027,Run2_20201124,127,20260914,0.005864798997849706
Run1_20201027,Run2_20201124,128,20260914,-0.021950216495660264
Run1_20201027,Run2_20201124,129,20260914,0.0209640924097618
Run1_20201027,Run2_20201124,130,20260914,0.24690039516452542
Run1_20201027,Run2_20201124,131,20260914,0.20598374634716618
Run1_20201027,Run2_20201124,132,20260914,0.026630571837631206
Run1_20201027,Run2_20201124,133,20260914,0.031759270818018444
Run1_20201027,Run2_20201124,134,20260914,-0.03221246815281744
Run1_20201027,Run2_20201124,135,20260914,-0.053132593896527774
Run1_20201027,Run2_20201124,136,20260914,0.12262316455163336
Run1_20201027,Run2_20201124,137,20260914,0.053842120684618175
Run1_20201027,Run2_20201124,138,20260914,0.0356041338358842
Run1_20201027,Run2_20201124,139,20260914,-0.048581718930982544
Run1_20201027,Run2_20201124,140,20260914,0.002868454457721595
Run1_20201027,Run2_20201124,141,20260914,-0.021931571457763616
Run1_20201027,Run2_20201124,142,20260914,0.0670262151490036
Run1_20201027,Run2_20201124,143,20260914,0.011122731703106096
Run1_20201027,Run2_20201124,144,20260914,0.07021668288393229
Run1_20201027,Run2_20201124,145,20260914,-0.014444454802397562
Run1_20201027,Run2_20201124,146,20260914,0.044767889720240435
Run1_20201027,Run2_20201124,147,20260914,0.020868594153474716
Run1_20201027,Run2_20201124,148,20260914,0.04857719078739218
Run1_20201027,Run2_20201124,149,20260914,-0.01177238950551314
Run1_20201027,Run2_20201124,150,20260914,0.13499819186862086
Run1_20201027,Run2_20201124,151,20260914,-0.03443108498502871
Run1_20201027,Run2_20201124,152,20260914,0.01116209530511439
Run1_20201027,Run2_20201124,153,20260914,-0.01831688440602469
Run1_20201027,Run2_20201124,154,20260914,-0.036962791280473924
Run1_20201027,Run2_20201124,155,20260914,-0.0250095600363921
Run1_20201027,Run2_20201124,156,20260914,-0.04474340152197052
Run1_20201027,Run2_20201124,157,20260914,0.05365504864043529
Run1_20201027,Run2_20201124,158,20260914,0.026574313713179663
Run1_20201027,Run2_20201124,159,20260914,0.09409344986369125
Run1_20201027,Run2_20201124,160,20260914,0.014675472659205569
Run1_20201027,Run2_20201124,161,20260914,0.02649696123720566
Run1_20201027,Run2_20201124,162,20260914,-0.010538560045133188
Run1_20201027,Run2_20201124,163,20260914,0.027835217059312356
Run1_20201027,Run2_20201124,164,20260914,-0.014068558408922214
Run1_20201027,Run2_20201124,165,20260914,0.11813282197878686
Run1_20201027,Run2_20201124,166,20260914,0.07599018610867968
Run1_20201027,Run2_20201124,167,20260914,0.043147981318822914
Run1_20201027,Run2_20201124,168,20260914,0.011223302088360785
Run1_20201027,Run2_20201124,169,20260914,0.14923096630085705
Run1_20201027,Run2_20201124,170,20260914,0.007737417587602642
Run1_20201027,Run2_20201124,171,20260914,-0.051874396844126994
Run1_20201027,Run2_20201124,172,20260914,-0.04061491755831359
Run1_20201027,Run2_20201124,173,20260914,-0.029132416120378396
Run1_20201027,Run2_20201124,174,20260914,-0.02688025802580301
Run1_20201027,Run2_20201124,175,20260914,0.06037236075724248
Run1_20201027,Run2_20201124,176,20260914,-0.004033636189225499
Run1_20201027,Run2_20201124,177,20260914,-0.052415023081130295
Run1_20201027,Run2_20201124,178,20260914,0.1568674126338788
Run1_20201027,Run2_20201124,179,20260914,-0.021810887482354532
Run1_20201027,Run2_20201124,180,20260914,-0.022394703669422204
Run1_20201027,Run2_20201124,181,20260914,-0.04231640815717987
Run1_20201027,Run2_20201124,182,20260914,0.07066690503613822
Run1_20201027,Run2_20201124,183,20260914,-0.022251377976011847
Run1_20201027,Run2_20201124,184,20260914,-0.03310953822869449
Run1_20201027,Run2_20201124,185,20260914,0.06654939307734088
Run1_20201027,Run2_20201124,186,20260914,0.012697067849261015
Run1_20201027,Run2_20201124,187,20260914,-0.048756768494183
Run1_20201027,Run2_20201124,188,20260914,0.039161117740461646
Run1_20201027,Run2_20201124,189,20260914,-0.04036606448911763
Run1_20201027,Run2_20201124,190,20260914,-0.021101076535080452
Run1_20201027,Run2_20201124,191,20260914,0.0444266606755919
Run1_20201027,Run2_20201124,192,20260914,0.07396969783651339
Run1_20201027,Run2_20201124,193,20260914,0.025539081893852185
Run1_20201027,Run2_20201124,194,20260914,0.0309900862186748
Run1_20201027,Run2_20201124,195,20260914,-0.03446980031905702
Run1_20201027,Run2_20201124,196,20260914,-0.01977796249727128
Run1_20201027,Run2_20201124,197,20260914,0.0032313739486408396
Run1_20201027,Run2_20201124,198,20260914,-0.00970491630804918
Run1_20201027,Run2_20201124,199,20260914,-0.007284843750029401
Run2_20201027,Run1_20201028,0,20260914,-0.05496890273074504
Run2_20201027,Run1_20201028,1,20260914,-0.053507971680738016
Run2_20201027,Run1_20201028,2,20260914,0.004069132406888479
Run2_20201027,Run1_20201028,3,20260914,-0.043976998197394236
Run2_20201027,Run1_20201028,4,20260914,0.021144449379004226
Run2_20201027,Run1_20201028,5,20260914,-0.009989762774799908
Run2_20201027,Run1_20201028,6,20260914,0.11955860366472319
Run2_20201027,Run1_20201028,7,20260914,0.03999568549017727
Run2_20201027,Run1_20201028,8,20260914,0.05595729235293124
Run2_20201027,Run1_20201028,9,20260914,-0.03420637360442337
Run2_20201027,Run1_20201028,10,20260914,0.00935549320775911
Run2_20201027,Run1_20201028,11,20260914,0.07030483267477211
Run2_20201027,Run1_20201028,12,20260914,0.041088709339433004
Run2_20201027,Run1_20201028,13,20260914,-0.051991882592193284
Run2_20201027,Run1_20201028,14,20260914,-0.07173360319032909
Run2_20201027,Run1_20201028,15,20260914,-0.035487835911037005
Run2_20201027,Run1_20201028,16,20260914,0.004747978920054347
Run2_20201027,Run1_20201028,17,20260914,-0.04935727645561478
Run2_20201027,Run1_20201028,18,20260914,-0.01928468654317994
Run2_20201027,Run1_20201028,19,20260914,-0.010272060524101782
Run2_20201027,Run1_20201028,20,20260914,0.15482394421035361
Run2_20201027,Run1_20201028,21,20260914,-0.022809071240376844
Run2_20201027,Run1_20201028,22,20260914,-0.036220858853580847
Run2_20201027,Run1_20201028,23,20260914,0.0814297027717078
Run2_20201027,Run1_20201028,24,20260914,-0.0647133207544126
Run2_20201027,Run1_20201028,25,20260914,-0.04928118800810132
Run2_20201027,Run1_20201028,26,20260914,-0.051628047077668535
Run2_20201027,Run1_20201028,27,20260914,-0.02489456634910377
Run2_20201027,Run1_20201028,28,20260914,-0.040407991867852884
Run2_20201027,Run1_20201028,29,20260914,0.028223039102010256
Run2_20201027,Run1_20201028,30,20260914,-0.039010459540748985
Run2_20201027,Run1_20201028,31,20260914,-0.04814568985664869
Run2_20201027,Run1_20201028,32,20260914,0.08375906892395264
Run2_20201027,Run1_20201028,33,20260914,-0.003544583298546287
Run2_20201027,Run1_20201028,34,20260914,-0.01008975778083724
Run2_20201027,Run1_20201028,35,20260914,-0.07794407576244122
Run2_20201027,Run1_20201028,36,20260914,-0.045484043031063105
Run2_20201027,Run1_20201028,37,20260914,0.09483126542942809
Run2_20201027,Run1_20201028,38,20260914,-0.06375387816171094
Run2_20201027,Run1_20201028,39,20260914,-0.017711278162484707
Run2_20201027,Run1_20201028,40,20260914,0.048951338359595614
Run2_20201027,Run1_20201028,41,20260914,-0.029004538700214726
Run2_20201027,Run1_20201028,42,20260914,0.028269791650667682
Run2_20201027,Run1_20201028,43,20260914,0.021808853896582884
Run2_20201027,Run1_20201028,44,20260914,0.013876115176117825
Run2_20201027,Run1_20201028,45,20260914,-0.06382248019949908
Run2_20201027,Run1_20201028,46,20260914,0.0013920953035209394
Run2_20201027,Run1_20201028,47,20260914,0.03501421474006047
Run2_20201027,Run1_20201028,48,20260914,-0.008481950390417995
Run2_20201027,Run1_20201028,49,20260914,-0.0189729993919631
Run2_20201027,Run1_20201028,50,20260914,-0.036624984328150055
Run2_20201027,Run1_20201028,51,20260914,0.08600965097538904
Run2_20201027,Run1_20201028,52,20260914,-0.015168270486127424
Run2_20201027,Run1_20201028,53,20260914,0.011275294368013417
Run2_20201027,Run1_20201028,54,20260914,-0.04067286993572662
Run2_20201027,Run1_20201028,55,20260914,0.2554805654633073
Run2_20201027,Run1_20201028,56,20260914,-0.018075163246383835
Run2_20201027,Run1_20201028,57,20260914,0.008102145433058388
Run2_20201027,Run1_20201028,58,20260914,0.05273781274266311
Run2_20201027,Run1_20201028,59,20260914,0.015785588175884872
Run2_20201027,Run1_20201028,60,20260914,-0.003377776747639978
Run2_20201027,Run1_20201028,61,20260914,-0.010812976155726416
Run2_20201027,Run1_20201028,62,20260914,-0.008282797861557304
Run2_20201027,Run1_20201028,63,20260914,-0.005474693949736845
Run2_20201027,Run1_20201028,64,20260914,0.062335338134734394
Run2_20201027,Run1_20201028,65,20260914,-0.005241140802189271
Run2_20201027,Run1_20201028,66,20260914,0.03550091037783213
Run2_20201027,Run1_20201028,67,20260914,0.05636004078842874
Run2_20201027,Run1_20201028,68,20260914,0.028802559854894008
Run2_20201027,Run1_20201028,69,20260914,-0.026013541408545303
Run2_20201027,Run1_20201028,70,20260914,-0.03632129225193433
Run2_20201027,Run1_20201028,71,20260914,-0.046038756020873726
Run2_20201027,Run1_20201028,72,20260914,-0.020691342146726747
Run2_20201027,Run1_20201028,73,20260914,0.01850124502828274
Run2_20201027,Run1_20201028,74,20260914,-0.06979737536845139
Run2_20201027,Run1_20201028,75,20260914,-0.056374622013502615
Run2_20201027,Run1_20201028,76,20260914,-0.028503204773835236
Run2_20201027,Run1_20201028,77,20260914,-0.027085743578657766
Run2_20201027,Run1_20201028,78,20260914,0.0053812215459072615
Run2_20201027,Run1_20201028,79,20260914,0.016029842471156606
Run2_20201027,Run1_20201028,80,20260914,-0.03543977287936668
Run2_20201027,Run1_20201028,81,20260914,0.07651646364966816
Run2_20201027,Run1_20201028,82,20260914,-0.005597847593441222
Run2_20201027,Run1_20201028,83,20260914,0.015422793747787886
Run2_20201027,Run1_20201028,84,20260914,-0.06419783902909527
Run2_20201027,Run1_20201028,85,20260914,0.04898090701271183
Run2_20201027,Run1_20201028,86,20260914,-0.0299767670635061
Run2_20201027,Run1_20201028,87,20260914,0.09229142055072795
Run2_20201027,Run1_20201028,88,20260914,0.04029852752797939
Run2_20201027,Run1_20201028,89,20260914,0.014716242202391077
Run2_20201027,Run1_20201028,90,20260914,-0.026696414816239297
Run2_20201027,Run1_20201028,91,20260914,-0.07927451642802565
Run2_20201027,Run1_20201028,92,20260914,-0.06380430702737831
Run2_20201027,Run1_20201028,93,20260914,-0.028507539645693546
Run2_20201027,Run1_20201028,94,20260914,-0.029145209027298214
Run2_20201027,Run1_20201028,95,20260914,0.026523395549326353
Run2_20201027,Run1_20201028,96,20260914,-0.03424259124898396
Run2_20201027,Run1_20201028,97,20260914,-0.07760873018035933
Run2_20201027,Run1_20201028,98,20260914,-0.05812288292984542
Run2_20201027,Run1_20201028,99,20260914,-0.046453237826665175
Run2_20201027,Run1_20201028,100,20260914,-0.06009155808135501
Run2_20201027,Run1_20201028,101,20260914,0.0033987239431774387
Run2_20201027,Run1_20201028,102,20260914,-0.06708306138940766
Run2_20201027,Run1_20201028,103,20260914,-0.03169631249431238
Run2_20201027,Run1_20201028,104,20260914,-0.05513185888638067
Run2_20201027,Run1_20201028,105,20260914,0.011410782373485279
Run2_20201027,Run1_20201028,106,20260914,-0.006595724727112728
Run2_20201027,Run1_20201028,107,20260914,0.08644481615523164
Run2_20201027,Run1_20201028,108,20260914,0.021202131162232477
Run2_20201027,Run1_20201028,109,20260914,-0.06606006852861766
Run2_20201027,Run1_20201028,110,20260914,-0.07111790017168194
Run2_20201027,Run1_20201028,111,20260914,-0.02860101522543844
Run2_20201027,Run1_20201028,112,20260914,0.008924473468424069
Run2_20201027,Run1_20201028,113,20260914,-0.04565786443060823
Run2_20201027,Run1_20201028,114,20260914,-0.037009498814987815
Run2_20201027,Run1_20201028,115,20260914,-0.0653118596920039
Run2_20201027,Run1_20201028,116,20260914,-0.0379729182359191
Run2_20201027,Run1_20201028,117,20260914,0.04926490244416586
Run2_20201027,Run1_20201028,118,20260914,0.08427104990998222
Run2_20201027,Run1_20201028,119,20260914,0.02569465969835844
Run2_20201027,Run1_20201028,120,20260914,-0.06725098580420757
Run2_20201027,Run1_20201028,121,20260914,0.06446295324598021
Run2_20201027,Run1_20201028,122,20260914,0.0439695393809098
Run2_20201027,Run1_20201028,123,20260914,0.019711377834799954
Run2_20201027,Run1_20201028,124,20260914,-0.0029827245712342556
Run2_20201027,Run1_20201028,125,20260914,0.1749443205627256
Run2_20201027,Run1_20201028,126,20260914,0.0605707747608219
Run2_20201027,Run1_20201028,127,20260914,0.016424848737667364
Run2_20201027,Run1_20201028,128,20260914,-0.03291115591652859
Run2_20201027,Run1_20201028,129,20260914,-0.019664736356576812
Run2_20201027,Run1_20201028,130,20260914,0.11487065555702623
Run2_20201027,Run1_20201028,131,20260914,0.13462142921437933
Run2_20201027,Run1_20201028,132,20260914,-0.03190531019418525
Run2_20201027,Run1_20201028,133,20260914,-0.04326598227853322
Run2_20201027,Run1_20201028,134,20260914,0.04488655418744092
Run2_20201027,Run1_20201028,135,20260914,-0.018570455374883176
Run2_20201027,Run1_20201028,136,20260914,0.07845027714852378
Run2_20201027,Run1_20201028,137,20260914,-0.051635446124960786
Run2_20201027,Run1_20201028,138,20260914,0.15967772722739842
Run2_20201027,Run1_20201028,139,20260914,-0.0509410594491256
Run2_20201027,Run1_20201028,140,20260914,0.001007502202681772
Run2_20201027,Run1_20201028,141,20260914,0.017279793015387714
Run2_20201027,Run1_20201028,142,20260914,0.07557815298752463
Run2_20201027,Run1_20201028,143,20260914,-0.06372803696129047
Run2_20201027,Run1_20201028,144,20260914,-0.00512203561259661
Run2_20201027,Run1_20201028,145,20260914,-0.05285722567769357
Run2_20201027,Run1_20201028,146,20260914,0.058354013709517365
Run2_20201027,Run1_20201028,147,20260914,-0.005262348629047303
Run2_20201027,Run1_20201028,148,20260914,0.017299691286935058
Run2_20201027,Run1_20201028,149,20260914,0.008826405470543846
Run2_20201027,Run1_20201028,150,20260914,-0.0025358417355388473
Run2_20201027,Run1_20201028,151,20260914,0.2314396780210098
Run2_20201027,Run1_20201028,152,20260914,-0.02191195357074869
Run2_20201027,Run1_20201028,153,20260914,0.015795612097597934
Run2_20201027,Run1_20201028,154,20260914,0.039083313211298085
Run2_20201027,Run1_20201028,155,20260914,0.01597458989126545
Run2_20201027,Run1_20201028,156,20260914,0.017248267902549182
Run2_20201027,Run1_20201028,157,20260914,-0.06094832382355499
Run2_20201027,Run1_20201028,158,20260914,-0.06470946884369055
Run2_20201027,Run1_20201028,159,20260914,-0.0299489167525628
Run2_20201027,Run1_20201028,160,20260914,0.023802228208285498
Run2_20201027,Run1_20201028,161,20260914,-0.04249185689914329
Run2_20201027,Run1_20201028,162,20260914,0.006047049147959139
Run2_20201027,Run1_20201028,163,20260914,0.042530240134890325
Run2_20201027,Run1_20201028,164,20260914,-0.0761485191560329
Run2_20201027,Run1_20201028,165,20260914,-0.014529608280624011
Run2_20201027,Run1_20201028,166,20260914,-0.052463610729211685
Run2_20201027,Run1_20201028,167,20260914,-0.04832997039699066
Run2_20201027,Run1_20201028,168,20260914,0.06081184227746393
Run2_20201027,Run1_20201028,169,20260914,-0.005853390950259111
Run2_20201027,Run1_20201028,170,20260914,0.00046052790760768374
Run2_20201027,Run1_20201028,171,20260914,-0.00039794155293433294
Run2_20201027,Run1_20201028,172,20260914,-0.014377634018834696
Run2_20201027,Run1_20201028,173,20260914,0.02606863935150047
Run2_20201027,Run1_20201028,174,20260914,-0.005422344179493603
Run2_20201027,Run1_20201028,175,20260914,-0.05975243909349232
Run2_20201027,Run1_20201028,176,20260914,0.0006314345054175045
Run2_20201027,Run1_20201028,177,20260914,-0.009687554581917373
Run2_20201027,Run1_20201028,178,20260914,0.10572581154727133
Run2_20201027,Run1_20201028,179,20260914,-0.03968412457406702
Run2_20201027,Run1_20201028,180,20260914,0.0002645236756972422
Run2_20201027,Run1_20201028,181,20260914,0.02911400279941178
Run2_20201027,Run1_20201028,182,20260914,-0.02593570083480884
Run2_20201027,Run1_20201028,183,20260914,0.08872644868804011
Run2_20201027,Run1_20201028,184,20260914,-0.0018988040988876431
Run2_20201027,Run1_20201028,185,20260914,0.05349843701242456
Run2_20201027,Run1_20201028,186,20260914,0.040118290417533564
Run2_20201027,Run1_20201028,187,20260914,-0.029486524638847118
Run2_20201027,Run1_20201028,188,20260914,-0.04617846291396778
Run2_20201027,Run1_20201028,189,20260914,-0.08112124044664074
Run2_20201027,Run1_20201028,190,20260914,-0.01254586906731454
Run2_20201027,Run1_20201028,191,20260914,0.05340378266734029
Run2_20201027,Run1_20201028,192,20260914,-0.009474443596908164
Run2_20201027,Run1_20201028,193,20260914,0.027428999899970417
Run2_20201027,Run1_20201028,194,20260914,0.028350967005286325
Run2_20201027,Run1_20201028,195,20260914,-0.036298072857302785
Run2_20201027,Run1_20201028,196,20260914,0.0262335548423203
Run2_20201027,Run1_20201028,197,20260914,-0.0812722770191297
Run2_20201027,Run1_20201028,198,20260914,-0.07012163965780611
Run2_20201027,Run1_20201028,199,20260914,-0.0380135677361724
Run2_20201027,Run1_20201030,0,20260914,-0.03990484209588331
Run2_20201027,Run1_20201030,1,20260914,0.279015047884992
Run2_20201027,Run1_20201030,2,20260914,-0.06356773143033435
Run2_20201027,Run1_20201030,3,20260914,-0.016348568693696646
Run2_20201027,Run1_20201030,4,20260914,-0.07018012874756223
Run2_20201027,Run1_20201030,5,20260914,0.009926446268115606
Run2_20201027,Run1_20201030,6,20260914,-0.017353259262206648
Run2_20201027,Run1_20201030,7,20260914,0.030439025873693872
Run2_20201027,Run1_20201030,8,20260914,-0.015660760280755585
Run2_20201027,Run1_20201030,9,20260914,-0.00012371572103211253
Run2_20201027,Run1_20201030,10,20260914,0.04851165926819714
Run2_20201027,Run1_20201030,11,20260914,0.0013906702270788177
Run2_20201027,Run1_20201030,12,20260914,0.0033399576991503927
Run2_20201027,Run1_20201030,13,20260914,0.001301380238479413
Run2_20201027,Run1_20201030,14,20260914,0.03146552765426747
Run2_20201027,Run1_20201030,15,20260914,0.0761948484364961
Run2_20201027,Run1_20201030,16,20260914,-0.04183419133800041
Run2_20201027,Run1_20201030,17,20260914,-0.019302103782426045
Run2_20201027,Run1_20201030,18,20260914,0.025008818812626024
Run2_20201027,Run1_20201030,19,20260914,0.08712219184828035
Run2_20201027,Run1_20201030,20,20260914,0.002277043345496601
Run2_20201027,Run1_20201030,21,20260914,-0.030051153593104514
Run2_20201027,Run1_20201030,22,20260914,-0.020928637875094715
Run2_20201027,Run1_20201030,23,20260914,0.07736951674673455
Run2_20201027,Run1_20201030,24,20260914,-0.05675016479579983
Run2_20201027,Run1_20201030,25,20260914,0.14902878858902063
Run2_20201027,Run1_20201030,26,20260914,0.027877142565128656
Run2_20201027,Run1_20201030,27,20260914,-0.01934322492582828
Run2_20201027,Run1_20201030,28,20260914,-0.014341539194520301
Run2_20201027,Run1_20201030,29,20260914,0.05180616185934727
Run2_20201027,Run1_20201030,30,20260914,-0.04026468699907111
Run2_20201027,Run1_20201030,31,20260914,0.0046262492761294256
Run2_20201027,Run1_20201030,32,20260914,-0.02390539813275181
Run2_20201027,Run1_20201030,33,20260914,0.06463117909535081
Run2_20201027,Run1_20201030,34,20260914,-0.050699388437754844
Run2_20201027,Run1_20201030,35,20260914,-0.023650867370965396
Run2_20201027,Run1_20201030,36,20260914,0.004744187580245176
Run2_20201027,Run1_20201030,37,20260914,0.015214900798493587
Run2_20201027,Run1_20201030,38,20260914,0.08164823837393684
Run2_20201027,Run1_20201030,39,20260914,-0.01420561747402851
Run2_20201027,Run1_20201030,40,20260914,0.03212453678878469
Run2_20201027,Run1_20201030,41,20260914,-0.04948668017195401
Run2_20201027,Run1_20201030,42,20260914,-0.0255522910973483
Run2_20201027,Run1_20201030,43,20260914,-0.01331039561369293
Run2_20201027,Run1_20201030,44,20260914,0.14590353029942502
Run2_20201027,Run1_20201030,45,20260914,0.09119416302829757
Run2_20201027,Run1_20201030,46,20260914,0.011109556754629844
Run2_20201027,Run1_20201030,47,20260914,-0.020825300985682475
Run2_20201027,Run1_20201030,48,20260914,0.060159166487097425
Run2_20201027,Run1_20201030,49,20260914,0.15908809966048068
Run2_20201027,Run1_20201030,50,20260914,-0.048512571798811396
Run2_20201027,Run1_20201030,51,20260914,0.0035278048701983746
Run2_20201027,Run1_20201030,52,20260914,0.006271188258034663
Run2_20201027,Run1_20201030,53,20260914,0.02136633575250151
Run2_20201027,Run1_20201030,54,20260914,0.015513815766285917
Run2_20201027,Run1_20201030,55,20260914,-0.03677327884449034
Run2_20201027,Run1_20201030,56,20260914,-0.020783045075546076
Run2_20201027,Run1_20201030,57,20260914,-0.019358628251882667
Run2_20201027,Run1_20201030,58,20260914,-0.06271381318862476
Run2_20201027,Run1_20201030,59,20260914,-0.025177677589927727
Run2_20201027,Run1_20201030,60,20260914,0.03945075344391226
Run2_20201027,Run1_20201030,61,20260914,-0.026275357453989262
Run2_20201027,Run1_20201030,62,20260914,-0.05435526940412135
Run2_20201027,Run1_20201030,63,20260914,-0.05290960843332441
Run2_20201027,Run1_20201030,64,20260914,-0.02877099117369512
Run2_20201027,Run1_20201030,65,20260914,-0.058916828969346045
Run2_20201027,Run1_20201030,66,20260914,0.018040708824337295
Run2_20201027,Run1_20201030,67,20260914,-0.023694950930091538
Run2_20201027,Run1_20201030,68,20260914,-0.047343815487915476
Run2_20201027,Run1_20201030,69,20260914,-0.06702853317111972
Run2_20201027,Run1_20201030,70,20260914,0.0119190696363947
Run2_20201027,Run1_20201030,71,20260914,0.2920451917614748
Run2_20201027,Run1_20201030,72,20260914,0.0397331564973436
Run2_20201027,Run1_20201030,73,20260914,0.1459083497648854
Run2_20201027,Run1_20201030,74,20260914,0.041565117699708526
Run2_20201027,Run1_20201030,75,20260914,-0.0220029870799121
Run2_20201027,Run1_20201030,76,20260914,-0.0768811292345081
Run2_20201027,Run1_20201030,77,20260914,-0.053402245277947145
Run2_20201027,Run1_20201030,78,20260914,-0.045998492793518087
Run2_20201027,Run1_20201030,79,20260914,0.054540200191608906
Run2_20201027,Run1_20201030,80,20260914,-0.03313971571834031
Run2_20201027,Run1_20201030,81,20260914,0.03215491837417855
Run2_20201027,Run1_20201030,82,20260914,-0.06529453959678228
Run2_20201027,Run1_20201030,83,20260914,-0.04514611525504179
Run2_20201027,Run1_20201030,84,20260914,-0.00751759642716126
Run2_20201027,Run1_20201030,85,20260914,0.052428913128806785
Run2_20201027,Run1_20201030,86,20260914,0.11196196639200175
Run2_20201027,Run1_20201030,87,20260914,0.005004889045377362
Run2_20201027,Run1_20201030,88,20260914,-0.006901258428265056
Run2_20201027,Run1_20201030,89,20260914,-0.009165662483141783
Run2_20201027,Run1_20201030,90,20260914,-0.05050832247154981
Run2_20201027,Run1_20201030,91,20260914,0.06193407244172924
Run2_20201027,Run1_20201030,92,20260914,0.04478729020652883
Run2_20201027,Run1_20201030,93,20260914,0.030290048256944535
Run2_20201027,Run1_20201030,94,20260914,-0.03140400308984878
Run2_20201027,Run1_20201030,95,20260914,-0.025054319222917683
Run2_20201027,Run1_20201030,96,20260914,0.029928787457840857
Run2_20201027,Run1_20201030,97,20260914,-0.005263973022505486
Run2_20201027,Run1_20201030,98,20260914,0.21119113621403882
Run2_20201027,Run1_20201030,99,20260914,-0.05488344807043592
Run2_20201027,Run1_20201030,100,20260914,-0.04449306653524991
Run2_20201027,Run1_20201030,101,20260914,0.08997522263435292
Run2_20201027,Run1_20201030,102,20260914,-0.0023460025546726783
Run2_20201027,Run1_20201030,103,20260914,0.006683559995648404
Run2_20201027,Run1_20201030,104,20260914,-0.04279555730225739
Run2_20201027,Run1_20201030,105,20260914,-0.04633622911468357
Run2_20201027,Run1_20201030,106,20260914,0.06692488386461319
Run2_20201027,Run1_20201030,107,20260914,-0.043257703350185604
Run2_20201027,Run1_20201030,108,20260914,0.04504574865755778
Run2_20201027,Run1_20201030,109,20260914,-0.06906621205126484
Run2_20201027,Run1_20201030,110,20260914,0.21634430613759242
Run2_20201027,Run1_20201030,111,20260914,0.03968998615029441
Run2_20201027,Run1_20201030,112,20260914,0.4308561340406559
Run2_20201027,Run1_20201030,113,20260914,-0.05223933277221935
Run2_20201027,Run1_20201030,114,20260914,0.14469178365401117
Run2_20201027,Run1_20201030,115,20260914,0.004711032348316446
Run2_20201027,Run1_20201030,116,20260914,-0.043230399304081325
Run2_20201027,Run1_20201030,117,20260914,-0.041425957641803395
Run2_20201027,Run1_20201030,118,20260914,-0.00302810801091559
Run2_20201027,Run1_20201030,119,20260914,-0.044214316019356964
Run2_20201027,Run1_20201030,120,20260914,-0.02104230784708231
Run2_20201027,Run1_20201030,121,20260914,-0.019430373340091723
Run2_20201027,Run1_20201030,122,20260914,0.008520423004762481
Run2_20201027,Run1_20201030,123,20260914,0.05335632971490509
Run2_20201027,Run1_20201030,124,20260914,-0.05409251517807078
Run2_20201027,Run1_20201030,125,20260914,0.044097281703889366
Run2_20201027,Run1_20201030,126,20260914,-0.04596091346743837
Run2_20201027,Run1_20201030,127,20260914,0.026778455332730832
Run2_20201027,Run1_20201030,128,20260914,0.015742030511550653
Run2_20201027,Run1_20201030,129,20260914,0.036137621556847806
Run2_20201027,Run1_20201030,130,20260914,0.045278109217255
Run2_20201027,Run1_20201030,131,20260914,-0.05296704108102386
Run2_20201027,Run1_20201030,132,20260914,-0.014024777441183854
Run2_20201027,Run1_20201030,133,20260914,0.07406286898160273
Run2_20201027,Run1_20201030,134,20260914,-0.04252171090806731
Run2_20201027,Run1_20201030,135,20260914,-0.037939816196958846
Run2_20201027,Run1_20201030,136,20260914,-0.03169590835934983
Run2_20201027,Run1_20201030,137,20260914,-0.035269009759875854
Run2_20201027,Run1_20201030,138,20260914,-0.052050412492877174
Run2_20201027,Run1_20201030,139,20260914,-0.01622060649399397
Run2_20201027,Run1_20201030,140,20260914,0.012074619364930182
Run2_20201027,Run1_20201030,141,20260914,-0.03967764604127304
Run2_20201027,Run1_20201030,142,20260914,-0.02489805734201665
Run2_20201027,Run1_20201030,143,20260914,-0.0025402123422858633
Run2_20201027,Run1_20201030,144,20260914,-0.056871081109157555
Run2_20201027,Run1_20201030,145,20260914,-0.04019376232303839
Run2_20201027,Run1_20201030,146,20260914,-0.04189349985563815
Run2_20201027,Run1_20201030,147,20260914,-0.02175976540305526
Run2_20201027,Run1_20201030,148,20260914,-0.019059053250967073
Run2_20201027,Run1_20201030,149,20260914,-0.04518397229657232
Run2_20201027,Run1_20201030,150,20260914,0.12028313663390447
Run2_20201027,Run1_20201030,151,20260914,-0.03013696090479802
Run2_20201027,Run1_20201030,152,20260914,-0.05175005834677785
Run2_20201027,Run1_20201030,153,20260914,-0.017703871671652743
Run2_20201027,Run1_20201030,154,20260914,0.07310816875210269
Run2_20201027,Run1_20201030,155,20260914,-0.05743306365174968
Run2_20201027,Run1_20201030,156,20260914,-0.05264953734351367
Run2_20201027,Run1_20201030,157,20260914,0.08476964388353463
Run2_20201027,Run1_20201030,158,20260914,-0.030074517802693577
Run2_20201027,Run1_20201030,159,20260914,0.044136718065694025
Run2_20201027,Run1_20201030,160,20260914,0.03503051613393211
Run2_20201027,Run1_20201030,161,20260914,0.08991173938772822
Run2_20201027,Run1_20201030,162,20260914,-0.041295046599839604
Run2_20201027,Run1_20201030,163,20260914,-0.04662556119461032
Run2_20201027,Run1_20201030,164,20260914,-0.04857651591747244
Run2_20201027,Run1_20201030,165,20260914,0.05237844397690746
Run2_20201027,Run1_20201030,166,20260914,-0.0233862830859447
Run2_20201027,Run1_20201030,167,20260914,-0.018564505491140332
Run2_20201027,Run1_20201030,168,20260914,-0.02805036157430844
Run2_20201027,Run1_20201030,169,20260914,-0.013181330375672543
Run2_20201027,Run1_20201030,170,20260914,-0.03812706291073198
Run2_20201027,Run1_20201030,171,20260914,0.0724796836592963
Run2_20201027,Run1_20201030,172,20260914,-0.06708004089522955
Run2_20201027,Run1_20201030,173,20260914,0.016652427901404622
Run2_20201027,Run1_20201030,174,20260914,0.043629314411528945
Run2_20201027,Run1_20201030,175,20260914,-0.009651300383393605
Run2_20201027,Run1_20201030,176,20260914,0.0817073019346093
Run2_20201027,Run1_20201030,177,20260914,0.135443627106022
Run2_20201027,Run1_20201030,178,20260914,-0.07305034328101917
Run2_20201027,Run1_20201030,179,20260914,-0.008995706082455444
Run2_20201027,Run1_20201030,180,20260914,-0.03264828902426556
Run2_20201027,Run1_20201030,181,20260914,0.005022841228553345
Run2_20201027,Run1_20201030,182,20260914,-0.04608772765259058
Run2_20201027,Run1_20201030,183,20260914,-0.02670382862154712
Run2_20201027,Run1_20201030,184,20260914,-0.0342113379872741
Run2_20201027,Run1_20201030,185,20260914,-0.05546095730030709
Run2_20201027,Run1_20201030,186,20260914,-0.025036574168673286
Run2_20201027,Run1_20201030,187,20260914,0.20134168259395763
Run2_20201027,Run1_20201030,188,20260914,-0.00554335140247555
Run2_20201027,Run1_20201030,189,20260914,0.008549385395308754
Run2_20201027,Run1_20201030,190,20260914,-0.024292793849478894
Run2_20201027,Run1_20201030,191,20260914,-0.05012695643070282
Run2_20201027,Run1_20201030,192,20260914,-0.040237623606729694
Run2_20201027,Run1_20201030,193,20260914,0.06912006596472829
Run2_20201027,Run1_20201030,194,20260914,0.016558125093596807
Run2_20201027,Run1_20201030,195,20260914,-0.04574368580088704
Run2_20201027,Run1_20201030,196,20260914,0.009449366603835507
Run2_20201027,Run1_20201030,197,20260914,-0.002720015479419048
Run2_20201027,Run1_20201030,198,20260914,0.022793305514917775
Run2_20201027,Run1_20201030,199,20260914,-0.019781548904121756
Run2_20201027,Run2_20201030,0,20260914,-0.02870240857334602
Run2_20201027,Run2_20201030,1,20260914,-0.033938233123654495
Run2_20201027,Run2_20201030,2,20260914,0.044773618241716794
Run2_20201027,Run2_20201030,3,20260914,0.016204160616011258
Run2_20201027,Run2_20201030,4,20260914,0.0315758119643141
Run2_20201027,Run2_20201030,5,20260914,-0.0006487856168836603
Run2_20201027,Run2_20201030,6,20260914,0.0631336380816143
Run2_20201027,Run2_20201030,7,20260914,-0.02865414395754321
Run2_20201027,Run2_20201030,8,20260914,-0.03175490706386014
Run2_20201027,Run2_20201030,9,20260914,0.03531795322837539
Run2_20201027,Run2_20201030,10,20260914,0.021513066953215174
Run2_20201027,Run2_20201030,11,20260914,0.304569891163474
Run2_20201027,Run2_20201030,12,20260914,0.04931226796249661
Run2_20201027,Run2_20201030,13,20260914,0.0033894768312833865
Run2_20201027,Run2_20201030,14,20260914,-0.030951658265203717
Run2_20201027,Run2_20201030,15,20260914,0.012602326805643283
Run2_20201027,Run2_20201030,16,20260914,0.1336285457301926
Run2_20201027,Run2_20201030,17,20260914,0.0006596625801571466
Run2_20201027,Run2_20201030,18,20260914,-0.026115254038754813
Run2_20201027,Run2_20201030,19,20260914,-0.04971374148451529
Run2_20201027,Run2_20201030,20,20260914,-0.014463782213638875
Run2_20201027,Run2_20201030,21,20260914,-0.02354196337794594
Run2_20201027,Run2_20201030,22,20260914,0.02554648308473044
Run2_20201027,Run2_20201030,23,20260914,0.03241639307248275
Run2_20201027,Run2_20201030,24,20260914,-0.03822913656090126
Run2_20201027,Run2_20201030,25,20260914,0.06765233428634403
Run2_20201027,Run2_20201030,26,20260914,-0.03766956088446311
Run2_20201027,Run2_20201030,27,20260914,0.001688119121710841
Run2_20201027,Run2_20201030,28,20260914,0.06615144279835485
Run2_20201027,Run2_20201030,29,20260914,-0.036114639944431835
Run2_20201027,Run2_20201030,30,20260914,-0.06269678540345403
Run2_20201027,Run2_20201030,31,20260914,-0.009426509579602216
Run2_20201027,Run2_20201030,32,20260914,-0.00048260803322709765
Run2_20201027,Run2_20201030,33,20260914,0.0498011103154602
Run2_20201027,Run2_20201030,34,20260914,0.025775698490422504
Run2_20201027,Run2_20201030,35,20260914,-0.05613004273076981
Run2_20201027,Run2_20201030,36,20260914,0.17198328654037018
Run2_20201027,Run2_20201030,37,20260914,-0.024355852783931774
Run2_20201027,Run2_20201030,38,20260914,-0.026044458902185173
Run2_20201027,Run2_20201030,39,20260914,0.03674913550699515
Run2_20201027,Run2_20201030,40,20260914,-0.012407419768090332
Run2_20201027,Run2_20201030,41,20260914,-0.04984300267937842
Run2_20201027,Run2_20201030,42,20260914,0.022866048692955502
Run2_20201027,Run2_20201030,43,20260914,0.052442070025000585
Run2_20201027,Run2_20201030,44,20260914,-0.023171715605399507
Run2_20201027,Run2_20201030,45,20260914,0.05458875703293614
Run2_20201027,Run2_20201030,46,20260914,0.026177642471172845
Run2_20201027,Run2_20201030,47,20260914,-0.05172971210882769
Run2_20201027,Run2_20201030,48,20260914,0.014281016606640499
Run2_20201027,Run2_20201030,49,20260914,0.042903113925929943
Run2_20201027,Run2_20201030,50,20260914,-0.028684048322781208
Run2_20201027,Run2_20201030,51,20260914,0.007916536308986524
Run2_20201027,Run2_20201030,52,20260914,-0.015918121742506366
Run2_20201027,Run2_20201030,53,20260914,0.012862133277642247
Run2_20201027,Run2_20201030,54,20260914,-0.034170005154997254
Run2_20201027,Run2_20201030,55,20260914,-0.02868755228069443
Run2_20201027,Run2_20201030,56,20260914,0.30952773870171496
Run2_20201027,Run2_20201030,57,20260914,0.04445615575378016
Run2_20201027,Run2_20201030,58,20260914,0.031288523224568474
Run2_20201027,Run2_20201030,59,20260914,-0.04607262908743586
Run2_20201027,Run2_20201030,60,20260914,-0.03290112286672356
Run2_20201027,Run2_20201030,61,20260914,-0.02640619293836121
Run2_20201027,Run2_20201030,62,20260914,0.04548056864822394
Run2_20201027,Run2_20201030,63,20260914,-0.02683206041739095
Run2_20201027,Run2_20201030,64,20260914,8.915981709642022e-05
Run2_20201027,Run2_20201030,65,20260914,0.5055598549293985
Run2_20201027,Run2_20201030,66,20260914,0.04441005601321273
Run2_20201027,Run2_20201030,67,20260914,-0.0040503853646525504
Run2_20201027,Run2_20201030,68,20260914,-0.025338076909425047
Run2_20201027,Run2_20201030,69,20260914,0.006102225695919288
Run2_20201027,Run2_20201030,70,20260914,-0.0387533505077328
Run2_20201027,Run2_20201030,71,20260914,0.006617745727914722
Run2_20201027,Run2_20201030,72,20260914,0.03498283980505364
Run2_20201027,Run2_20201030,73,20260914,-0.01143290579446456
Run2_20201027,Run2_20201030,74,20260914,0.09786330402404413
Run2_20201027,Run2_20201030,75,20260914,-0.010106519989842013
Run2_20201027,Run2_20201030,76,20260914,-0.03557057486934755
Run2_20201027,Run2_20201030,77,20260914,-0.02218523100745849
Run2_20201027,Run2_20201030,78,20260914,-0.03726829280683194
Run2_20201027,Run2_20201030,79,20260914,-0.009469510121076316
Run2_20201027,Run2_20201030,80,20260914,0.17918868798908846
Run2_20201027,Run2_20201030,81,20260914,-0.014350939861356925
Run2_20201027,Run2_20201030,82,20260914,0.07710206663104563
Run2_20201027,Run2_20201030,83,20260914,0.03225943908159658
Run2_20201027,Run2_20201030,84,20260914,0.011151379404130553
Run2_20201027,Run2_20201030,85,20260914,-0.019935692022289377
Run2_20201027,Run2_20201030,86,20260914,-0.034542163016443736
Run2_20201027,Run2_20201030,87,20260914,-0.009632057110642517
Run2_20201027,Run2_20201030,88,20260914,0.013250921012501695
Run2_20201027,Run2_20201030,89,20260914,0.02635707024616147
Run2_20201027,Run2_20201030,90,20260914,-0.02876961725418126
Run2_20201027,Run2_20201030,91,20260914,0.017169977669751063
Run2_20201027,Run2_20201030,92,20260914,-0.04100467780627369
Run2_20201027,Run2_20201030,93,20260914,0.05872837741158641
Run2_20201027,Run2_20201030,94,20260914,0.013002547536096615
Run2_20201027,Run2_20201030,95,20260914,0.046631525614310484
Run2_20201027,Run2_20201030,96,20260914,-0.02967301290449713
Run2_20201027,Run2_20201030,97,20260914,-0.030652459097267788
Run2_20201027,Run2_20201030,98,20260914,0.0268086370863756
Run2_20201027,Run2_20201030,99,20260914,0.03496429466801686
Run2_20201027,Run2_20201030,100,20260914,0.021703721361177566
Run2_20201027,Run2_20201030,101,20260914,0.01018489661936236
Run2_20201027,Run2_20201030,102,20260914,0.01774961317229705
Run2_20201027,Run2_20201030,103,20260914,0.13728623180877955
Run2_20201027,Run2_20201030,104,20260914,-0.00680942554659182
Run2_20201027,Run2_20201030,105,20260914,0.003501802918474284
Run2_20201027,Run2_20201030,106,20260914,-0.022685886381600014
Run2_20201027,Run2_20201030,107,20260914,-0.03539389851292323
Run2_20201027,Run2_20201030,108,20260914,-0.026693031092101478
Run2_20201027,Run2_20201030,109,20260914,0.04371052664415836
Run2_20201027,Run2_20201030,110,20260914,-0.006211396476376008
Run2_20201027,Run2_20201030,111,20260914,-0.03461672873841926
Run2_20201027,Run2_20201030,112,20260914,-0.007176436515793259
Run2_20201027,Run2_20201030,113,20260914,-0.03663546612895224
Run2_20201027,Run2_20201030,114,20260914,0.06541260003190787
Run2_20201027,Run2_20201030,115,20260914,-0.044910069572122076
Run2_20201027,Run2_20201030,116,20260914,-0.01209957939232988
Run2_20201027,Run2_20201030,117,20260914,0.03327534521792698
Run2_20201027,Run2_20201030,118,20260914,-0.009689522830828978
Run2_20201027,Run2_20201030,119,20260914,-0.0014366166105905722
Run2_20201027,Run2_20201030,120,20260914,0.04671169919812068
Run2_20201027,Run2_20201030,121,20260914,-0.03298821690524765
Run2_20201027,Run2_20201030,122,20260914,0.0015888036302166104
Run2_20201027,Run2_20201030,123,20260914,-0.01951940209330866
Run2_20201027,Run2_20201030,124,20260914,-0.010049468712035974
Run2_20201027,Run2_20201030,125,20260914,0.01597394924265181
Run2_20201027,Run2_20201030,126,20260914,0.04036434016985391
Run2_20201027,Run2_20201030,127,20260914,-0.03657732114658181
Run2_20201027,Run2_20201030,128,20260914,-0.001368392395676867
Run2_20201027,Run2_20201030,129,20260914,-0.02409680318951105
Run2_20201027,Run2_20201030,130,20260914,-0.0403669138030795
Run2_20201027,Run2_20201030,131,20260914,-0.045442843177031206
Run2_20201027,Run2_20201030,132,20260914,0.03980587069598205
Run2_20201027,Run2_20201030,133,20260914,-0.0032513263724989272
Run2_20201027,Run2_20201030,134,20260914,0.08064642140782942
Run2_20201027,Run2_20201030,135,20260914,-0.009797526448312088
Run2_20201027,Run2_20201030,136,20260914,0.014178483046647872
Run2_20201027,Run2_20201030,137,20260914,-0.053080065393336574
Run2_20201027,Run2_20201030,138,20260914,-0.03144693033967974
Run2_20201027,Run2_20201030,139,20260914,0.06323815580148587
Run2_20201027,Run2_20201030,140,20260914,0.12306753257067268
Run2_20201027,Run2_20201030,141,20260914,0.08573849990702474
Run2_20201027,Run2_20201030,142,20260914,0.03893132627700959
Run2_20201027,Run2_20201030,143,20260914,-0.044566481694873504
Run2_20201027,Run2_20201030,144,20260914,-0.026729108903857445
Run2_20201027,Run2_20201030,145,20260914,0.017554075081603903
Run2_20201027,Run2_20201030,146,20260914,-0.020553890090586585
Run2_20201027,Run2_20201030,147,20260914,0.021902553743801286
Run2_20201027,Run2_20201030,148,20260914,-0.013574404962234705
Run2_20201027,Run2_20201030,149,20260914,0.024586577298592347
Run2_20201027,Run2_20201030,150,20260914,0.06610832333003323
Run2_20201027,Run2_20201030,151,20260914,0.03715835764970491
Run2_20201027,Run2_20201030,152,20260914,0.11021377228014881
Run2_20201027,Run2_20201030,153,20260914,0.06103957431962564
Run2_20201027,Run2_20201030,154,20260914,0.13210146566908645
Run2_20201027,Run2_20201030,155,20260914,0.004565514172019936
Run2_20201027,Run2_20201030,156,20260914,0.03536536947397624
Run2_20201027,Run2_20201030,157,20260914,-0.045722931579252606
Run2_20201027,Run2_20201030,158,20260914,0.014240919295693977
Run2_20201027,Run2_20201030,159,20260914,0.017867402856530185
Run2_20201027,Run2_20201030,160,20260914,0.07625355847908995
Run2_20201027,Run2_20201030,161,20260914,-0.027418276559901915
Run2_20201027,Run2_20201030,162,20260914,-0.006340992733479357
Run2_20201027,Run2_20201030,163,20260914,0.08997877531986857
Run2_20201027,Run2_20201030,164,20260914,-0.05668369837609433
Run2_20201027,Run2_20201030,165,20260914,0.327150553939663
Run2_20201027,Run2_20201030,166,20260914,-0.045195951319826934
Run2_20201027,Run2_20201030,167,20260914,-0.03866013349965869
Run2_20201027,Run2_20201030,168,20260914,-0.044120186536514575
Run2_20201027,Run2_20201030,169,20260914,0.0664430159812213
Run2_20201027,Run2_20201030,170,20260914,0.039815212250604
Run2_20201027,Run2_20201030,171,20260914,-0.025558999245317206
Run2_20201027,Run2_20201030,172,20260914,0.08789312944785847
Run2_20201027,Run2_20201030,173,20260914,0.07341475693059435
Run2_20201027,Run2_20201030,174,20260914,0.0011530714099586424
Run2_20201027,Run2_20201030,175,20260914,0.09246925001577264
Run2_20201027,Run2_20201030,176,20260914,0.023055704098835207
Run2_20201027,Run2_20201030,177,20260914,-0.0169618900812676
Run2_20201027,Run2_20201030,178,20260914,-0.050126911018652215
Run2_20201027,Run2_20201030,179,20260914,-0.03235411857781703
Run2_20201027,Run2_20201030,180,20260914,0.15820882028870434
Run2_20201027,Run2_20201030,181,20260914,0.1270931614961062
Run2_20201027,Run2_20201030,182,20260914,0.04573543793301982
Run2_20201027,Run2_20201030,183,20260914,-0.008258245229101234
Run2_20201027,Run2_20201030,184,20260914,-0.04710891429058685
Run2_20201027,Run2_20201030,185,20260914,0.03223509820740179
Run2_20201027,Run2_20201030,186,20260914,-0.002851923868854309
Run2_20201027,Run2_20201030,187,20260914,0.3365091609905401
Run2_20201027,Run2_20201030,188,20260914,-0.008806118656231043
Run2_20201027,Run2_20201030,189,20260914,0.05367039437884076
Run2_20201027,Run2_20201030,190,20260914,-0.01718343857788348
Run2_20201027,Run2_20201030,191,20260914,-0.03790425173648212
Run2_20201027,Run2_20201030,192,20260914,-0.008287746266375674
Run2_20201027,Run2_20201030,193,20260914,-0.0411883071535051
Run2_20201027,Run2_20201030,194,20260914,0.0072371421318994196
Run2_20201027,Run2_20201030,195,20260914,-0.01720256405970503
Run2_20201027,Run2_20201030,196,20260914,-0.014223264118975223
Run2_20201027,Run2_20201030,197,20260914,-0.004978302608862405
Run2_20201027,Run2_20201030,198,20260914,-0.042126236939344315
Run2_20201027,Run2_20201030,199,20260914,-0.01630936059129661
Run2_20201027,Run1_20201118,0,20260914,-0.09656333385256481
Run2_20201027,Run1_20201118,1,20260914,0.044257807674353056
Run2_20201027,Run1_20201118,2,20260914,-0.03989112869367189
Run2_20201027,Run1_20201118,3,20260914,-0.02599540099910021
Run2_20201027,Run1_20201118,4,20260914,-0.012416360967865185
Run2_20201027,Run1_20201118,5,20260914,-0.008044721454482913
Run2_20201027,Run1_20201118,6,20260914,-0.08712247749210456
Run2_20201027,Run1_20201118,7,20260914,-0.065958960331325
Run2_20201027,Run1_20201118,8,20260914,-0.03936809717227695
Run2_20201027,Run1_20201118,9,20260914,-0.09007132272977214
Run2_20201027,Run1_20201118,10,20260914,-0.04457907687265955
Run2_20201027,Run1_20201118,11,20260914,0.06141157510153832
Run2_20201027,Run1_20201118,12,20260914,-0.0013552427521597388
Run2_20201027,Run1_20201118,13,20260914,0.009524197463641382
Run2_20201027,Run1_20201118,14,20260914,0.07081294203361459
Run2_20201027,Run1_20201118,15,20260914,-0.00763346092253284
Run2_20201027,Run1_20201118,16,20260914,-0.03757202004279401
Run2_20201027,Run1_20201118,17,20260914,-0.0911805266782425
Run2_20201027,Run1_20201118,18,20260914,0.06811827339127559
Run2_20201027,Run1_20201118,19,20260914,-0.02777216188668034
Run2_20201027,Run1_20201118,20,20260914,-0.07255333729224761
Run2_20201027,Run1_20201118,21,20260914,0.050578380082122794
Run2_20201027,Run1_20201118,22,20260914,-0.10629354375305805
Run2_20201027,Run1_20201118,23,20260914,-0.009360910095594073
Run2_20201027,Run1_20201118,24,20260914,0.006991260363832147
Run2_20201027,Run1_20201118,25,20260914,-0.045755265016796484
Run2_20201027,Run1_20201118,26,20260914,-0.03260706777592039
Run2_20201027,Run1_20201118,27,20260914,0.03279718242542981
Run2_20201027,Run1_20201118,28,20260914,0.016031858294196753
Run2_20201027,Run1_20201118,29,20260914,-0.03840390022146481
Run2_20201027,Run1_20201118,30,20260914,-0.00712883196908614
Run2_20201027,Run1_20201118,31,20260914,-0.011214336933114837
Run2_20201027,Run1_20201118,32,20260914,-0.025659979858877184
Run2_20201027,Run1_20201118,33,20260914,-0.001991559294608262
Run2_20201027,Run1_20201118,34,20260914,-0.019653345812628408
Run2_20201027,Run1_20201118,35,20260914,-0.0746194842130181
Run2_20201027,Run1_20201118,36,20260914,-0.08145288093283903
Run2_20201027,Run1_20201118,37,20260914,0.0701892505317811
Run2_20201027,Run1_20201118,38,20260914,-0.026391392571973767
Run2_20201027,Run1_20201118,39,20260914,-0.053342532200179295
Run2_20201027,Run1_20201118,40,20260914,-0.008012586103827142
Run2_20201027,Run1_20201118,41,20260914,-0.023234898026955157
Run2_20201027,Run1_20201118,42,20260914,0.04295379061974642
Run2_20201027,Run1_20201118,43,20260914,-0.03261451010175275
Run2_20201027,Run1_20201118,44,20260914,-0.036037406694602786
Run2_20201027,Run1_20201118,45,20260914,-0.0944795663355248
Run2_20201027,Run1_20201118,46,20260914,-0.057114558159284644
Run2_20201027,Run1_20201118,47,20260914,-0.07616426454503376
Run2_20201027,Run1_20201118,48,20260914,0.050031644899804266
Run2_20201027,Run1_20201118,49,20260914,-0.014958099573831934
Run2_20201027,Run1_20201118,50,20260914,-0.02115430960130821
Run2_20201027,Run1_20201118,51,20260914,-0.022895357206949893
Run2_20201027,Run1_20201118,52,20260914,-0.01264963380852528
Run2_20201027,Run1_20201118,53,20260914,0.048629484000900405
Run2_20201027,Run1_20201118,54,20260914,0.0003972330803562517
Run2_20201027,Run1_20201118,55,20260914,-0.017870371760042365
Run2_20201027,Run1_20201118,56,20260914,-0.03955819979879982
Run2_20201027,Run1_20201118,57,20260914,0.02049282066000618
Run2_20201027,Run1_20201118,58,20260914,0.09157987658794592
Run2_20201027,Run1_20201118,59,20260914,-0.027037056390945984
Run2_20201027,Run1_20201118,60,20260914,-0.027409420627134768
Run2_20201027,Run1_20201118,61,20260914,-0.010142400531783212
Run2_20201027,Run1_20201118,62,20260914,-0.022379277706174767
Run2_20201027,Run1_20201118,63,20260914,-0.03959367521816427
Run2_20201027,Run1_20201118,64,20260914,-0.03218352815764801
Run2_20201027,Run1_20201118,65,20260914,0.13560914931784876
Run2_20201027,Run1_20201118,66,20260914,0.005612315041269007
Run2_20201027,Run1_20201118,67,20260914,-0.062312129928859414
Run2_20201027,Run1_20201118,68,20260914,-0.025747569897526093
Run2_20201027,Run1_20201118,69,20260914,-0.0347781165282709
Run2_20201027,Run1_20201118,70,20260914,0.010723264707357821
Run2_20201027,Run1_20201118,71,20260914,-0.028154149069257478
Run2_20201027,Run1_20201118,72,20260914,-0.05658590621359474
Run2_20201027,Run1_20201118,73,20260914,-0.05557158131574341
Run2_20201027,Run1_20201118,74,20260914,-0.05997329998647908
Run2_20201027,Run1_20201118,75,20260914,-0.04821994610904626
Run2_20201027,Run1_20201118,76,20260914,0.1771802112885313
Run2_20201027,Run1_20201118,77,20260914,-0.013056958629303082
Run2_20201027,Run1_20201118,78,20260914,-0.06383714964318037
Run2_20201027,Run1_20201118,79,20260914,-0.03197971034788009
Run2_20201027,Run1_20201118,80,20260914,-0.01888689852552556
Run2_20201027,Run1_20201118,81,20260914,-0.08067091172864496
Run2_20201027,Run1_20201118,82,20260914,0.06568469163343897
Run2_20201027,Run1_20201118,83,20260914,0.03484034144965473
Run2_20201027,Run1_20201118,84,20260914,0.081247632562903
Run2_20201027,Run1_20201118,85,20260914,-0.040297984186720454
Run2_20201027,Run1_20201118,86,20260914,0.020287326993031186
Run2_20201027,Run1_20201118,87,20260914,-0.05202102028940688
Run2_20201027,Run1_20201118,88,20260914,0.11481169072665554
Run2_20201027,Run1_20201118,89,20260914,-0.05710709105564684
Run2_20201027,Run1_20201118,90,20260914,-0.035737682129510825
Run2_20201027,Run1_20201118,91,20260914,-0.06996266453373381
Run2_20201027,Run1_20201118,92,20260914,0.13200251876944902
Run2_20201027,Run1_20201118,93,20260914,0.07941594702029714
Run2_20201027,Run1_20201118,94,20260914,-0.07619325861444724
Run2_20201027,Run1_20201118,95,20260914,0.043077987166791704
Run2_20201027,Run1_20201118,96,20260914,-0.04637003215116522
Run2_20201027,Run1_20201118,97,20260914,0.03063625499860001
Run2_20201027,Run1_20201118,98,20260914,-0.06152536892161746
Run2_20201027,Run1_20201118,99,20260914,-0.01278971753173171
Run2_20201027,Run1_20201118,100,20260914,0.1208088243955972
Run2_20201027,Run1_20201118,101,20260914,-0.07886681592085279
Run2_20201027,Run1_20201118,102,20260914,0.039414067478538976
Run2_20201027,Run1_20201118,103,20260914,-0.04728491158817417
Run2_20201027,Run1_20201118,104,20260914,0.030856782356166523
Run2_20201027,Run1_20201118,105,20260914,0.0590030059251939
Run2_20201027,Run1_20201118,106,20260914,-0.016814435731603076
Run2_20201027,Run1_20201118,107,20260914,-0.03624073713220893
Run2_20201027,Run1_20201118,108,20260914,-0.004873812452910453
Run2_20201027,Run1_20201118,109,20260914,-0.004827439881248321
Run2_20201027,Run1_20201118,110,20260914,-0.002790315223954661
Run2_20201027,Run1_20201118,111,20260914,-0.01071399784284324
Run2_20201027,Run1_20201118,112,20260914,0.011033601642718955
Run2_20201027,Run1_20201118,113,20260914,-0.033823890006007835
Run2_20201027,Run1_20201118,114,20260914,-0.030257160008958627
Run2_20201027,Run1_20201118,115,20260914,0.019152111685954126
Run2_20201027,Run1_20201118,116,20260914,-0.016194491825028717
Run2_20201027,Run1_20201118,117,20260914,0.05101401168000261
Run2_20201027,Run1_20201118,118,20260914,0.07537063326887805
Run2_20201027,Run1_20201118,119,20260914,-0.04889993322246634
Run2_20201027,Run1_20201118,120,20260914,-0.007151563897267687
Run2_20201027,Run1_20201118,121,20260914,-0.06917593548195201
Run2_20201027,Run1_20201118,122,20260914,-0.05950706355255369
Run2_20201027,Run1_20201118,123,20260914,-0.05332390126423391
Run2_20201027,Run1_20201118,124,20260914,0.015405458549211484
Run2_20201027,Run1_20201118,125,20260914,-0.0074570695877696075
Run2_20201027,Run1_20201118,126,20260914,0.22130001742667138
Run2_20201027,Run1_20201118,127,20260914,-0.0437008650225446
Run2_20201027,Run1_20201118,128,20260914,-0.026461157916113462
Run2_20201027,Run1_20201118,129,20260914,-0.04999782248651177
Run2_20201027,Run1_20201118,130,20260914,-0.0186464126652533
Run2_20201027,Run1_20201118,131,20260914,-0.06888476651474461
Run2_20201027,Run1_20201118,132,20260914,-0.030189897429257102
Run2_20201027,Run1_20201118,133,20260914,-0.028553952982713647
Run2_20201027,Run1_20201118,134,20260914,0.03059607685076025
Run2_20201027,Run1_20201118,135,20260914,0.03041234006071112
Run2_20201027,Run1_20201118,136,20260914,-0.03957430066819387
Run2_20201027,Run1_20201118,137,20260914,0.05258062004514299
Run2_20201027,Run1_20201118,138,20260914,-0.00723329637154383
Run2_20201027,Run1_20201118,139,20260914,-0.07360870041866154
Run2_20201027,Run1_20201118,140,20260914,-0.028810770209989334
Run2_20201027,Run1_20201118,141,20260914,-0.04875535566368363
Run2_20201027,Run1_20201118,142,20260914,-0.07834063505613062
Run2_20201027,Run1_20201118,143,20260914,0.0015455868741023281
Run2_20201027,Run1_20201118,144,20260914,-0.026507494654075096
Run2_20201027,Run1_20201118,145,20260914,-0.02929872317046632
Run2_20201027,Run1_20201118,146,20260914,0.010348541537954004
Run2_20201027,Run1_20201118,147,20260914,0.007744339896050775
Run2_20201027,Run1_20201118,148,20260914,-0.07607567354562066
Run2_20201027,Run1_20201118,149,20260914,-0.04751970106791798
Run2_20201027,Run1_20201118,150,20260914,0.10977764303394723
Run2_20201027,Run1_20201118,151,20260914,0.012634987278753687
Run2_20201027,Run1_20201118,152,20260914,-0.043380016394839564
Run2_20201027,Run1_20201118,153,20260914,0.09887081538720842
Run2_20201027,Run1_20201118,154,20260914,-0.031327777857935085
Run2_20201027,Run1_20201118,155,20260914,-0.08513062418012934
Run2_20201027,Run1_20201118,156,20260914,-0.05713393421764583
Run2_20201027,Run1_20201118,157,20260914,0.0922941263062148
Run2_20201027,Run1_20201118,158,20260914,-0.018830461013942406
Run2_20201027,Run1_20201118,159,20260914,-0.07441033797157179
Run2_20201027,Run1_20201118,160,20260914,0.1820087231484174
Run2_20201027,Run1_20201118,161,20260914,-0.05630265140427645
Run2_20201027,Run1_20201118,162,20260914,0.10191617862545081
Run2_20201027,Run1_20201118,163,20260914,-0.07131889218753469
Run2_20201027,Run1_20201118,164,20260914,0.034564761536917336
Run2_20201027,Run1_20201118,165,20260914,0.17584093957296246
Run2_20201027,Run1_20201118,166,20260914,0.09664939370216599
Run2_20201027,Run1_20201118,167,20260914,-0.037525786286779765
Run2_20201027,Run1_20201118,168,20260914,0.1186075737055729
Run2_20201027,Run1_20201118,169,20260914,-0.0160570713991243
Run2_20201027,Run1_20201118,170,20260914,-0.04583617663001009
Run2_20201027,Run1_20201118,171,20260914,-0.017296504702082865
Run2_20201027,Run1_20201118,172,20260914,-0.06435823939223441
Run2_20201027,Run1_20201118,173,20260914,0.017706908567658164
Run2_20201027,Run1_20201118,174,20260914,-0.00711167211098676
Run2_20201027,Run1_20201118,175,20260914,-0.05715261996720553
Run2_20201027,Run1_20201118,176,20260914,0.034490579288536806
Run2_20201027,Run1_20201118,177,20260914,0.009333077141651432
Run2_20201027,Run1_20201118,178,20260914,-0.012634158243081254
Run2_20201027,Run1_20201118,179,20260914,-0.07787181366859325
Run2_20201027,Run1_20201118,180,20260914,-0.035762126758206725
Run2_20201027,Run1_20201118,181,20260914,-0.008985520436744287
Run2_20201027,Run1_20201118,182,20260914,-0.05771389848202644
Run2_20201027,Run1_20201118,183,20260914,0.07492363570711674
Run2_20201027,Run1_20201118,184,20260914,-0.01718690749413222
Run2_20201027,Run1_20201118,185,20260914,-0.024481759414250116
Run2_20201027,Run1_20201118,186,20260914,-0.05472404342573156
Run2_20201027,Run1_20201118,187,20260914,-0.009314937300516978
Run2_20201027,Run1_20201118,188,20260914,0.0769706272240209
Run2_20201027,Run1_20201118,189,20260914,-0.052408140728952474
Run2_20201027,Run1_20201118,190,20260914,-0.04987783375461839
Run2_20201027,Run1_20201118,191,20260914,-0.05154875958940416
Run2_20201027,Run1_20201118,192,20260914,-0.04109950106696723
Run2_20201027,Run1_20201118,193,20260914,0.031705914419380546
Run2_20201027,Run1_20201118,194,20260914,-0.06603639380657951
Run2_20201027,Run1_20201118,195,20260914,-0.07140175416535487
Run2_20201027,Run1_20201118,196,20260914,-0.03217899395518371
Run2_20201027,Run1_20201118,197,20260914,-0.030232294143113046
Run2_20201027,Run1_20201118,198,20260914,-0.08331014883034286
Run2_20201027,Run1_20201118,199,20260914,0.02963709451154011
Run2_20201027,Run1_20201119,0,20260914,-0.04567827199088869
Run2_20201027,Run1_20201119,1,20260914,0.2164631261538653
Run2_20201027,Run1_20201119,2,20260914,0.0359411554811903
Run2_20201027,Run1_20201119,3,20260914,-0.06388153415784105
Run2_20201027,Run1_20201119,4,20260914,-0.06910131920073594
Run2_20201027,Run1_20201119,5,20260914,0.10629902819404603
Run2_20201027,Run1_20201119,6,20260914,0.027341771921887654
Run2_20201027,Run1_20201119,7,20260914,0.04024113438063692
Run2_20201027,Run1_20201119,8,20260914,-0.017387538009677152
Run2_20201027,Run1_20201119,9,20260914,-0.018219506576815838
Run2_20201027,Run1_20201119,10,20260914,-0.03879383820282978
Run2_20201027,Run1_20201119,11,20260914,0.0033033780832608475
Run2_20201027,Run1_20201119,12,20260914,-0.04256198911130336
Run2_20201027,Run1_20201119,13,20260914,0.033332065277963285
Run2_20201027,Run1_20201119,14,20260914,-0.06293561553842165
Run2_20201027,Run1_20201119,15,20260914,0.026181758132475728
Run2_20201027,Run1_20201119,16,20260914,0.13489050294094332
Run2_20201027,Run1_20201119,17,20260914,-0.025826968082685413
Run2_20201027,Run1_20201119,18,20260914,-0.06233255829046623
Run2_20201027,Run1_20201119,19,20260914,-0.05227348192436772
Run2_20201027,Run1_20201119,20,20260914,-0.053869402819865506
Run2_20201027,Run1_20201119,21,20260914,-0.01759168421168582
Run2_20201027,Run1_20201119,22,20260914,-0.050272212952941
Run2_20201027,Run1_20201119,23,20260914,0.0017416069530233442
Run2_20201027,Run1_20201119,24,20260914,-0.01709938608359727
Run2_20201027,Run1_20201119,25,20260914,-0.055959940611247684
Run2_20201027,Run1_20201119,26,20260914,0.023421756590576097
Run2_20201027,Run1_20201119,27,20260914,0.014756693589156879
Run2_20201027,Run1_20201119,28,20260914,-0.05465537706250026
Run2_20201027,Run1_20201119,29,20260914,0.0072071617195832325
Run2_20201027,Run1_20201119,30,20260914,-0.04337115715260252
Run2_20201027,Run1_20201119,31,20260914,-0.039041703938366853
Run2_20201027,Run1_20201119,32,20260914,0.007717130589005867
Run2_20201027,Run1_20201119,33,20260914,0.025093954351577998
Run2_20201027,Run1_20201119,34,20260914,-0.015826604802742103
Run2_20201027,Run1_20201119,35,20260914,0.05599673240590866
Run2_20201027,Run1_20201119,36,20260914,-0.025047407652052565
Run2_20201027,Run1_20201119,37,20260914,0.10274248975997997
Run2_20201027,Run1_20201119,38,20260914,0.10812537687174717
Run2_20201027,Run1_20201119,39,20260914,0.08656050615546235
Run2_20201027,Run1_20201119,40,20260914,-0.011318274890693956
Run2_20201027,Run1_20201119,41,20260914,-0.041841793735228845
Run2_20201027,Run1_20201119,42,20260914,0.04942109653448322
Run2_20201027,Run1_20201119,43,20260914,-0.03158880683098215
Run2_20201027,Run1_20201119,44,20260914,-0.028465651321488983
Run2_20201027,Run1_20201119,45,20260914,0.02146401953516639
Run2_20201027,Run1_20201119,46,20260914,-0.040520230561186865
Run2_20201027,Run1_20201119,47,20260914,-0.01184941248414727
Run2_20201027,Run1_20201119,48,20260914,0.027108735933428458
Run2_20201027,Run1_20201119,49,20260914,0.04642323029123826
Run2_20201027,Run1_20201119,50,20260914,0.06808552547181172
Run2_20201027,Run1_20201119,51,20260914,-0.033000193645223226
Run2_20201027,Run1_20201119,52,20260914,-0.03894605134466692
Run2_20201027,Run1_20201119,53,20260914,0.050856628427782255
Run2_20201027,Run1_20201119,54,20260914,0.04606594392296172
Run2_20201027,Run1_20201119,55,20260914,0.02950112886877494
Run2_20201027,Run1_20201119,56,20260914,-0.008881853845419766
Run2_20201027,Run1_20201119,57,20260914,-0.017359124653124506
Run2_20201027,Run1_20201119,58,20260914,-0.037434902058820135
Run2_20201027,Run1_20201119,59,20260914,-0.003960613589125065
Run2_20201027,Run1_20201119,60,20260914,-0.008207037995766055
Run2_20201027,Run1_20201119,61,20260914,0.013168979220489752
Run2_20201027,Run1_20201119,62,20260914,0.0757591548162027
Run2_20201027,Run1_20201119,63,20260914,0.007490988858880622
Run2_20201027,Run1_20201119,64,20260914,0.01913944439331864
Run2_20201027,Run1_20201119,65,20260914,0.11106490767885294
Run2_20201027,Run1_20201119,66,20260914,0.1410715691983627
Run2_20201027,Run1_20201119,67,20260914,-0.009573926826534247
Run2_20201027,Run1_20201119,68,20260914,0.06326638123571479
Run2_20201027,Run1_20201119,69,20260914,-0.04490195695956965
Run2_20201027,Run1_20201119,70,20260914,0.1302619643426088
Run2_20201027,Run1_20201119,71,20260914,0.12565923898811188
Run2_20201027,Run1_20201119,72,20260914,-0.03196523553993574
Run2_20201027,Run1_20201119,73,20260914,-0.03889104247227325
Run2_20201027,Run1_20201119,74,20260914,-0.01802926270487093
Run2_20201027,Run1_20201119,75,20260914,0.09747215265617973
Run2_20201027,Run1_20201119,76,20260914,0.09993713929712941
Run2_20201027,Run1_20201119,77,20260914,-0.00999989196351313
Run2_20201027,Run1_20201119,78,20260914,0.07786898356397012
Run2_20201027,Run1_20201119,79,20260914,-0.020522807727915548
Run2_20201027,Run1_20201119,80,20260914,0.05604711373859466
Run2_20201027,Run1_20201119,81,20260914,0.04897708260547949
Run2_20201027,Run1_20201119,82,20260914,0.06744632258707968
Run2_20201027,Run1_20201119,83,20260914,-0.03678032373689096
Run2_20201027,Run1_20201119,84,20260914,-0.0033199036932819326
Run2_20201027,Run1_20201119,85,20260914,-0.05394666328552058
Run2_20201027,Run1_20201119,86,20260914,0.016001133611996232
Run2_20201027,Run1_20201119,87,20260914,-0.013241627384561229
Run2_20201027,Run1_20201119,88,20260914,-0.02920910839339143
Run2_20201027,Run1_20201119,89,20260914,-0.047184553655513516
Run2_20201027,Run1_20201119,90,20260914,0.06852323755998904
Run2_20201027,Run1_20201119,91,20260914,0.07050656202350565
Run2_20201027,Run1_20201119,92,20260914,0.22475485005631926
Run2_20201027,Run1_20201119,93,20260914,0.011971999676623511
Run2_20201027,Run1_20201119,94,20260914,-0.010300278424950701
Run2_20201027,Run1_20201119,95,20260914,-0.05582240301412683
Run2_20201027,Run1_20201119,96,20260914,-0.0699067947897672
Run2_20201027,Run1_20201119,97,20260914,-0.021146854222924723
Run2_20201027,Run1_20201119,98,20260914,0.07145826738470702
Run2_20201027,Run1_20201119,99,20260914,-0.024743428982836685
Run2_20201027,Run1_20201119,100,20260914,-0.002105310754572206
Run2_20201027,Run1_20201119,101,20260914,0.005801191536926044
Run2_20201027,Run1_20201119,102,20260914,-0.018787171225491662
Run2_20201027,Run1_20201119,103,20260914,0.0697355275410302
Run2_20201027,Run1_20201119,104,20260914,0.07656241734837435
Run2_20201027,Run1_20201119,105,20260914,0.049162604161945574
Run2_20201027,Run1_20201119,106,20260914,-0.029031981780701016
Run2_20201027,Run1_20201119,107,20260914,-0.03448136777028272
Run2_20201027,Run1_20201119,108,20260914,-0.005729613007339337
Run2_20201027,Run1_20201119,109,20260914,-0.03314813872068132
Run2_20201027,Run1_20201119,110,20260914,-0.02124934588327292
Run2_20201027,Run1_20201119,111,20260914,0.024544025092930556
Run2_20201027,Run1_20201119,112,20260914,0.18303174410024975
Run2_20201027,Run1_20201119,113,20260914,-0.051560387094194804
Run2_20201027,Run1_20201119,114,20260914,0.006228590456954396
Run2_20201027,Run1_20201119,115,20260914,0.048874663546014746
Run2_20201027,Run1_20201119,116,20260914,0.06211212207539829
Run2_20201027,Run1_20201119,117,20260914,-0.027281658122629303
Run2_20201027,Run1_20201119,118,20260914,0.1535176796322278
Run2_20201027,Run1_20201119,119,20260914,0.05036934719172319
Run2_20201027,Run1_20201119,120,20260914,0.0719152845469488
Run2_20201027,Run1_20201119,121,20260914,-0.03531035915407399
Run2_20201027,Run1_20201119,122,20260914,-0.036315428760205264
Run2_20201027,Run1_20201119,123,20260914,-0.048608548611875316
Run2_20201027,Run1_20201119,124,20260914,0.06505221929544268
Run2_20201027,Run1_20201119,125,20260914,0.06194263569157709
Run2_20201027,Run1_20201119,126,20260914,-0.03626252786536886
Run2_20201027,Run1_20201119,127,20260914,0.17745552474410467
Run2_20201027,Run1_20201119,128,20260914,-0.03412547446731913
Run2_20201027,Run1_20201119,129,20260914,0.05033127427842418
Run2_20201027,Run1_20201119,130,20260914,-0.05963880339017111
Run2_20201027,Run1_20201119,131,20260914,-0.016974845067377276
Run2_20201027,Run1_20201119,132,20260914,-0.04416242913383404
Run2_20201027,Run1_20201119,133,20260914,-0.05303825403963126
Run2_20201027,Run1_20201119,134,20260914,-0.02319514152235536
Run2_20201027,Run1_20201119,135,20260914,0.060587780313632135
Run2_20201027,Run1_20201119,136,20260914,-0.022492159133213674
Run2_20201027,Run1_20201119,137,20260914,-0.0026454822908023963
Run2_20201027,Run1_20201119,138,20260914,-0.03824236957091224
Run2_20201027,Run1_20201119,139,20260914,-0.016205280542948414
Run2_20201027,Run1_20201119,140,20260914,-0.0438024628836796
Run2_20201027,Run1_20201119,141,20260914,-0.04870483682603011
Run2_20201027,Run1_20201119,142,20260914,-0.0045319520964378236
Run2_20201027,Run1_20201119,143,20260914,0.04350714747477266
Run2_20201027,Run1_20201119,144,20260914,-0.037514106057296506
Run2_20201027,Run1_20201119,145,20260914,-0.05093563170369798
Run2_20201027,Run1_20201119,146,20260914,0.009716435475335627
Run2_20201027,Run1_20201119,147,20260914,-0.024014811150246756
Run2_20201027,Run1_20201119,148,20260914,-0.03164174644920532
Run2_20201027,Run1_20201119,149,20260914,-0.026033103609149094
Run2_20201027,Run1_20201119,150,20260914,0.04848234052713528
Run2_20201027,Run1_20201119,151,20260914,-0.039652491555835424
Run2_20201027,Run1_20201119,152,20260914,0.07551061240828684
Run2_20201027,Run1_20201119,153,20260914,0.037597411592151526
Run2_20201027,Run1_20201119,154,20260914,0.0007037012703572575
Run2_20201027,Run1_20201119,155,20260914,0.022567873997709733
Run2_20201027,Run1_20201119,156,20260914,0.0176956569272684
Run2_20201027,Run1_20201119,157,20260914,0.10987708449075717
Run2_20201027,Run1_20201119,158,20260914,-0.059292120347382495
Run2_20201027,Run1_20201119,159,20260914,0.023807013475132092
Run2_20201027,Run1_20201119,160,20260914,0.07041863490797028
Run2_20201027,Run1_20201119,161,20260914,0.003104821037560306
Run2_20201027,Run1_20201119,162,20260914,0.0465135266850672
Run2_20201027,Run1_20201119,163,20260914,0.037338501026731946
Run2_20201027,Run1_20201119,164,20260914,-0.04889049139568747
Run2_20201027,Run1_20201119,165,20260914,0.002375666528319955
Run2_20201027,Run1_20201119,166,20260914,-0.01224024182627817
Run2_20201027,Run1_20201119,167,20260914,-0.029977271147048536
Run2_20201027,Run1_20201119,168,20260914,0.0011595946625277977
Run2_20201027,Run1_20201119,169,20260914,-0.03744366968211925
Run2_20201027,Run1_20201119,170,20260914,0.014084856238073344
Run2_20201027,Run1_20201119,171,20260914,0.0386710881417227
Run2_20201027,Run1_20201119,172,20260914,-0.0455297773885693
Run2_20201027,Run1_20201119,173,20260914,-0.02983027280151166
Run2_20201027,Run1_20201119,174,20260914,0.023632415182304328
Run2_20201027,Run1_20201119,175,20260914,-0.033697201027441503
Run2_20201027,Run1_20201119,176,20260914,-0.04039131695207823
Run2_20201027,Run1_20201119,177,20260914,-0.023362612957827926
Run2_20201027,Run1_20201119,178,20260914,-0.031739094038061445
Run2_20201027,Run1_20201119,179,20260914,0.007483599184026261
Run2_20201027,Run1_20201119,180,20260914,-0.011857694383800502
Run2_20201027,Run1_20201119,181,20260914,-0.04777502991393308
Run2_20201027,Run1_20201119,182,20260914,-0.0015927953515401082
Run2_20201027,Run1_20201119,183,20260914,0.040151889769374866
Run2_20201027,Run1_20201119,184,20260914,0.052270963991258794
Run2_20201027,Run1_20201119,185,20260914,-0.02489416972946184
Run2_20201027,Run1_20201119,186,20260914,-0.015224793712886752
Run2_20201027,Run1_20201119,187,20260914,0.0064276051479735434
Run2_20201027,Run1_20201119,188,20260914,0.027086502180871188
Run2_20201027,Run1_20201119,189,20260914,-0.02662539826639857
Run2_20201027,Run1_20201119,190,20260914,0.010111221234324638
Run2_20201027,Run1_20201119,191,20260914,-0.03598292355153319
Run2_20201027,Run1_20201119,192,20260914,-0.04354240471534827
Run2_20201027,Run1_20201119,193,20260914,0.06683546109359328
Run2_20201027,Run1_20201119,194,20260914,-0.027384331317021223
Run2_20201027,Run1_20201119,195,20260914,0.0045106319832624595
Run2_20201027,Run1_20201119,196,20260914,0.06477128437525297
Run2_20201027,Run1_20201119,197,20260914,0.0367693454999403
Run2_20201027,Run1_20201119,198,20260914,0.08630993939646045
Run2_20201027,Run1_20201119,199,20260914,0.040416346005375005
Run2_20201027,Run1_20201124,0,20260914,-0.023377476495053326
Run2_20201027,Run1_20201124,1,20260914,-0.05133873517989679
Run2_20201027,Run1_20201124,2,20260914,0.024840366086430185
Run2_20201027,Run1_20201124,3,20260914,0.09221240557038168
Run2_20201027,Run1_20201124,4,20260914,-0.039468263352978636
Run2_20201027,Run1_20201124,5,20260914,-0.011003692666253046
Run2_20201027,Run1_20201124,6,20260914,0.07371667081999929
Run2_20201027,Run1_20201124,7,20260914,-0.03135602472625375
Run2_20201027,Run1_20201124,8,20260914,0.01117452578422516
Run2_20201027,Run1_20201124,9,20260914,-0.049892516796831134
Run2_20201027,Run1_20201124,10,20260914,0.22182445172796406
Run2_20201027,Run1_20201124,11,20260914,-0.040649473311615406
Run2_20201027,Run1_20201124,12,20260914,-0.048639608493287155
Run2_20201027,Run1_20201124,13,20260914,-0.040023746838930625
Run2_20201027,Run1_20201124,14,20260914,-0.00016456007934188138
Run2_20201027,Run1_20201124,15,20260914,0.09952936051475383
Run2_20201027,Run1_20201124,16,20260914,-0.029457338305536512
Run2_20201027,Run1_20201124,17,20260914,-0.05065317907135165
Run2_20201027,Run1_20201124,18,20260914,0.01906789377685448
Run2_20201027,Run1_20201124,19,20260914,0.048626213448877555
Run2_20201027,Run1_20201124,20,20260914,-0.05730800594317733
Run2_20201027,Run1_20201124,21,20260914,0.010638124285005214
Run2_20201027,Run1_20201124,22,20260914,-0.038993577779084826
Run2_20201027,Run1_20201124,23,20260914,0.026390848971473053
Run2_20201027,Run1_20201124,24,20260914,0.11026695786245666
Run2_20201027,Run1_20201124,25,20260914,-0.040557474197985444
Run2_20201027,Run1_20201124,26,20260914,-0.029581937457563604
Run2_20201027,Run1_20201124,27,20260914,0.009245697515443265
Run2_20201027,Run1_20201124,28,20260914,-0.022240719437745086
Run2_20201027,Run1_20201124,29,20260914,0.046623306044435917
Run2_20201027,Run1_20201124,30,20260914,0.09821855840611352
Run2_20201027,Run1_20201124,31,20260914,0.0198596930276393
Run2_20201027,Run1_20201124,32,20260914,-0.04589335674050394
Run2_20201027,Run1_20201124,33,20260914,-0.0007762108689837676
Run2_20201027,Run1_20201124,34,20260914,-0.010307599459638904
Run2_20201027,Run1_20201124,35,20260914,-0.037226909186151715
Run2_20201027,Run1_20201124,36,20260914,-0.012025519534983393
Run2_20201027,Run1_20201124,37,20260914,-0.022608512615619733
Run2_20201027,Run1_20201124,38,20260914,0.13441535960533532
Run2_20201027,Run1_20201124,39,20260914,-0.012857879516257244
Run2_20201027,Run1_20201124,40,20260914,-0.0025037914797204097
Run2_20201027,Run1_20201124,41,20260914,0.05671043496376973
Run2_20201027,Run1_20201124,42,20260914,-0.04788764593891432
Run2_20201027,Run1_20201124,43,20260914,-0.02071584540168821
Run2_20201027,Run1_20201124,44,20260914,0.10568820589951379
Run2_20201027,Run1_20201124,45,20260914,-0.045765381268305844
Run2_20201027,Run1_20201124,46,20260914,0.0015209279562917013
Run2_20201027,Run1_20201124,47,20260914,-0.02464796301903127
Run2_20201027,Run1_20201124,48,20260914,-0.0012329817061502125
Run2_20201027,Run1_20201124,49,20260914,0.02786949970040467
Run2_20201027,Run1_20201124,50,20260914,0.0023213512312282494
Run2_20201027,Run1_20201124,51,20260914,0.2356733489384938
Run2_20201027,Run1_20201124,52,20260914,0.15450067392159808
Run2_20201027,Run1_20201124,53,20260914,-0.002525269796441461
Run2_20201027,Run1_20201124,54,20260914,0.14413663546818875
Run2_20201027,Run1_20201124,55,20260914,-0.025257483635745873
Run2_20201027,Run1_20201124,56,20260914,-0.04242818726507844
Run2_20201027,Run1_20201124,57,20260914,0.026280129082801668
Run2_20201027,Run1_20201124,58,20260914,0.021994959350916072
Run2_20201027,Run1_20201124,59,20260914,0.07026638050916766
Run2_20201027,Run1_20201124,60,20260914,0.1964039733900342
Run2_20201027,Run1_20201124,61,20260914,-0.029217144927223326
Run2_20201027,Run1_20201124,62,20260914,0.053106083549261815
Run2_20201027,Run1_20201124,63,20260914,-0.019769768916262906
Run2_20201027,Run1_20201124,64,20260914,-0.0314264423424747
Run2_20201027,Run1_20201124,65,20260914,0.20117898896359895
Run2_20201027,Run1_20201124,66,20260914,-0.03768202748882946
Run2_20201027,Run1_20201124,67,20260914,-0.04004362944195954
Run2_20201027,Run1_20201124,68,20260914,0.004603813120658053
Run2_20201027,Run1_20201124,69,20260914,-0.035167750163484585
Run2_20201027,Run1_20201124,70,20260914,0.0463888826826005
Run2_20201027,Run1_20201124,71,20260914,0.131221307394539
Run2_20201027,Run1_20201124,72,20260914,-0.030365412441788205
Run2_20201027,Run1_20201124,73,20260914,0.08906204029472496
Run2_20201027,Run1_20201124,74,20260914,-0.043253160759280054
Run2_20201027,Run1_20201124,75,20260914,0.03129380871485828
Run2_20201027,Run1_20201124,76,20260914,0.07185032492098802
Run2_20201027,Run1_20201124,77,20260914,-0.005895252436829844
Run2_20201027,Run1_20201124,78,20260914,0.010042705048856118
Run2_20201027,Run1_20201124,79,20260914,0.03485484455746818
Run2_20201027,Run1_20201124,80,20260914,-0.009802576010031148
Run2_20201027,Run1_20201124,81,20260914,-0.002873446666602738
Run2_20201027,Run1_20201124,82,20260914,-0.046793957659818884
Run2_20201027,Run1_20201124,83,20260914,-0.026022200001666038
Run2_20201027,Run1_20201124,84,20260914,0.008872957693692334
Run2_20201027,Run1_20201124,85,20260914,-0.01729003728276406
Run2_20201027,Run1_20201124,86,20260914,0.016436086910004744
Run2_20201027,Run1_20201124,87,20260914,0.05432696696033798
Run2_20201027,Run1_20201124,88,20260914,0.0520794852463663
Run2_20201027,Run1_20201124,89,20260914,-0.019847199646054227
Run2_20201027,Run1_20201124,90,20260914,-0.051018025689270476
Run2_20201027,Run1_20201124,91,20260914,0.04206216913005287
Run2_20201027,Run1_20201124,92,20260914,-0.01130374708030515
Run2_20201027,Run1_20201124,93,20260914,0.08183609472093877
Run2_20201027,Run1_20201124,94,20260914,-0.016608478176986945
Run2_20201027,Run1_20201124,95,20260914,0.0859052126775047
Run2_20201027,Run1_20201124,96,20260914,0.11907281362507602
Run2_20201027,Run1_20201124,97,20260914,0.06817109793548286
Run2_20201027,Run1_20201124,98,20260914,-0.015437022491225055
Run2_20201027,Run1_20201124,99,20260914,0.011077045509036392
Run2_20201027,Run1_20201124,100,20260914,-0.0006139476950883586
Run2_20201027,Run1_20201124,101,20260914,0.017571934560581537
Run2_20201027,Run1_20201124,102,20260914,0.028151368276501464
Run2_20201027,Run1_20201124,103,20260914,0.10503812293507094
Run2_20201027,Run1_20201124,104,20260914,0.015022518025982888
Run2_20201027,Run1_20201124,105,20260914,-0.02798048858602541
Run2_20201027,Run1_20201124,106,20260914,-0.0036076601223904094
Run2_20201027,Run1_20201124,107,20260914,0.024711279948203695
Run2_20201027,Run1_20201124,108,20260914,0.21781346464195647
Run2_20201027,Run1_20201124,109,20260914,-0.04060632105379198
Run2_20201027,Run1_20201124,110,20260914,0.021807143296183766
Run2_20201027,Run1_20201124,111,20260914,0.04752166245553752
Run2_20201027,Run1_20201124,112,20260914,0.06702596538776553
Run2_20201027,Run1_20201124,113,20260914,-0.029906627203029376
Run2_20201027,Run1_20201124,114,20260914,0.08876723115140664
Run2_20201027,Run1_20201124,115,20260914,0.02736615722766999
Run2_20201027,Run1_20201124,116,20260914,0.006156611541620268
Run2_20201027,Run1_20201124,117,20260914,-0.035460356221609965
Run2_20201027,Run1_20201124,118,20260914,-0.02170501671686452
Run2_20201027,Run1_20201124,119,20260914,-0.026096386042148204
Run2_20201027,Run1_20201124,120,20260914,0.04826164281495202
Run2_20201027,Run1_20201124,121,20260914,0.14406966663784648
Run2_20201027,Run1_20201124,122,20260914,0.06564558846725847
Run2_20201027,Run1_20201124,123,20260914,0.15807999789109461
Run2_20201027,Run1_20201124,124,20260914,-0.013528569312811814
Run2_20201027,Run1_20201124,125,20260914,0.0892394224539197
Run2_20201027,Run1_20201124,126,20260914,0.04757063387108171
Run2_20201027,Run1_20201124,127,20260914,0.025203926988778488
Run2_20201027,Run1_20201124,128,20260914,0.05209380421048537
Run2_20201027,Run1_20201124,129,20260914,0.1148827338762372
Run2_20201027,Run1_20201124,130,20260914,6.861459260620054e-05
Run2_20201027,Run1_20201124,131,20260914,0.014015645712916523
Run2_20201027,Run1_20201124,132,20260914,0.2369141471749286
Run2_20201027,Run1_20201124,133,20260914,-0.011359686360649053
Run2_20201027,Run1_20201124,134,20260914,0.0914298654871301
Run2_20201027,Run1_20201124,135,20260914,-0.043118404575210774
Run2_20201027,Run1_20201124,136,20260914,-0.01795566964980852
Run2_20201027,Run1_20201124,137,20260914,0.07636839715464067
Run2_20201027,Run1_20201124,138,20260914,-0.03490221686506175
Run2_20201027,Run1_20201124,139,20260914,-0.042178766474807956
Run2_20201027,Run1_20201124,140,20260914,-0.05213117443914915
Run2_20201027,Run1_20201124,141,20260914,-0.016840839343705054
Run2_20201027,Run1_20201124,142,20260914,0.027251794456106378
Run2_20201027,Run1_20201124,143,20260914,0.02324869636613135
Run2_20201027,Run1_20201124,144,20260914,0.12066979001629066
Run2_20201027,Run1_20201124,145,20260914,0.0018565359408158012
Run2_20201027,Run1_20201124,146,20260914,0.005586935369516683
Run2_20201027,Run1_20201124,147,20260914,-0.021608548066314195
Run2_20201027,Run1_20201124,148,20260914,-0.02277617080781827
Run2_20201027,Run1_20201124,149,20260914,0.03003213796614009
Run2_20201027,Run1_20201124,150,20260914,-0.021222827335654584
Run2_20201027,Run1_20201124,151,20260914,0.011406365291126996
Run2_20201027,Run1_20201124,152,20260914,-0.018035672725416122
Run2_20201027,Run1_20201124,153,20260914,0.08550218635354095
Run2_20201027,Run1_20201124,154,20260914,0.011218276040848112
Run2_20201027,Run1_20201124,155,20260914,0.021541319151256254
Run2_20201027,Run1_20201124,156,20260914,0.049444231813113734
Run2_20201027,Run1_20201124,157,20260914,-0.03117869944219077
Run2_20201027,Run1_20201124,158,20260914,-0.027855791341816274
Run2_20201027,Run1_20201124,159,20260914,-0.05437576887596808
Run2_20201027,Run1_20201124,160,20260914,0.04159720298115559
Run2_20201027,Run1_20201124,161,20260914,0.013297767996560454
Run2_20201027,Run1_20201124,162,20260914,-0.0023639785286174416
Run2_20201027,Run1_20201124,163,20260914,0.0027809976176759684
Run2_20201027,Run1_20201124,164,20260914,0.0799482059355662
Run2_20201027,Run1_20201124,165,20260914,-0.03902952731048296
Run2_20201027,Run1_20201124,166,20260914,0.024484220693295797
Run2_20201027,Run1_20201124,167,20260914,0.01960032580179285
Run2_20201027,Run1_20201124,168,20260914,0.10506970370322685
Run2_20201027,Run1_20201124,169,20260914,-0.04796744961083669
Run2_20201027,Run1_20201124,170,20260914,0.008204846312386632
Run2_20201027,Run1_20201124,171,20260914,0.054412741884189625
Run2_20201027,Run1_20201124,172,20260914,0.024524502074997335
Run2_20201027,Run1_20201124,173,20260914,0.02287387229208382
Run2_20201027,Run1_20201124,174,20260914,-0.005634500273653233
Run2_20201027,Run1_20201124,175,20260914,-0.06214948620628674
Run2_20201027,Run1_20201124,176,20260914,-0.00892405282081934
Run2_20201027,Run1_20201124,177,20260914,-0.036677939346767316
Run2_20201027,Run1_20201124,178,20260914,0.021519652077294154
Run2_20201027,Run1_20201124,179,20260914,-0.008678902359926901
Run2_20201027,Run1_20201124,180,20260914,0.09975798037543175
Run2_20201027,Run1_20201124,181,20260914,-0.04162111502983073
Run2_20201027,Run1_20201124,182,20260914,0.08634131881167947
Run2_20201027,Run1_20201124,183,20260914,-0.027821837998495615
Run2_20201027,Run1_20201124,184,20260914,0.21474454709223473
Run2_20201027,Run1_20201124,185,20260914,0.010916342338279452
Run2_20201027,Run1_20201124,186,20260914,-0.01894656963161805
Run2_20201027,Run1_20201124,187,20260914,-0.018934509664287363
Run2_20201027,Run1_20201124,188,20260914,0.00939389872999144
Run2_20201027,Run1_20201124,189,20260914,0.013140743280283512
Run2_20201027,Run1_20201124,190,20260914,0.03596303286684073
Run2_20201027,Run1_20201124,191,20260914,0.044207321929241046
Run2_20201027,Run1_20201124,192,20260914,-0.0602092832789734
Run2_20201027,Run1_20201124,193,20260914,0.14596401751071159
Run2_20201027,Run1_20201124,194,20260914,-0.00948411685718772
Run2_20201027,Run1_20201124,195,20260914,-0.01597566412952044
Run2_20201027,Run1_20201124,196,20260914,0.0684233554847184
Run2_20201027,Run1_20201124,197,20260914,0.02471847004665222
Run2_20201027,Run1_20201124,198,20260914,0.07662156196753563
Run2_20201027,Run1_20201124,199,20260914,-0.008170060366133703
Run2_20201027,Run2_20201124,0,20260914,-0.03670158586405704
Run2_20201027,Run2_20201124,1,20260914,0.1665569292083405
Run2_20201027,Run2_20201124,2,20260914,0.027859114309398754
Run2_20201027,Run2_20201124,3,20260914,-0.023503409283431368
Run2_20201027,Run2_20201124,4,20260914,0.05389116142085435
Run2_20201027,Run2_20201124,5,20260914,0.08266746484370185
Run2_20201027,Run2_20201124,6,20260914,0.06400286437888522
Run2_20201027,Run2_20201124,7,20260914,-0.02190034328470857
Run2_20201027,Run2_20201124,8,20260914,-0.018034222924096215
Run2_20201027,Run2_20201124,9,20260914,-0.05103343600441808
Run2_20201027,Run2_20201124,10,20260914,-0.024544423145112515
Run2_20201027,Run2_20201124,11,20260914,-0.03153889043637512
Run2_20201027,Run2_20201124,12,20260914,-0.05861569423627579
Run2_20201027,Run2_20201124,13,20260914,0.001826390120457731
Run2_20201027,Run2_20201124,14,20260914,0.02231550393336276
Run2_20201027,Run2_20201124,15,20260914,-0.01598750790404276
Run2_20201027,Run2_20201124,16,20260914,0.11784828081547544
Run2_20201027,Run2_20201124,17,20260914,0.02911867324746438
Run2_20201027,Run2_20201124,18,20260914,0.020712531394821057
Run2_20201027,Run2_20201124,19,20260914,-0.03179395994903929
Run2_20201027,Run2_20201124,20,20260914,0.024651559238771818
Run2_20201027,Run2_20201124,21,20260914,-0.008601821214365812
Run2_20201027,Run2_20201124,22,20260914,0.012468201343659578
Run2_20201027,Run2_20201124,23,20260914,0.01460944483929702
Run2_20201027,Run2_20201124,24,20260914,-0.032818074985016
Run2_20201027,Run2_20201124,25,20260914,0.005052869527947864
Run2_20201027,Run2_20201124,26,20260914,0.04949359027618242
Run2_20201027,Run2_20201124,27,20260914,0.03640607089445094
Run2_20201027,Run2_20201124,28,20260914,-0.011741367986515105
Run2_20201027,Run2_20201124,29,20260914,-0.03789540534620808
Run2_20201027,Run2_20201124,30,20260914,-0.03313283516995762
Run2_20201027,Run2_20201124,31,20260914,-0.05758064197234317
Run2_20201027,Run2_20201124,32,20260914,-0.008796410911366159
Run2_20201027,Run2_20201124,33,20260914,0.12704739803850237
Run2_20201027,Run2_20201124,34,20260914,0.1504420219548035
Run2_20201027,Run2_20201124,35,20260914,0.12097503718350493
Run2_20201027,Run2_20201124,36,20260914,-0.024115509190239033
Run2_20201027,Run2_20201124,37,20260914,-0.06632009318281885
Run2_20201027,Run2_20201124,38,20260914,-0.020749718858847098
Run2_20201027,Run2_20201124,39,20260914,-0.026705312725480455
Run2_20201027,Run2_20201124,40,20260914,0.0059538048242823525
Run2_20201027,Run2_20201124,41,20260914,-0.0451408180658739
Run2_20201027,Run2_20201124,42,20260914,-0.011780914454653325
Run2_20201027,Run2_20201124,43,20260914,0.016306129123957225
Run2_20201027,Run2_20201124,44,20260914,-0.036414451354384765
Run2_20201027,Run2_20201124,45,20260914,0.00629103854556918
Run2_20201027,Run2_20201124,46,20260914,-0.022302459433349495
Run2_20201027,Run2_20201124,47,20260914,-0.020276711330157834
Run2_20201027,Run2_20201124,48,20260914,-0.04188335916130904
Run2_20201027,Run2_20201124,49,20260914,0.13526556563444722
Run2_20201027,Run2_20201124,50,20260914,-0.05774976882850803
Run2_20201027,Run2_20201124,51,20260914,0.00867610067106507
Run2_20201027,Run2_20201124,52,20260914,0.07276702667956822
Run2_20201027,Run2_20201124,53,20260914,0.002667517107206552
Run2_20201027,Run2_20201124,54,20260914,0.16341306513963214
Run2_20201027,Run2_20201124,55,20260914,-0.003627730067598658
Run2_20201027,Run2_20201124,56,20260914,-0.006806580698969843
Run2_20201027,Run2_20201124,57,20260914,-0.04424984498794913
Run2_20201027,Run2_20201124,58,20260914,-0.03118250165591623
Run2_20201027,Run2_20201124,59,20260914,0.01875962217636596
Run2_20201027,Run2_20201124,60,20260914,-0.06337412872562544
Run2_20201027,Run2_20201124,61,20260914,-0.06742136638402417
Run2_20201027,Run2_20201124,62,20260914,-0.0066694480772962386
Run2_20201027,Run2_20201124,63,20260914,-0.032449486967282365
Run2_20201027,Run2_20201124,64,20260914,0.16101171933191727
Run2_20201027,Run2_20201124,65,20260914,0.1931042987850644
Run2_20201027,Run2_20201124,66,20260914,-0.03745872763576251
Run2_20201027,Run2_20201124,67,20260914,-0.0398082920391057
Run2_20201027,Run2_20201124,68,20260914,0.008331990263085929
Run2_20201027,Run2_20201124,69,20260914,-0.04601354448214909
Run2_20201027,Run2_20201124,70,20260914,-0.02281970700280241
Run2_20201027,Run2_20201124,71,20260914,0.0568023323831172
Run2_20201027,Run2_20201124,72,20260914,0.05152347447520812
Run2_20201027,Run2_20201124,73,20260914,-0.0009896406749743776
Run2_20201027,Run2_20201124,74,20260914,-0.04023098084807696
Run2_20201027,Run2_20201124,75,20260914,-0.02261103096254509
Run2_20201027,Run2_20201124,76,20260914,0.008293348499538746
Run2_20201027,Run2_20201124,77,20260914,0.03899908146290721
Run2_20201027,Run2_20201124,78,20260914,0.01941143106684134
Run2_20201027,Run2_20201124,79,20260914,-0.0007047002602055811
Run2_20201027,Run2_20201124,80,20260914,0.06089512813552578
Run2_20201027,Run2_20201124,81,20260914,-0.04346677838590496
Run2_20201027,Run2_20201124,82,20260914,-0.04731733836065832
Run2_20201027,Run2_20201124,83,20260914,-0.017011921757157527
Run2_20201027,Run2_20201124,84,20260914,-0.05446114748839105
Run2_20201027,Run2_20201124,85,20260914,-0.019636195325072422
Run2_20201027,Run2_20201124,86,20260914,0.1428848006483929
Run2_20201027,Run2_20201124,87,20260914,0.029078625345416883
Run2_20201027,Run2_20201124,88,20260914,-0.04552487735825286
Run2_20201027,Run2_20201124,89,20260914,-0.07673468146324063
Run2_20201027,Run2_20201124,90,20260914,0.06891196904446725
Run2_20201027,Run2_20201124,91,20260914,-0.020378712586070637
Run2_20201027,Run2_20201124,92,20260914,-0.018717200797336925
Run2_20201027,Run2_20201124,93,20260914,0.0028909863052079014
Run2_20201027,Run2_20201124,94,20260914,-0.05237488338220289
Run2_20201027,Run2_20201124,95,20260914,0.016680011630238734
Run2_20201027,Run2_20201124,96,20260914,0.030805034420221245
Run2_20201027,Run2_20201124,97,20260914,-0.024195368302616874
Run2_20201027,Run2_20201124,98,20260914,-0.001648146827163198
Run2_20201027,Run2_20201124,99,20260914,0.0040920440312548975
Run2_20201027,Run2_20201124,100,20260914,0.032850453423629675
Run2_20201027,Run2_20201124,101,20260914,0.08130429896311173
Run2_20201027,Run2_20201124,102,20260914,0.05325611276291646
Run2_20201027,Run2_20201124,103,20260914,0.0005691876967675878
Run2_20201027,Run2_20201124,104,20260914,-0.03730483795096084
Run2_20201027,Run2_20201124,105,20260914,0.037807849129256915
Run2_20201027,Run2_20201124,106,20260914,0.11054659360706749
Run2_20201027,Run2_20201124,107,20260914,-0.02068226579138184
Run2_20201027,Run2_20201124,108,20260914,0.025112608379585573
Run2_20201027,Run2_20201124,109,20260914,0.12597454261904192
Run2_20201027,Run2_20201124,110,20260914,0.09350634199011032
Run2_20201027,Run2_20201124,111,20260914,-0.05948805276860787
Run2_20201027,Run2_20201124,112,20260914,-0.05770572808061496
Run2_20201027,Run2_20201124,113,20260914,-0.06261636841861162
Run2_20201027,Run2_20201124,114,20260914,0.05948574156642024
Run2_20201027,Run2_20201124,115,20260914,0.05753358436152512
Run2_20201027,Run2_20201124,116,20260914,0.001004878345362764
Run2_20201027,Run2_20201124,117,20260914,0.05408622917208133
Run2_20201027,Run2_20201124,118,20260914,0.05194079783808093
Run2_20201027,Run2_20201124,119,20260914,-0.024278713743179976
Run2_20201027,Run2_20201124,120,20260914,-0.052408229154602526
Run2_20201027,Run2_20201124,121,20260914,-0.028633221589481662
Run2_20201027,Run2_20201124,122,20260914,-0.01702412632075276
Run2_20201027,Run2_20201124,123,20260914,-0.05158335212700052
Run2_20201027,Run2_20201124,124,20260914,0.05066906807030421
Run2_20201027,Run2_20201124,125,20260914,-0.04293317435453037
Run2_20201027,Run2_20201124,126,20260914,-0.06859486740989983
Run2_20201027,Run2_20201124,127,20260914,0.14990859330256592
Run2_20201027,Run2_20201124,128,20260914,0.20888700043509065
Run2_20201027,Run2_20201124,129,20260914,0.04362324813304179
Run2_20201027,Run2_20201124,130,20260914,-0.042261128619616464
Run2_20201027,Run2_20201124,131,20260914,-0.006308632586849355
Run2_20201027,Run2_20201124,132,20260914,-0.031011333204604967
Run2_20201027,Run2_20201124,133,20260914,0.11327226673524879
Run2_20201027,Run2_20201124,134,20260914,-0.03993028413810734
Run2_20201027,Run2_20201124,135,20260914,-0.011691899454686561
Run2_20201027,Run2_20201124,136,20260914,0.09713504518454813
Run2_20201027,Run2_20201124,137,20260914,0.10123260495955182
Run2_20201027,Run2_20201124,138,20260914,0.06344230533823403
Run2_20201027,Run2_20201124,139,20260914,-0.023588915491365426
Run2_20201027,Run2_20201124,140,20260914,0.04950209044290061
Run2_20201027,Run2_20201124,141,20260914,-0.04850087929748931
Run2_20201027,Run2_20201124,142,20260914,-0.028547013016856512
Run2_20201027,Run2_20201124,143,20260914,0.05491649321956493
Run2_20201027,Run2_20201124,144,20260914,0.056682979510287876
Run2_20201027,Run2_20201124,145,20260914,-0.012755029929007457
Run2_20201027,Run2_20201124,146,20260914,0.0067761104574263755
Run2_20201027,Run2_20201124,147,20260914,0.04369255940945127
Run2_20201027,Run2_20201124,148,20260914,-0.04175802411404664
Run2_20201027,Run2_20201124,149,20260914,-0.0412496902534318
Run2_20201027,Run2_20201124,150,20260914,0.014555139800601295
Run2_20201027,Run2_20201124,151,20260914,0.02350560537435569
Run2_20201027,Run2_20201124,152,20260914,0.1023162188690877
Run2_20201027,Run2_20201124,153,20260914,0.0013806155413551972
Run2_20201027,Run2_20201124,154,20260914,0.010747813295350173
Run2_20201027,Run2_20201124,155,20260914,-0.035378386618377375
Run2_20201027,Run2_20201124,156,20260914,0.01928437757265425
Run2_20201027,Run2_20201124,157,20260914,-0.053647077763815366
Run2_20201027,Run2_20201124,158,20260914,0.00023175471602758225
Run2_20201027,Run2_20201124,159,20260914,0.2022353665650266
Run2_20201027,Run2_20201124,160,20260914,-0.048677495570586767
Run2_20201027,Run2_20201124,161,20260914,-0.043809540436291365
Run2_20201027,Run2_20201124,162,20260914,-0.01045070829327981
Run2_20201027,Run2_20201124,163,20260914,0.06420424574350783
Run2_20201027,Run2_20201124,164,20260914,0.011024094779864622
Run2_20201027,Run2_20201124,165,20260914,0.029938765071836567
Run2_20201027,Run2_20201124,166,20260914,-0.013880888516881046
Run2_20201027,Run2_20201124,167,20260914,-0.006632497423735154
Run2_20201027,Run2_20201124,168,20260914,0.11911044983347364
Run2_20201027,Run2_20201124,169,20260914,0.08413479929268496
Run2_20201027,Run2_20201124,170,20260914,0.017482629031883162
Run2_20201027,Run2_20201124,171,20260914,0.002026934685404914
Run2_20201027,Run2_20201124,172,20260914,0.08005200301957466
Run2_20201027,Run2_20201124,173,20260914,-0.011019635151365392
Run2_20201027,Run2_20201124,174,20260914,0.02015982027496351
Run2_20201027,Run2_20201124,175,20260914,-0.03870020743898915
Run2_20201027,Run2_20201124,176,20260914,0.02044275241090201
Run2_20201027,Run2_20201124,177,20260914,-0.004721109613445554
Run2_20201027,Run2_20201124,178,20260914,0.09821065789510375
Run2_20201027,Run2_20201124,179,20260914,0.004902266765595003
Run2_20201027,Run2_20201124,180,20260914,0.01741224754242803
Run2_20201027,Run2_20201124,181,20260914,-0.031838275591220586
Run2_20201027,Run2_20201124,182,20260914,-0.004625087932763303
Run2_20201027,Run2_20201124,183,20260914,-0.039036399566495565
Run2_20201027,Run2_20201124,184,20260914,0.0472120711360821
Run2_20201027,Run2_20201124,185,20260914,0.062136845215802226
Run2_20201027,Run2_20201124,186,20260914,-0.0719638817247899
Run2_20201027,Run2_20201124,187,20260914,-0.032020540164804205
Run2_20201027,Run2_20201124,188,20260914,-0.009660173798127943
Run2_20201027,Run2_20201124,189,20260914,-0.022446861277813313
Run2_20201027,Run2_20201124,190,20260914,-0.010989541480792913
Run2_20201027,Run2_20201124,191,20260914,0.015255675443630516
Run2_20201027,Run2_20201124,192,20260914,0.08577351028848668
Run2_20201027,Run2_20201124,193,20260914,0.0938697043501216
Run2_20201027,Run2_20201124,194,20260914,0.06835807429765127
Run2_20201027,Run2_20201124,195,20260914,-0.037248561137375936
Run2_20201027,Run2_20201124,196,20260914,0.019850513124884738
Run2_20201027,Run2_20201124,197,20260914,0.08921047358830494
Run2_20201027,Run2_20201124,198,20260914,0.00034796034411776415
Run2_20201027,Run2_20201124,199,20260914,0.0278034760821783
Run1_20201028,Run1_20201030,0,20260914,0.06744779385839778
Run1_20201028,Run1_20201030,1,20260914,-0.0006388417215062055
Run1_20201028,Run1_20201030,2,20260914,-0.06427781907224048
Run1_20201028,Run1_20201030,3,20260914,0.02773028790692143
Run1_20201028,Run1_20201030,4,20260914,0.030777001262600877
Run1_20201028,Run1_20201030,5,20260914,-0.026890855994758472
Run1_20201028,Run1_20201030,6,20260914,-0.025814256177135012
Run1_20201028,Run1_20201030,7,20260914,-0.01842791963028101
Run1_20201028,Run1_20201030,8,20260914,0.035470523548624316
Run1_20201028,Run1_20201030,9,20260914,0.05013261262665398
Run1_20201028,Run1_20201030,10,20260914,0.033345820937039215
Run1_20201028,Run1_20201030,11,20260914,0.16387806839923189
Run1_20201028,Run1_20201030,12,20260914,-0.036386433559322924
Run1_20201028,Run1_20201030,13,20260914,-0.022407830424533495
Run1_20201028,Run1_20201030,14,20260914,0.023108925010562466
Run1_20201028,Run1_20201030,15,20260914,-0.03912964961687612
Run1_20201028,Run1_20201030,16,20260914,-0.05164362562270364
Run1_20201028,Run1_20201030,17,20260914,0.0032913960576368396
Run1_20201028,Run1_20201030,18,20260914,-0.03190075438022582
Run1_20201028,Run1_20201030,19,20260914,-0.03253896926186096
Run1_20201028,Run1_20201030,20,20260914,-0.02961122288894721
Run1_20201028,Run1_20201030,21,20260914,-0.01547028991926095
Run1_20201028,Run1_20201030,22,20260914,-0.003557414114972405
Run1_20201028,Run1_20201030,23,20260914,0.039582003232380876
Run1_20201028,Run1_20201030,24,20260914,-0.026902933223785657
Run1_20201028,Run1_20201030,25,20260914,0.0219329428061409
Run1_20201028,Run1_20201030,26,20260914,-0.05522014446278235
Run1_20201028,Run1_20201030,27,20260914,0.016646665880423704
Run1_20201028,Run1_20201030,28,20260914,0.1213964663443876
Run1_20201028,Run1_20201030,29,20260914,-0.0004927719552547084
Run1_20201028,Run1_20201030,30,20260914,-0.051552559031633444
Run1_20201028,Run1_20201030,31,20260914,-9.63943045061589e-05
Run1_20201028,Run1_20201030,32,20260914,-0.051883892996217464
Run1_20201028,Run1_20201030,33,20260914,-0.056064559606974436
Run1_20201028,Run1_20201030,34,20260914,-0.02038219586514925
Run1_20201028,Run1_20201030,35,20260914,-0.04607614402261354
Run1_20201028,Run1_20201030,36,20260914,-0.06599749163309723
Run1_20201028,Run1_20201030,37,20260914,0.04930704937397091
Run1_20201028,Run1_20201030,38,20260914,-0.019312697750347524
Run1_20201028,Run1_20201030,39,20260914,-0.018061350269283752
Run1_20201028,Run1_20201030,40,20260914,-0.002784852516435319
Run1_20201028,Run1_20201030,41,20260914,-0.02126146203229604
Run1_20201028,Run1_20201030,42,20260914,0.053102808127415885
Run1_20201028,Run1_20201030,43,20260914,-0.05912552594980961
Run1_20201028,Run1_20201030,44,20260914,0.06067431896330978
Run1_20201028,Run1_20201030,45,20260914,0.05089264492156887
Run1_20201028,Run1_20201030,46,20260914,0.038281001070322035
Run1_20201028,Run1_20201030,47,20260914,-0.024038560899188304
Run1_20201028,Run1_20201030,48,20260914,0.0022357107830244883
Run1_20201028,Run1_20201030,49,20260914,-0.0692102551885605
Run1_20201028,Run1_20201030,50,20260914,-0.014356128817994428
Run1_20201028,Run1_20201030,51,20260914,-0.010298715211793123
Run1_20201028,Run1_20201030,52,20260914,-0.01018349364597617
Run1_20201028,Run1_20201030,53,20260914,0.024880647910447938
Run1_20201028,Run1_20201030,54,20260914,-0.03153846934871685
Run1_20201028,Run1_20201030,55,20260914,-0.016111932185821597
Run1_20201028,Run1_20201030,56,20260914,-0.03410563633442804
Run1_20201028,Run1_20201030,57,20260914,-0.012061307896071795
Run1_20201028,Run1_20201030,58,20260914,-0.020102385596860065
Run1_20201028,Run1_20201030,59,20260914,-0.04519499284740581
Run1_20201028,Run1_20201030,60,20260914,0.012615131514589175
Run1_20201028,Run1_20201030,61,20260914,0.41244502337709965
Run1_20201028,Run1_20201030,62,20260914,0.021567415006319937
Run1_20201028,Run1_20201030,63,20260914,-0.05932633679423799
Run1_20201028,Run1_20201030,64,20260914,-0.01857704780946021
Run1_20201028,Run1_20201030,65,20260914,0.07733168436456826
Run1_20201028,Run1_20201030,66,20260914,0.002433476246386614
Run1_20201028,Run1_20201030,67,20260914,-0.007107459764342059
Run1_20201028,Run1_20201030,68,20260914,0.052075928486089634
Run1_20201028,Run1_20201030,69,20260914,-0.01962937093221355
Run1_20201028,Run1_20201030,70,20260914,0.05248617974570427
Run1_20201028,Run1_20201030,71,20260914,-0.04278950437896415
Run1_20201028,Run1_20201030,72,20260914,-0.01569785787336506
Run1_20201028,Run1_20201030,73,20260914,0.021983592976130863
Run1_20201028,Run1_20201030,74,20260914,0.010386392596540825
Run1_20201028,Run1_20201030,75,20260914,-0.057157820926894295
Run1_20201028,Run1_20201030,76,20260914,-0.029781389519025467
Run1_20201028,Run1_20201030,77,20260914,0.00421595421755821
Run1_20201028,Run1_20201030,78,20260914,-0.029093148691737285
Run1_20201028,Run1_20201030,79,20260914,-0.016906640230656817
Run1_20201028,Run1_20201030,80,20260914,-0.06008898324055177
Run1_20201028,Run1_20201030,81,20260914,0.08353027887410523
Run1_20201028,Run1_20201030,82,20260914,0.02031160050678825
Run1_20201028,Run1_20201030,83,20260914,0.026884527760344876
Run1_20201028,Run1_20201030,84,20260914,0.10475688759619792
Run1_20201028,Run1_20201030,85,20260914,-0.007604772652033785
Run1_20201028,Run1_20201030,86,20260914,-0.010413588729887182
Run1_20201028,Run1_20201030,87,20260914,-0.06555048541740292
Run1_20201028,Run1_20201030,88,20260914,-0.04451393355101652
Run1_20201028,Run1_20201030,89,20260914,-0.011520511746499816
Run1_20201028,Run1_20201030,90,20260914,-0.015030549175189633
Run1_20201028,Run1_20201030,91,20260914,0.03506984179963874
Run1_20201028,Run1_20201030,92,20260914,0.056115954410507304
Run1_20201028,Run1_20201030,93,20260914,-0.004920691521454038
Run1_20201028,Run1_20201030,94,20260914,-0.02096747840930218
Run1_20201028,Run1_20201030,95,20260914,0.02580909118369247
Run1_20201028,Run1_20201030,96,20260914,-0.058447367917550154
Run1_20201028,Run1_20201030,97,20260914,-0.019964002862931214
Run1_20201028,Run1_20201030,98,20260914,-0.019928194826781074
Run1_20201028,Run1_20201030,99,20260914,-0.01425966884516143
Run1_20201028,Run1_20201030,100,20260914,-0.013002947122320484
Run1_20201028,Run1_20201030,101,20260914,0.03935068130508515
Run1_20201028,Run1_20201030,102,20260914,-0.011048508145072937
Run1_20201028,Run1_20201030,103,20260914,-0.04841855572122092
Run1_20201028,Run1_20201030,104,20260914,0.0932005056354812
Run1_20201028,Run1_20201030,105,20260914,-0.007632546671153814
Run1_20201028,Run1_20201030,106,20260914,-0.047178906361118135
Run1_20201028,Run1_20201030,107,20260914,0.02138790574379474
Run1_20201028,Run1_20201030,108,20260914,-0.016025698188880166
Run1_20201028,Run1_20201030,109,20260914,-0.012633117308243322
Run1_20201028,Run1_20201030,110,20260914,-0.018978814475233127
Run1_20201028,Run1_20201030,111,20260914,-0.006907439881076471
Run1_20201028,Run1_20201030,112,20260914,0.2501150686609958
Run1_20201028,Run1_20201030,113,20260914,0.0047602921329828705
Run1_20201028,Run1_20201030,114,20260914,-0.03688811197331143
Run1_20201028,Run1_20201030,115,20260914,-0.034650866427459945
Run1_20201028,Run1_20201030,116,20260914,-0.05405308514343047
Run1_20201028,Run1_20201030,117,20260914,-0.04923541932595743
Run1_20201028,Run1_20201030,118,20260914,-0.018237000743508546
Run1_20201028,Run1_20201030,119,20260914,0.0352512303345377
Run1_20201028,Run1_20201030,120,20260914,-0.046017151406286774
Run1_20201028,Run1_20201030,121,20260914,0.012538337462384943
Run1_20201028,Run1_20201030,122,20260914,-0.03978934786142983
Run1_20201028,Run1_20201030,123,20260914,-0.006325722263073216
Run1_20201028,Run1_20201030,124,20260914,-0.011465774382802262
Run1_20201028,Run1_20201030,125,20260914,-0.05801715131897602
Run1_20201028,Run1_20201030,126,20260914,0.004502263498369339
Run1_20201028,Run1_20201030,127,20260914,-0.0624708536069364
Run1_20201028,Run1_20201030,128,20260914,0.012937321202015456
Run1_20201028,Run1_20201030,129,20260914,-0.03006280947304177
Run1_20201028,Run1_20201030,130,20260914,-0.01998493218260641
Run1_20201028,Run1_20201030,131,20260914,0.04879202739074368
Run1_20201028,Run1_20201030,132,20260914,0.04913608446688769
Run1_20201028,Run1_20201030,133,20260914,-0.046192922446239265
Run1_20201028,Run1_20201030,134,20260914,0.05568753681134101
Run1_20201028,Run1_20201030,135,20260914,-0.06778724556459152
Run1_20201028,Run1_20201030,136,20260914,0.005986164527000479
Run1_20201028,Run1_20201030,137,20260914,-0.07186443674101708
Run1_20201028,Run1_20201030,138,20260914,-0.024419935099587533
Run1_20201028,Run1_20201030,139,20260914,0.20985182969956626
Run1_20201028,Run1_20201030,140,20260914,-0.030292648723090943
Run1_20201028,Run1_20201030,141,20260914,0.020286785519937314
Run1_20201028,Run1_20201030,142,20260914,0.044635561544872776
Run1_20201028,Run1_20201030,143,20260914,-0.02745096153779851
Run1_20201028,Run1_20201030,144,20260914,0.11834262593922655
Run1_20201028,Run1_20201030,145,20260914,-0.034027727494654075
Run1_20201028,Run1_20201030,146,20260914,0.04510290243344267
Run1_20201028,Run1_20201030,147,20260914,-0.029663016634429416
Run1_20201028,Run1_20201030,148,20260914,-0.03706430748993654
Run1_20201028,Run1_20201030,149,20260914,0.022590329446898982
Run1_20201028,Run1_20201030,150,20260914,0.037322659758304566
Run1_20201028,Run1_20201030,151,20260914,-0.01085756123400469
Run1_20201028,Run1_20201030,152,20260914,0.04216279704772463
Run1_20201028,Run1_20201030,153,20260914,0.08677261504319382
Run1_20201028,Run1_20201030,154,20260914,-0.03856181180331914
Run1_20201028,Run1_20201030,155,20260914,-0.013683610571234444
Run1_20201028,Run1_20201030,156,20260914,0.004449710820330716
Run1_20201028,Run1_20201030,157,20260914,0.03135331168307912
Run1_20201028,Run1_20201030,158,20260914,-0.06553780262338359
Run1_20201028,Run1_20201030,159,20260914,0.21398788242353226
Run1_20201028,Run1_20201030,160,20260914,-0.06538018536812464
Run1_20201028,Run1_20201030,161,20260914,-0.04161743544884128
Run1_20201028,Run1_20201030,162,20260914,-0.03416369593211126
Run1_20201028,Run1_20201030,163,20260914,-0.08635235960152882
Run1_20201028,Run1_20201030,164,20260914,0.11169683657106608
Run1_20201028,Run1_20201030,165,20260914,-0.0496745434437869
Run1_20201028,Run1_20201030,166,20260914,-0.020660815746267127
Run1_20201028,Run1_20201030,167,20260914,0.12946865873231436
Run1_20201028,Run1_20201030,168,20260914,0.020889381259759258
Run1_20201028,Run1_20201030,169,20260914,0.005038474298520769
Run1_20201028,Run1_20201030,170,20260914,-0.05213638450369653
Run1_20201028,Run1_20201030,171,20260914,-0.0019281272197677166
Run1_20201028,Run1_20201030,172,20260914,0.07156874254661082
Run1_20201028,Run1_20201030,173,20260914,0.05169884038725779
Run1_20201028,Run1_20201030,174,20260914,-0.0261351884937468
Run1_20201028,Run1_20201030,175,20260914,-0.06706903010287847
Run1_20201028,Run1_20201030,176,20260914,-0.005612690318950645
Run1_20201028,Run1_20201030,177,20260914,-0.033776809882462726
Run1_20201028,Run1_20201030,178,20260914,0.004495545736365409
Run1_20201028,Run1_20201030,179,20260914,0.08333328190855654
Run1_20201028,Run1_20201030,180,20260914,-0.030919990152716705
Run1_20201028,Run1_20201030,181,20260914,-0.027418666940360915
Run1_20201028,Run1_20201030,182,20260914,-0.026374169721037448
Run1_20201028,Run1_20201030,183,20260914,-0.06774901286769933
Run1_20201028,Run1_20201030,184,20260914,-0.029154969552230296
Run1_20201028,Run1_20201030,185,20260914,0.02694371223088165
Run1_20201028,Run1_20201030,186,20260914,0.01715684159979362
Run1_20201028,Run1_20201030,187,20260914,-0.044565499482324404
Run1_20201028,Run1_20201030,188,20260914,-0.0635309964839309
Run1_20201028,Run1_20201030,189,20260914,0.06411981475761852
Run1_20201028,Run1_20201030,190,20260914,0.022676530459651567
Run1_20201028,Run1_20201030,191,20260914,-0.028815365543513962
Run1_20201028,Run1_20201030,192,20260914,0.03598656798468621
Run1_20201028,Run1_20201030,193,20260914,-0.03267731333680565
Run1_20201028,Run1_20201030,194,20260914,-0.06012973536606379
Run1_20201028,Run1_20201030,195,20260914,0.16112096529170625
Run1_20201028,Run1_20201030,196,20260914,0.12329527006333209
Run1_20201028,Run1_20201030,197,20260914,-0.05570699562585574
Run1_20201028,Run1_20201030,198,20260914,-0.023727222734448057
Run1_20201028,Run1_20201030,199,20260914,-0.026526760343436772
Run1_20201028,Run2_20201030,0,20260914,-0.05781428193363557
Run1_20201028,Run2_20201030,1,20260914,-0.0038785599067401033
Run1_20201028,Run2_20201030,2,20260914,-0.0040262356728331785
Run1_20201028,Run2_20201030,3,20260914,0.10323048360929683
Run1_20201028,Run2_20201030,4,20260914,-0.007329277369800414
Run1_20201028,Run2_20201030,5,20260914,-0.025488818940701687
Run1_20201028,Run2_20201030,6,20260914,-0.027428002944387
Run1_20201028,Run2_20201030,7,20260914,0.06020682690772326
Run1_20201028,Run2_20201030,8,20260914,0.05519622945552422
Run1_20201028,Run2_20201030,9,20260914,-0.04062955610979526
Run1_20201028,Run2_20201030,10,20260914,-0.056451897748654535
Run1_20201028,Run2_20201030,11,20260914,0.02429699850320011
Run1_20201028,Run2_20201030,12,20260914,0.004792040926856152
Run1_20201028,Run2_20201030,13,20260914,-0.025921691364464972
Run1_20201028,Run2_20201030,14,20260914,-0.04030286606107523
Run1_20201028,Run2_20201030,15,20260914,-0.02829069158170011
Run1_20201028,Run2_20201030,16,20260914,-0.03819016865105412
Run1_20201028,Run2_20201030,17,20260914,-0.03048573339650324
Run1_20201028,Run2_20201030,18,20260914,-0.015602229203899125
Run1_20201028,Run2_20201030,19,20260914,-0.039319465216868896
Run1_20201028,Run2_20201030,20,20260914,0.05622353205233609
Run1_20201028,Run2_20201030,21,20260914,-0.04960346100869905
Run1_20201028,Run2_20201030,22,20260914,0.03273575497590285
Run1_20201028,Run2_20201030,23,20260914,0.21063581614990903
Run1_20201028,Run2_20201030,24,20260914,-0.009414970267193996
Run1_20201028,Run2_20201030,25,20260914,-0.04871979186177642
Run1_20201028,Run2_20201030,26,20260914,0.11951805491241307
Run1_20201028,Run2_20201030,27,20260914,-0.05702767220537797
Run1_20201028,Run2_20201030,28,20260914,-0.0679748219164475
Run1_20201028,Run2_20201030,29,20260914,0.05757622910669576
Run1_20201028,Run2_20201030,30,20260914,-0.0763197352627485
Run1_20201028,Run2_20201030,31,20260914,-0.023246701887885166
Run1_20201028,Run2_20201030,32,20260914,-0.000872778183594324
Run1_20201028,Run2_20201030,33,20260914,-0.03156083086942073
Run1_20201028,Run2_20201030,34,20260914,0.030474974982138584
Run1_20201028,Run2_20201030,35,20260914,-0.007932724070788445
Run1_20201028,Run2_20201030,36,20260914,-0.020599936503173613
Run1_20201028,Run2_20201030,37,20260914,-0.045986466510873146
Run1_20201028,Run2_20201030,38,20260914,-0.02074880950108772
Run1_20201028,Run2_20201030,39,20260914,0.07942208407360565
Run1_20201028,Run2_20201030,40,20260914,-0.03318233246519754
Run1_20201028,Run2_20201030,41,20260914,0.01557477135979655
Run1_20201028,Run2_20201030,42,20260914,-0.0021453100632131024
Run1_20201028,Run2_20201030,43,20260914,-0.027094565243939286
Run1_20201028,Run2_20201030,44,20260914,0.11416516335719905
Run1_20201028,Run2_20201030,45,20260914,-0.04580871032972027
Run1_20201028,Run2_20201030,46,20260914,-0.0596953660706603
Run1_20201028,Run2_20201030,47,20260914,0.020226396423646178
Run1_20201028,Run2_20201030,48,20260914,-0.06923261687637312
Run1_20201028,Run2_20201030,49,20260914,-0.011557272139194094
Run1_20201028,Run2_20201030,50,20260914,-0.021654157095481748
Run1_20201028,Run2_20201030,51,20260914,-0.03181584520209035
Run1_20201028,Run2_20201030,52,20260914,0.00894869161678802
Run1_20201028,Run2_20201030,53,20260914,-0.06778989322659819
Run1_20201028,Run2_20201030,54,20260914,-0.061851271388254206
Run1_20201028,Run2_20201030,55,20260914,-0.03443444708032654
Run1_20201028,Run2_20201030,56,20260914,-0.06299855056884668
Run1_20201028,Run2_20201030,57,20260914,-0.05362785203711864
Run1_20201028,Run2_20201030,58,20260914,-0.061387396496521175
Run1_20201028,Run2_20201030,59,20260914,-0.00853980083719331
Run1_20201028,Run2_20201030,60,20260914,-0.011364148800047906
Run1_20201028,Run2_20201030,61,20260914,0.03354491847637643
Run1_20201028,Run2_20201030,62,20260914,-0.047761246214150344
Run1_20201028,Run2_20201030,63,20260914,-0.02120806505139797
Run1_20201028,Run2_20201030,64,20260914,-0.04107179794036969
Run1_20201028,Run2_20201030,65,20260914,0.08169070800954782
Run1_20201028,Run2_20201030,66,20260914,-0.019578639239164655
Run1_20201028,Run2_20201030,67,20260914,0.28877237262016764
Run1_20201028,Run2_20201030,68,20260914,-0.04312152357368819
Run1_20201028,Run2_20201030,69,20260914,-0.012011162482334529
Run1_20201028,Run2_20201030,70,20260914,0.0039149636181177614
Run1_20201028,Run2_20201030,71,20260914,0.00022446219834164685
Run1_20201028,Run2_20201030,72,20260914,-0.04581125042710786
Run1_20201028,Run2_20201030,73,20260914,-0.038311924350626074
Run1_20201028,Run2_20201030,74,20260914,0.0537347012327581
Run1_20201028,Run2_20201030,75,20260914,0.09155106413297137
Run1_20201028,Run2_20201030,76,20260914,0.09044929732292004
Run1_20201028,Run2_20201030,77,20260914,-0.04918965968720452
Run1_20201028,Run2_20201030,78,20260914,-0.002616126557731414
Run1_20201028,Run2_20201030,79,20260914,-0.05045805529679624
Run1_20201028,Run2_20201030,80,20260914,0.048161632687895896
Run1_20201028,Run2_20201030,81,20260914,-0.0007419881247611803
Run1_20201028,Run2_20201030,82,20260914,0.11882657921705299
Run1_20201028,Run2_20201030,83,20260914,0.004418436709595479
Run1_20201028,Run2_20201030,84,20260914,0.05977891509373168
Run1_20201028,Run2_20201030,85,20260914,0.11226478505565332
Run1_20201028,Run2_20201030,86,20260914,-0.024078439540212365
Run1_20201028,Run2_20201030,87,20260914,-0.06638886606106048
Run1_20201028,Run2_20201030,88,20260914,-0.037736265509074086
Run1_20201028,Run2_20201030,89,20260914,0.19087828488349692
Run1_20201028,Run2_20201030,90,20260914,-0.020968900924572736
Run1_20201028,Run2_20201030,91,20260914,0.11422057130689214
Run1_20201028,Run2_20201030,92,20260914,-0.03139935972736834
Run1_20201028,Run2_20201030,93,20260914,0.04117563437732961
Run1_20201028,Run2_20201030,94,20260914,0.11955348067943253
Run1_20201028,Run2_20201030,95,20260914,0.03237711623751353
Run1_20201028,Run2_20201030,96,20260914,-0.030151059139782128
Run1_20201028,Run2_20201030,97,20260914,0.0280328160732929
Run1_20201028,Run2_20201030,98,20260914,-0.02917323319757567
Run1_20201028,Run2_20201030,99,20260914,-0.01924518888011706
Run1_20201028,Run2_20201030,100,20260914,-0.03434893079576528
Run1_20201028,Run2_20201030,101,20260914,0.20517582120321326
Run1_20201028,Run2_20201030,102,20260914,-0.01601673607636675
Run1_20201028,Run2_20201030,103,20260914,0.006337288232122568
Run1_20201028,Run2_20201030,104,20260914,0.01740206584527823
Run1_20201028,Run2_20201030,105,20260914,-0.03108694376087084
Run1_20201028,Run2_20201030,106,20260914,-0.048726672123050596
Run1_20201028,Run2_20201030,107,20260914,-0.023356273989942385
Run1_20201028,Run2_20201030,108,20260914,-0.010440010648517364
Run1_20201028,Run2_20201030,109,20260914,-0.05598132666828658
Run1_20201028,Run2_20201030,110,20260914,-0.023265862613558615
Run1_20201028,Run2_20201030,111,20260914,-0.07468547430796194
Run1_20201028,Run2_20201030,112,20260914,0.026259542651923238
Run1_20201028,Run2_20201030,113,20260914,-0.008184572585006931
Run1_20201028,Run2_20201030,114,20260914,0.014794825581688303
Run1_20201028,Run2_20201030,115,20260914,0.028980528319844136
Run1_20201028,Run2_20201030,116,20260914,-0.0578613453103152
Run1_20201028,Run2_20201030,117,20260914,-0.010676905078591021
Run1_20201028,Run2_20201030,118,20260914,0.11221694418324028
Run1_20201028,Run2_20201030,119,20260914,-0.05104297915616171
Run1_20201028,Run2_20201030,120,20260914,-0.0035181575343592487
Run1_20201028,Run2_20201030,121,20260914,-0.039791209118301724
Run1_20201028,Run2_20201030,122,20260914,0.04047794147011118
Run1_20201028,Run2_20201030,123,20260914,-0.033026248599852426
Run1_20201028,Run2_20201030,124,20260914,0.03625886982608062
Run1_20201028,Run2_20201030,125,20260914,0.030833188697082653
Run1_20201028,Run2_20201030,126,20260914,0.027876629376651075
Run1_20201028,Run2_20201030,127,20260914,0.0071330340004601275
Run1_20201028,Run2_20201030,128,20260914,0.0807160902117084
Run1_20201028,Run2_20201030,129,20260914,-0.056686320452145805
Run1_20201028,Run2_20201030,130,20260914,0.10931948770594808
Run1_20201028,Run2_20201030,131,20260914,-0.022221823834237146
Run1_20201028,Run2_20201030,132,20260914,-0.020320082366347407
Run1_20201028,Run2_20201030,133,20260914,0.12026056119146339
Run1_20201028,Run2_20201030,134,20260914,-0.03909208262572102
Run1_20201028,Run2_20201030,135,20260914,-0.041441880815839126
Run1_20201028,Run2_20201030,136,20260914,-0.04385059501162644
Run1_20201028,Run2_20201030,137,20260914,0.059951615550448346
Run1_20201028,Run2_20201030,138,20260914,-0.05725776083155285
Run1_20201028,Run2_20201030,139,20260914,0.004825055597700055
Run1_20201028,Run2_20201030,140,20260914,0.001582460392793951
Run1_20201028,Run2_20201030,141,20260914,-0.012721972567079392
Run1_20201028,Run2_20201030,142,20260914,0.019177859402359963
Run1_20201028,Run2_20201030,143,20260914,-0.013335691857307782
Run1_20201028,Run2_20201030,144,20260914,-0.041873979333389384
Run1_20201028,Run2_20201030,145,20260914,-0.03708363285194287
Run1_20201028,Run2_20201030,146,20260914,-0.051858288148382316
Run1_20201028,Run2_20201030,147,20260914,0.0014699803323846255
Run1_20201028,Run2_20201030,148,20260914,-0.032311833060144436
Run1_20201028,Run2_20201030,149,20260914,-0.027019765092722792
Run1_20201028,Run2_20201030,150,20260914,0.0026551619795335984
Run1_20201028,Run2_20201030,151,20260914,0.07754010031843929
Run1_20201028,Run2_20201030,152,20260914,-0.0391408853236214
Run1_20201028,Run2_20201030,153,20260914,-0.062314483600686844
Run1_20201028,Run2_20201030,154,20260914,0.05645944983618278
Run1_20201028,Run2_20201030,155,20260914,-0.02219593789443897
Run1_20201028,Run2_20201030,156,20260914,0.06643610288944558
Run1_20201028,Run2_20201030,157,20260914,-0.05204639204343444
Run1_20201028,Run2_20201030,158,20260914,-0.011727554110896385
Run1_20201028,Run2_20201030,159,20260914,-0.06455665659104542
Run1_20201028,Run2_20201030,160,20260914,0.02590666853063014
Run1_20201028,Run2_20201030,161,20260914,-0.03867825512992712
Run1_20201028,Run2_20201030,162,20260914,-0.022470854846200972
Run1_20201028,Run2_20201030,163,20260914,0.026514399542568196
Run1_20201028,Run2_20201030,164,20260914,-0.007705543784828249
Run1_20201028,Run2_20201030,165,20260914,0.014570544751192196
Run1_20201028,Run2_20201030,166,20260914,0.03799341958958898
Run1_20201028,Run2_20201030,167,20260914,0.006381870246340631
Run1_20201028,Run2_20201030,168,20260914,0.09036724930762832
Run1_20201028,Run2_20201030,169,20260914,-0.01769315923514989
Run1_20201028,Run2_20201030,170,20260914,-0.055294539193073845
Run1_20201028,Run2_20201030,171,20260914,-0.026742414342529
Run1_20201028,Run2_20201030,172,20260914,-0.007101275851471567
Run1_20201028,Run2_20201030,173,20260914,-0.05357787088170919
Run1_20201028,Run2_20201030,174,20260914,0.06565341779838761
Run1_20201028,Run2_20201030,175,20260914,0.41329125316005666
Run1_20201028,Run2_20201030,176,20260914,0.050276876936128354
Run1_20201028,Run2_20201030,177,20260914,0.002246161880628087
Run1_20201028,Run2_20201030,178,20260914,-0.029985446865094807
Run1_20201028,Run2_20201030,179,20260914,-0.046229964307627804
Run1_20201028,Run2_20201030,180,20260914,0.008360952066026663
Run1_20201028,Run2_20201030,181,20260914,-0.05758581805527168
Run1_20201028,Run2_20201030,182,20260914,0.10414486219871462
Run1_20201028,Run2_20201030,183,20260914,-0.013417087459816686
Run1_20201028,Run2_20201030,184,20260914,0.12958398420053674
Run1_20201028,Run2_20201030,185,20260914,-0.05616043538835776
Run1_20201028,Run2_20201030,186,20260914,0.0007861573280338513
Run1_20201028,Run2_20201030,187,20260914,-0.025679467119747883
Run1_20201028,Run2_20201030,188,20260914,0.0074351558110151185
Run1_20201028,Run2_20201030,189,20260914,-0.025165492818093334
Run1_20201028,Run2_20201030,190,20260914,0.0016457213925544997
Run1_20201028,Run2_20201030,191,20260914,0.11246962745803284
Run1_20201028,Run2_20201030,192,20260914,0.04917186374923847
Run1_20201028,Run2_20201030,193,20260914,0.003340613393606927
Run1_20201028,Run2_20201030,194,20260914,-0.05360958241317392
Run1_20201028,Run2_20201030,195,20260914,-0.03454820373452424
Run1_20201028,Run2_20201030,196,20260914,0.006603851978490965
Run1_20201028,Run2_20201030,197,20260914,-0.035156562918389596
Run1_20201028,Run2_20201030,198,20260914,0.08129446673691584
Run1_20201028,Run2_20201030,199,20260914,-0.054271597457133336
Run1_20201028,Run1_20201118,0,20260914,-0.02225650149070811
Run1_20201028,Run1_20201118,1,20260914,0.07787344642632231
Run1_20201028,Run1_20201118,2,20260914,-0.004301326498642919
Run1_20201028,Run1_20201118,3,20260914,0.08921605889366566
Run1_20201028,Run1_20201118,4,20260914,0.0028283050473586905
Run1_20201028,Run1_20201118,5,20260914,0.022264143410463424
Run1_20201028,Run1_20201118,6,20260914,-0.045657673166490526
Run1_20201028,Run1_20201118,7,20260914,0.06815917047564858
Run1_20201028,Run1_20201118,8,20260914,-0.012009688165113809
Run1_20201028,Run1_20201118,9,20260914,0.10029967984678995
Run1_20201028,Run1_20201118,10,20260914,-0.03498818836143033
Run1_20201028,Run1_20201118,11,20260914,-0.06463179080766028
Run1_20201028,Run1_20201118,12,20260914,0.018798340560823943
Run1_20201028,Run1_20201118,13,20260914,0.10517633029478292
Run1_20201028,Run1_20201118,14,20260914,-0.02919855622690416
Run1_20201028,Run1_20201118,15,20260914,-0.0625871574323638
Run1_20201028,Run1_20201118,16,20260914,0.035194477026616613
Run1_20201028,Run1_20201118,17,20260914,0.008557285863167521
Run1_20201028,Run1_20201118,18,20260914,-0.037561405265671165
Run1_20201028,Run1_20201118,19,20260914,0.0032608120382384745
Run1_20201028,Run1_20201118,20,20260914,0.12074288072701989
Run1_20201028,Run1_20201118,21,20260914,0.08661378769855405
Run1_20201028,Run1_20201118,22,20260914,-0.021235799371060824
Run1_20201028,Run1_20201118,23,20260914,0.028080168651236012
Run1_20201028,Run1_20201118,24,20260914,-0.06411662528173324
Run1_20201028,Run1_20201118,25,20260914,0.1507906165590233
Run1_20201028,Run1_20201118,26,20260914,-0.047486083288090494
Run1_20201028,Run1_20201118,27,20260914,-0.03993536940059488
Run1_20201028,Run1_20201118,28,20260914,0.046687568115651744
Run1_20201028,Run1_20201118,29,20260914,0.13784247444854472
Run1_20201028,Run1_20201118,30,20260914,0.021103166823032926
Run1_20201028,Run1_20201118,31,20260914,0.0004140854414018533
Run1_20201028,Run1_20201118,32,20260914,-0.07405001675446132
Run1_20201028,Run1_20201118,33,20260914,0.06254598066786118
Run1_20201028,Run1_20201118,34,20260914,0.24475983754571531
Run1_20201028,Run1_20201118,35,20260914,0.05653231347258338
Run1_20201028,Run1_20201118,36,20260914,0.11079235528926046
Run1_20201028,Run1_20201118,37,20260914,-0.05592016554380416
Run1_20201028,Run1_20201118,38,20260914,-0.082249264533702
Run1_20201028,Run1_20201118,39,20260914,0.018085745990941662
Run1_20201028,Run1_20201118,40,20260914,0.12861453177796328
Run1_20201028,Run1_20201118,41,20260914,-0.07608596741608076
Run1_20201028,Run1_20201118,42,20260914,0.04676268263814495
Run1_20201028,Run1_20201118,43,20260914,0.0010301173545454083
Run1_20201028,Run1_20201118,44,20260914,0.08129983823734103
Run1_20201028,Run1_20201118,45,20260914,-0.041222842008278825
Run1_20201028,Run1_20201118,46,20260914,-0.059751334689760634
Run1_20201028,Run1_20201118,47,20260914,-0.00908181852209251
Run1_20201028,Run1_20201118,48,20260914,0.01333156462348552
Run1_20201028,Run1_20201118,49,20260914,0.01669106895936631
Run1_20201028,Run1_20201118,50,20260914,-0.04156250184737824
Run1_20201028,Run1_20201118,51,20260914,-0.03958512985733955
Run1_20201028,Run1_20201118,52,20260914,-0.08166728457848521
Run1_20201028,Run1_20201118,53,20260914,0.11069881391065389
Run1_20201028,Run1_20201118,54,20260914,-0.044406834071690604
Run1_20201028,Run1_20201118,55,20260914,-0.047195028765656954
Run1_20201028,Run1_20201118,56,20260914,-0.03999853535275269
Run1_20201028,Run1_20201118,57,20260914,-0.043639718641734236
Run1_20201028,Run1_20201118,58,20260914,-0.02681869522329228
Run1_20201028,Run1_20201118,59,20260914,-0.008444648331703625
Run1_20201028,Run1_20201118,60,20260914,0.016240078313583668
Run1_20201028,Run1_20201118,61,20260914,-0.04147111205920513
Run1_20201028,Run1_20201118,62,20260914,0.06280536652330727
Run1_20201028,Run1_20201118,63,20260914,-0.06717566711139523
Run1_20201028,Run1_20201118,64,20260914,0.09869527641789216
Run1_20201028,Run1_20201118,65,20260914,0.02865869531247362
Run1_20201028,Run1_20201118,66,20260914,-0.034688177337181644
Run1_20201028,Run1_20201118,67,20260914,-0.07933402020883923
Run1_20201028,Run1_20201118,68,20260914,-0.09196513119886536
Run1_20201028,Run1_20201118,69,20260914,-0.09045881325932112
Run1_20201028,Run1_20201118,70,20260914,-0.09194006217333217
Run1_20201028,Run1_20201118,71,20260914,-0.09936712795141465
Run1_20201028,Run1_20201118,72,20260914,-0.055894952693292456
Run1_20201028,Run1_20201118,73,20260914,-0.04842066549533194
Run1_20201028,Run1_20201118,74,20260914,-0.03801473871323317
Run1_20201028,Run1_20201118,75,20260914,-0.0412927489349258
Run1_20201028,Run1_20201118,76,20260914,-0.05259979263514615
Run1_20201028,Run1_20201118,77,20260914,0.07786251001219986
Run1_20201028,Run1_20201118,78,20260914,-0.08475899002208126
Run1_20201028,Run1_20201118,79,20260914,-0.04096913383469207
Run1_20201028,Run1_20201118,80,20260914,0.02007394228026984
Run1_20201028,Run1_20201118,81,20260914,0.07142334351363533
Run1_20201028,Run1_20201118,82,20260914,0.3591447751340278
Run1_20201028,Run1_20201118,83,20260914,0.02080030383840976
Run1_20201028,Run1_20201118,84,20260914,0.0030255237208406016
Run1_20201028,Run1_20201118,85,20260914,-0.06539304832416484
Run1_20201028,Run1_20201118,86,20260914,-0.07915489293668077
Run1_20201028,Run1_20201118,87,20260914,-0.06302785518308981
Run1_20201028,Run1_20201118,88,20260914,-0.03548477232745803
Run1_20201028,Run1_20201118,89,20260914,0.2504266879667015
Run1_20201028,Run1_20201118,90,20260914,0.020024473922219243
Run1_20201028,Run1_20201118,91,20260914,-0.04531879525856279
Run1_20201028,Run1_20201118,92,20260914,0.10919164468630266
Run1_20201028,Run1_20201118,93,20260914,-0.044085682207659245
Run1_20201028,Run1_20201118,94,20260914,0.02452089655540168
Run1_20201028,Run1_20201118,95,20260914,-0.027871095468404942
Run1_20201028,Run1_20201118,96,20260914,0.0043661732134396706
Run1_20201028,Run1_20201118,97,20260914,0.019037347494202238
Run1_20201028,Run1_20201118,98,20260914,-0.0180594153235845
Run1_20201028,Run1_20201118,99,20260914,0.10755535836490906
Run1_20201028,Run1_20201118,100,20260914,0.10289010760582862
Run1_20201028,Run1_20201118,101,20260914,0.043457837576884165
Run1_20201028,Run1_20201118,102,20260914,-0.015967551775682494
Run1_20201028,Run1_20201118,103,20260914,-0.06929069295138582
Run1_20201028,Run1_20201118,104,20260914,-0.02485185812804144
Run1_20201028,Run1_20201118,105,20260914,0.10083973293089603
Run1_20201028,Run1_20201118,106,20260914,0.044532009949271166
Run1_20201028,Run1_20201118,107,20260914,-0.023802186761095686
Run1_20201028,Run1_20201118,108,20260914,0.17279140904579243
Run1_20201028,Run1_20201118,109,20260914,0.044047159967613846
Run1_20201028,Run1_20201118,110,20260914,-0.03131268982879016
Run1_20201028,Run1_20201118,111,20260914,0.021593353556668186
Run1_20201028,Run1_20201118,112,20260914,-0.01555331865658363
Run1_20201028,Run1_20201118,113,20260914,0.0579767271255012
Run1_20201028,Run1_20201118,114,20260914,-0.055753764840177515
Run1_20201028,Run1_20201118,115,20260914,0.012955322296453986
Run1_20201028,Run1_20201118,116,20260914,0.08191290429951122
Run1_20201028,Run1_20201118,117,20260914,0.13313266981398839
Run1_20201028,Run1_20201118,118,20260914,-0.005693155432569125
Run1_20201028,Run1_20201118,119,20260914,0.006228605367449837
Run1_20201028,Run1_20201118,120,20260914,0.07171807578659165
Run1_20201028,Run1_20201118,121,20260914,0.08711909755813031
Run1_20201028,Run1_20201118,122,20260914,0.0076330430313978626
Run1_20201028,Run1_20201118,123,20260914,-0.05662191009036129
Run1_20201028,Run1_20201118,124,20260914,-0.02133274192847743
Run1_20201028,Run1_20201118,125,20260914,0.010984296045182737
Run1_20201028,Run1_20201118,126,20260914,-0.011616167799397961
Run1_20201028,Run1_20201118,127,20260914,0.03889429525887665
Run1_20201028,Run1_20201118,128,20260914,-0.02580136894162501
Run1_20201028,Run1_20201118,129,20260914,-0.07662604757766145
Run1_20201028,Run1_20201118,130,20260914,0.0796105472316887
Run1_20201028,Run1_20201118,131,20260914,-0.0020237810949535148
Run1_20201028,Run1_20201118,132,20260914,0.007586159329676001
Run1_20201028,Run1_20201118,133,20260914,-0.04769899129907009
Run1_20201028,Run1_20201118,134,20260914,0.10055534740433829
Run1_20201028,Run1_20201118,135,20260914,-0.04783355419213857
Run1_20201028,Run1_20201118,136,20260914,-0.0326346779229611
Run1_20201028,Run1_20201118,137,20260914,-0.04969384506716448
Run1_20201028,Run1_20201118,138,20260914,-0.02784725233446668
Run1_20201028,Run1_20201118,139,20260914,0.10665566234228596
Run1_20201028,Run1_20201118,140,20260914,-0.06118537072841886
Run1_20201028,Run1_20201118,141,20260914,-0.0029403947345372035
Run1_20201028,Run1_20201118,142,20260914,0.029558583758634037
Run1_20201028,Run1_20201118,143,20260914,0.03468403519856322
Run1_20201028,Run1_20201118,144,20260914,-0.058598239305804385
Run1_20201028,Run1_20201118,145,20260914,-0.030153675845426806
Run1_20201028,Run1_20201118,146,20260914,0.1895821817025032
Run1_20201028,Run1_20201118,147,20260914,-0.004982356218971495
Run1_20201028,Run1_20201118,148,20260914,0.040736360672683505
Run1_20201028,Run1_20201118,149,20260914,0.010758598825489138
Run1_20201028,Run1_20201118,150,20260914,0.07005508134672687
Run1_20201028,Run1_20201118,151,20260914,-0.019900494155614873
Run1_20201028,Run1_20201118,152,20260914,-0.023758418288622917
Run1_20201028,Run1_20201118,153,20260914,-0.08020435736361411
Run1_20201028,Run1_20201118,154,20260914,0.009423269623090464
Run1_20201028,Run1_20201118,155,20260914,0.040407043937446936
Run1_20201028,Run1_20201118,156,20260914,-0.0344837125464961
Run1_20201028,Run1_20201118,157,20260914,-0.07703196254860756
Run1_20201028,Run1_20201118,158,20260914,0.07303509816777855
Run1_20201028,Run1_20201118,159,20260914,-0.05489627068084043
Run1_20201028,Run1_20201118,160,20260914,0.17800723610044164
Run1_20201028,Run1_20201118,161,20260914,0.06592387037447829
Run1_20201028,Run1_20201118,162,20260914,0.019085734371915974
Run1_20201028,Run1_20201118,163,20260914,-0.014287198365205098
Run1_20201028,Run1_20201118,164,20260914,-0.07141442738132636
Run1_20201028,Run1_20201118,165,20260914,-0.04669461147392214
Run1_20201028,Run1_20201118,166,20260914,-0.010490925054982633
Run1_20201028,Run1_20201118,167,20260914,-0.005275597931134397
Run1_20201028,Run1_20201118,168,20260914,-0.03905599183385057
Run1_20201028,Run1_20201118,169,20260914,0.12510341003784753
Run1_20201028,Run1_20201118,170,20260914,8.768926056506835e-06
Run1_20201028,Run1_20201118,171,20260914,-0.0032154733448900292
Run1_20201028,Run1_20201118,172,20260914,0.15905723465794427
Run1_20201028,Run1_20201118,173,20260914,0.15575875134762715
Run1_20201028,Run1_20201118,174,20260914,0.08450543419494141
Run1_20201028,Run1_20201118,175,20260914,-0.03897563862750084
Run1_20201028,Run1_20201118,176,20260914,-0.05584716124883141
Run1_20201028,Run1_20201118,177,20260914,-0.09527625792877306
Run1_20201028,Run1_20201118,178,20260914,0.0741672074356742
Run1_20201028,Run1_20201118,179,20260914,0.0013497933008856642
Run1_20201028,Run1_20201118,180,20260914,-0.029316988754564018
Run1_20201028,Run1_20201118,181,20260914,-0.014314451992213699
Run1_20201028,Run1_20201118,182,20260914,-0.052376840306641886
Run1_20201028,Run1_20201118,183,20260914,-0.061359361327484666
Run1_20201028,Run1_20201118,184,20260914,0.014570815551546335
Run1_20201028,Run1_20201118,185,20260914,0.0024783295039018066
Run1_20201028,Run1_20201118,186,20260914,-0.05186111671779767
Run1_20201028,Run1_20201118,187,20260914,-0.05114019610029872
Run1_20201028,Run1_20201118,188,20260914,-0.04415426471462311
Run1_20201028,Run1_20201118,189,20260914,0.007104047692583982
Run1_20201028,Run1_20201118,190,20260914,-0.01976902840160957
Run1_20201028,Run1_20201118,191,20260914,0.08557151278470056
Run1_20201028,Run1_20201118,192,20260914,-0.047053307328871564
Run1_20201028,Run1_20201118,193,20260914,0.0799554009345318
Run1_20201028,Run1_20201118,194,20260914,-0.053481347034618584
Run1_20201028,Run1_20201118,195,20260914,0.08053162082924592
Run1_20201028,Run1_20201118,196,20260914,-0.03848378952220595
Run1_20201028,Run1_20201118,197,20260914,-0.0720629247570163
Run1_20201028,Run1_20201118,198,20260914,-0.03336561453801569
Run1_20201028,Run1_20201118,199,20260914,0.0023689332424665223
Run1_20201028,Run1_20201119,0,20260914,0.04559960203086112
Run1_20201028,Run1_20201119,1,20260914,0.1163320672717428
Run1_20201028,Run1_20201119,2,20260914,-0.0397560129964579
Run1_20201028,Run1_20201119,3,20260914,-0.038162530494580495
Run1_20201028,Run1_20201119,4,20260914,0.007981192641227411
Run1_20201028,Run1_20201119,5,20260914,0.012295243340856842
Run1_20201028,Run1_20201119,6,20260914,-0.012964665099963175
Run1_20201028,Run1_20201119,7,20260914,0.0024290924229001427
Run1_20201028,Run1_20201119,8,20260914,-0.029953109090146517
Run1_20201028,Run1_20201119,9,20260914,-0.01005401809628684
Run1_20201028,Run1_20201119,10,20260914,-0.025973874482265402
Run1_20201028,Run1_20201119,11,20260914,-0.05003311929316437
Run1_20201028,Run1_20201119,12,20260914,-0.01314419391178009
Run1_20201028,Run1_20201119,13,20260914,-0.08142374752486721
Run1_20201028,Run1_20201119,14,20260914,0.030560161665211548
Run1_20201028,Run1_20201119,15,20260914,0.0016191440246440558
Run1_20201028,Run1_20201119,16,20260914,-0.0030989509343024415
Run1_20201028,Run1_20201119,17,20260914,-0.03767210269428636
Run1_20201028,Run1_20201119,18,20260914,-0.030734021238475576
Run1_20201028,Run1_20201119,19,20260914,0.021573282813884695
Run1_20201028,Run1_20201119,20,20260914,-0.008122042799144748
Run1_20201028,Run1_20201119,21,20260914,-0.060298624504449914
Run1_20201028,Run1_20201119,22,20260914,-0.01867445435477301
Run1_20201028,Run1_20201119,23,20260914,-0.0018050029079989796
Run1_20201028,Run1_20201119,24,20260914,-0.007626382311785518
Run1_20201028,Run1_20201119,25,20260914,-0.05251993660263954
Run1_20201028,Run1_20201119,26,20260914,-0.050047662505416146
Run1_20201028,Run1_20201119,27,20260914,0.01663275570973993
Run1_20201028,Run1_20201119,28,20260914,-0.07182573416429787
Run1_20201028,Run1_20201119,29,20260914,0.04481962146551461
Run1_20201028,Run1_20201119,30,20260914,-0.03207860124015024
Run1_20201028,Run1_20201119,31,20260914,-0.06145284254077332
Run1_20201028,Run1_20201119,32,20260914,-0.02938387639846084
Run1_20201028,Run1_20201119,33,20260914,-0.02985163763809216
Run1_20201028,Run1_20201119,34,20260914,0.03718733851980789
Run1_20201028,Run1_20201119,35,20260914,-0.022524592484166134
Run1_20201028,Run1_20201119,36,20260914,0.08475202691292243
Run1_20201028,Run1_20201119,37,20260914,-0.06236680304461132
Run1_20201028,Run1_20201119,38,20260914,-0.003052668953878948
Run1_20201028,Run1_20201119,39,20260914,0.11794096995450425
Run1_20201028,Run1_20201119,40,20260914,0.021619654410658124
Run1_20201028,Run1_20201119,41,20260914,-0.009975020018999525
Run1_20201028,Run1_20201119,42,20260914,0.29122259217699475
Run1_20201028,Run1_20201119,43,20260914,-0.056517600958146584
Run1_20201028,Run1_20201119,44,20260914,0.05404533698207522
Run1_20201028,Run1_20201119,45,20260914,-0.05669204216564336
Run1_20201028,Run1_20201119,46,20260914,-0.019331433846751903
Run1_20201028,Run1_20201119,47,20260914,0.010000830755811057
Run1_20201028,Run1_20201119,48,20260914,0.003762735988860927
Run1_20201028,Run1_20201119,49,20260914,0.014151885325923916
Run1_20201028,Run1_20201119,50,20260914,-0.010059241954582871
Run1_20201028,Run1_20201119,51,20260914,0.006629565337461252
Run1_20201028,Run1_20201119,52,20260914,-0.008286909998240258
Run1_20201028,Run1_20201119,53,20260914,-0.04002058759532879
Run1_20201028,Run1_20201119,54,20260914,-0.022896213349432946
Run1_20201028,Run1_20201119,55,20260914,0.043100193365610544
Run1_20201028,Run1_20201119,56,20260914,-0.006823713454539882
Run1_20201028,Run1_20201119,57,20260914,0.01755846489215115
Run1_20201028,Run1_20201119,58,20260914,-0.05470231863826149
Run1_20201028,Run1_20201119,59,20260914,0.015540562725089154
Run1_20201028,Run1_20201119,60,20260914,-0.051454456005273305
Run1_20201028,Run1_20201119,61,20260914,-0.028967355953700893
Run1_20201028,Run1_20201119,62,20260914,0.05515762894406351
Run1_20201028,Run1_20201119,63,20260914,-0.036635474839163414
Run1_20201028,Run1_20201119,64,20260914,0.033130889630876924
Run1_20201028,Run1_20201119,65,20260914,-0.05661075267254318
Run1_20201028,Run1_20201119,66,20260914,-0.041995338787665926
Run1_20201028,Run1_20201119,67,20260914,0.0580874503099585
Run1_20201028,Run1_20201119,68,20260914,-0.006945223467509481
Run1_20201028,Run1_20201119,69,20260914,-0.028702010321079465
Run1_20201028,Run1_20201119,70,20260914,0.011726240514562338
Run1_20201028,Run1_20201119,71,20260914,-0.006472439907745316
Run1_20201028,Run1_20201119,72,20260914,0.06450264560016387
Run1_20201028,Run1_20201119,73,20260914,0.03702576028151612
Run1_20201028,Run1_20201119,74,20260914,0.13318730660172584
Run1_20201028,Run1_20201119,75,20260914,-0.01816081062464355
Run1_20201028,Run1_20201119,76,20260914,0.08631974788298415
Run1_20201028,Run1_20201119,77,20260914,-0.055732813386643584
Run1_20201028,Run1_20201119,78,20260914,-0.01203185290430207
Run1_20201028,Run1_20201119,79,20260914,0.029445757847641536
Run1_20201028,Run1_20201119,80,20260914,-0.07503910104071837
Run1_20201028,Run1_20201119,81,20260914,0.08112864258134736
Run1_20201028,Run1_20201119,82,20260914,-0.03294240763302402
Run1_20201028,Run1_20201119,83,20260914,-0.08766409970852125
Run1_20201028,Run1_20201119,84,20260914,-0.053136010161119025
Run1_20201028,Run1_20201119,85,20260914,0.06137617383825976
Run1_20201028,Run1_20201119,86,20260914,-0.0163931289014428
Run1_20201028,Run1_20201119,87,20260914,0.0024300279038200812
Run1_20201028,Run1_20201119,88,20260914,-0.031453444786810544
Run1_20201028,Run1_20201119,89,20260914,0.0026605371002328534
Run1_20201028,Run1_20201119,90,20260914,-0.03817544636014962
Run1_20201028,Run1_20201119,91,20260914,-0.07433648897701571
Run1_20201028,Run1_20201119,92,20260914,-0.05372708039564114
Run1_20201028,Run1_20201119,93,20260914,0.0647103815645121
Run1_20201028,Run1_20201119,94,20260914,-0.021642809000531366
Run1_20201028,Run1_20201119,95,20260914,0.005611161980122787
Run1_20201028,Run1_20201119,96,20260914,-0.018625076600917688
Run1_20201028,Run1_20201119,97,20260914,-0.048548626458671244
Run1_20201028,Run1_20201119,98,20260914,0.013629186806960526
Run1_20201028,Run1_20201119,99,20260914,0.007111295901769626
Run1_20201028,Run1_20201119,100,20260914,-0.030219590746472503
Run1_20201028,Run1_20201119,101,20260914,-0.02027004024838063
Run1_20201028,Run1_20201119,102,20260914,0.02735338936035074
Run1_20201028,Run1_20201119,103,20260914,0.1438950518449384
Run1_20201028,Run1_20201119,104,20260914,0.03144901709017052
Run1_20201028,Run1_20201119,105,20260914,0.007836909397384578
Run1_20201028,Run1_20201119,106,20260914,0.005991737008009357
Run1_20201028,Run1_20201119,107,20260914,-0.06333852337677533
Run1_20201028,Run1_20201119,108,20260914,-0.02648880545510244
Run1_20201028,Run1_20201119,109,20260914,-0.019717831743967167
Run1_20201028,Run1_20201119,110,20260914,-0.02688432501958743
Run1_20201028,Run1_20201119,111,20260914,0.09324557937304884
Run1_20201028,Run1_20201119,112,20260914,0.06666532439408865
Run1_20201028,Run1_20201119,113,20260914,0.0369498156002673
Run1_20201028,Run1_20201119,114,20260914,0.0320599898325909
Run1_20201028,Run1_20201119,115,20260914,-0.06740969255969054
Run1_20201028,Run1_20201119,116,20260914,0.004969590671636356
Run1_20201028,Run1_20201119,117,20260914,-0.03459804166387731
Run1_20201028,Run1_20201119,118,20260914,-0.023620807165168196
Run1_20201028,Run1_20201119,119,20260914,-0.0035223964394542418
Run1_20201028,Run1_20201119,120,20260914,0.023442704976328672
Run1_20201028,Run1_20201119,121,20260914,0.08021765841961916
Run1_20201028,Run1_20201119,122,20260914,-0.040800575251566544
Run1_20201028,Run1_20201119,123,20260914,0.008522810974913806
Run1_20201028,Run1_20201119,124,20260914,-0.00424432118421364
Run1_20201028,Run1_20201119,125,20260914,0.00985646830459594
Run1_20201028,Run1_20201119,126,20260914,0.011633541799271532
Run1_20201028,Run1_20201119,127,20260914,-0.015374566543764494
Run1_20201028,Run1_20201119,128,20260914,-0.01448228583785841
Run1_20201028,Run1_20201119,129,20260914,-0.020325051286075993
Run1_20201028,Run1_20201119,130,20260914,0.07317350606764617
Run1_20201028,Run1_20201119,131,20260914,-0.017150461073048982
Run1_20201028,Run1_20201119,132,20260914,0.11157446088933896
Run1_20201028,Run1_20201119,133,20260914,-0.04476233391214178
Run1_20201028,Run1_20201119,134,20260914,0.009236969949297421
Run1_20201028,Run1_20201119,135,20260914,-0.00733863217956854
Run1_20201028,Run1_20201119,136,20260914,0.09231193146365073
Run1_20201028,Run1_20201119,137,20260914,-0.0764727090192194
Run1_20201028,Run1_20201119,138,20260914,-0.042286641683758834
Run1_20201028,Run1_20201119,139,20260914,-0.02688662049922554
Run1_20201028,Run1_20201119,140,20260914,-0.02032383515245623
Run1_20201028,Run1_20201119,141,20260914,-0.03720871750621624
Run1_20201028,Run1_20201119,142,20260914,-0.03931384747016125
Run1_20201028,Run1_20201119,143,20260914,-0.0708924055648104
Run1_20201028,Run1_20201119,144,20260914,0.044134618737536824
Run1_20201028,Run1_20201119,145,20260914,0.012408018508312238
Run1_20201028,Run1_20201119,146,20260914,0.014559540831453326
Run1_20201028,Run1_20201119,147,20260914,-0.061656845100798205
Run1_20201028,Run1_20201119,148,20260914,0.009924512781483364
Run1_20201028,Run1_20201119,149,20260914,-0.0019707282212372435
Run1_20201028,Run1_20201119,150,20260914,-0.02025977599920565
Run1_20201028,Run1_20201119,151,20260914,-0.02523858132622022
Run1_20201028,Run1_20201119,152,20260914,0.032147879626466175
Run1_20201028,Run1_20201119,153,20260914,-0.009098177201906702
Run1_20201028,Run1_20201119,154,20260914,-0.018347785470810885
Run1_20201028,Run1_20201119,155,20260914,-0.007981754128291522
Run1_20201028,Run1_20201119,156,20260914,0.02970726849163778
Run1_20201028,Run1_20201119,157,20260914,-0.007344969247653194
Run1_20201028,Run1_20201119,158,20260914,-0.026739343034155667
Run1_20201028,Run1_20201119,159,20260914,0.023448382656603605
Run1_20201028,Run1_20201119,160,20260914,0.07208731030440058
Run1_20201028,Run1_20201119,161,20260914,0.024816952865466462
Run1_20201028,Run1_20201119,162,20260914,-0.025936988757789478
Run1_20201028,Run1_20201119,163,20260914,-0.042258093155633156
Run1_20201028,Run1_20201119,164,20260914,0.2863949280030142
Run1_20201028,Run1_20201119,165,20260914,0.013308591186225674
Run1_20201028,Run1_20201119,166,20260914,-0.013988407739626852
Run1_20201028,Run1_20201119,167,20260914,-0.02486427669990552
Run1_20201028,Run1_20201119,168,20260914,0.07958680894139797
Run1_20201028,Run1_20201119,169,20260914,-0.007427315154907098
Run1_20201028,Run1_20201119,170,20260914,0.04733910282853605
Run1_20201028,Run1_20201119,171,20260914,-0.048907465620169656
Run1_20201028,Run1_20201119,172,20260914,0.036927375197581144
Run1_20201028,Run1_20201119,173,20260914,0.012480382971517323
Run1_20201028,Run1_20201119,174,20260914,0.0013986607058772168
Run1_20201028,Run1_20201119,175,20260914,0.011931225914698996
Run1_20201028,Run1_20201119,176,20260914,-0.0009185640120593863
Run1_20201028,Run1_20201119,177,20260914,-0.04038632369936665
Run1_20201028,Run1_20201119,178,20260914,-0.054770196774757016
Run1_20201028,Run1_20201119,179,20260914,-0.03815631881277913
Run1_20201028,Run1_20201119,180,20260914,-0.06783116474787465
Run1_20201028,Run1_20201119,181,20260914,0.008476976083270677
Run1_20201028,Run1_20201119,182,20260914,0.03160404062574199
Run1_20201028,Run1_20201119,183,20260914,0.05518708357161443
Run1_20201028,Run1_20201119,184,20260914,0.14287120848422194
Run1_20201028,Run1_20201119,185,20260914,0.000587569261924169
Run1_20201028,Run1_20201119,186,20260914,-0.025660186979867772
Run1_20201028,Run1_20201119,187,20260914,-0.028588224237278047
Run1_20201028,Run1_20201119,188,20260914,-0.02059872187021933
Run1_20201028,Run1_20201119,189,20260914,0.03808955149253525
Run1_20201028,Run1_20201119,190,20260914,-0.007680574767172305
Run1_20201028,Run1_20201119,191,20260914,-0.01762888791856995
Run1_20201028,Run1_20201119,192,20260914,-0.025835156217780972
Run1_20201028,Run1_20201119,193,20260914,-0.07006632368364923
Run1_20201028,Run1_20201119,194,20260914,-0.002309741605621899
Run1_20201028,Run1_20201119,195,20260914,-0.03448985556009507
Run1_20201028,Run1_20201119,196,20260914,-0.0025270201012508615
Run1_20201028,Run1_20201119,197,20260914,0.0656697083042371
Run1_20201028,Run1_20201119,198,20260914,-0.06824433820076838
Run1_20201028,Run1_20201119,199,20260914,0.04367558299200279
Run1_20201028,Run1_20201124,0,20260914,0.07564444730665554
Run1_20201028,Run1_20201124,1,20260914,-0.026478433177876688
Run1_20201028,Run1_20201124,2,20260914,-0.02567100587339566
Run1_20201028,Run1_20201124,3,20260914,0.009435635643144135
Run1_20201028,Run1_20201124,4,20260914,-0.04978321784500459
Run1_20201028,Run1_20201124,5,20260914,0.08786223094156097
Run1_20201028,Run1_20201124,6,20260914,-0.003980340145573759
Run1_20201028,Run1_20201124,7,20260914,0.2057893679060758
Run1_20201028,Run1_20201124,8,20260914,0.026543332680548072
Run1_20201028,Run1_20201124,9,20260914,-0.0058609117546263795
Run1_20201028,Run1_20201124,10,20260914,-0.04923076839624485
Run1_20201028,Run1_20201124,11,20260914,-0.009192299804932818
Run1_20201028,Run1_20201124,12,20260914,0.04767506167007715
Run1_20201028,Run1_20201124,13,20260914,0.05741245860107883
Run1_20201028,Run1_20201124,14,20260914,0.01880658983576159
Run1_20201028,Run1_20201124,15,20260914,0.07436142358738469
Run1_20201028,Run1_20201124,16,20260914,0.06865757035466047
Run1_20201028,Run1_20201124,17,20260914,0.10898685708322485
Run1_20201028,Run1_20201124,18,20260914,-0.052676928343081325
Run1_20201028,Run1_20201124,19,20260914,-0.037564781321619264
Run1_20201028,Run1_20201124,20,20260914,-0.05146732544625571
Run1_20201028,Run1_20201124,21,20260914,-0.04548291574076559
Run1_20201028,Run1_20201124,22,20260914,-0.02747132085996596
Run1_20201028,Run1_20201124,23,20260914,-0.03126273884345417
Run1_20201028,Run1_20201124,24,20260914,0.022770414535455277
Run1_20201028,Run1_20201124,25,20260914,0.015225777122716203
Run1_20201028,Run1_20201124,26,20260914,0.005844666141736563
Run1_20201028,Run1_20201124,27,20260914,-0.04139643150846625
Run1_20201028,Run1_20201124,28,20260914,-0.020680951227659467
Run1_20201028,Run1_20201124,29,20260914,0.06987350162261512
Run1_20201028,Run1_20201124,30,20260914,0.05673449063801731
Run1_20201028,Run1_20201124,31,20260914,0.07303484980980099
Run1_20201028,Run1_20201124,32,20260914,-0.01298395549001343
Run1_20201028,Run1_20201124,33,20260914,-0.01627735600420574
Run1_20201028,Run1_20201124,34,20260914,-0.013654194602025705
Run1_20201028,Run1_20201124,35,20260914,-0.0016178881371035113
Run1_20201028,Run1_20201124,36,20260914,0.014269362196279906
Run1_20201028,Run1_20201124,37,20260914,-0.06223322672803915
Run1_20201028,Run1_20201124,38,20260914,0.015071528215339218
Run1_20201028,Run1_20201124,39,20260914,-0.008236701697265151
Run1_20201028,Run1_20201124,40,20260914,-0.05110244299165658
Run1_20201028,Run1_20201124,41,20260914,0.09358238506909755
Run1_20201028,Run1_20201124,42,20260914,0.03070739791263738
Run1_20201028,Run1_20201124,43,20260914,-0.058111972454669834
Run1_20201028,Run1_20201124,44,20260914,0.060923516890948146
Run1_20201028,Run1_20201124,45,20260914,-0.02564621343684831
Run1_20201028,Run1_20201124,46,20260914,0.09434321713753935
Run1_20201028,Run1_20201124,47,20260914,0.09225976319682315
Run1_20201028,Run1_20201124,48,20260914,0.011778754007879835
Run1_20201028,Run1_20201124,49,20260914,-0.015357288786512878
Run1_20201028,Run1_20201124,50,20260914,-0.016932438398171663
Run1_20201028,Run1_20201124,51,20260914,0.1526377035785483
Run1_20201028,Run1_20201124,52,20260914,-0.045133478394164116
Run1_20201028,Run1_20201124,53,20260914,-0.018434709131643877
Run1_20201028,Run1_20201124,54,20260914,0.0003700075908673147
Run1_20201028,Run1_20201124,55,20260914,0.15069794229395334
Run1_20201028,Run1_20201124,56,20260914,0.009576266420116584
Run1_20201028,Run1_20201124,57,20260914,0.04620327550712475
Run1_20201028,Run1_20201124,58,20260914,-0.056627750016964774
Run1_20201028,Run1_20201124,59,20260914,-0.06862337446966287
Run1_20201028,Run1_20201124,60,20260914,0.023675266682924835
Run1_20201028,Run1_20201124,61,20260914,0.014307679691844743
Run1_20201028,Run1_20201124,62,20260914,-0.07508985624256494
Run1_20201028,Run1_20201124,63,20260914,0.01273087261204858
Run1_20201028,Run1_20201124,64,20260914,-0.030506583535047545
Run1_20201028,Run1_20201124,65,20260914,-0.04820236944593781
Run1_20201028,Run1_20201124,66,20260914,-0.019511699179974126
Run1_20201028,Run1_20201124,67,20260914,-0.007516092407172927
Run1_20201028,Run1_20201124,68,20260914,0.03537988698581361
Run1_20201028,Run1_20201124,69,20260914,-0.022123981581497153
Run1_20201028,Run1_20201124,70,20260914,-0.010111322648560059
Run1_20201028,Run1_20201124,71,20260914,-0.0322802870427443
Run1_20201028,Run1_20201124,72,20260914,0.014870635036762564
Run1_20201028,Run1_20201124,73,20260914,-0.028433107234109495
Run1_20201028,Run1_20201124,74,20260914,0.0024748168367415336
Run1_20201028,Run1_20201124,75,20260914,0.04833514627341798
Run1_20201028,Run1_20201124,76,20260914,0.03306434778943183
Run1_20201028,Run1_20201124,77,20260914,-0.03650992920655118
Run1_20201028,Run1_20201124,78,20260914,0.24102177515075077
Run1_20201028,Run1_20201124,79,20260914,0.057727108090116205
Run1_20201028,Run1_20201124,80,20260914,0.07198708578220284
Run1_20201028,Run1_20201124,81,20260914,-0.013529453596866359
Run1_20201028,Run1_20201124,82,20260914,0.012832158073444306
Run1_20201028,Run1_20201124,83,20260914,-0.02119408758423284
Run1_20201028,Run1_20201124,84,20260914,-0.008188326972673583
Run1_20201028,Run1_20201124,85,20260914,-0.04365106038062953
Run1_20201028,Run1_20201124,86,20260914,-0.0021768118379429085
Run1_20201028,Run1_20201124,87,20260914,0.023882958662949646
Run1_20201028,Run1_20201124,88,20260914,-0.008924036075163873
Run1_20201028,Run1_20201124,89,20260914,0.026581619052206074
Run1_20201028,Run1_20201124,90,20260914,-0.03541431992871627
Run1_20201028,Run1_20201124,91,20260914,0.012984774907937499
Run1_20201028,Run1_20201124,92,20260914,0.016488353904362277
Run1_20201028,Run1_20201124,93,20260914,-0.06918017675128625
Run1_20201028,Run1_20201124,94,20260914,-0.0369353245112586
Run1_20201028,Run1_20201124,95,20260914,0.07525273940813677
Run1_20201028,Run1_20201124,96,20260914,0.0272162976974859
Run1_20201028,Run1_20201124,97,20260914,-0.023970495550534113
Run1_20201028,Run1_20201124,98,20260914,-0.009021259744497271
Run1_20201028,Run1_20201124,99,20260914,-0.023572746661134552
Run1_20201028,Run1_20201124,100,20260914,-0.015744544140231288
Run1_20201028,Run1_20201124,101,20260914,0.14531224794535064
Run1_20201028,Run1_20201124,102,20260914,0.0631952888341222
Run1_20201028,Run1_20201124,103,20260914,-0.027354215661119372
Run1_20201028,Run1_20201124,104,20260914,0.007693940238772761
Run1_20201028,Run1_20201124,105,20260914,0.03424533305807055
Run1_20201028,Run1_20201124,106,20260914,-0.04826142451096972
Run1_20201028,Run1_20201124,107,20260914,-0.035189443545357996
Run1_20201028,Run1_20201124,108,20260914,0.05304892693952749
Run1_20201028,Run1_20201124,109,20260914,-0.02834377097491031
Run1_20201028,Run1_20201124,110,20260914,-0.030340407875251066
Run1_20201028,Run1_20201124,111,20260914,-0.03834314628942003
Run1_20201028,Run1_20201124,112,20260914,-0.022056902397973838
Run1_20201028,Run1_20201124,113,20260914,-0.06205191982216645
Run1_20201028,Run1_20201124,114,20260914,-0.04383499001648507
Run1_20201028,Run1_20201124,115,20260914,-0.02876308045436499
Run1_20201028,Run1_20201124,116,20260914,-0.017487790531465718
Run1_20201028,Run1_20201124,117,20260914,-0.057878910352068026
Run1_20201028,Run1_20201124,118,20260914,0.0057155552598527
Run1_20201028,Run1_20201124,119,20260914,-0.049752590565012245
Run1_20201028,Run1_20201124,120,20260914,-0.04187999366407883
Run1_20201028,Run1_20201124,121,20260914,0.0060937334587074345
Run1_20201028,Run1_20201124,122,20260914,0.03602095156847748
Run1_20201028,Run1_20201124,123,20260914,0.03210831670531621
Run1_20201028,Run1_20201124,124,20260914,0.02567804598040577
Run1_20201028,Run1_20201124,125,20260914,-0.008329940708118426
Run1_20201028,Run1_20201124,126,20260914,0.0010019275421491794
Run1_20201028,Run1_20201124,127,20260914,0.033954920077078045
Run1_20201028,Run1_20201124,128,20260914,-0.03535345756935376
Run1_20201028,Run1_20201124,129,20260914,0.027853865833730302
Run1_20201028,Run1_20201124,130,20260914,0.036356071997220706
Run1_20201028,Run1_20201124,131,20260914,-0.04780316395184386
Run1_20201028,Run1_20201124,132,20260914,-0.03858569637184849
Run1_20201028,Run1_20201124,133,20260914,0.029650379070179787
Run1_20201028,Run1_20201124,134,20260914,0.0125704147236944
Run1_20201028,Run1_20201124,135,20260914,0.00766123329010352
Run1_20201028,Run1_20201124,136,20260914,0.03808174805693783
Run1_20201028,Run1_20201124,137,20260914,-0.003762466148001106
Run1_20201028,Run1_20201124,138,20260914,-0.003584712623584859
Run1_20201028,Run1_20201124,139,20260914,-0.01036783647722905
Run1_20201028,Run1_20201124,140,20260914,-0.03127408158353818
Run1_20201028,Run1_20201124,141,20260914,-0.007711428037685943
Run1_20201028,Run1_20201124,142,20260914,-0.03492375797761778
Run1_20201028,Run1_20201124,143,20260914,-0.06955841451561795
Run1_20201028,Run1_20201124,144,20260914,0.018568025806124686
Run1_20201028,Run1_20201124,145,20260914,0.150360581422942
Run1_20201028,Run1_20201124,146,20260914,-0.03283962879001046
Run1_20201028,Run1_20201124,147,20260914,0.02789948603661019
Run1_20201028,Run1_20201124,148,20260914,0.03130803909750326
Run1_20201028,Run1_20201124,149,20260914,-0.005150717957740071
Run1_20201028,Run1_20201124,150,20260914,0.03973717675063012
Run1_20201028,Run1_20201124,151,20260914,-0.02012792532775089
Run1_20201028,Run1_20201124,152,20260914,-0.018674150722720228
Run1_20201028,Run1_20201124,153,20260914,0.21323934208938156
Run1_20201028,Run1_20201124,154,20260914,-0.05191652181205823
Run1_20201028,Run1_20201124,155,20260914,0.018263803008569127
Run1_20201028,Run1_20201124,156,20260914,0.10620880608654773
Run1_20201028,Run1_20201124,157,20260914,-0.04215880900461018
Run1_20201028,Run1_20201124,158,20260914,0.02715919490983181
Run1_20201028,Run1_20201124,159,20260914,0.01139945683679821
Run1_20201028,Run1_20201124,160,20260914,-0.06096078967507025
Run1_20201028,Run1_20201124,161,20260914,0.0065237802941124955
Run1_20201028,Run1_20201124,162,20260914,0.04936221000406216
Run1_20201028,Run1_20201124,163,20260914,0.20243892658052476
Run1_20201028,Run1_20201124,164,20260914,0.02804971377154868
Run1_20201028,Run1_20201124,165,20260914,0.0005743023550634249
Run1_20201028,Run1_20201124,166,20260914,0.040925424137928976
Run1_20201028,Run1_20201124,167,20260914,0.03545280870313975
Run1_20201028,Run1_20201124,168,20260914,0.0823392968317717
Run1_20201028,Run1_20201124,169,20260914,-0.06085252786578626
Run1_20201028,Run1_20201124,170,20260914,-0.004604146966511118
Run1_20201028,Run1_20201124,171,20260914,-0.03512671875082841
Run1_20201028,Run1_20201124,172,20260914,-0.007614945242567079
Run1_20201028,Run1_20201124,173,20260914,0.015032707820055103
Run1_20201028,Run1_20201124,174,20260914,-0.03196558377730248
Run1_20201028,Run1_20201124,175,20260914,0.025101762882451844
Run1_20201028,Run1_20201124,176,20260914,0.23294799301432845
Run1_20201028,Run1_20201124,177,20260914,-0.0349364613293311
Run1_20201028,Run1_20201124,178,20260914,-0.05573630245835573
Run1_20201028,Run1_20201124,179,20260914,-0.012357395689355864
Run1_20201028,Run1_20201124,180,20260914,-0.01829229044056783
Run1_20201028,Run1_20201124,181,20260914,-0.05025310955747267
Run1_20201028,Run1_20201124,182,20260914,-0.030427713598395443
Run1_20201028,Run1_20201124,183,20260914,-0.03238665049045162
Run1_20201028,Run1_20201124,184,20260914,-0.03974334933042506
Run1_20201028,Run1_20201124,185,20260914,-0.05057306525612069
Run1_20201028,Run1_20201124,186,20260914,-0.0356996034101523
Run1_20201028,Run1_20201124,187,20260914,-0.0021445558858382437
Run1_20201028,Run1_20201124,188,20260914,0.006358595186605939
Run1_20201028,Run1_20201124,189,20260914,0.05813518573960924
Run1_20201028,Run1_20201124,190,20260914,0.02017575409823619
Run1_20201028,Run1_20201124,191,20260914,0.02072842683997858
Run1_20201028,Run1_20201124,192,20260914,0.04692726207997128
Run1_20201028,Run1_20201124,193,20260914,-0.002871198615290772
Run1_20201028,Run1_20201124,194,20260914,-0.044919751551924264
Run1_20201028,Run1_20201124,195,20260914,-0.024614857766706653
Run1_20201028,Run1_20201124,196,20260914,0.01944639766390461
Run1_20201028,Run1_20201124,197,20260914,0.07543146358425062
Run1_20201028,Run1_20201124,198,20260914,-0.054599710105390054
Run1_20201028,Run1_20201124,199,20260914,-0.07600630311402339
Run1_20201028,Run2_20201124,0,20260914,-0.058940948132395476
Run1_20201028,Run2_20201124,1,20260914,-0.0980933991061031
Run1_20201028,Run2_20201124,2,20260914,0.0032039292112272617
Run1_20201028,Run2_20201124,3,20260914,0.017359862720804954
Run1_20201028,Run2_20201124,4,20260914,-0.023914937563767655
Run1_20201028,Run2_20201124,5,20260914,0.018072275275239726
Run1_20201028,Run2_20201124,6,20260914,0.008280219346638064
Run1_20201028,Run2_20201124,7,20260914,0.0729177281424366
Run1_20201028,Run2_20201124,8,20260914,0.03205419774835281
Run1_20201028,Run2_20201124,9,20260914,-0.030804353331651286
Run1_20201028,Run2_20201124,10,20260914,0.08458188557253635
Run1_20201028,Run2_20201124,11,20260914,-0.053373040200466515
Run1_20201028,Run2_20201124,12,20260914,0.009899181093570202
Run1_20201028,Run2_20201124,13,20260914,-0.03478872455596687
Run1_20201028,Run2_20201124,14,20260914,-0.05693818954424777
Run1_20201028,Run2_20201124,15,20260914,-0.06518188447894592
Run1_20201028,Run2_20201124,16,20260914,0.011307511867060638
Run1_20201028,Run2_20201124,17,20260914,0.09834441778612106
Run1_20201028,Run2_20201124,18,20260914,0.01242788580324005
Run1_20201028,Run2_20201124,19,20260914,0.040415322807789734
Run1_20201028,Run2_20201124,20,20260914,0.06874028440153514
Run1_20201028,Run2_20201124,21,20260914,0.049607963751164504
Run1_20201028,Run2_20201124,22,20260914,0.052185045685229386
Run1_20201028,Run2_20201124,23,20260914,-0.005849366688496317
Run1_20201028,Run2_20201124,24,20260914,0.19222459163149966
Run1_20201028,Run2_20201124,25,20260914,0.06045768675100404
Run1_20201028,Run2_20201124,26,20260914,-0.02712473187307826
Run1_20201028,Run2_20201124,27,20260914,-0.016188364211433964
Run1_20201028,Run2_20201124,28,20260914,0.0477683740450928
Run1_20201028,Run2_20201124,29,20260914,-0.040271836790583666
Run1_20201028,Run2_20201124,30,20260914,0.1345214708528598
Run1_20201028,Run2_20201124,31,20260914,0.2864794933126885
Run1_20201028,Run2_20201124,32,20260914,0.03856415994866218
Run1_20201028,Run2_20201124,33,20260914,-0.029355165690985664
Run1_20201028,Run2_20201124,34,20260914,0.020403080226366384
Run1_20201028,Run2_20201124,35,20260914,-0.015315913700523051
Run1_20201028,Run2_20201124,36,20260914,-0.047547330874590496
Run1_20201028,Run2_20201124,37,20260914,-0.021966441973347517
Run1_20201028,Run2_20201124,38,20260914,-0.04431065573933827
Run1_20201028,Run2_20201124,39,20260914,0.009081256988088674
Run1_20201028,Run2_20201124,40,20260914,0.04175825927339314
Run1_20201028,Run2_20201124,41,20260914,-0.037758705067608526
Run1_20201028,Run2_20201124,42,20260914,-0.014461475546966881
Run1_20201028,Run2_20201124,43,20260914,-0.02409831478760479
Run1_20201028,Run2_20201124,44,20260914,-0.05397671008743515
Run1_20201028,Run2_20201124,45,20260914,-0.060472331279488166
Run1_20201028,Run2_20201124,46,20260914,0.09464055281334338
Run1_20201028,Run2_20201124,47,20260914,0.03242209801478636
Run1_20201028,Run2_20201124,48,20260914,0.04671196710569547
Run1_20201028,Run2_20201124,49,20260914,-0.06777813130790683
Run1_20201028,Run2_20201124,50,20260914,-0.0033501423651930958
Run1_20201028,Run2_20201124,51,20260914,-0.05068282423648164
Run1_20201028,Run2_20201124,52,20260914,0.031858161910779344
Run1_20201028,Run2_20201124,53,20260914,-0.013947051533411123
Run1_20201028,Run2_20201124,54,20260914,-0.06765080064774663
Run1_20201028,Run2_20201124,55,20260914,0.14917986274741754
Run1_20201028,Run2_20201124,56,20260914,-0.06742096485510601
Run1_20201028,Run2_20201124,57,20260914,0.010819729644815918
Run1_20201028,Run2_20201124,58,20260914,-0.013709159345792884
Run1_20201028,Run2_20201124,59,20260914,-0.030175146945878247
Run1_20201028,Run2_20201124,60,20260914,8.809269818879532e-05
Run1_20201028,Run2_20201124,61,20260914,0.02795546795029723
Run1_20201028,Run2_20201124,62,20260914,-0.03217612367014906
Run1_20201028,Run2_20201124,63,20260914,0.008929747549762211
Run1_20201028,Run2_20201124,64,20260914,-0.05594868576667076
Run1_20201028,Run2_20201124,65,20260914,0.03562354802484418
Run1_20201028,Run2_20201124,66,20260914,-0.03871222548953803
Run1_20201028,Run2_20201124,67,20260914,-0.06211441731271094
Run1_20201028,Run2_20201124,68,20260914,-0.05358122629676698
Run1_20201028,Run2_20201124,69,20260914,0.05019687377420333
Run1_20201028,Run2_20201124,70,20260914,0.14687724597663693
Run1_20201028,Run2_20201124,71,20260914,0.05357185365973864
Run1_20201028,Run2_20201124,72,20260914,-0.05782609441972557
Run1_20201028,Run2_20201124,73,20260914,0.11756907360882454
Run1_20201028,Run2_20201124,74,20260914,0.008088447615126912
Run1_20201028,Run2_20201124,75,20260914,-0.04226646846837226
Run1_20201028,Run2_20201124,76,20260914,0.05796408383710156
Run1_20201028,Run2_20201124,77,20260914,-0.018713183069306465
Run1_20201028,Run2_20201124,78,20260914,-0.012622951977190128
Run1_20201028,Run2_20201124,79,20260914,-0.02267617639776018
Run1_20201028,Run2_20201124,80,20260914,0.014575973820487002
Run1_20201028,Run2_20201124,81,20260914,0.035070141257786965
Run1_20201028,Run2_20201124,82,20260914,0.0732507569135551
Run1_20201028,Run2_20201124,83,20260914,-0.021868588420414593
Run1_20201028,Run2_20201124,84,20260914,-0.01504768437720898
Run1_20201028,Run2_20201124,85,20260914,-0.07095158715256772
Run1_20201028,Run2_20201124,86,20260914,-0.011954206417180115
Run1_20201028,Run2_20201124,87,20260914,-0.00141238759184026
Run1_20201028,Run2_20201124,88,20260914,-0.010551124049317854
Run1_20201028,Run2_20201124,89,20260914,-0.05242201863027232
Run1_20201028,Run2_20201124,90,20260914,0.023427284277997368
Run1_20201028,Run2_20201124,91,20260914,0.010947062288988256
Run1_20201028,Run2_20201124,92,20260914,-0.05898955588807045
Run1_20201028,Run2_20201124,93,20260914,0.04416167547568341
Run1_20201028,Run2_20201124,94,20260914,-0.09232673264505732
Run1_20201028,Run2_20201124,95,20260914,0.00726327541358337
Run1_20201028,Run2_20201124,96,20260914,-0.047012343423672
Run1_20201028,Run2_20201124,97,20260914,0.09592112879240718
Run1_20201028,Run2_20201124,98,20260914,-0.04233170594259401
Run1_20201028,Run2_20201124,99,20260914,-0.04363016245568189
Run1_20201028,Run2_20201124,100,20260914,-0.009215189140606296
Run1_20201028,Run2_20201124,101,20260914,-0.021312881184057254
Run1_20201028,Run2_20201124,102,20260914,-0.0033512964367740854
Run1_20201028,Run2_20201124,103,20260914,0.027699176378366275
Run1_20201028,Run2_20201124,104,20260914,-0.045907264732505754
Run1_20201028,Run2_20201124,105,20260914,-0.011030896136347713
Run1_20201028,Run2_20201124,106,20260914,-0.041916831283596544
Run1_20201028,Run2_20201124,107,20260914,-0.015095213751583823
Run1_20201028,Run2_20201124,108,20260914,0.1092814066162587
Run1_20201028,Run2_20201124,109,20260914,0.048682166556731056
Run1_20201028,Run2_20201124,110,20260914,0.03154836960146846
Run1_20201028,Run2_20201124,111,20260914,-0.037693490495968075
Run1_20201028,Run2_20201124,112,20260914,-0.03587919805234203
Run1_20201028,Run2_20201124,113,20260914,0.055200781704714576
Run1_20201028,Run2_20201124,114,20260914,-0.006971079177549869
Run1_20201028,Run2_20201124,115,20260914,-0.024325438186521556
Run1_20201028,Run2_20201124,116,20260914,0.023630407131069085
Run1_20201028,Run2_20201124,117,20260914,-0.058519527074145886
Run1_20201028,Run2_20201124,118,20260914,-0.02506947396390652
Run1_20201028,Run2_20201124,119,20260914,0.022139432038860464
Run1_20201028,Run2_20201124,120,20260914,0.0448599105164128
Run1_20201028,Run2_20201124,121,20260914,0.02073695602341981
Run1_20201028,Run2_20201124,122,20260914,-0.0005650747398441593
Run1_20201028,Run2_20201124,123,20260914,-0.062049836884870334
Run1_20201028,Run2_20201124,124,20260914,0.021719455464375655
Run1_20201028,Run2_20201124,125,20260914,0.0029702794489037242
Run1_20201028,Run2_20201124,126,20260914,-0.030892807293267162
Run1_20201028,Run2_20201124,127,20260914,0.004985219977281968
Run1_20201028,Run2_20201124,128,20260914,-0.004741082299139389
Run1_20201028,Run2_20201124,129,20260914,0.08915363234840522
Run1_20201028,Run2_20201124,130,20260914,0.31618359893948794
Run1_20201028,Run2_20201124,131,20260914,0.010007881545410718
Run1_20201028,Run2_20201124,132,20260914,-0.02528412032922845
Run1_20201028,Run2_20201124,133,20260914,0.05865421730688284
Run1_20201028,Run2_20201124,134,20260914,0.009696567092472212
Run1_20201028,Run2_20201124,135,20260914,-0.04957755600940776
Run1_20201028,Run2_20201124,136,20260914,-0.05143169786644639
Run1_20201028,Run2_20201124,137,20260914,-0.01780034909810355
Run1_20201028,Run2_20201124,138,20260914,0.008241654408632075
Run1_20201028,Run2_20201124,139,20260914,-0.06962852194499031
Run1_20201028,Run2_20201124,140,20260914,0.04998656445312211
Run1_20201028,Run2_20201124,141,20260914,-0.013086433851231809
Run1_20201028,Run2_20201124,142,20260914,-0.009121189243432977
Run1_20201028,Run2_20201124,143,20260914,-0.07721945201717961
Run1_20201028,Run2_20201124,144,20260914,0.015539362033861524
Run1_20201028,Run2_20201124,145,20260914,-0.018863039760610274
Run1_20201028,Run2_20201124,146,20260914,0.01283973278407851
Run1_20201028,Run2_20201124,147,20260914,0.0037721057769133978
Run1_20201028,Run2_20201124,148,20260914,-0.06944273147049876
Run1_20201028,Run2_20201124,149,20260914,0.056746632819792586
Run1_20201028,Run2_20201124,150,20260914,-0.06847888719792661
Run1_20201028,Run2_20201124,151,20260914,-0.044040733464465465
Run1_20201028,Run2_20201124,152,20260914,0.04028359748983902
Run1_20201028,Run2_20201124,153,20260914,-0.031450336913179056
Run1_20201028,Run2_20201124,154,20260914,0.017600632648199867
Run1_20201028,Run2_20201124,155,20260914,0.07060831083892638
Run1_20201028,Run2_20201124,156,20260914,-0.04042385552441285
Run1_20201028,Run2_20201124,157,20260914,-0.03926379687420444
Run1_20201028,Run2_20201124,158,20260914,-0.01825813485615141
Run1_20201028,Run2_20201124,159,20260914,-0.0109791377674754
Run1_20201028,Run2_20201124,160,20260914,-0.0694350563954929
Run1_20201028,Run2_20201124,161,20260914,0.11622514129740778
Run1_20201028,Run2_20201124,162,20260914,-0.04139650193139923
Run1_20201028,Run2_20201124,163,20260914,-0.04362538538849324
Run1_20201028,Run2_20201124,164,20260914,-0.05157075425578739
Run1_20201028,Run2_20201124,165,20260914,-0.05259311562474208
Run1_20201028,Run2_20201124,166,20260914,-0.024200591663431838
Run1_20201028,Run2_20201124,167,20260914,-0.02355416286145377
Run1_20201028,Run2_20201124,168,20260914,-0.007992918371987593
Run1_20201028,Run2_20201124,169,20260914,-0.026196055522502423
Run1_20201028,Run2_20201124,170,20260914,-0.021882496983735195
Run1_20201028,Run2_20201124,171,20260914,0.2209297187151807
Run1_20201028,Run2_20201124,172,20260914,0.06596114179118213
Run1_20201028,Run2_20201124,173,20260914,-0.09331969798589486
Run1_20201028,Run2_20201124,174,20260914,-0.04903387509856987
Run1_20201028,Run2_20201124,175,20260914,-0.08194506534224284
Run1_20201028,Run2_20201124,176,20260914,0.04639721396218711
Run1_20201028,Run2_20201124,177,20260914,-0.01864166676032829
Run1_20201028,Run2_20201124,178,20260914,0.019881282143760073
Run1_20201028,Run2_20201124,179,20260914,-0.06618583350450269
Run1_20201028,Run2_20201124,180,20260914,-0.001730312462739552
Run1_20201028,Run2_20201124,181,20260914,-0.041390525285383166
Run1_20201028,Run2_20201124,182,20260914,-0.00128835458910647
Run1_20201028,Run2_20201124,183,20260914,-0.023673714507492675
Run1_20201028,Run2_20201124,184,20260914,0.041274516671313835
Run1_20201028,Run2_20201124,185,20260914,-0.011091388500879547
Run1_20201028,Run2_20201124,186,20260914,-0.006393226021110769
Run1_20201028,Run2_20201124,187,20260914,-0.02852229276265448
Run1_20201028,Run2_20201124,188,20260914,0.04584080235965409
Run1_20201028,Run2_20201124,189,20260914,0.030020346699134143
Run1_20201028,Run2_20201124,190,20260914,0.07417273267241485
Run1_20201028,Run2_20201124,191,20260914,0.02698325863808763
Run1_20201028,Run2_20201124,192,20260914,0.19356957286616613
Run1_20201028,Run2_20201124,193,20260914,-0.040569807378244796
Run1_20201028,Run2_20201124,194,20260914,-0.0064772185455812285
Run1_20201028,Run2_20201124,195,20260914,-0.03355442347984178
Run1_20201028,Run2_20201124,196,20260914,0.014069418985672164
Run1_20201028,Run2_20201124,197,20260914,-0.02349997683305851
Run1_20201028,Run2_20201124,198,20260914,0.13616998077137316
Run1_20201028,Run2_20201124,199,20260914,0.009646446953083776
Run1_20201030,Run2_20201030,0,20260914,0.012146652341749886
Run1_20201030,Run2_20201030,1,20260914,-0.02671874742527003
Run1_20201030,Run2_20201030,2,20260914,-0.008242752990961243
Run1_20201030,Run2_20201030,3,20260914,-0.03223881236789718
Run1_20201030,Run2_20201030,4,20260914,0.07594683934589677
Run1_20201030,Run2_20201030,5,20260914,-0.04813433475754998
Run1_20201030,Run2_20201030,6,20260914,-0.03420282568062595
Run1_20201030,Run2_20201030,7,20260914,-0.04915866174845843
Run1_20201030,Run2_20201030,8,20260914,0.005051380688265626
Run1_20201030,Run2_20201030,9,20260914,0.009613509916540666
Run1_20201030,Run2_20201030,10,20260914,-0.02663990392929903
Run1_20201030,Run2_20201030,11,20260914,-0.03347378058869043
Run1_20201030,Run2_20201030,12,20260914,-0.028916677963811522
Run1_20201030,Run2_20201030,13,20260914,0.00944656635810664
Run1_20201030,Run2_20201030,14,20260914,-0.04478517021300629
Run1_20201030,Run2_20201030,15,20260914,-0.015754628049333887
Run1_20201030,Run2_20201030,16,20260914,0.01731209327844536
Run1_20201030,Run2_20201030,17,20260914,-0.0037446520390469347
Run1_20201030,Run2_20201030,18,20260914,-0.021638890991513164
Run1_20201030,Run2_20201030,19,20260914,0.003290529850187495
Run1_20201030,Run2_20201030,20,20260914,0.044550682255177686
Run1_20201030,Run2_20201030,21,20260914,-0.027775008054949424
Run1_20201030,Run2_20201030,22,20260914,-0.019527791516954943
Run1_20201030,Run2_20201030,23,20260914,-0.03451575909895281
Run1_20201030,Run2_20201030,24,20260914,0.0040767315379458356
Run1_20201030,Run2_20201030,25,20260914,0.022250567121389255
Run1_20201030,Run2_20201030,26,20260914,-0.05225086686762299
Run1_20201030,Run2_20201030,27,20260914,-0.03708239607327085
Run1_20201030,Run2_20201030,28,20260914,-0.023880047993983078
Run1_20201030,Run2_20201030,29,20260914,-0.03809984528415577
Run1_20201030,Run2_20201030,30,20260914,-0.005842019177614958
Run1_20201030,Run2_20201030,31,20260914,0.3748202578098032
Run1_20201030,Run2_20201030,32,20260914,-0.03698311861247812
Run1_20201030,Run2_20201030,33,20260914,-0.015733266604880097
Run1_20201030,Run2_20201030,34,20260914,0.3847727558285856
Run1_20201030,Run2_20201030,35,20260914,-0.04525364635431761
Run1_20201030,Run2_20201030,36,20260914,-0.0512778037362886
Run1_20201030,Run2_20201030,37,20260914,0.061707409922976776
Run1_20201030,Run2_20201030,38,20260914,-0.008708111252418266
Run1_20201030,Run2_20201030,39,20260914,-0.005040686767544342
Run1_20201030,Run2_20201030,40,20260914,0.020494298658805338
Run1_20201030,Run2_20201030,41,20260914,0.005167881932753717
Run1_20201030,Run2_20201030,42,20260914,-0.0007284790460857268
Run1_20201030,Run2_20201030,43,20260914,-0.030839534195332093
Run1_20201030,Run2_20201030,44,20260914,-0.0077101793174125105
Run1_20201030,Run2_20201030,45,20260914,0.02195601626249924
Run1_20201030,Run2_20201030,46,20260914,-0.00011364506601214487
Run1_20201030,Run2_20201030,47,20260914,-0.023686746592899332
Run1_20201030,Run2_20201030,48,20260914,-0.0456448579393979
Run1_20201030,Run2_20201030,49,20260914,0.11731576145970524
Run1_20201030,Run2_20201030,50,20260914,0.020034392079715607
Run1_20201030,Run2_20201030,51,20260914,-0.015024160796011364
Run1_20201030,Run2_20201030,52,20260914,-0.014652449769655183
Run1_20201030,Run2_20201030,53,20260914,-0.03384248163303728
Run1_20201030,Run2_20201030,54,20260914,-0.03715253580155746
Run1_20201030,Run2_20201030,55,20260914,-0.04200288358488088
Run1_20201030,Run2_20201030,56,20260914,0.024076942005601423
Run1_20201030,Run2_20201030,57,20260914,-0.05015286592398882
Run1_20201030,Run2_20201030,58,20260914,-0.023793963191411905
Run1_20201030,Run2_20201030,59,20260914,-0.0063526175665223165
Run1_20201030,Run2_20201030,60,20260914,-0.0011151175901049696
Run1_20201030,Run2_20201030,61,20260914,-0.012570885861457045
Run1_20201030,Run2_20201030,62,20260914,-0.03980187084357971
Run1_20201030,Run2_20201030,63,20260914,-0.023442617491428012
Run1_20201030,Run2_20201030,64,20260914,-0.03923486182910501
Run1_20201030,Run2_20201030,65,20260914,-0.013808178510824614
Run1_20201030,Run2_20201030,66,20260914,-0.014681473828016581
Run1_20201030,Run2_20201030,67,20260914,-0.042573809297785474
Run1_20201030,Run2_20201030,68,20260914,-0.03920117198644338
Run1_20201030,Run2_20201030,69,20260914,-0.023742410617117047
Run1_20201030,Run2_20201030,70,20260914,-0.013406858779669548
Run1_20201030,Run2_20201030,71,20260914,-0.04259550290892494
Run1_20201030,Run2_20201030,72,20260914,-0.011952319229007715
Run1_20201030,Run2_20201030,73,20260914,-0.014323230585151305
Run1_20201030,Run2_20201030,74,20260914,-0.004727281182629272
Run1_20201030,Run2_20201030,75,20260914,-0.012882473893831075
Run1_20201030,Run2_20201030,76,20260914,-0.01402344929104559
Run1_20201030,Run2_20201030,77,20260914,0.007958538461075516
Run1_20201030,Run2_20201030,78,20260914,0.03138107655022359
Run1_20201030,Run2_20201030,79,20260914,-0.01673290584713938
Run1_20201030,Run2_20201030,80,20260914,0.056088395385352444
Run1_20201030,Run2_20201030,81,20260914,0.012354611673214305
Run1_20201030,Run2_20201030,82,20260914,0.005966380678858989
Run1_20201030,Run2_20201030,83,20260914,0.011388082329355407
Run1_20201030,Run2_20201030,84,20260914,-0.04528210005414353
Run1_20201030,Run2_20201030,85,20260914,0.004318923805295507
Run1_20201030,Run2_20201030,86,20260914,-0.04850749661459616
Run1_20201030,Run2_20201030,87,20260914,-0.02662161896502506
Run1_20201030,Run2_20201030,88,20260914,-0.03764072483658375
Run1_20201030,Run2_20201030,89,20260914,-0.02973214083582741
Run1_20201030,Run2_20201030,90,20260914,-0.029855570473219392
Run1_20201030,Run2_20201030,91,20260914,-0.0289130106528036
Run1_20201030,Run2_20201030,92,20260914,0.002423133288793365
Run1_20201030,Run2_20201030,93,20260914,-0.006544374333200682
Run1_20201030,Run2_20201030,94,20260914,-0.0020831919893003004
Run1_20201030,Run2_20201030,95,20260914,-0.030381436351919464
Run1_20201030,Run2_20201030,96,20260914,0.03587673179222996
Run1_20201030,Run2_20201030,97,20260914,0.057292863500821765
Run1_20201030,Run2_20201030,98,20260914,0.29743244569857963
Run1_20201030,Run2_20201030,99,20260914,0.03336846688971988
Run1_20201030,Run2_20201030,100,20260914,0.015141706403250323
Run1_20201030,Run2_20201030,101,20260914,-0.014554092635302574
Run1_20201030,Run2_20201030,102,20260914,0.024088050996059453
Run1_20201030,Run2_20201030,103,20260914,-0.03986610144925161
Run1_20201030,Run2_20201030,104,20260914,-0.013784546299937658
Run1_20201030,Run2_20201030,105,20260914,-0.022033281142649914
Run1_20201030,Run2_20201030,106,20260914,0.05324159040356908
Run1_20201030,Run2_20201030,107,20260914,-0.05608207842338244
Run1_20201030,Run2_20201030,108,20260914,-0.049372118349624614
Run1_20201030,Run2_20201030,109,20260914,0.031027152312207425
Run1_20201030,Run2_20201030,110,20260914,0.03421759607196013
Run1_20201030,Run2_20201030,111,20260914,0.07350710142763667
Run1_20201030,Run2_20201030,112,20260914,-0.01095241750852528
Run1_20201030,Run2_20201030,113,20260914,0.10176628832751203
Run1_20201030,Run2_20201030,114,20260914,0.02055933038359611
Run1_20201030,Run2_20201030,115,20260914,-0.02532928568390314
Run1_20201030,Run2_20201030,116,20260914,-0.039971936663895244
Run1_20201030,Run2_20201030,117,20260914,0.01889020198861318
Run1_20201030,Run2_20201030,118,20260914,-0.009878022814206838
Run1_20201030,Run2_20201030,119,20260914,0.07496877848945102
Run1_20201030,Run2_20201030,120,20260914,-0.030235636789995083
Run1_20201030,Run2_20201030,121,20260914,-0.0015821643516717267
Run1_20201030,Run2_20201030,122,20260914,0.005327961318080726
Run1_20201030,Run2_20201030,123,20260914,0.012324070743139579
Run1_20201030,Run2_20201030,124,20260914,0.023187676980259354
Run1_20201030,Run2_20201030,125,20260914,-0.03538395909304082
Run1_20201030,Run2_20201030,126,20260914,0.016004000895409626
Run1_20201030,Run2_20201030,127,20260914,0.0871169492845678
Run1_20201030,Run2_20201030,128,20260914,-0.012243505499768697
Run1_20201030,Run2_20201030,129,20260914,-0.02815877898193884
Run1_20201030,Run2_20201030,130,20260914,0.005854800131227111
Run1_20201030,Run2_20201030,131,20260914,-0.002478514364397616
Run1_20201030,Run2_20201030,132,20260914,-0.015709936787770707
Run1_20201030,Run2_20201030,133,20260914,0.006334331289747127
Run1_20201030,Run2_20201030,134,20260914,-0.0294477351790786
Run1_20201030,Run2_20201030,135,20260914,-0.012431752229817065
Run1_20201030,Run2_20201030,136,20260914,-0.01844300830881017
Run1_20201030,Run2_20201030,137,20260914,0.01219701641489627
Run1_20201030,Run2_20201030,138,20260914,0.08972413903663473
Run1_20201030,Run2_20201030,139,20260914,-0.019831418750217752
Run1_20201030,Run2_20201030,140,20260914,-0.044498509044459525
Run1_20201030,Run2_20201030,141,20260914,-0.031209883666038295
Run1_20201030,Run2_20201030,142,20260914,-0.055641020686227415
Run1_20201030,Run2_20201030,143,20260914,-0.03161299655774436
Run1_20201030,Run2_20201030,144,20260914,-0.018423522835394203
Run1_20201030,Run2_20201030,145,20260914,0.007916162631403751
Run1_20201030,Run2_20201030,146,20260914,0.03197896520238654
Run1_20201030,Run2_20201030,147,20260914,-0.021064870738457118
Run1_20201030,Run2_20201030,148,20260914,0.1346331048113604
Run1_20201030,Run2_20201030,149,20260914,0.17840356769449967
Run1_20201030,Run2_20201030,150,20260914,0.025001130555664407
Run1_20201030,Run2_20201030,151,20260914,0.005003749065183844
Run1_20201030,Run2_20201030,152,20260914,-0.0503157077995552
Run1_20201030,Run2_20201030,153,20260914,0.04186451185274603
Run1_20201030,Run2_20201030,154,20260914,0.03836521771507427
Run1_20201030,Run2_20201030,155,20260914,0.2595003828004398
Run1_20201030,Run2_20201030,156,20260914,-0.019580936814297855
Run1_20201030,Run2_20201030,157,20260914,-0.03758957028463096
Run1_20201030,Run2_20201030,158,20260914,0.05731309127096692
Run1_20201030,Run2_20201030,159,20260914,-0.017358997412502516
Run1_20201030,Run2_20201030,160,20260914,-0.04459180849154426
Run1_20201030,Run2_20201030,161,20260914,-0.017006925110190984
Run1_20201030,Run2_20201030,162,20260914,-0.04570615129193458
Run1_20201030,Run2_20201030,163,20260914,0.05007373279833176
Run1_20201030,Run2_20201030,164,20260914,-0.013512823784527993
Run1_20201030,Run2_20201030,165,20260914,-0.037465795958560144
Run1_20201030,Run2_20201030,166,20260914,-0.0696970880281237
Run1_20201030,Run2_20201030,167,20260914,0.12415094966639409
Run1_20201030,Run2_20201030,168,20260914,-0.033318147714929344
Run1_20201030,Run2_20201030,169,20260914,-0.03449591951642642
Run1_20201030,Run2_20201030,170,20260914,-0.03369401122982461
Run1_20201030,Run2_20201030,171,20260914,-0.029424222701386685
Run1_20201030,Run2_20201030,172,20260914,-0.015919841456285864
Run1_20201030,Run2_20201030,173,20260914,0.021617100390928814
Run1_20201030,Run2_20201030,174,20260914,-0.02739322117729916
Run1_20201030,Run2_20201030,175,20260914,0.026408802947508376
Run1_20201030,Run2_20201030,176,20260914,-0.007535025014307218
Run1_20201030,Run2_20201030,177,20260914,-0.04229890997854843
Run1_20201030,Run2_20201030,178,20260914,-0.022571296521526386
Run1_20201030,Run2_20201030,179,20260914,-0.006159604587354391
Run1_20201030,Run2_20201030,180,20260914,0.017050449121038605
Run1_20201030,Run2_20201030,181,20260914,0.04288654681619816
Run1_20201030,Run2_20201030,182,20260914,0.3698156490343965
Run1_20201030,Run2_20201030,183,20260914,-0.04264149031214691
Run1_20201030,Run2_20201030,184,20260914,-0.00432154496344687
Run1_20201030,Run2_20201030,185,20260914,-0.02357098402360221
Run1_20201030,Run2_20201030,186,20260914,0.03910579768343816
Run1_20201030,Run2_20201030,187,20260914,-0.019145246458804666
Run1_20201030,Run2_20201030,188,20260914,-0.0058513350860555265
Run1_20201030,Run2_20201030,189,20260914,-0.03581359701468173
Run1_20201030,Run2_20201030,190,20260914,0.08573196919234995
Run1_20201030,Run2_20201030,191,20260914,-0.0207849612860703
Run1_20201030,Run2_20201030,192,20260914,0.09816975173630173
Run1_20201030,Run2_20201030,193,20260914,-0.03150930358433787
Run1_20201030,Run2_20201030,194,20260914,0.006890721558623368
Run1_20201030,Run2_20201030,195,20260914,-0.012001632071036833
Run1_20201030,Run2_20201030,196,20260914,-0.03185302209578833
Run1_20201030,Run2_20201030,197,20260914,0.01859672793074439
Run1_20201030,Run2_20201030,198,20260914,0.028012013699954114
Run1_20201030,Run2_20201030,199,20260914,-0.04960933712344874
Run1_20201030,Run1_20201118,0,20260914,0.06485821179072038
Run1_20201030,Run1_20201118,1,20260914,0.023176183267078133
Run1_20201030,Run1_20201118,2,20260914,-0.05357871052858338
Run1_20201030,Run1_20201118,3,20260914,-0.04737427058609437
Run1_20201030,Run1_20201118,4,20260914,-0.027740324097562316
Run1_20201030,Run1_20201118,5,20260914,-0.057429545818720285
Run1_20201030,Run1_20201118,6,20260914,0.024379688948343154
Run1_20201030,Run1_20201118,7,20260914,-0.026507549260246076
Run1_20201030,Run1_20201118,8,20260914,0.11846373027142718
Run1_20201030,Run1_20201118,9,20260914,-0.0361923406552991
Run1_20201030,Run1_20201118,10,20260914,0.07672837844807497
Run1_20201030,Run1_20201118,11,20260914,-0.04921324666631527
Run1_20201030,Run1_20201118,12,20260914,-0.006168822058005111
Run1_20201030,Run1_20201118,13,20260914,-0.043403248028536165
Run1_20201030,Run1_20201118,14,20260914,0.003423208465168854
Run1_20201030,Run1_20201118,15,20260914,-0.039742495846869626
Run1_20201030,Run1_20201118,16,20260914,-0.04526503232907292
Run1_20201030,Run1_20201118,17,20260914,-0.06359165454484632
Run1_20201030,Run1_20201118,18,20260914,0.06328063339755176
Run1_20201030,Run1_20201118,19,20260914,-0.011806981172510765
Run1_20201030,Run1_20201118,20,20260914,-0.013544668159441619
Run1_20201030,Run1_20201118,21,20260914,0.01923154994053617
Run1_20201030,Run1_20201118,22,20260914,0.28036445740495536
Run1_20201030,Run1_20201118,23,20260914,-0.028707124319426867
Run1_20201030,Run1_20201118,24,20260914,0.1147809081148985
Run1_20201030,Run1_20201118,25,20260914,-0.031884510694389204
Run1_20201030,Run1_20201118,26,20260914,-0.010040094454824375
Run1_20201030,Run1_20201118,27,20260914,-0.061592195034871816
Run1_20201030,Run1_20201118,28,20260914,0.013084613238489057
Run1_20201030,Run1_20201118,29,20260914,-0.02790215234427542
Run1_20201030,Run1_20201118,30,20260914,-0.08589400137783665
Run1_20201030,Run1_20201118,31,20260914,0.05854345780690084
Run1_20201030,Run1_20201118,32,20260914,-0.03880169063220858
Run1_20201030,Run1_20201118,33,20260914,0.02181750684856364
Run1_20201030,Run1_20201118,34,20260914,0.016065367715529234
Run1_20201030,Run1_20201118,35,20260914,0.014177667088287063
Run1_20201030,Run1_20201118,36,20260914,-0.06105746948225688
Run1_20201030,Run1_20201118,37,20260914,-0.03911909646708395
Run1_20201030,Run1_20201118,38,20260914,-0.02279135236475505
Run1_20201030,Run1_20201118,39,20260914,0.02386005799774619
Run1_20201030,Run1_20201118,40,20260914,0.022178445666296034
Run1_20201030,Run1_20201118,41,20260914,0.03605472647207679
Run1_20201030,Run1_20201118,42,20260914,0.03428933111991815
Run1_20201030,Run1_20201118,43,20260914,-0.01704369997096794
Run1_20201030,Run1_20201118,44,20260914,0.2284253104594086
Run1_20201030,Run1_20201118,45,20260914,-0.05670781216515393
Run1_20201030,Run1_20201118,46,20260914,-0.06832016727345613
Run1_20201030,Run1_20201118,47,20260914,-0.05092716873517151
Run1_20201030,Run1_20201118,48,20260914,-0.035122740006199235
Run1_20201030,Run1_20201118,49,20260914,-0.022010516719065166
Run1_20201030,Run1_20201118,50,20260914,0.0013356595818934858
Run1_20201030,Run1_20201118,51,20260914,-0.05213158841836195
Run1_20201030,Run1_20201118,52,20260914,0.1097997386583084
Run1_20201030,Run1_20201118,53,20260914,-0.014825702872799152
Run1_20201030,Run1_20201118,54,20260914,-0.07581805454860092
Run1_20201030,Run1_20201118,55,20260914,-0.005346930536416279
Run1_20201030,Run1_20201118,56,20260914,-0.04335555412143852
Run1_20201030,Run1_20201118,57,20260914,-0.03169972399899407
Run1_20201030,Run1_20201118,58,20260914,0.010489456087610621
Run1_20201030,Run1_20201118,59,20260914,0.10564477117913428
Run1_20201030,Run1_20201118,60,20260914,-0.001343938793286906
Run1_20201030,Run1_20201118,61,20260914,-0.05280830150598491
Run1_20201030,Run1_20201118,62,20260914,-0.013472672256267753
Run1_20201030,Run1_20201118,63,20260914,-0.004920640269161143
Run1_20201030,Run1_20201118,64,20260914,-0.07006966042967046
Run1_20201030,Run1_20201118,65,20260914,-0.052643143015364546
Run1_20201030,Run1_20201118,66,20260914,-0.042783212049507455
Run1_20201030,Run1_20201118,67,20260914,0.0004782205353824675
Run1_20201030,Run1_20201118,68,20260914,0.009229312046157621
Run1_20201030,Run1_20201118,69,20260914,0.06727420235866213
Run1_20201030,Run1_20201118,70,20260914,-0.057715313082420054
Run1_20201030,Run1_20201118,71,20260914,0.011626680475580242
Run1_20201030,Run1_20201118,72,20260914,-0.03293856636361633
Run1_20201030,Run1_20201118,73,20260914,-0.040222833081295706
Run1_20201030,Run1_20201118,74,20260914,0.02612703774610968
Run1_20201030,Run1_20201118,75,20260914,-0.057896666048611344
Run1_20201030,Run1_20201118,76,20260914,2.5646717915219363e-05
Run1_20201030,Run1_20201118,77,20260914,-0.04286387894606923
Run1_20201030,Run1_20201118,78,20260914,0.04048536361146873
Run1_20201030,Run1_20201118,79,20260914,-0.02399157676105491
Run1_20201030,Run1_20201118,80,20260914,-0.06030661248004698
Run1_20201030,Run1_20201118,81,20260914,0.040191595089524475
Run1_20201030,Run1_20201118,82,20260914,0.026955744421344442
Run1_20201030,Run1_20201118,83,20260914,-0.038677415598332786
Run1_20201030,Run1_20201118,84,20260914,0.02907478248911276
Run1_20201030,Run1_20201118,85,20260914,-0.03895323260981633
Run1_20201030,Run1_20201118,86,20260914,-0.06114378331775615
Run1_20201030,Run1_20201118,87,20260914,0.29482069319171383
Run1_20201030,Run1_20201118,88,20260914,0.06779410377525648
Run1_20201030,Run1_20201118,89,20260914,-0.046434306504418266
Run1_20201030,Run1_20201118,90,20260914,0.11959970660348049
Run1_20201030,Run1_20201118,91,20260914,0.024523946378449075
Run1_20201030,Run1_20201118,92,20260914,0.011352133106650893
Run1_20201030,Run1_20201118,93,20260914,-0.046325682673189046
Run1_20201030,Run1_20201118,94,20260914,-0.05278088205388301
Run1_20201030,Run1_20201118,95,20260914,-0.007488713259143632
Run1_20201030,Run1_20201118,96,20260914,-0.021229240608667436
Run1_20201030,Run1_20201118,97,20260914,-0.04984174229335195
Run1_20201030,Run1_20201118,98,20260914,0.08960616622455457
Run1_20201030,Run1_20201118,99,20260914,-0.053707666510056984
Run1_20201030,Run1_20201118,100,20260914,-0.047047736856686416
Run1_20201030,Run1_20201118,101,20260914,0.21620426551512537
Run1_20201030,Run1_20201118,102,20260914,-0.022304019956409023
Run1_20201030,Run1_20201118,103,20260914,-0.03356564169489076
Run1_20201030,Run1_20201118,104,20260914,-0.049538339828651655
Run1_20201030,Run1_20201118,105,20260914,-0.012101653663905948
Run1_20201030,Run1_20201118,106,20260914,-0.009894211158492051
Run1_20201030,Run1_20201118,107,20260914,0.047845240419015715
Run1_20201030,Run1_20201118,108,20260914,0.04273334279196179
Run1_20201030,Run1_20201118,109,20260914,0.1021952920720228
Run1_20201030,Run1_20201118,110,20260914,-0.014218610955743163
Run1_20201030,Run1_20201118,111,20260914,0.00798109601775393
Run1_20201030,Run1_20201118,112,20260914,-0.04025108943859297
Run1_20201030,Run1_20201118,113,20260914,0.04661971206802173
Run1_20201030,Run1_20201118,114,20260914,-0.02107088403861267
Run1_20201030,Run1_20201118,115,20260914,0.07454567123909998
Run1_20201030,Run1_20201118,116,20260914,-0.01539230105882197
Run1_20201030,Run1_20201118,117,20260914,0.031040957574314514
Run1_20201030,Run1_20201118,118,20260914,-0.047749856572273056
Run1_20201030,Run1_20201118,119,20260914,0.08236431504112704
Run1_20201030,Run1_20201118,120,20260914,-0.04412565216614928
Run1_20201030,Run1_20201118,121,20260914,-0.014197585784970193
Run1_20201030,Run1_20201118,122,20260914,-0.03356108205944724
Run1_20201030,Run1_20201118,123,20260914,-0.05695404108506903
Run1_20201030,Run1_20201118,124,20260914,-0.03570232364155266
Run1_20201030,Run1_20201118,125,20260914,0.07988107402891824
Run1_20201030,Run1_20201118,126,20260914,0.04371276564971701
Run1_20201030,Run1_20201118,127,20260914,0.001945182183119667
Run1_20201030,Run1_20201118,128,20260914,0.10682221572658841
Run1_20201030,Run1_20201118,129,20260914,-0.017643975343668197
Run1_20201030,Run1_20201118,130,20260914,-0.04805695157958249
Run1_20201030,Run1_20201118,131,20260914,-0.008896218053840383
Run1_20201030,Run1_20201118,132,20260914,0.1263737123749474
Run1_20201030,Run1_20201118,133,20260914,-0.012933997809410992
Run1_20201030,Run1_20201118,134,20260914,0.014159285678636769
Run1_20201030,Run1_20201118,135,20260914,-0.052034608260575585
Run1_20201030,Run1_20201118,136,20260914,-0.01974254896521549
Run1_20201030,Run1_20201118,137,20260914,-0.06995103270692092
Run1_20201030,Run1_20201118,138,20260914,0.004919476733080268
Run1_20201030,Run1_20201118,139,20260914,-0.02374039411976563
Run1_20201030,Run1_20201118,140,20260914,0.03539951835302442
Run1_20201030,Run1_20201118,141,20260914,0.23935431381342773
Run1_20201030,Run1_20201118,142,20260914,-0.03062645244208277
Run1_20201030,Run1_20201118,143,20260914,-0.03558645335346545
Run1_20201030,Run1_20201118,144,20260914,-0.03096802357350754
Run1_20201030,Run1_20201118,145,20260914,-0.056664349172783415
Run1_20201030,Run1_20201118,146,20260914,-0.02843287635839783
Run1_20201030,Run1_20201118,147,20260914,0.04143433172727212
Run1_20201030,Run1_20201118,148,20260914,-0.03105872914896561
Run1_20201030,Run1_20201118,149,20260914,-0.029266841916007934
Run1_20201030,Run1_20201118,150,20260914,0.04310526813727288
Run1_20201030,Run1_20201118,151,20260914,-0.008209407252572852
Run1_20201030,Run1_20201118,152,20260914,-0.042195102004451715
Run1_20201030,Run1_20201118,153,20260914,0.02895464377905504
Run1_20201030,Run1_20201118,154,20260914,0.041766559940421624
Run1_20201030,Run1_20201118,155,20260914,0.005439800808580416
Run1_20201030,Run1_20201118,156,20260914,-0.007400064166115727
Run1_20201030,Run1_20201118,157,20260914,-0.04206559949907817
Run1_20201030,Run1_20201118,158,20260914,-0.06328228914579434
Run1_20201030,Run1_20201118,159,20260914,-0.051291653539302456
Run1_20201030,Run1_20201118,160,20260914,-0.048196963796551244
Run1_20201030,Run1_20201118,161,20260914,0.010777024880426915
Run1_20201030,Run1_20201118,162,20260914,-0.040677284202651355
Run1_20201030,Run1_20201118,163,20260914,-0.0433855815469081
Run1_20201030,Run1_20201118,164,20260914,-0.05373153609323428
Run1_20201030,Run1_20201118,165,20260914,-0.0025791760372469966
Run1_20201030,Run1_20201118,166,20260914,0.04485612643995906
Run1_20201030,Run1_20201118,167,20260914,0.032643929257970807
Run1_20201030,Run1_20201118,168,20260914,-0.03135337691292677
Run1_20201030,Run1_20201118,169,20260914,0.08985303107884922
Run1_20201030,Run1_20201118,170,20260914,-0.039431886869346136
Run1_20201030,Run1_20201118,171,20260914,0.030597609196755388
Run1_20201030,Run1_20201118,172,20260914,-0.03621826045503872
Run1_20201030,Run1_20201118,173,20260914,-0.019510422949327935
Run1_20201030,Run1_20201118,174,20260914,0.25669453717303475
Run1_20201030,Run1_20201118,175,20260914,0.0018050539235232195
Run1_20201030,Run1_20201118,176,20260914,-0.028729016376224405
Run1_20201030,Run1_20201118,177,20260914,0.03486801153916012
Run1_20201030,Run1_20201118,178,20260914,0.2578435741529417
Run1_20201030,Run1_20201118,179,20260914,0.008316502972079913
Run1_20201030,Run1_20201118,180,20260914,0.08803032687775057
Run1_20201030,Run1_20201118,181,20260914,-0.051042802193476865
Run1_20201030,Run1_20201118,182,20260914,0.053009195918364276
Run1_20201030,Run1_20201118,183,20260914,0.06277574965845503
Run1_20201030,Run1_20201118,184,20260914,-0.01602858876863863
Run1_20201030,Run1_20201118,185,20260914,-0.0026023236382252683
Run1_20201030,Run1_20201118,186,20260914,0.048589712993123015
Run1_20201030,Run1_20201118,187,20260914,-0.052570390343471704
Run1_20201030,Run1_20201118,188,20260914,-0.04135506489769666
Run1_20201030,Run1_20201118,189,20260914,-0.03070773395151461
Run1_20201030,Run1_20201118,190,20260914,-0.056946763228522275
Run1_20201030,Run1_20201118,191,20260914,-0.017130198653820327
Run1_20201030,Run1_20201118,192,20260914,0.08495078421716896
Run1_20201030,Run1_20201118,193,20260914,-0.0480889340313847
Run1_20201030,Run1_20201118,194,20260914,-0.023048440057321866
Run1_20201030,Run1_20201118,195,20260914,0.02183445787034898
Run1_20201030,Run1_20201118,196,20260914,0.053428178332221285
Run1_20201030,Run1_20201118,197,20260914,0.016150714526730177
Run1_20201030,Run1_20201118,198,20260914,-0.026283435940493476
Run1_20201030,Run1_20201118,199,20260914,-0.05493473475420332
Run1_20201030,Run1_20201119,0,20260914,0.00041745108972098216
Run1_20201030,Run1_20201119,1,20260914,0.05331298429131699
Run1_20201030,Run1_20201119,2,20260914,-0.027724141472385597
Run1_20201030,Run1_20201119,3,20260914,-0.042707471309629805
Run1_20201030,Run1_20201119,4,20260914,0.17930230533043962
Run1_20201030,Run1_20201119,5,20260914,0.007808532553684327
Run1_20201030,Run1_20201119,6,20260914,0.008237073150163896
Run1_20201030,Run1_20201119,7,20260914,-0.04832586842246183
Run1_20201030,Run1_20201119,8,20260914,0.029911539417629248
Run1_20201030,Run1_20201119,9,20260914,-0.007792958963950189
Run1_20201030,Run1_20201119,10,20260914,0.019850749849670387
Run1_20201030,Run1_20201119,11,20260914,0.0329579461895654
Run1_20201030,Run1_20201119,12,20260914,-0.00938981451875515
Run1_20201030,Run1_20201119,13,20260914,-0.040054801885836384
Run1_20201030,Run1_20201119,14,20260914,0.007501549033731353
Run1_20201030,Run1_20201119,15,20260914,-0.03223832372177657
Run1_20201030,Run1_20201119,16,20260914,-0.03245347579909085
Run1_20201030,Run1_20201119,17,20260914,0.02880410102611265
Run1_20201030,Run1_20201119,18,20260914,0.14003124133669792
Run1_20201030,Run1_20201119,19,20260914,-0.031304484108027344
Run1_20201030,Run1_20201119,20,20260914,-0.02968955531396985
Run1_20201030,Run1_20201119,21,20260914,0.10792671576297971
Run1_20201030,Run1_20201119,22,20260914,0.09803089364748875
Run1_20201030,Run1_20201119,23,20260914,-0.009806463041824452
Run1_20201030,Run1_20201119,24,20260914,0.03100684497920914
Run1_20201030,Run1_20201119,25,20260914,-0.027631377075063215
Run1_20201030,Run1_20201119,26,20260914,-0.016124939942198525
Run1_20201030,Run1_20201119,27,20260914,0.04892617097809784
Run1_20201030,Run1_20201119,28,20260914,-0.039245340662489525
Run1_20201030,Run1_20201119,29,20260914,-0.04441002095781667
Run1_20201030,Run1_20201119,30,20260914,0.0289594747080739
Run1_20201030,Run1_20201119,31,20260914,0.00743248257694734
Run1_20201030,Run1_20201119,32,20260914,-0.024644777637517143
Run1_20201030,Run1_20201119,33,20260914,-0.017314825614388674
Run1_20201030,Run1_20201119,34,20260914,0.023664137144420692
Run1_20201030,Run1_20201119,35,20260914,-0.04912175657230616
Run1_20201030,Run1_20201119,36,20260914,0.009645728164159562
Run1_20201030,Run1_20201119,37,20260914,0.08026570400788499
Run1_20201030,Run1_20201119,38,20260914,-0.02537410630648663
Run1_20201030,Run1_20201119,39,20260914,-0.013970612639369027
Run1_20201030,Run1_20201119,40,20260914,-0.010282207700235203
Run1_20201030,Run1_20201119,41,20260914,0.027516970260208374
Run1_20201030,Run1_20201119,42,20260914,-0.01936075949538456
Run1_20201030,Run1_20201119,43,20260914,0.05325915185857195
Run1_20201030,Run1_20201119,44,20260914,0.026311951771596363
Run1_20201030,Run1_20201119,45,20260914,0.1239926866322148
Run1_20201030,Run1_20201119,46,20260914,-0.018549782410240793
Run1_20201030,Run1_20201119,47,20260914,-0.0025211766154864678
Run1_20201030,Run1_20201119,48,20260914,-0.016271101002720337
Run1_20201030,Run1_20201119,49,20260914,-0.054060100318033925
Run1_20201030,Run1_20201119,50,20260914,0.05008153658866197
Run1_20201030,Run1_20201119,51,20260914,0.025214668689453896
Run1_20201030,Run1_20201119,52,20260914,-0.019583123530137015
Run1_20201030,Run1_20201119,53,20260914,0.0932038393172152
Run1_20201030,Run1_20201119,54,20260914,-0.021062769565330597
Run1_20201030,Run1_20201119,55,20260914,-0.03269016195041413
Run1_20201030,Run1_20201119,56,20260914,-0.005903380341665832
Run1_20201030,Run1_20201119,57,20260914,0.0015842926030886896
Run1_20201030,Run1_20201119,58,20260914,-0.040318981674077006
Run1_20201030,Run1_20201119,59,20260914,-0.01855679967704692
Run1_20201030,Run1_20201119,60,20260914,0.06579416526129955
Run1_20201030,Run1_20201119,61,20260914,0.24970163728551292
Run1_20201030,Run1_20201119,62,20260914,0.0031418602744377236
Run1_20201030,Run1_20201119,63,20260914,-0.03143352937566898
Run1_20201030,Run1_20201119,64,20260914,0.0455262601508481
Run1_20201030,Run1_20201119,65,20260914,0.10639230393297862
Run1_20201030,Run1_20201119,66,20260914,-0.02593651276354502
Run1_20201030,Run1_20201119,67,20260914,0.1835826830857738
Run1_20201030,Run1_20201119,68,20260914,-0.0641694229171941
Run1_20201030,Run1_20201119,69,20260914,-0.049374275593154514
Run1_20201030,Run1_20201119,70,20260914,0.0520518244680958
Run1_20201030,Run1_20201119,71,20260914,-0.007601797522850075
Run1_20201030,Run1_20201119,72,20260914,-0.03595344443605971
Run1_20201030,Run1_20201119,73,20260914,-0.05921859895241869
Run1_20201030,Run1_20201119,74,20260914,-0.0015743078155500733
Run1_20201030,Run1_20201119,75,20260914,-0.01219555668678917
Run1_20201030,Run1_20201119,76,20260914,-0.022847991034613442
Run1_20201030,Run1_20201119,77,20260914,0.015621664774273809
Run1_20201030,Run1_20201119,78,20260914,0.04385065398382783
Run1_20201030,Run1_20201119,79,20260914,0.0033123504343559674
Run1_20201030,Run1_20201119,80,20260914,0.043807381391807836
Run1_20201030,Run1_20201119,81,20260914,-0.03546935292097722
Run1_20201030,Run1_20201119,82,20260914,0.00938714310878522
Run1_20201030,Run1_20201119,83,20260914,0.0020908325445407163
Run1_20201030,Run1_20201119,84,20260914,0.03368735687278642
Run1_20201030,Run1_20201119,85,20260914,-0.010751400517541887
Run1_20201030,Run1_20201119,86,20260914,-0.0031668317761603766
Run1_20201030,Run1_20201119,87,20260914,-0.02378207497435229
Run1_20201030,Run1_20201119,88,20260914,-0.022731476719528895
Run1_20201030,Run1_20201119,89,20260914,-0.02131834315642935
Run1_20201030,Run1_20201119,90,20260914,0.0158819725146862
Run1_20201030,Run1_20201119,91,20260914,-0.03658470594376666
Run1_20201030,Run1_20201119,92,20260914,-0.01973809917136998
Run1_20201030,Run1_20201119,93,20260914,0.07717283571662685
Run1_20201030,Run1_20201119,94,20260914,-0.015813551639070632
Run1_20201030,Run1_20201119,95,20260914,-0.018081005444355626
Run1_20201030,Run1_20201119,96,20260914,0.16872565367197537
Run1_20201030,Run1_20201119,97,20260914,0.023481877424894885
Run1_20201030,Run1_20201119,98,20260914,-0.03905273452766583
Run1_20201030,Run1_20201119,99,20260914,-0.04109621255872112
Run1_20201030,Run1_20201119,100,20260914,0.002534210295899566
Run1_20201030,Run1_20201119,101,20260914,0.139746721660675
Run1_20201030,Run1_20201119,102,20260914,-0.020440705558343174
Run1_20201030,Run1_20201119,103,20260914,0.009716468524712474
Run1_20201030,Run1_20201119,104,20260914,-0.012991283505907624
Run1_20201030,Run1_20201119,105,20260914,-0.03402815987939785
Run1_20201030,Run1_20201119,106,20260914,-0.05514786155840152
Run1_20201030,Run1_20201119,107,20260914,0.012649048948892494
Run1_20201030,Run1_20201119,108,20260914,-0.03712296426439725
Run1_20201030,Run1_20201119,109,20260914,0.01789688493093497
Run1_20201030,Run1_20201119,110,20260914,-0.011791991707611296
Run1_20201030,Run1_20201119,111,20260914,0.13555789559087517
Run1_20201030,Run1_20201119,112,20260914,0.07602298771186314
Run1_20201030,Run1_20201119,113,20260914,0.24809419643745773
Run1_20201030,Run1_20201119,114,20260914,-0.01495257502566234
Run1_20201030,Run1_20201119,115,20260914,-0.02904837202151126
Run1_20201030,Run1_20201119,116,20260914,0.01909101290376408
Run1_20201030,Run1_20201119,117,20260914,-0.021280246286743822
Run1_20201030,Run1_20201119,118,20260914,-0.03358552277453554
Run1_20201030,Run1_20201119,119,20260914,-0.005952517541466178
Run1_20201030,Run1_20201119,120,20260914,-0.01422018625908041
Run1_20201030,Run1_20201119,121,20260914,0.05504235300294794
Run1_20201030,Run1_20201119,122,20260914,-0.02740130897004414
Run1_20201030,Run1_20201119,123,20260914,-0.02855687544816625
Run1_20201030,Run1_20201119,124,20260914,0.022697532895863286
Run1_20201030,Run1_20201119,125,20260914,0.012998934470969373
Run1_20201030,Run1_20201119,126,20260914,-0.0027652876298156644
Run1_20201030,Run1_20201119,127,20260914,0.01831298563365101
Run1_20201030,Run1_20201119,128,20260914,0.28590359863153547
Run1_20201030,Run1_20201119,129,20260914,-0.03595875572083682
Run1_20201030,Run1_20201119,130,20260914,-0.044833957429027
Run1_20201030,Run1_20201119,131,20260914,-0.050997769695446345
Run1_20201030,Run1_20201119,132,20260914,-0.017862894140189673
Run1_20201030,Run1_20201119,133,20260914,0.01798579940201897
Run1_20201030,Run1_20201119,134,20260914,-0.006699182730376099
Run1_20201030,Run1_20201119,135,20260914,-0.03566746376531636
Run1_20201030,Run1_20201119,136,20260914,0.015044956264619852
Run1_20201030,Run1_20201119,137,20260914,0.029142550986432127
Run1_20201030,Run1_20201119,138,20260914,-0.01015637639827059
Run1_20201030,Run1_20201119,139,20260914,-0.014878601400777916
Run1_20201030,Run1_20201119,140,20260914,0.023959998141595416
Run1_20201030,Run1_20201119,141,20260914,-0.05679335129428725
Run1_20201030,Run1_20201119,142,20260914,-0.03184314349284151
Run1_20201030,Run1_20201119,143,20260914,0.002420171822959239
Run1_20201030,Run1_20201119,144,20260914,-0.02565971419445755
Run1_20201030,Run1_20201119,145,20260914,-0.05433002499541022
Run1_20201030,Run1_20201119,146,20260914,0.025842831312780475
Run1_20201030,Run1_20201119,147,20260914,-0.0001345780043279775
Run1_20201030,Run1_20201119,148,20260914,-0.012992521910400333
Run1_20201030,Run1_20201119,149,20260914,-0.03973119773946094
Run1_20201030,Run1_20201119,150,20260914,-0.02868267382140867
Run1_20201030,Run1_20201119,151,20260914,-0.018119224404260382
Run1_20201030,Run1_20201119,152,20260914,-0.03550404337192116
Run1_20201030,Run1_20201119,153,20260914,-0.013698669706747444
Run1_20201030,Run1_20201119,154,20260914,-0.009079412059964966
Run1_20201030,Run1_20201119,155,20260914,0.09096644658236316
Run1_20201030,Run1_20201119,156,20260914,-0.03594201467264191
Run1_20201030,Run1_20201119,157,20260914,-0.007347392448026809
Run1_20201030,Run1_20201119,158,20260914,0.1445757322088102
Run1_20201030,Run1_20201119,159,20260914,-0.04899431608986244
Run1_20201030,Run1_20201119,160,20260914,0.014961729477728144
Run1_20201030,Run1_20201119,161,20260914,0.0018759581792203623
Run1_20201030,Run1_20201119,162,20260914,-0.04058076796214938
Run1_20201030,Run1_20201119,163,20260914,-0.007467868517684199
Run1_20201030,Run1_20201119,164,20260914,-0.05869212211012437
Run1_20201030,Run1_20201119,165,20260914,0.02793600138554043
Run1_20201030,Run1_20201119,166,20260914,0.021554258209095133
Run1_20201030,Run1_20201119,167,20260914,-0.014557923269726828
Run1_20201030,Run1_20201119,168,20260914,0.028265267298210443
Run1_20201030,Run1_20201119,169,20260914,-0.02301612577487022
Run1_20201030,Run1_20201119,170,20260914,0.02064386046355707
Run1_20201030,Run1_20201119,171,20260914,0.005588678938450875
Run1_20201030,Run1_20201119,172,20260914,0.15640454432186598
Run1_20201030,Run1_20201119,173,20260914,-0.04051618953640413
Run1_20201030,Run1_20201119,174,20260914,-0.015536668229131296
Run1_20201030,Run1_20201119,175,20260914,0.008279186503538614
Run1_20201030,Run1_20201119,176,20260914,-0.009811352094874541
Run1_20201030,Run1_20201119,177,20260914,-0.045296518877046284
Run1_20201030,Run1_20201119,178,20260914,-0.03567626173921452
Run1_20201030,Run1_20201119,179,20260914,-0.03679759884787227
Run1_20201030,Run1_20201119,180,20260914,0.0419422738606198
Run1_20201030,Run1_20201119,181,20260914,-0.00915481330372841
Run1_20201030,Run1_20201119,182,20260914,0.070316872507444
Run1_20201030,Run1_20201119,183,20260914,-0.03520761028076037
Run1_20201030,Run1_20201119,184,20260914,-0.0016939079766765622
Run1_20201030,Run1_20201119,185,20260914,-0.0027472124667307627
Run1_20201030,Run1_20201119,186,20260914,-0.0041839325387050316
Run1_20201030,Run1_20201119,187,20260914,-0.02447812557219265
Run1_20201030,Run1_20201119,188,20260914,-0.02217034265182648
Run1_20201030,Run1_20201119,189,20260914,0.023598675609638575
Run1_20201030,Run1_20201119,190,20260914,0.026313761678590848
Run1_20201030,Run1_20201119,191,20260914,-0.004525030049605332
Run1_20201030,Run1_20201119,192,20260914,-0.0015141568763764077
Run1_20201030,Run1_20201119,193,20260914,-0.01114877769976791
Run1_20201030,Run1_20201119,194,20260914,0.06190346429474146
Run1_20201030,Run1_20201119,195,20260914,0.061492693583521135
Run1_20201030,Run1_20201119,196,20260914,-0.017456843263876403
Run1_20201030,Run1_20201119,197,20260914,-0.04197919040614977
Run1_20201030,Run1_20201119,198,20260914,0.28938166588031194
Run1_20201030,Run1_20201119,199,20260914,-0.02719482985082924
Run1_20201030,Run1_20201124,0,20260914,0.08882909048503086
Run1_20201030,Run1_20201124,1,20260914,0.008399891842647321
Run1_20201030,Run1_20201124,2,20260914,0.014216319922538155
Run1_20201030,Run1_20201124,3,20260914,-0.006665767440180014
Run1_20201030,Run1_20201124,4,20260914,0.036086876617176106
Run1_20201030,Run1_20201124,5,20260914,0.01644490192360201
Run1_20201030,Run1_20201124,6,20260914,-0.004825287283699328
Run1_20201030,Run1_20201124,7,20260914,0.013232084558666719
Run1_20201030,Run1_20201124,8,20260914,-0.042191112676827555
Run1_20201030,Run1_20201124,9,20260914,-0.026980575820374646
Run1_20201030,Run1_20201124,10,20260914,-0.005266759459013449
Run1_20201030,Run1_20201124,11,20260914,0.09264465951142993
Run1_20201030,Run1_20201124,12,20260914,-0.0011689627056605104
Run1_20201030,Run1_20201124,13,20260914,-0.03505097169306828
Run1_20201030,Run1_20201124,14,20260914,-0.04536952580822662
Run1_20201030,Run1_20201124,15,20260914,0.11520896574877651
Run1_20201030,Run1_20201124,16,20260914,0.007185150745848484
Run1_20201030,Run1_20201124,17,20260914,0.11656124945946755
Run1_20201030,Run1_20201124,18,20260914,-0.0359915953858515
Run1_20201030,Run1_20201124,19,20260914,-0.009414507500453353
Run1_20201030,Run1_20201124,20,20260914,0.10906776362502593
Run1_20201030,Run1_20201124,21,20260914,0.010785683712188384
Run1_20201030,Run1_20201124,22,20260914,-0.022789616574969418
Run1_20201030,Run1_20201124,23,20260914,0.06518130352164359
Run1_20201030,Run1_20201124,24,20260914,0.05891103747408392
Run1_20201030,Run1_20201124,25,20260914,0.11635079978620394
Run1_20201030,Run1_20201124,26,20260914,-0.0066916554713995205
Run1_20201030,Run1_20201124,27,20260914,-0.0307034683188397
Run1_20201030,Run1_20201124,28,20260914,0.09907938151242798
Run1_20201030,Run1_20201124,29,20260914,0.03270103741371729
Run1_20201030,Run1_20201124,30,20260914,0.0852002847657639
Run1_20201030,Run1_20201124,31,20260914,-0.0016880322231547082
Run1_20201030,Run1_20201124,32,20260914,-0.01101050304905572
Run1_20201030,Run1_20201124,33,20260914,0.017770810115734
Run1_20201030,Run1_20201124,34,20260914,0.020306579441503013
Run1_20201030,Run1_20201124,35,20260914,0.03725065764286401
Run1_20201030,Run1_20201124,36,20260914,0.09002823297573824
Run1_20201030,Run1_20201124,37,20260914,0.03163796582934879
Run1_20201030,Run1_20201124,38,20260914,-0.04083268755093539
Run1_20201030,Run1_20201124,39,20260914,0.006157662787204727
Run1_20201030,Run1_20201124,40,20260914,0.018142678932739055
Run1_20201030,Run1_20201124,41,20260914,-0.022971416043514988
Run1_20201030,Run1_20201124,42,20260914,-0.015191066163063633
Run1_20201030,Run1_20201124,43,20260914,0.016647658387882628
Run1_20201030,Run1_20201124,44,20260914,0.021372802299269394
Run1_20201030,Run1_20201124,45,20260914,4.744041268688023e-05
Run1_20201030,Run1_20201124,46,20260914,-0.035401353530622036
Run1_20201030,Run1_20201124,47,20260914,-0.0069187484678926775
Run1_20201030,Run1_20201124,48,20260914,0.20953950432484514
Run1_20201030,Run1_20201124,49,20260914,-0.044431491626244254
Run1_20201030,Run1_20201124,50,20260914,0.1888012670786068
Run1_20201030,Run1_20201124,51,20260914,-0.013958837513631672
Run1_20201030,Run1_20201124,52,20260914,0.14076735092918452
Run1_20201030,Run1_20201124,53,20260914,-0.0036998623444634625
Run1_20201030,Run1_20201124,54,20260914,-0.013369764092911613
Run1_20201030,Run1_20201124,55,20260914,-0.017178721968594827
Run1_20201030,Run1_20201124,56,20260914,-0.01740672801835492
Run1_20201030,Run1_20201124,57,20260914,-0.04463018783202479
Run1_20201030,Run1_20201124,58,20260914,-0.006290800266513058
Run1_20201030,Run1_20201124,59,20260914,-0.008526166961002408
Run1_20201030,Run1_20201124,60,20260914,0.13091577001621912
Run1_20201030,Run1_20201124,61,20260914,0.05633267488792703
Run1_20201030,Run1_20201124,62,20260914,0.08334629184194434
Run1_20201030,Run1_20201124,63,20260914,0.11908268004425498
Run1_20201030,Run1_20201124,64,20260914,-0.0022115538005897484
Run1_20201030,Run1_20201124,65,20260914,0.08452004193005239
Run1_20201030,Run1_20201124,66,20260914,-0.013412832742815088
Run1_20201030,Run1_20201124,67,20260914,0.038038715313139605
Run1_20201030,Run1_20201124,68,20260914,-0.01824189861628884
Run1_20201030,Run1_20201124,69,20260914,0.04243980157174084
Run1_20201030,Run1_20201124,70,20260914,0.024297089751871837
Run1_20201030,Run1_20201124,71,20260914,0.13009995275759922
Run1_20201030,Run1_20201124,72,20260914,-0.0037499602089374473
Run1_20201030,Run1_20201124,73,20260914,0.1421037908989192
Run1_20201030,Run1_20201124,74,20260914,0.060722501804918366
Run1_20201030,Run1_20201124,75,20260914,0.10042498241465517
Run1_20201030,Run1_20201124,76,20260914,0.052639903145946826
Run1_20201030,Run1_20201124,77,20260914,0.12362472230115952
Run1_20201030,Run1_20201124,78,20260914,0.08143699120167133
Run1_20201030,Run1_20201124,79,20260914,0.006275010006397397
Run1_20201030,Run1_20201124,80,20260914,0.0299933248065063
Run1_20201030,Run1_20201124,81,20260914,-0.01313094279431445
Run1_20201030,Run1_20201124,82,20260914,-0.0035851788705860083
Run1_20201030,Run1_20201124,83,20260914,-0.02464559241712479
Run1_20201030,Run1_20201124,84,20260914,0.04608219938076303
Run1_20201030,Run1_20201124,85,20260914,-0.01261049112699872
Run1_20201030,Run1_20201124,86,20260914,0.05531593563501143
Run1_20201030,Run1_20201124,87,20260914,-0.04402863034321609
Run1_20201030,Run1_20201124,88,20260914,-0.04065683025706952
Run1_20201030,Run1_20201124,89,20260914,0.013446471131835537
Run1_20201030,Run1_20201124,90,20260914,-0.02500399927789114
Run1_20201030,Run1_20201124,91,20260914,-0.013898533988239632
Run1_20201030,Run1_20201124,92,20260914,0.0002569802164971412
Run1_20201030,Run1_20201124,93,20260914,0.007927578034654622
Run1_20201030,Run1_20201124,94,20260914,-0.03664962352338997
Run1_20201030,Run1_20201124,95,20260914,0.0046003928273944256
Run1_20201030,Run1_20201124,96,20260914,-0.03593473519086649
Run1_20201030,Run1_20201124,97,20260914,-0.022708878647515553
Run1_20201030,Run1_20201124,98,20260914,0.039917876467364895
Run1_20201030,Run1_20201124,99,20260914,0.0985649798899409
Run1_20201030,Run1_20201124,100,20260914,0.021625465813974804
Run1_20201030,Run1_20201124,101,20260914,0.07261789841562273
Run1_20201030,Run1_20201124,102,20260914,-0.014507697633376651
Run1_20201030,Run1_20201124,103,20260914,-0.01393860760423848
Run1_20201030,Run1_20201124,104,20260914,0.002964534271459822
Run1_20201030,Run1_20201124,105,20260914,0.007865601386239119
Run1_20201030,Run1_20201124,106,20260914,0.01707502141342584
Run1_20201030,Run1_20201124,107,20260914,0.00020453697721780264
Run1_20201030,Run1_20201124,108,20260914,0.018191060817463203
Run1_20201030,Run1_20201124,109,20260914,0.04467359918022276
Run1_20201030,Run1_20201124,110,20260914,-0.011589179007439521
Run1_20201030,Run1_20201124,111,20260914,-0.014502498341085145
Run1_20201030,Run1_20201124,112,20260914,0.009423005100645405
Run1_20201030,Run1_20201124,113,20260914,-0.05054694817507497
Run1_20201030,Run1_20201124,114,20260914,0.033682848798658044
Run1_20201030,Run1_20201124,115,20260914,0.03270297355271968
Run1_20201030,Run1_20201124,116,20260914,0.022270087329975385
Run1_20201030,Run1_20201124,117,20260914,-0.007016800188345157
Run1_20201030,Run1_20201124,118,20260914,0.004391391337074266
Run1_20201030,Run1_20201124,119,20260914,0.08163107013321468
Run1_20201030,Run1_20201124,120,20260914,-0.019835510348705003
Run1_20201030,Run1_20201124,121,20260914,-0.02731813604912092
Run1_20201030,Run1_20201124,122,20260914,0.20290842842493584
Run1_20201030,Run1_20201124,123,20260914,0.06733757885087908
Run1_20201030,Run1_20201124,124,20260914,-0.04093796490462742
Run1_20201030,Run1_20201124,125,20260914,-0.041809663798965696
Run1_20201030,Run1_20201124,126,20260914,0.049894962003644086
Run1_20201030,Run1_20201124,127,20260914,0.0008816785976381517
Run1_20201030,Run1_20201124,128,20260914,-0.020627676923276838
Run1_20201030,Run1_20201124,129,20260914,-0.0010224123630929243
Run1_20201030,Run1_20201124,130,20260914,0.024873335825623233
Run1_20201030,Run1_20201124,131,20260914,-0.0396644553180265
Run1_20201030,Run1_20201124,132,20260914,-0.010537231169508816
Run1_20201030,Run1_20201124,133,20260914,-0.04237868568757187
Run1_20201030,Run1_20201124,134,20260914,-0.012254878094007462
Run1_20201030,Run1_20201124,135,20260914,-0.04512352924039275
Run1_20201030,Run1_20201124,136,20260914,-0.050620177689221627
Run1_20201030,Run1_20201124,137,20260914,0.19114725875889768
Run1_20201030,Run1_20201124,138,20260914,-0.0011652859287761338
Run1_20201030,Run1_20201124,139,20260914,-0.0523903470055885
Run1_20201030,Run1_20201124,140,20260914,-0.03442583730801648
Run1_20201030,Run1_20201124,141,20260914,-0.040943533783511885
Run1_20201030,Run1_20201124,142,20260914,0.11587006012753194
Run1_20201030,Run1_20201124,143,20260914,0.012185310090497314
Run1_20201030,Run1_20201124,144,20260914,0.0007559998007257852
Run1_20201030,Run1_20201124,145,20260914,0.006470473451128101
Run1_20201030,Run1_20201124,146,20260914,-0.04068674817750896
Run1_20201030,Run1_20201124,147,20260914,-0.0356623485195888
Run1_20201030,Run1_20201124,148,20260914,0.056080874103172335
Run1_20201030,Run1_20201124,149,20260914,0.04541475648631961
Run1_20201030,Run1_20201124,150,20260914,-0.02655437762303416
Run1_20201030,Run1_20201124,151,20260914,-0.033980771918158244
Run1_20201030,Run1_20201124,152,20260914,-0.03312015539855338
Run1_20201030,Run1_20201124,153,20260914,-0.03416963605680579
Run1_20201030,Run1_20201124,154,20260914,0.004176780004212554
Run1_20201030,Run1_20201124,155,20260914,0.06460919766886386
Run1_20201030,Run1_20201124,156,20260914,0.1388949627100909
Run1_20201030,Run1_20201124,157,20260914,0.01636783198061472
Run1_20201030,Run1_20201124,158,20260914,0.16697500121861986
Run1_20201030,Run1_20201124,159,20260914,0.04748047146478193
Run1_20201030,Run1_20201124,160,20260914,-0.019955021603938458
Run1_20201030,Run1_20201124,161,20260914,0.004032189449996896
Run1_20201030,Run1_20201124,162,20260914,0.032442772093582775
Run1_20201030,Run1_20201124,163,20260914,0.005367705640994621
Run1_20201030,Run1_20201124,164,20260914,-0.0049554014831672
Run1_20201030,Run1_20201124,165,20260914,-0.03549213699550946
Run1_20201030,Run1_20201124,166,20260914,-0.005868943252955395
Run1_20201030,Run1_20201124,167,20260914,-0.025639734605002004
Run1_20201030,Run1_20201124,168,20260914,-0.000532034279891391
Run1_20201030,Run1_20201124,169,20260914,-0.03171557321554654
Run1_20201030,Run1_20201124,170,20260914,0.0051444044477227625
Run1_20201030,Run1_20201124,171,20260914,0.023466298988631413
Run1_20201030,Run1_20201124,172,20260914,-0.018229984720108772
Run1_20201030,Run1_20201124,173,20260914,-0.043180160152402315
Run1_20201030,Run1_20201124,174,20260914,-0.02429499758167861
Run1_20201030,Run1_20201124,175,20260914,0.01870287803756427
Run1_20201030,Run1_20201124,176,20260914,0.02417430801361228
Run1_20201030,Run1_20201124,177,20260914,0.08701582544447847
Run1_20201030,Run1_20201124,178,20260914,-0.04385300161908271
Run1_20201030,Run1_20201124,179,20260914,-0.023536673358681884
Run1_20201030,Run1_20201124,180,20260914,-0.009521533109048788
Run1_20201030,Run1_20201124,181,20260914,-0.03249612851536827
Run1_20201030,Run1_20201124,182,20260914,-0.01341548657716968
Run1_20201030,Run1_20201124,183,20260914,-0.027860120786567688
Run1_20201030,Run1_20201124,184,20260914,0.04064417705306048
Run1_20201030,Run1_20201124,185,20260914,0.12707183282102938
Run1_20201030,Run1_20201124,186,20260914,0.0758515425452495
Run1_20201030,Run1_20201124,187,20260914,-0.022455332076011265
Run1_20201030,Run1_20201124,188,20260914,0.0018896259680385062
Run1_20201030,Run1_20201124,189,20260914,-0.03691499660254611
Run1_20201030,Run1_20201124,190,20260914,0.07781299435060872
Run1_20201030,Run1_20201124,191,20260914,-0.0513220764615187
Run1_20201030,Run1_20201124,192,20260914,-0.03448059421625684
Run1_20201030,Run1_20201124,193,20260914,0.010974893070023842
Run1_20201030,Run1_20201124,194,20260914,0.007161444695827107
Run1_20201030,Run1_20201124,195,20260914,0.028813513527032906
Run1_20201030,Run1_20201124,196,20260914,-0.027860726433751624
Run1_20201030,Run1_20201124,197,20260914,0.028522805298163978
Run1_20201030,Run1_20201124,198,20260914,0.14122452932278803
Run1_20201030,Run1_20201124,199,20260914,-0.005715103250665101
Run1_20201030,Run2_20201124,0,20260914,0.09066009982995014
Run1_20201030,Run2_20201124,1,20260914,0.06068006681943361
Run1_20201030,Run2_20201124,2,20260914,0.01607782862758175
Run1_20201030,Run2_20201124,3,20260914,-0.027581474086624702
Run1_20201030,Run2_20201124,4,20260914,-0.03355302447107638
Run1_20201030,Run2_20201124,5,20260914,0.10735074999850121
Run1_20201030,Run2_20201124,6,20260914,-0.0046559105479537346
Run1_20201030,Run2_20201124,7,20260914,-0.02858251424894391
Run1_20201030,Run2_20201124,8,20260914,0.23675647609059375
Run1_20201030,Run2_20201124,9,20260914,0.02282281791021069
Run1_20201030,Run2_20201124,10,20260914,-0.01973624899701473
Run1_20201030,Run2_20201124,11,20260914,-0.06111960550729984
Run1_20201030,Run2_20201124,12,20260914,-0.017735682115706874
Run1_20201030,Run2_20201124,13,20260914,-0.04415203030946482
Run1_20201030,Run2_20201124,14,20260914,0.2115143974739031
Run1_20201030,Run2_20201124,15,20260914,-0.06901796678254912
Run1_20201030,Run2_20201124,16,20260914,0.01675341951811548
Run1_20201030,Run2_20201124,17,20260914,0.0025230555995990147
Run1_20201030,Run2_20201124,18,20260914,-0.053397490604393597
Run1_20201030,Run2_20201124,19,20260914,-0.00138178195526487
Run1_20201030,Run2_20201124,20,20260914,-0.036622505434066616
Run1_20201030,Run2_20201124,21,20260914,-0.054445770498942565
Run1_20201030,Run2_20201124,22,20260914,0.3103888056554826
Run1_20201030,Run2_20201124,23,20260914,0.0017065711627510945
Run1_20201030,Run2_20201124,24,20260914,-0.001605340198694948
Run1_20201030,Run2_20201124,25,20260914,0.06240411256218854
Run1_20201030,Run2_20201124,26,20260914,0.028658553081215895
Run1_20201030,Run2_20201124,27,20260914,-0.011585174561925227
Run1_20201030,Run2_20201124,28,20260914,0.014289927157834439
Run1_20201030,Run2_20201124,29,20260914,-0.012103243520555624
Run1_20201030,Run2_20201124,30,20260914,-0.013373848398186332
Run1_20201030,Run2_20201124,31,20260914,0.0022549613813024733
Run1_20201030,Run2_20201124,32,20260914,0.04118572743132824
Run1_20201030,Run2_20201124,33,20260914,0.019785963102181524
Run1_20201030,Run2_20201124,34,20260914,-0.019313993413409444
Run1_20201030,Run2_20201124,35,20260914,0.05071185397349811
Run1_20201030,Run2_20201124,36,20260914,0.017218493111917237
Run1_20201030,Run2_20201124,37,20260914,0.020228917054581543
Run1_20201030,Run2_20201124,38,20260914,-0.029561565269317858
Run1_20201030,Run2_20201124,39,20260914,0.018675906033466447
Run1_20201030,Run2_20201124,40,20260914,-0.018878603324335896
Run1_20201030,Run2_20201124,41,20260914,0.06082367007920077
Run1_20201030,Run2_20201124,42,20260914,0.001237494814603282
Run1_20201030,Run2_20201124,43,20260914,-0.059049445568698275
Run1_20201030,Run2_20201124,44,20260914,0.04068662903373233
Run1_20201030,Run2_20201124,45,20260914,-0.009917938121316047
Run1_20201030,Run2_20201124,46,20260914,-0.035205542686618546
Run1_20201030,Run2_20201124,47,20260914,-0.029842445791901265
Run1_20201030,Run2_20201124,48,20260914,-0.053938993152326226
Run1_20201030,Run2_20201124,49,20260914,0.0009054922528605073
Run1_20201030,Run2_20201124,50,20260914,0.0380437261458522
Run1_20201030,Run2_20201124,51,20260914,-0.04478181840447539
Run1_20201030,Run2_20201124,52,20260914,0.029113046835289095
Run1_20201030,Run2_20201124,53,20260914,-0.038139026357425984
Run1_20201030,Run2_20201124,54,20260914,-0.00407061580402746
Run1_20201030,Run2_20201124,55,20260914,0.16550715192862678
Run1_20201030,Run2_20201124,56,20260914,-0.04257018155961502
Run1_20201030,Run2_20201124,57,20260914,-0.041408369111119406
Run1_20201030,Run2_20201124,58,20260914,0.17872697079382868
Run1_20201030,Run2_20201124,59,20260914,0.001933149216071248
Run1_20201030,Run2_20201124,60,20260914,-0.030507701415902228
Run1_20201030,Run2_20201124,61,20260914,0.008497669265782494
Run1_20201030,Run2_20201124,62,20260914,0.01244600362102242
Run1_20201030,Run2_20201124,63,20260914,-0.015281042252969359
Run1_20201030,Run2_20201124,64,20260914,0.009242146776689978
Run1_20201030,Run2_20201124,65,20260914,-0.03755629491710135
Run1_20201030,Run2_20201124,66,20260914,0.03275130505360309
Run1_20201030,Run2_20201124,67,20260914,0.0026159640171436395
Run1_20201030,Run2_20201124,68,20260914,0.05628814960288145
Run1_20201030,Run2_20201124,69,20260914,0.013852472193163892
Run1_20201030,Run2_20201124,70,20260914,-0.01858397874696285
Run1_20201030,Run2_20201124,71,20260914,-0.06745381966453838
Run1_20201030,Run2_20201124,72,20260914,-0.04023834742948529
Run1_20201030,Run2_20201124,73,20260914,-0.04773325606006608
Run1_20201030,Run2_20201124,74,20260914,0.22141799552561559
Run1_20201030,Run2_20201124,75,20260914,0.0034584434678104885
Run1_20201030,Run2_20201124,76,20260914,0.01882236341965385
Run1_20201030,Run2_20201124,77,20260914,0.11574298244487123
Run1_20201030,Run2_20201124,78,20260914,-0.0335684204902612
Run1_20201030,Run2_20201124,79,20260914,-0.04515154744471272
Run1_20201030,Run2_20201124,80,20260914,-0.012519978824914471
Run1_20201030,Run2_20201124,81,20260914,-0.04797042306737828
Run1_20201030,Run2_20201124,82,20260914,0.10349016250166498
Run1_20201030,Run2_20201124,83,20260914,-0.019088462025231265
Run1_20201030,Run2_20201124,84,20260914,0.011118876319032104
Run1_20201030,Run2_20201124,85,20260914,-0.032012966052989714
Run1_20201030,Run2_20201124,86,20260914,-0.013033949291548804
Run1_20201030,Run2_20201124,87,20260914,-0.056839224674019126
Run1_20201030,Run2_20201124,88,20260914,0.08270588696491707
Run1_20201030,Run2_20201124,89,20260914,0.05415313030524734
Run1_20201030,Run2_20201124,90,20260914,0.011062471200210793
Run1_20201030,Run2_20201124,91,20260914,0.015507274921649819
Run1_20201030,Run2_20201124,92,20260914,-0.05369712767243873
Run1_20201030,Run2_20201124,93,20260914,0.035835040849979474
Run1_20201030,Run2_20201124,94,20260914,0.061879192533788735
Run1_20201030,Run2_20201124,95,20260914,-0.03354406063052405
Run1_20201030,Run2_20201124,96,20260914,-0.03901335755550175
Run1_20201030,Run2_20201124,97,20260914,-0.0451590943582689
Run1_20201030,Run2_20201124,98,20260914,0.013890674852756663
Run1_20201030,Run2_20201124,99,20260914,-0.03265817687639664
Run1_20201030,Run2_20201124,100,20260914,-0.04324634701892202
Run1_20201030,Run2_20201124,101,20260914,0.05866389387597541
Run1_20201030,Run2_20201124,102,20260914,-0.013093542692138792
Run1_20201030,Run2_20201124,103,20260914,-0.01214439144417578
Run1_20201030,Run2_20201124,104,20260914,0.031938054740214245
Run1_20201030,Run2_20201124,105,20260914,-0.009560684973034073
Run1_20201030,Run2_20201124,106,20260914,-0.010411311597637543
Run1_20201030,Run2_20201124,107,20260914,-0.017096653202958303
Run1_20201030,Run2_20201124,108,20260914,-0.020921195117316174
Run1_20201030,Run2_20201124,109,20260914,0.06815407481055
Run1_20201030,Run2_20201124,110,20260914,-0.02765346354224492
Run1_20201030,Run2_20201124,111,20260914,0.02683701016511576
Run1_20201030,Run2_20201124,112,20260914,0.05641551549682842
Run1_20201030,Run2_20201124,113,20260914,0.031815204384914204
Run1_20201030,Run2_20201124,114,20260914,0.0042694079348713256
Run1_20201030,Run2_20201124,115,20260914,-0.055224490003459824
Run1_20201030,Run2_20201124,116,20260914,0.07584715596483918
Run1_20201030,Run2_20201124,117,20260914,0.022904600615767236
Run1_20201030,Run2_20201124,118,20260914,0.19301367925817253
Run1_20201030,Run2_20201124,119,20260914,0.07703762718918121
Run1_20201030,Run2_20201124,120,20260914,-0.0028511505565429747
Run1_20201030,Run2_20201124,121,20260914,-0.047897359975885116
Run1_20201030,Run2_20201124,122,20260914,0.006036796948133863
Run1_20201030,Run2_20201124,123,20260914,-0.007544745215264404
Run1_20201030,Run2_20201124,124,20260914,-0.060248298272788055
Run1_20201030,Run2_20201124,125,20260914,0.06399170527469944
Run1_20201030,Run2_20201124,126,20260914,0.00041069375411234533
Run1_20201030,Run2_20201124,127,20260914,-0.06202718334149872
Run1_20201030,Run2_20201124,128,20260914,0.22559819092480313
Run1_20201030,Run2_20201124,129,20260914,0.16927036362528047
Run1_20201030,Run2_20201124,130,20260914,-0.047720709933235114
Run1_20201030,Run2_20201124,131,20260914,-0.03917174388952186
Run1_20201030,Run2_20201124,132,20260914,-0.07488490428430995
Run1_20201030,Run2_20201124,133,20260914,-0.044998091783343436
Run1_20201030,Run2_20201124,134,20260914,0.044550545359471436
Run1_20201030,Run2_20201124,135,20260914,0.004518071259864016
Run1_20201030,Run2_20201124,136,20260914,0.05528048955492235
Run1_20201030,Run2_20201124,137,20260914,-0.02950391916784498
Run1_20201030,Run2_20201124,138,20260914,-0.024453774283577683
Run1_20201030,Run2_20201124,139,20260914,-0.020579976302153122
Run1_20201030,Run2_20201124,140,20260914,0.12087525190241102
Run1_20201030,Run2_20201124,141,20260914,-0.06398095688282912
Run1_20201030,Run2_20201124,142,20260914,0.08505741921732721
Run1_20201030,Run2_20201124,143,20260914,-0.018308689412637576
Run1_20201030,Run2_20201124,144,20260914,0.011023505998624172
Run1_20201030,Run2_20201124,145,20260914,-0.059724908053299046
Run1_20201030,Run2_20201124,146,20260914,-0.05486569237970944
Run1_20201030,Run2_20201124,147,20260914,0.039485953776076166
Run1_20201030,Run2_20201124,148,20260914,0.019211958705725844
Run1_20201030,Run2_20201124,149,20260914,-0.025305028513660902
Run1_20201030,Run2_20201124,150,20260914,-0.0540376961928918
Run1_20201030,Run2_20201124,151,20260914,0.019365521702973065
Run1_20201030,Run2_20201124,152,20260914,-0.044931421345048767
Run1_20201030,Run2_20201124,153,20260914,-0.0293234582083848
Run1_20201030,Run2_20201124,154,20260914,-0.027706877904776234
Run1_20201030,Run2_20201124,155,20260914,-0.0163065053117143
Run1_20201030,Run2_20201124,156,20260914,-0.03518074048072478
Run1_20201030,Run2_20201124,157,20260914,-0.07318679226359849
Run1_20201030,Run2_20201124,158,20260914,0.03182285432615815
Run1_20201030,Run2_20201124,159,20260914,-0.05144379257384972
Run1_20201030,Run2_20201124,160,20260914,-0.031833081889896135
Run1_20201030,Run2_20201124,161,20260914,-0.002681229574721904
Run1_20201030,Run2_20201124,162,20260914,0.04406719423591284
Run1_20201030,Run2_20201124,163,20260914,-0.03992024231663274
Run1_20201030,Run2_20201124,164,20260914,-0.02981837419157029
Run1_20201030,Run2_20201124,165,20260914,-0.010776360236307039
Run1_20201030,Run2_20201124,166,20260914,0.03713064626448243
Run1_20201030,Run2_20201124,167,20260914,-0.06185011843540333
Run1_20201030,Run2_20201124,168,20260914,-0.05397522054759398
Run1_20201030,Run2_20201124,169,20260914,0.11616806040783648
Run1_20201030,Run2_20201124,170,20260914,-0.029637562674976022
Run1_20201030,Run2_20201124,171,20260914,0.07367139611867841
Run1_20201030,Run2_20201124,172,20260914,-0.044683797744091244
Run1_20201030,Run2_20201124,173,20260914,0.036122412786161
Run1_20201030,Run2_20201124,174,20260914,-0.02102647593724601
Run1_20201030,Run2_20201124,175,20260914,0.1291568644992034
Run1_20201030,Run2_20201124,176,20260914,-0.03526985293431827
Run1_20201030,Run2_20201124,177,20260914,-0.02631057717178674
Run1_20201030,Run2_20201124,178,20260914,-0.03312298143243221
Run1_20201030,Run2_20201124,179,20260914,-0.07229547342638716
Run1_20201030,Run2_20201124,180,20260914,0.07618718150951113
Run1_20201030,Run2_20201124,181,20260914,-0.03926828066255772
Run1_20201030,Run2_20201124,182,20260914,0.02777905740444356
Run1_20201030,Run2_20201124,183,20260914,0.03869291849191692
Run1_20201030,Run2_20201124,184,20260914,0.023720629440947123
Run1_20201030,Run2_20201124,185,20260914,-0.011954634002731205
Run1_20201030,Run2_20201124,186,20260914,0.0028858812236381335
Run1_20201030,Run2_20201124,187,20260914,0.012145339973084158
Run1_20201030,Run2_20201124,188,20260914,0.0035229376478613126
Run1_20201030,Run2_20201124,189,20260914,-0.0028702069734972495
Run1_20201030,Run2_20201124,190,20260914,-0.03375905135892223
Run1_20201030,Run2_20201124,191,20260914,0.07137767379596825
Run1_20201030,Run2_20201124,192,20260914,-0.029546648510818098
Run1_20201030,Run2_20201124,193,20260914,-0.03275755856939051
Run1_20201030,Run2_20201124,194,20260914,0.021939826655347147
Run1_20201030,Run2_20201124,195,20260914,-0.05791849228597424
Run1_20201030,Run2_20201124,196,20260914,0.015274698224630134
Run1_20201030,Run2_20201124,197,20260914,-0.021746648566555952
Run1_20201030,Run2_20201124,198,20260914,-0.012090042496376597
Run1_20201030,Run2_20201124,199,20260914,-0.014918667858524687
Run2_20201030,Run1_20201118,0,20260914,-0.027990840850430136
Run2_20201030,Run1_20201118,1,20260914,0.017306496290855348
Run2_20201030,Run1_20201118,2,20260914,-0.03853240921736914
Run2_20201030,Run1_20201118,3,20260914,-0.056695143570196914
Run2_20201030,Run1_20201118,4,20260914,-0.05836772499414675
Run2_20201030,Run1_20201118,5,20260914,0.04250377997973825
Run2_20201030,Run1_20201118,6,20260914,-0.024848076980964747
Run2_20201030,Run1_20201118,7,20260914,-0.015507961015475006
Run2_20201030,Run1_20201118,8,20260914,0.008993766190268758
Run2_20201030,Run1_20201118,9,20260914,0.13900787242929172
Run2_20201030,Run1_20201118,10,20260914,-0.03388428581952576
Run2_20201030,Run1_20201118,11,20260914,-0.09572394274502956
Run2_20201030,Run1_20201118,12,20260914,-0.056284274264642546
Run2_20201030,Run1_20201118,13,20260914,-0.05969184282643139
Run2_20201030,Run1_20201118,14,20260914,-0.038355568234640244
Run2_20201030,Run1_20201118,15,20260914,-0.031774020090536155
Run2_20201030,Run1_20201118,16,20260914,0.014599271046863259
Run2_20201030,Run1_20201118,17,20260914,0.004645382018453403
Run2_20201030,Run1_20201118,18,20260914,-0.012335171610622236
Run2_20201030,Run1_20201118,19,20260914,-0.05749734924487039
Run2_20201030,Run1_20201118,20,20260914,-0.05119271570882861
Run2_20201030,Run1_20201118,21,20260914,0.021409296268812012
Run2_20201030,Run1_20201118,22,20260914,-0.04592857327815794
Run2_20201030,Run1_20201118,23,20260914,-0.01612641098260979
Run2_20201030,Run1_20201118,24,20260914,-0.0009764447124012201
Run2_20201030,Run1_20201118,25,20260914,-0.02245647262655568
Run2_20201030,Run1_20201118,26,20260914,-0.06534114404886787
Run2_20201030,Run1_20201118,27,20260914,0.016895960754239856
Run2_20201030,Run1_20201118,28,20260914,-0.06983752870613842
Run2_20201030,Run1_20201118,29,20260914,0.012629364834108973
Run2_20201030,Run1_20201118,30,20260914,-0.039303062275294225
Run2_20201030,Run1_20201118,31,20260914,0.07033670580008106
Run2_20201030,Run1_20201118,32,20260914,0.039951370787973915
Run2_20201030,Run1_20201118,33,20260914,-0.04628491651236153
Run2_20201030,Run1_20201118,34,20260914,-0.0005707582150033272
Run2_20201030,Run1_20201118,35,20260914,-0.041257154265528985
Run2_20201030,Run1_20201118,36,20260914,0.03561428348076218
Run2_20201030,Run1_20201118,37,20260914,-0.02684536411668749
Run2_20201030,Run1_20201118,38,20260914,-0.006671378940802329
Run2_20201030,Run1_20201118,39,20260914,0.010633197637301202
Run2_20201030,Run1_20201118,40,20260914,-0.03467059714804689
Run2_20201030,Run1_20201118,41,20260914,-0.004757829522129373
Run2_20201030,Run1_20201118,42,20260914,-0.05886759834010153
Run2_20201030,Run1_20201118,43,20260914,-0.008790753549902525
Run2_20201030,Run1_20201118,44,20260914,-0.024976053448878415
Run2_20201030,Run1_20201118,45,20260914,-0.006952215055697903
Run2_20201030,Run1_20201118,46,20260914,0.18667702045959642
Run2_20201030,Run1_20201118,47,20260914,-0.031639862681863376
Run2_20201030,Run1_20201118,48,20260914,-0.012066148350205419
Run2_20201030,Run1_20201118,49,20260914,0.0020493713986247854
Run2_20201030,Run1_20201118,50,20260914,-0.02685839191628361
Run2_20201030,Run1_20201118,51,20260914,0.008868705347001338
Run2_20201030,Run1_20201118,52,20260914,0.009772705981488721
Run2_20201030,Run1_20201118,53,20260914,0.004743594863245512
Run2_20201030,Run1_20201118,54,20260914,-0.04996669175024149
Run2_20201030,Run1_20201118,55,20260914,-0.045763726271398804
Run2_20201030,Run1_20201118,56,20260914,0.00034645290214615105
Run2_20201030,Run1_20201118,57,20260914,0.1385168246154483
Run2_20201030,Run1_20201118,58,20260914,-0.07065133014512226
Run2_20201030,Run1_20201118,59,20260914,-0.06260587353534991
Run2_20201030,Run1_20201118,60,20260914,-0.010079160020908598
Run2_20201030,Run1_20201118,61,20260914,-0.016678179243000028
Run2_20201030,Run1_20201118,62,20260914,0.13311628693842073
Run2_20201030,Run1_20201118,63,20260914,0.013599942105566424
Run2_20201030,Run1_20201118,64,20260914,-0.06362928235893618
Run2_20201030,Run1_20201118,65,20260914,-0.0071997019748336975
Run2_20201030,Run1_20201118,66,20260914,-0.010686628609863282
Run2_20201030,Run1_20201118,67,20260914,0.010638550191560694
Run2_20201030,Run1_20201118,68,20260914,-0.037347115019915146
Run2_20201030,Run1_20201118,69,20260914,-0.029524696092275805
Run2_20201030,Run1_20201118,70,20260914,0.0021187699354768197
Run2_20201030,Run1_20201118,71,20260914,-0.0557446564824968
Run2_20201030,Run1_20201118,72,20260914,-0.06729233635279093
Run2_20201030,Run1_20201118,73,20260914,-0.030377881489853122
Run2_20201030,Run1_20201118,74,20260914,-0.02317457793493747
Run2_20201030,Run1_20201118,75,20260914,-0.05061492867214056
Run2_20201030,Run1_20201118,76,20260914,0.020156817805764015
Run2_20201030,Run1_20201118,77,20260914,-0.07718781989325606
Run2_20201030,Run1_20201118,78,20260914,-0.060699697115034555
Run2_20201030,Run1_20201118,79,20260914,0.12683100496184344
Run2_20201030,Run1_20201118,80,20260914,-0.0060330552730303265
Run2_20201030,Run1_20201118,81,20260914,0.04061292733364581
Run2_20201030,Run1_20201118,82,20260914,-0.04443034889762122
Run2_20201030,Run1_20201118,83,20260914,0.006740306380181304
Run2_20201030,Run1_20201118,84,20260914,0.0218922065376261
Run2_20201030,Run1_20201118,85,20260914,0.0353375716979783
Run2_20201030,Run1_20201118,86,20260914,0.07031248426251252
Run2_20201030,Run1_20201118,87,20260914,-0.06980008485341448
Run2_20201030,Run1_20201118,88,20260914,0.1883344311109675
Run2_20201030,Run1_20201118,89,20260914,-0.06653533899124499
Run2_20201030,Run1_20201118,90,20260914,-0.011995951158289967
Run2_20201030,Run1_20201118,91,20260914,-0.04784357698561371
Run2_20201030,Run1_20201118,92,20260914,-0.007484429973539965
Run2_20201030,Run1_20201118,93,20260914,0.07474796681843958
Run2_20201030,Run1_20201118,94,20260914,-0.03538401399584088
Run2_20201030,Run1_20201118,95,20260914,0.03809781950587947
Run2_20201030,Run1_20201118,96,20260914,-0.09158817287062355
Run2_20201030,Run1_20201118,97,20260914,0.041566500209392
Run2_20201030,Run1_20201118,98,20260914,0.03054494193950939
Run2_20201030,Run1_20201118,99,20260914,-0.05383848646915338
Run2_20201030,Run1_20201118,100,20260914,0.006962229960106682
Run2_20201030,Run1_20201118,101,20260914,-0.02681665552042686
Run2_20201030,Run1_20201118,102,20260914,-0.0033511649996888493
Run2_20201030,Run1_20201118,103,20260914,0.00955001608338161
Run2_20201030,Run1_20201118,104,20260914,-0.021642841377142386
Run2_20201030,Run1_20201118,105,20260914,-0.012583334501238485
Run2_20201030,Run1_20201118,106,20260914,0.05489758022091231
Run2_20201030,Run1_20201118,107,20260914,-0.02059891404775802
Run2_20201030,Run1_20201118,108,20260914,-0.03702479237779626
Run2_20201030,Run1_20201118,109,20260914,0.026288064435004983
Run2_20201030,Run1_20201118,110,20260914,-0.03209142530414714
Run2_20201030,Run1_20201118,111,20260914,-0.048398812797035375
Run2_20201030,Run1_20201118,112,20260914,-0.03744701768134531
Run2_20201030,Run1_20201118,113,20260914,-9.423483893958138e-05
Run2_20201030,Run1_20201118,114,20260914,0.03113871489451627
Run2_20201030,Run1_20201118,115,20260914,-0.05755758541628839
Run2_20201030,Run1_20201118,116,20260914,-0.04404768697298396
Run2_20201030,Run1_20201118,117,20260914,0.02896334785592202
Run2_20201030,Run1_20201118,118,20260914,-0.05238319406152239
Run2_20201030,Run1_20201118,119,20260914,0.02868236305105488
Run2_20201030,Run1_20201118,120,20260914,0.039687548794070694
Run2_20201030,Run1_20201118,121,20260914,0.007526258264062343
Run2_20201030,Run1_20201118,122,20260914,0.02332698480645503
Run2_20201030,Run1_20201118,123,20260914,0.009714152569658262
Run2_20201030,Run1_20201118,124,20260914,-0.09568757178899243
Run2_20201030,Run1_20201118,125,20260914,0.08869432225562518
Run2_20201030,Run1_20201118,126,20260914,-0.045842380245836506
Run2_20201030,Run1_20201118,127,20260914,-0.03143321976891706
Run2_20201030,Run1_20201118,128,20260914,-0.04215447574654943
Run2_20201030,Run1_20201118,129,20260914,0.08577371568390864
Run2_20201030,Run1_20201118,130,20260914,-0.03149945007986608
Run2_20201030,Run1_20201118,131,20260914,-0.03810579706682917
Run2_20201030,Run1_20201118,132,20260914,0.015473886015837395
Run2_20201030,Run1_20201118,133,20260914,-0.01930370660426457
Run2_20201030,Run1_20201118,134,20260914,0.16379094308072406
Run2_20201030,Run1_20201118,135,20260914,-0.07803771351900464
Run2_20201030,Run1_20201118,136,20260914,-0.025473150622818127
Run2_20201030,Run1_20201118,137,20260914,-0.06279886738808439
Run2_20201030,Run1_20201118,138,20260914,0.11953938019691134
Run2_20201030,Run1_20201118,139,20260914,-0.03011643789246162
Run2_20201030,Run1_20201118,140,20260914,0.05628781161374449
Run2_20201030,Run1_20201118,141,20260914,-0.08828647379406569
Run2_20201030,Run1_20201118,142,20260914,0.011037273446665146
Run2_20201030,Run1_20201118,143,20260914,0.00859430407096551
Run2_20201030,Run1_20201118,144,20260914,-0.07833642972355903
Run2_20201030,Run1_20201118,145,20260914,-0.009671966511808794
Run2_20201030,Run1_20201118,146,20260914,-0.07671995095182602
Run2_20201030,Run1_20201118,147,20260914,0.016357885953131698
Run2_20201030,Run1_20201118,148,20260914,-0.03284571873505458
Run2_20201030,Run1_20201118,149,20260914,-0.07703068643143741
Run2_20201030,Run1_20201118,150,20260914,-0.04117343611354578
Run2_20201030,Run1_20201118,151,20260914,0.02383389971397059
Run2_20201030,Run1_20201118,152,20260914,-0.05760533424752043
Run2_20201030,Run1_20201118,153,20260914,0.0006766778127696496
Run2_20201030,Run1_20201118,154,20260914,0.14298673308923987
Run2_20201030,Run1_20201118,155,20260914,-0.010068569359195745
Run2_20201030,Run1_20201118,156,20260914,-0.053650907660480196
Run2_20201030,Run1_20201118,157,20260914,-0.0017980618695744954
Run2_20201030,Run1_20201118,158,20260914,-0.02094489541512396
Run2_20201030,Run1_20201118,159,20260914,-0.047927079515118425
Run2_20201030,Run1_20201118,160,20260914,0.24771952442945994
Run2_20201030,Run1_20201118,161,20260914,-0.019852980817889415
Run2_20201030,Run1_20201118,162,20260914,0.18868685078710795
Run2_20201030,Run1_20201118,163,20260914,0.029795718821638735
Run2_20201030,Run1_20201118,164,20260914,0.0978768862017829
Run2_20201030,Run1_20201118,165,20260914,-0.0450484454094365
Run2_20201030,Run1_20201118,166,20260914,0.014515974991828415
Run2_20201030,Run1_20201118,167,20260914,0.16284792627350284
Run2_20201030,Run1_20201118,168,20260914,0.03885228918897136
Run2_20201030,Run1_20201118,169,20260914,-0.0666527841848384
Run2_20201030,Run1_20201118,170,20260914,-0.024844562521924646
Run2_20201030,Run1_20201118,171,20260914,0.08674210474633848
Run2_20201030,Run1_20201118,172,20260914,-0.06522089954177979
Run2_20201030,Run1_20201118,173,20260914,0.050696338735396335
Run2_20201030,Run1_20201118,174,20260914,-0.011431880879136295
Run2_20201030,Run1_20201118,175,20260914,-0.03054107808611002
Run2_20201030,Run1_20201118,176,20260914,-0.0116836759659262
Run2_20201030,Run1_20201118,177,20260914,-0.00533787200235447
Run2_20201030,Run1_20201118,178,20260914,-0.028675580301537204
Run2_20201030,Run1_20201118,179,20260914,-0.0881175490970402
Run2_20201030,Run1_20201118,180,20260914,-0.03975753146796981
Run2_20201030,Run1_20201118,181,20260914,-0.018055124328275832
Run2_20201030,Run1_20201118,182,20260914,-0.008896871001940594
Run2_20201030,Run1_20201118,183,20260914,-0.022375583001962972
Run2_20201030,Run1_20201118,184,20260914,-0.05459358326879561
Run2_20201030,Run1_20201118,185,20260914,-0.02209626160319837
Run2_20201030,Run1_20201118,186,20260914,-0.0017743813332842615
Run2_20201030,Run1_20201118,187,20260914,-0.02215948864580205
Run2_20201030,Run1_20201118,188,20260914,-0.05994116595869141
Run2_20201030,Run1_20201118,189,20260914,0.09147899532274997
Run2_20201030,Run1_20201118,190,20260914,-0.012035119271605074
Run2_20201030,Run1_20201118,191,20260914,0.04772571258332204
Run2_20201030,Run1_20201118,192,20260914,-0.03356130711173317
Run2_20201030,Run1_20201118,193,20260914,-0.0380343112927951
Run2_20201030,Run1_20201118,194,20260914,-0.0171659339565689
Run2_20201030,Run1_20201118,195,20260914,-0.021092904413276832
Run2_20201030,Run1_20201118,196,20260914,0.05925548106091782
Run2_20201030,Run1_20201118,197,20260914,-0.0532800676150782
Run2_20201030,Run1_20201118,198,20260914,-0.0332217981996658
Run2_20201030,Run1_20201118,199,20260914,0.022395866736077165
Run2_20201030,Run1_20201119,0,20260914,-0.026582719764585996
Run2_20201030,Run1_20201119,1,20260914,0.0017352234064480709
Run2_20201030,Run1_20201119,2,20260914,0.04561077714517368
Run2_20201030,Run1_20201119,3,20260914,0.018408277770199752
Run2_20201030,Run1_20201119,4,20260914,0.06399366135657664
Run2_20201030,Run1_20201119,5,20260914,0.01769786963321099
Run2_20201030,Run1_20201119,6,20260914,0.030518037721803754
Run2_20201030,Run1_20201119,7,20260914,0.10008662031189228
Run2_20201030,Run1_20201119,8,20260914,-0.03439311398329468
Run2_20201030,Run1_20201119,9,20260914,-0.06042589923716655
Run2_20201030,Run1_20201119,10,20260914,-0.04702927654269596
Run2_20201030,Run1_20201119,11,20260914,0.014588962779460384
Run2_20201030,Run1_20201119,12,20260914,-0.018027734548838964
Run2_20201030,Run1_20201119,13,20260914,0.047511819931365176
Run2_20201030,Run1_20201119,14,20260914,0.0037562654968672235
Run2_20201030,Run1_20201119,15,20260914,-0.005252562910105356
Run2_20201030,Run1_20201119,16,20260914,0.07049387254803921
Run2_20201030,Run1_20201119,17,20260914,-0.011672131019808659
Run2_20201030,Run1_20201119,18,20260914,0.04193561821231005
Run2_20201030,Run1_20201119,19,20260914,-0.003834086679393817
Run2_20201030,Run1_20201119,20,20260914,-0.0043300594284385666
Run2_20201030,Run1_20201119,21,20260914,0.03842360539959143
Run2_20201030,Run1_20201119,22,20260914,-0.017458752757488868
Run2_20201030,Run1_20201119,23,20260914,-0.012873400556033237
Run2_20201030,Run1_20201119,24,20260914,0.07727134682436289
Run2_20201030,Run1_20201119,25,20260914,-0.0014563769819186426
Run2_20201030,Run1_20201119,26,20260914,-0.01709929003338432
Run2_20201030,Run1_20201119,27,20260914,0.008470030235764987
Run2_20201030,Run1_20201119,28,20260914,-0.04921195527844955
Run2_20201030,Run1_20201119,29,20260914,0.03969496581721256
Run2_20201030,Run1_20201119,30,20260914,0.08772349058876092
Run2_20201030,Run1_20201119,31,20260914,-0.02527765612664384
Run2_20201030,Run1_20201119,32,20260914,0.026353721306565353
Run2_20201030,Run1_20201119,33,20260914,-0.03734549058164376
Run2_20201030,Run1_20201119,34,20260914,-0.011943281965041007
Run2_20201030,Run1_20201119,35,20260914,-0.032584128504360314
Run2_20201030,Run1_20201119,36,20260914,0.018864521662806017
Run2_20201030,Run1_20201119,37,20260914,-0.055707383690639614
Run2_20201030,Run1_20201119,38,20260914,0.01267049302947984
Run2_20201030,Run1_20201119,39,20260914,-0.0030707040294468356
Run2_20201030,Run1_20201119,40,20260914,0.0196008685615268
Run2_20201030,Run1_20201119,41,20260914,-0.020920322583332127
Run2_20201030,Run1_20201119,42,20260914,-0.02326257424311426
Run2_20201030,Run1_20201119,43,20260914,-0.014791455785602833
Run2_20201030,Run1_20201119,44,20260914,-0.022754228019248684
Run2_20201030,Run1_20201119,45,20260914,-0.03777075988276944
Run2_20201030,Run1_20201119,46,20260914,0.02388084726096798
Run2_20201030,Run1_20201119,47,20260914,-0.048904431593817174
Run2_20201030,Run1_20201119,48,20260914,0.043808039671306385
Run2_20201030,Run1_20201119,49,20260914,-0.04177390959311497
Run2_20201030,Run1_20201119,50,20260914,0.043355255916839794
Run2_20201030,Run1_20201119,51,20260914,-0.006309291641317567
Run2_20201030,Run1_20201119,52,20260914,0.11667570438505236
Run2_20201030,Run1_20201119,53,20260914,-0.03250016332347217
Run2_20201030,Run1_20201119,54,20260914,0.011054664839746412
Run2_20201030,Run1_20201119,55,20260914,-0.029550319162812096
Run2_20201030,Run1_20201119,56,20260914,0.15492797323574745
Run2_20201030,Run1_20201119,57,20260914,0.056882804442567776
Run2_20201030,Run1_20201119,58,20260914,-0.036426416927915505
Run2_20201030,Run1_20201119,59,20260914,-0.013906687141884106
Run2_20201030,Run1_20201119,60,20260914,0.09714607510308583
Run2_20201030,Run1_20201119,61,20260914,-0.03225559597276977
Run2_20201030,Run1_20201119,62,20260914,-0.005556672344090369
Run2_20201030,Run1_20201119,63,20260914,0.01162243465405978
Run2_20201030,Run1_20201119,64,20260914,0.012274401796667998
Run2_20201030,Run1_20201119,65,20260914,-0.005967684261130896
Run2_20201030,Run1_20201119,66,20260914,-0.021707380872144928
Run2_20201030,Run1_20201119,67,20260914,0.24660311586129224
Run2_20201030,Run1_20201119,68,20260914,0.024512366929198087
Run2_20201030,Run1_20201119,69,20260914,-0.015919768814083878
Run2_20201030,Run1_20201119,70,20260914,0.00857998804654476
Run2_20201030,Run1_20201119,71,20260914,0.10291835741843687
Run2_20201030,Run1_20201119,72,20260914,-0.017272983518828167
Run2_20201030,Run1_20201119,73,20260914,-0.050035902946190536
Run2_20201030,Run1_20201119,74,20260914,-0.017541806239115963
Run2_20201030,Run1_20201119,75,20260914,-0.028033594771730015
Run2_20201030,Run1_20201119,76,20260914,0.03253496255718627
Run2_20201030,Run1_20201119,77,20260914,-0.02451651626400092
Run2_20201030,Run1_20201119,78,20260914,0.007052904170041462
Run2_20201030,Run1_20201119,79,20260914,0.19679801067012
Run2_20201030,Run1_20201119,80,20260914,0.047484774435057935
Run2_20201030,Run1_20201119,81,20260914,-0.002430133814782191
Run2_20201030,Run1_20201119,82,20260914,0.024175182110201036
Run2_20201030,Run1_20201119,83,20260914,0.09796203541557298
Run2_20201030,Run1_20201119,84,20260914,0.008693187658371985
Run2_20201030,Run1_20201119,85,20260914,-0.01384596978593701
Run2_20201030,Run1_20201119,86,20260914,0.023063370984626436
Run2_20201030,Run1_20201119,87,20260914,-0.013874503113677394
Run2_20201030,Run1_20201119,88,20260914,0.29317594305916267
Run2_20201030,Run1_20201119,89,20260914,-0.04447061142906985
Run2_20201030,Run1_20201119,90,20260914,0.08621016122014798
Run2_20201030,Run1_20201119,91,20260914,0.01104668426216455
Run2_20201030,Run1_20201119,92,20260914,0.0014389840145317397
Run2_20201030,Run1_20201119,93,20260914,0.01824659519085834
Run2_20201030,Run1_20201119,94,20260914,0.007342543800966744
Run2_20201030,Run1_20201119,95,20260914,-0.03902932339114288
Run2_20201030,Run1_20201119,96,20260914,0.01293956622452873
Run2_20201030,Run1_20201119,97,20260914,-0.002546904870392038
Run2_20201030,Run1_20201119,98,20260914,0.02151084718052895
Run2_20201030,Run1_20201119,99,20260914,-0.031391833557670556
Run2_20201030,Run1_20201119,100,20260914,0.05871652850816217
Run2_20201030,Run1_20201119,101,20260914,-0.0055602990837075586
Run2_20201030,Run1_20201119,102,20260914,0.04890688547586296
Run2_20201030,Run1_20201119,103,20260914,-0.009537009857747901
Run2_20201030,Run1_20201119,104,20260914,0.09005997333216795
Run2_20201030,Run1_20201119,105,20260914,0.049047796346426684
Run2_20201030,Run1_20201119,106,20260914,0.046882537488693976
Run2_20201030,Run1_20201119,107,20260914,-0.027697396230933286
Run2_20201030,Run1_20201119,108,20260914,-0.046353602846183985
Run2_20201030,Run1_20201119,109,20260914,-0.006441502220748106
Run2_20201030,Run1_20201119,110,20260914,0.006684197683480007
Run2_20201030,Run1_20201119,111,20260914,-0.013223511739981117
Run2_20201030,Run1_20201119,112,20260914,-0.05575140786670421
Run2_20201030,Run1_20201119,113,20260914,0.003635721066042662
Run2_20201030,Run1_20201119,114,20260914,-0.042568263330360144
Run2_20201030,Run1_20201119,115,20260914,-0.011846693946105238
Run2_20201030,Run1_20201119,116,20260914,-0.028423252942053407
Run2_20201030,Run1_20201119,117,20260914,-0.02588651172352928
Run2_20201030,Run1_20201119,118,20260914,0.01822471707375463
Run2_20201030,Run1_20201119,119,20260914,0.030527349830909344
Run2_20201030,Run1_20201119,120,20260914,-0.03256205935419225
Run2_20201030,Run1_20201119,121,20260914,-0.02358063153406087
Run2_20201030,Run1_20201119,122,20260914,0.049019919593572846
Run2_20201030,Run1_20201119,123,20260914,0.08335900823251048
Run2_20201030,Run1_20201119,124,20260914,0.059374002679700104
Run2_20201030,Run1_20201119,125,20260914,0.0061222474795107834
Run2_20201030,Run1_20201119,126,20260914,-0.006235618781397092
Run2_20201030,Run1_20201119,127,20260914,-0.016169492779045655
Run2_20201030,Run1_20201119,128,20260914,-0.0037702464961644586
Run2_20201030,Run1_20201119,129,20260914,-0.021164068830240197
Run2_20201030,Run1_20201119,130,20260914,-0.0074764243140828975
Run2_20201030,Run1_20201119,131,20260914,-0.04410546276624554
Run2_20201030,Run1_20201119,132,20260914,0.1870651456740102
Run2_20201030,Run1_20201119,133,20260914,-0.010109239256931217
Run2_20201030,Run1_20201119,134,20260914,0.02306791901085368
Run2_20201030,Run1_20201119,135,20260914,0.03193315465240514
Run2_20201030,Run1_20201119,136,20260914,-0.024485951182688283
Run2_20201030,Run1_20201119,137,20260914,-0.0495716201631769
Run2_20201030,Run1_20201119,138,20260914,0.01784825891761841
Run2_20201030,Run1_20201119,139,20260914,0.012067572731934751
Run2_20201030,Run1_20201119,140,20260914,0.02165509101035159
Run2_20201030,Run1_20201119,141,20260914,0.018388669551037438
Run2_20201030,Run1_20201119,142,20260914,-0.03359750938736861
Run2_20201030,Run1_20201119,143,20260914,0.015114644352982693
Run2_20201030,Run1_20201119,144,20260914,-0.0077660896178774535
Run2_20201030,Run1_20201119,145,20260914,-0.05550976013647146
Run2_20201030,Run1_20201119,146,20260914,0.025993506178258276
Run2_20201030,Run1_20201119,147,20260914,0.027489546929936562
Run2_20201030,Run1_20201119,148,20260914,-0.02026251883911444
Run2_20201030,Run1_20201119,149,20260914,-0.04534198688111657
Run2_20201030,Run1_20201119,150,20260914,-0.005731012182199342
Run2_20201030,Run1_20201119,151,20260914,0.09643363420686368
Run2_20201030,Run1_20201119,152,20260914,0.11846377550955693
Run2_20201030,Run1_20201119,153,20260914,-0.020356151944200283
Run2_20201030,Run1_20201119,154,20260914,-0.035895844728415276
Run2_20201030,Run1_20201119,155,20260914,0.005707902986811568
Run2_20201030,Run1_20201119,156,20260914,-0.05978447636277335
Run2_20201030,Run1_20201119,157,20260914,-0.0036546115670769075
Run2_20201030,Run1_20201119,158,20260914,-0.006791543480626386
Run2_20201030,Run1_20201119,159,20260914,-0.019036607644045852
Run2_20201030,Run1_20201119,160,20260914,0.004766204183678621
Run2_20201030,Run1_20201119,161,20260914,-0.043335484254228125
Run2_20201030,Run1_20201119,162,20260914,-0.023719308434203553
Run2_20201030,Run1_20201119,163,20260914,0.009812165564304963
Run2_20201030,Run1_20201119,164,20260914,-0.012695397037441053
Run2_20201030,Run1_20201119,165,20260914,-0.013205560426217185
Run2_20201030,Run1_20201119,166,20260914,0.09405464850839663
Run2_20201030,Run1_20201119,167,20260914,-0.016783137036469848
Run2_20201030,Run1_20201119,168,20260914,-0.01936759698351852
Run2_20201030,Run1_20201119,169,20260914,-0.027221295272767433
Run2_20201030,Run1_20201119,170,20260914,-0.02185434936072624
Run2_20201030,Run1_20201119,171,20260914,-0.019506318248796804
Run2_20201030,Run1_20201119,172,20260914,-0.0012849978921846664
Run2_20201030,Run1_20201119,173,20260914,-0.017662101209460813
Run2_20201030,Run1_20201119,174,20260914,-0.015537082061597133
Run2_20201030,Run1_20201119,175,20260914,0.043264169597007684
Run2_20201030,Run1_20201119,176,20260914,-0.02035723479904503
Run2_20201030,Run1_20201119,177,20260914,0.008578006561832972
Run2_20201030,Run1_20201119,178,20260914,-0.03237347403735979
Run2_20201030,Run1_20201119,179,20260914,0.009318458454765033
Run2_20201030,Run1_20201119,180,20260914,0.020436075561492843
Run2_20201030,Run1_20201119,181,20260914,0.07732716081215167
Run2_20201030,Run1_20201119,182,20260914,-0.005678067283361335
Run2_20201030,Run1_20201119,183,20260914,-0.04002730646541657
Run2_20201030,Run1_20201119,184,20260914,0.025308334208372054
Run2_20201030,Run1_20201119,185,20260914,-0.017706944951443985
Run2_20201030,Run1_20201119,186,20260914,-0.014914156152761478
Run2_20201030,Run1_20201119,187,20260914,0.06053885614684257
Run2_20201030,Run1_20201119,188,20260914,-0.031178611681898935
Run2_20201030,Run1_20201119,189,20260914,-0.0020089192838227007
Run2_20201030,Run1_20201119,190,20260914,0.022676157879941806
Run2_20201030,Run1_20201119,191,20260914,-0.04144888215680128
Run2_20201030,Run1_20201119,192,20260914,0.058830260722506855
Run2_20201030,Run1_20201119,193,20260914,0.01897616415037917
Run2_20201030,Run1_20201119,194,20260914,-0.0497561740211399
Run2_20201030,Run1_20201119,195,20260914,-0.027042018172277374
Run2_20201030,Run1_20201119,196,20260914,-0.027107761554611497
Run2_20201030,Run1_20201119,197,20260914,-0.034635560666679256
Run2_20201030,Run1_20201119,198,20260914,0.0544469733229885
Run2_20201030,Run1_20201119,199,20260914,0.025840532352986403
Run2_20201030,Run1_20201124,0,20260914,-0.013429066539871871
Run2_20201030,Run1_20201124,1,20260914,-0.03056545662245602
Run2_20201030,Run1_20201124,2,20260914,-0.01573925572866358
Run2_20201030,Run1_20201124,3,20260914,-0.011235156554273972
Run2_20201030,Run1_20201124,4,20260914,0.06801446284948337
Run2_20201030,Run1_20201124,5,20260914,-0.016725747720617475
Run2_20201030,Run1_20201124,6,20260914,-0.010772976137561202
Run2_20201030,Run1_20201124,7,20260914,0.003873185694243059
Run2_20201030,Run1_20201124,8,20260914,0.0018538762510209232
Run2_20201030,Run1_20201124,9,20260914,0.0738960271105841
Run2_20201030,Run1_20201124,10,20260914,0.023191342709309882
Run2_20201030,Run1_20201124,11,20260914,-0.021686006356290085
Run2_20201030,Run1_20201124,12,20260914,0.18152060428978248
Run2_20201030,Run1_20201124,13,20260914,0.007167555073546333
Run2_20201030,Run1_20201124,14,20260914,0.004417222397648759
Run2_20201030,Run1_20201124,15,20260914,0.07205512869251227
Run2_20201030,Run1_20201124,16,20260914,0.12535288495343652
Run2_20201030,Run1_20201124,17,20260914,0.014929915620385465
Run2_20201030,Run1_20201124,18,20260914,0.010104116290014255
Run2_20201030,Run1_20201124,19,20260914,0.02289601606578899
Run2_20201030,Run1_20201124,20,20260914,0.0025602298859814577
Run2_20201030,Run1_20201124,21,20260914,-0.005559208445374843
Run2_20201030,Run1_20201124,22,20260914,0.05245722050669853
Run2_20201030,Run1_20201124,23,20260914,-0.027968894172851293
Run2_20201030,Run1_20201124,24,20260914,-0.021894693153288087
Run2_20201030,Run1_20201124,25,20260914,-0.025697238758888047
Run2_20201030,Run1_20201124,26,20260914,0.11280977900871146
Run2_20201030,Run1_20201124,27,20260914,0.025275158017648725
Run2_20201030,Run1_20201124,28,20260914,-0.019000622778552603
Run2_20201030,Run1_20201124,29,20260914,-0.015042095568224934
Run2_20201030,Run1_20201124,30,20260914,0.04142166688802646
Run2_20201030,Run1_20201124,31,20260914,0.026956182936268103
Run2_20201030,Run1_20201124,32,20260914,0.0362988710536928
Run2_20201030,Run1_20201124,33,20260914,0.1763219203488845
Run2_20201030,Run1_20201124,34,20260914,0.012003715761687565
Run2_20201030,Run1_20201124,35,20260914,0.033569511555431995
Run2_20201030,Run1_20201124,36,20260914,0.008407292822735954
Run2_20201030,Run1_20201124,37,20260914,0.010941775295828972
Run2_20201030,Run1_20201124,38,20260914,0.12006632835945849
Run2_20201030,Run1_20201124,39,20260914,0.11093264320719534
Run2_20201030,Run1_20201124,40,20260914,-0.021380130010548247
Run2_20201030,Run1_20201124,41,20260914,-0.03607959336745971
Run2_20201030,Run1_20201124,42,20260914,0.06382545010618793
Run2_20201030,Run1_20201124,43,20260914,-0.03904251887217741
Run2_20201030,Run1_20201124,44,20260914,0.03067512001626567
Run2_20201030,Run1_20201124,45,20260914,0.02539221902395512
Run2_20201030,Run1_20201124,46,20260914,0.00226813319776569
Run2_20201030,Run1_20201124,47,20260914,-0.01028530211305146
Run2_20201030,Run1_20201124,48,20260914,0.016342688961799714
Run2_20201030,Run1_20201124,49,20260914,-0.03653038059282048
Run2_20201030,Run1_20201124,50,20260914,0.06119262443181709
Run2_20201030,Run1_20201124,51,20260914,0.011349961956740769
Run2_20201030,Run1_20201124,52,20260914,0.11243898046048832
Run2_20201030,Run1_20201124,53,20260914,0.137837493668248
Run2_20201030,Run1_20201124,54,20260914,0.0028330638765100584
Run2_20201030,Run1_20201124,55,20260914,-0.011988870587239879
Run2_20201030,Run1_20201124,56,20260914,0.03036160280493577
Run2_20201030,Run1_20201124,57,20260914,-0.007776680537365389
Run2_20201030,Run1_20201124,58,20260914,-0.009649384098722407
Run2_20201030,Run1_20201124,59,20260914,0.0352397665819584
Run2_20201030,Run1_20201124,60,20260914,0.008688836603806075
Run2_20201030,Run1_20201124,61,20260914,-0.040129619271928825
Run2_20201030,Run1_20201124,62,20260914,0.014048395875397877
Run2_20201030,Run1_20201124,63,20260914,0.08084815626902288
Run2_20201030,Run1_20201124,64,20260914,-0.04116419115448637
Run2_20201030,Run1_20201124,65,20260914,0.024378461503391582
Run2_20201030,Run1_20201124,66,20260914,0.18126297501648062
Run2_20201030,Run1_20201124,67,20260914,-0.012893947890999364
Run2_20201030,Run1_20201124,68,20260914,0.1451486219053271
Run2_20201030,Run1_20201124,69,20260914,-0.00761956430768054
Run2_20201030,Run1_20201124,70,20260914,0.05023037553115616
Run2_20201030,Run1_20201124,71,20260914,0.014041895444846424
Run2_20201030,Run1_20201124,72,20260914,-0.012477396298934918
Run2_20201030,Run1_20201124,73,20260914,0.10449701421723119
Run2_20201030,Run1_20201124,74,20260914,0.052955573862580145
Run2_20201030,Run1_20201124,75,20260914,-0.018493002300824235
Run2_20201030,Run1_20201124,76,20260914,0.0075459482276066065
Run2_20201030,Run1_20201124,77,20260914,-0.03509995151994291
Run2_20201030,Run1_20201124,78,20260914,-0.017684506357334935
Run2_20201030,Run1_20201124,79,20260914,0.046384025526687876
Run2_20201030,Run1_20201124,80,20260914,-0.012832328513340529
Run2_20201030,Run1_20201124,81,20260914,0.03185796331307558
Run2_20201030,Run1_20201124,82,20260914,0.11971233134083
Run2_20201030,Run1_20201124,83,20260914,-0.00915494703340244
Run2_20201030,Run1_20201124,84,20260914,-0.030590656395093646
Run2_20201030,Run1_20201124,85,20260914,0.021980646269682227
Run2_20201030,Run1_20201124,86,20260914,0.10442944184854652
Run2_20201030,Run1_20201124,87,20260914,-0.04094644687131277
Run2_20201030,Run1_20201124,88,20260914,-0.007113784544690606
Run2_20201030,Run1_20201124,89,20260914,-0.0329604509060228
Run2_20201030,Run1_20201124,90,20260914,-0.042270153745852496
Run2_20201030,Run1_20201124,91,20260914,-0.0035261363182468503
Run2_20201030,Run1_20201124,92,20260914,0.019993462650961948
Run2_20201030,Run1_20201124,93,20260914,-0.001730879585584931
Run2_20201030,Run1_20201124,94,20260914,0.02509423863724142
Run2_20201030,Run1_20201124,95,20260914,0.005028342869905358
Run2_20201030,Run1_20201124,96,20260914,0.03367450425853741
Run2_20201030,Run1_20201124,97,20260914,-0.019497824215802678
Run2_20201030,Run1_20201124,98,20260914,-0.0391947179974247
Run2_20201030,Run1_20201124,99,20260914,-0.02047206798357075
Run2_20201030,Run1_20201124,100,20260914,0.013548306358590254
Run2_20201030,Run1_20201124,101,20260914,0.004252074652855523
Run2_20201030,Run1_20201124,102,20260914,0.0013254359676675112
Run2_20201030,Run1_20201124,103,20260914,-4.355520492873205e-05
Run2_20201030,Run1_20201124,104,20260914,0.10354168286584496
Run2_20201030,Run1_20201124,105,20260914,-0.038125629322626906
Run2_20201030,Run1_20201124,106,20260914,-0.031862880349410386
Run2_20201030,Run1_20201124,107,20260914,-0.001224025675748033
Run2_20201030,Run1_20201124,108,20260914,-0.018956554067168972
Run2_20201030,Run1_20201124,109,20260914,0.032931525419318486
Run2_20201030,Run1_20201124,110,20260914,-0.052725651776714295
Run2_20201030,Run1_20201124,111,20260914,-0.007983604794195992
Run2_20201030,Run1_20201124,112,20260914,-0.026339694312677266
Run2_20201030,Run1_20201124,113,20260914,0.05612968003893136
Run2_20201030,Run1_20201124,114,20260914,0.028335196978923605
Run2_20201030,Run1_20201124,115,20260914,1.1210039246354914e-05
Run2_20201030,Run1_20201124,116,20260914,0.055499658912697605
Run2_20201030,Run1_20201124,117,20260914,0.004404102422131455
Run2_20201030,Run1_20201124,118,20260914,-0.03645238641669031
Run2_20201030,Run1_20201124,119,20260914,-0.05371586511192844
Run2_20201030,Run1_20201124,120,20260914,-0.034443500418638376
Run2_20201030,Run1_20201124,121,20260914,-0.018642933373029854
Run2_20201030,Run1_20201124,122,20260914,0.009998171971898201
Run2_20201030,Run1_20201124,123,20260914,-0.008279486542370297
Run2_20201030,Run1_20201124,124,20260914,-0.01795961196844015
Run2_20201030,Run1_20201124,125,20260914,0.04453667489537112
Run2_20201030,Run1_20201124,126,20260914,0.013999996549960751
Run2_20201030,Run1_20201124,127,20260914,0.0205182555884267
Run2_20201030,Run1_20201124,128,20260914,0.017948148214284795
Run2_20201030,Run1_20201124,129,20260914,0.021498678734604707
Run2_20201030,Run1_20201124,130,20260914,-0.03182035180786138
Run2_20201030,Run1_20201124,131,20260914,0.00594052119754024
Run2_20201030,Run1_20201124,132,20260914,0.021844715198996004
Run2_20201030,Run1_20201124,133,20260914,-0.0438089402641501
Run2_20201030,Run1_20201124,134,20260914,-0.012790611903514371
Run2_20201030,Run1_20201124,135,20260914,0.025515649486670424
Run2_20201030,Run1_20201124,136,20260914,-0.03678500555946441
Run2_20201030,Run1_20201124,137,20260914,-0.018464096113337523
Run2_20201030,Run1_20201124,138,20260914,-0.0015318524163157648
Run2_20201030,Run1_20201124,139,20260914,-0.02077287200011606
Run2_20201030,Run1_20201124,140,20260914,0.09086198613986599
Run2_20201030,Run1_20201124,141,20260914,0.04786077567157537
Run2_20201030,Run1_20201124,142,20260914,0.01937534633334142
Run2_20201030,Run1_20201124,143,20260914,-0.03551800883267486
Run2_20201030,Run1_20201124,144,20260914,0.03831310860960242
Run2_20201030,Run1_20201124,145,20260914,0.07048786680320582
Run2_20201030,Run1_20201124,146,20260914,5.323789731085685e-06
Run2_20201030,Run1_20201124,147,20260914,-0.03953803307639164
Run2_20201030,Run1_20201124,148,20260914,-0.015791538156470487
Run2_20201030,Run1_20201124,149,20260914,0.009684765509695473
Run2_20201030,Run1_20201124,150,20260914,-0.013104540493452436
Run2_20201030,Run1_20201124,151,20260914,0.24699993367897946
Run2_20201030,Run1_20201124,152,20260914,0.042981915939231015
Run2_20201030,Run1_20201124,153,20260914,-0.013071418908649372
Run2_20201030,Run1_20201124,154,20260914,0.00613432307417783
Run2_20201030,Run1_20201124,155,20260914,0.09699305361118872
Run2_20201030,Run1_20201124,156,20260914,0.002482832521665699
Run2_20201030,Run1_20201124,157,20260914,0.013311993738957655
Run2_20201030,Run1_20201124,158,20260914,0.010182634199219609
Run2_20201030,Run1_20201124,159,20260914,-0.007507948440061532
Run2_20201030,Run1_20201124,160,20260914,-0.016418073810897313
Run2_20201030,Run1_20201124,161,20260914,-0.028208948770005845
Run2_20201030,Run1_20201124,162,20260914,0.12129337673099362
Run2_20201030,Run1_20201124,163,20260914,-0.01228131438586662
Run2_20201030,Run1_20201124,164,20260914,-0.00640945313046661
Run2_20201030,Run1_20201124,165,20260914,0.1700679350693934
Run2_20201030,Run1_20201124,166,20260914,-0.001891969859751816
Run2_20201030,Run1_20201124,167,20260914,0.022613308766166816
Run2_20201030,Run1_20201124,168,20260914,0.010686027044120031
Run2_20201030,Run1_20201124,169,20260914,-0.018716690179592762
Run2_20201030,Run1_20201124,170,20260914,0.07733116617751698
Run2_20201030,Run1_20201124,171,20260914,-0.04330612884816983
Run2_20201030,Run1_20201124,172,20260914,-0.032498168357392394
Run2_20201030,Run1_20201124,173,20260914,0.022696834914596356
Run2_20201030,Run1_20201124,174,20260914,0.13868790575721585
Run2_20201030,Run1_20201124,175,20260914,-0.010703844205620773
Run2_20201030,Run1_20201124,176,20260914,-0.023138963543219246
Run2_20201030,Run1_20201124,177,20260914,0.0016922100596204533
Run2_20201030,Run1_20201124,178,20260914,0.017438567709639568
Run2_20201030,Run1_20201124,179,20260914,0.04536898002087088
Run2_20201030,Run1_20201124,180,20260914,0.0949745282326419
Run2_20201030,Run1_20201124,181,20260914,-0.011296377797921415
Run2_20201030,Run1_20201124,182,20260914,0.001316718167429424
Run2_20201030,Run1_20201124,183,20260914,0.15177738689165532
Run2_20201030,Run1_20201124,184,20260914,-0.03148491670457707
Run2_20201030,Run1_20201124,185,20260914,-0.012323653325179887
Run2_20201030,Run1_20201124,186,20260914,-0.023678149739085396
Run2_20201030,Run1_20201124,187,20260914,0.0486076550542652
Run2_20201030,Run1_20201124,188,20260914,0.09601650554834122
Run2_20201030,Run1_20201124,189,20260914,-0.04280317131858606
Run2_20201030,Run1_20201124,190,20260914,0.04339609428600918
Run2_20201030,Run1_20201124,191,20260914,0.08716085803706439
Run2_20201030,Run1_20201124,192,20260914,0.01317261736716632
Run2_20201030,Run1_20201124,193,20260914,-0.018455942761756227
Run2_20201030,Run1_20201124,194,20260914,0.04163011287725007
Run2_20201030,Run1_20201124,195,20260914,0.11236031779021695
Run2_20201030,Run1_20201124,196,20260914,0.042092656319333684
Run2_20201030,Run1_20201124,197,20260914,-0.019163244927871515
Run2_20201030,Run1_20201124,198,20260914,-0.011814851978549352
Run2_20201030,Run1_20201124,199,20260914,0.03442103466074534
Run2_20201030,Run2_20201124,0,20260914,-0.01697482623865597
Run2_20201030,Run2_20201124,1,20260914,0.09753895457181283
Run2_20201030,Run2_20201124,2,20260914,-0.05200875816167346
Run2_20201030,Run2_20201124,3,20260914,-0.021980779762824226
Run2_20201030,Run2_20201124,4,20260914,0.13067817948499136
Run2_20201030,Run2_20201124,5,20260914,-0.0034103643350182466
Run2_20201030,Run2_20201124,6,20260914,-0.03595190862038152
Run2_20201030,Run2_20201124,7,20260914,0.09319885968665977
Run2_20201030,Run2_20201124,8,20260914,-0.027013089075375356
Run2_20201030,Run2_20201124,9,20260914,0.018070988997375227
Run2_20201030,Run2_20201124,10,20260914,-0.0007212632855875981
Run2_20201030,Run2_20201124,11,20260914,0.05515355782257789
Run2_20201030,Run2_20201124,12,20260914,-0.03643587431991999
Run2_20201030,Run2_20201124,13,20260914,0.043798656866142295
Run2_20201030,Run2_20201124,14,20260914,0.029393571024394428
Run2_20201030,Run2_20201124,15,20260914,0.011340156248691424
Run2_20201030,Run2_20201124,16,20260914,0.3278422254194389
Run2_20201030,Run2_20201124,17,20260914,0.005788213366588709
Run2_20201030,Run2_20201124,18,20260914,0.051873744268524084
Run2_20201030,Run2_20201124,19,20260914,-0.040936559193175334
Run2_20201030,Run2_20201124,20,20260914,-0.013545906316469958
Run2_20201030,Run2_20201124,21,20260914,0.06962961575558654
Run2_20201030,Run2_20201124,22,20260914,-0.030567682465996535
Run2_20201030,Run2_20201124,23,20260914,0.03793405805132248
Run2_20201030,Run2_20201124,24,20260914,0.02498847774064867
Run2_20201030,Run2_20201124,25,20260914,0.0056028960354985455
Run2_20201030,Run2_20201124,26,20260914,-0.008985156360364701
Run2_20201030,Run2_20201124,27,20260914,-0.009976308996069225
Run2_20201030,Run2_20201124,28,20260914,-0.06912723006336
Run2_20201030,Run2_20201124,29,20260914,0.17083420394512233
Run2_20201030,Run2_20201124,30,20260914,0.028648350531806734
Run2_20201030,Run2_20201124,31,20260914,-0.02047764687227521
Run2_20201030,Run2_20201124,32,20260914,-0.04149317462263336
Run2_20201030,Run2_20201124,33,20260914,-0.06401763095724879
Run2_20201030,Run2_20201124,34,20260914,0.3659442183232074
Run2_20201030,Run2_20201124,35,20260914,-0.0031110111858935726
Run2_20201030,Run2_20201124,36,20260914,0.012025924516751729
Run2_20201030,Run2_20201124,37,20260914,-0.01998684670069779
Run2_20201030,Run2_20201124,38,20260914,0.028992366062728894
Run2_20201030,Run2_20201124,39,20260914,-0.0521330552192498
Run2_20201030,Run2_20201124,40,20260914,-0.07040397436730508
Run2_20201030,Run2_20201124,41,20260914,-0.028486340403038525
Run2_20201030,Run2_20201124,42,20260914,-0.028019888686419234
Run2_20201030,Run2_20201124,43,20260914,0.011073062893552001
Run2_20201030,Run2_20201124,44,20260914,-0.00039010247702519726
Run2_20201030,Run2_20201124,45,20260914,-0.026821646399902345
Run2_20201030,Run2_20201124,46,20260914,0.043441834265819816
Run2_20201030,Run2_20201124,47,20260914,0.09514782791196823
Run2_20201030,Run2_20201124,48,20260914,0.10857292518307793
Run2_20201030,Run2_20201124,49,20260914,-0.04594022807941684
Run2_20201030,Run2_20201124,50,20260914,0.02333394872127308
Run2_20201030,Run2_20201124,51,20260914,0.07116836545644228
Run2_20201030,Run2_20201124,52,20260914,0.0006714631633144449
Run2_20201030,Run2_20201124,53,20260914,-0.027464881339986227
Run2_20201030,Run2_20201124,54,20260914,0.07689160025557648
Run2_20201030,Run2_20201124,55,20260914,-0.030293700578782057
Run2_20201030,Run2_20201124,56,20260914,-0.010366756195523106
Run2_20201030,Run2_20201124,57,20260914,-0.06395562960643153
Run2_20201030,Run2_20201124,58,20260914,-0.050365421949911775
Run2_20201030,Run2_20201124,59,20260914,0.008023678439575374
Run2_20201030,Run2_20201124,60,20260914,-0.05364728659376217
Run2_20201030,Run2_20201124,61,20260914,-0.032040708601324186
Run2_20201030,Run2_20201124,62,20260914,-0.03968159661197356
Run2_20201030,Run2_20201124,63,20260914,-0.0160853156005085
Run2_20201030,Run2_20201124,64,20260914,-0.01665845289473634
Run2_20201030,Run2_20201124,65,20260914,-0.027876576724192022
Run2_20201030,Run2_20201124,66,20260914,0.003133033151903831
Run2_20201030,Run2_20201124,67,20260914,-0.046029589146700696
Run2_20201030,Run2_20201124,68,20260914,0.06944846789763753
Run2_20201030,Run2_20201124,69,20260914,-0.004417317213658726
Run2_20201030,Run2_20201124,70,20260914,-0.0021695388206466565
Run2_20201030,Run2_20201124,71,20260914,0.008164403922679732
Run2_20201030,Run2_20201124,72,20260914,-0.0015017548689649821
Run2_20201030,Run2_20201124,73,20260914,-0.03614051668478204
Run2_20201030,Run2_20201124,74,20260914,-0.05835765870645522
Run2_20201030,Run2_20201124,75,20260914,0.03709945504021728
Run2_20201030,Run2_20201124,76,20260914,0.0056074329163633314
Run2_20201030,Run2_20201124,77,20260914,0.033816317208073245
Run2_20201030,Run2_20201124,78,20260914,0.03310186985285745
Run2_20201030,Run2_20201124,79,20260914,-0.02461821893487526
Run2_20201030,Run2_20201124,80,20260914,-0.026226577691795205
Run2_20201030,Run2_20201124,81,20260914,-0.02637849942222232
Run2_20201030,Run2_20201124,82,20260914,0.04883545526830553
Run2_20201030,Run2_20201124,83,20260914,-0.07217688208137454
Run2_20201030,Run2_20201124,84,20260914,-0.004999388999728806
Run2_20201030,Run2_20201124,85,20260914,0.08295647160403329
Run2_20201030,Run2_20201124,86,20260914,-0.042623415443579456
Run2_20201030,Run2_20201124,87,20260914,0.04380701935501911
Run2_20201030,Run2_20201124,88,20260914,-0.030588936315754312
Run2_20201030,Run2_20201124,89,20260914,-0.010090876779372579
Run2_20201030,Run2_20201124,90,20260914,0.07494271805786655
Run2_20201030,Run2_20201124,91,20260914,-0.03595911985976076
Run2_20201030,Run2_20201124,92,20260914,-0.01603617963550383
Run2_20201030,Run2_20201124,93,20260914,0.1116404314735492
Run2_20201030,Run2_20201124,94,20260914,0.036647202683162
Run2_20201030,Run2_20201124,95,20260914,0.006426279718095653
Run2_20201030,Run2_20201124,96,20260914,-0.03445035528830297
Run2_20201030,Run2_20201124,97,20260914,0.013473935279750516
Run2_20201030,Run2_20201124,98,20260914,-0.05476860052267625
Run2_20201030,Run2_20201124,99,20260914,0.2700594463851988
Run2_20201030,Run2_20201124,100,20260914,-0.020043523252691212
Run2_20201030,Run2_20201124,101,20260914,-0.04800060333653463
Run2_20201030,Run2_20201124,102,20260914,-0.04662966955061509
Run2_20201030,Run2_20201124,103,20260914,-0.04128697554650063
Run2_20201030,Run2_20201124,104,20260914,0.02707369461242805
Run2_20201030,Run2_20201124,105,20260914,-0.020714976247837462
Run2_20201030,Run2_20201124,106,20260914,0.12659628913380766
Run2_20201030,Run2_20201124,107,20260914,0.05737292031583288
Run2_20201030,Run2_20201124,108,20260914,-0.032352725168174154
Run2_20201030,Run2_20201124,109,20260914,-0.010606013555863809
Run2_20201030,Run2_20201124,110,20260914,-0.041391450599110265
Run2_20201030,Run2_20201124,111,20260914,0.0036735838412928074
Run2_20201030,Run2_20201124,112,20260914,0.026893342740411632
Run2_20201030,Run2_20201124,113,20260914,0.1380645656445012
Run2_20201030,Run2_20201124,114,20260914,-0.06853525030299797
Run2_20201030,Run2_20201124,115,20260914,-0.03342949430678482
Run2_20201030,Run2_20201124,116,20260914,0.051661078339430955
Run2_20201030,Run2_20201124,117,20260914,0.11196814467417074
Run2_20201030,Run2_20201124,118,20260914,-0.02925156488451556
Run2_20201030,Run2_20201124,119,20260914,0.009738182541822477
Run2_20201030,Run2_20201124,120,20260914,0.01716884841212887
Run2_20201030,Run2_20201124,121,20260914,0.06107741936361238
Run2_20201030,Run2_20201124,122,20260914,-0.005009485819561517
Run2_20201030,Run2_20201124,123,20260914,0.08012563307464973
Run2_20201030,Run2_20201124,124,20260914,-0.025949140700689606
Run2_20201030,Run2_20201124,125,20260914,0.006113806031375707
Run2_20201030,Run2_20201124,126,20260914,0.15404537715751287
Run2_20201030,Run2_20201124,127,20260914,-0.027880775598595916
Run2_20201030,Run2_20201124,128,20260914,-0.00983399295040892
Run2_20201030,Run2_20201124,129,20260914,0.018497815911659377
Run2_20201030,Run2_20201124,130,20260914,-0.042499674797566105
Run2_20201030,Run2_20201124,131,20260914,0.019427352025351848
Run2_20201030,Run2_20201124,132,20260914,0.0014331446631202145
Run2_20201030,Run2_20201124,133,20260914,0.10008551210422559
Run2_20201030,Run2_20201124,134,20260914,-0.03827651245621012
Run2_20201030,Run2_20201124,135,20260914,-0.009796155246942504
Run2_20201030,Run2_20201124,136,20260914,0.010416335564412483
Run2_20201030,Run2_20201124,137,20260914,0.03810999837899756
Run2_20201030,Run2_20201124,138,20260914,-0.006946297581724294
Run2_20201030,Run2_20201124,139,20260914,0.04039348399870804
Run2_20201030,Run2_20201124,140,20260914,-0.025741907917409337
Run2_20201030,Run2_20201124,141,20260914,-0.0571359117800628
Run2_20201030,Run2_20201124,142,20260914,-0.00569467633735086
Run2_20201030,Run2_20201124,143,20260914,-0.04711286078704095
Run2_20201030,Run2_20201124,144,20260914,0.09506907283291363
Run2_20201030,Run2_20201124,145,20260914,0.03149588616092406
Run2_20201030,Run2_20201124,146,20260914,0.005817136835990197
Run2_20201030,Run2_20201124,147,20260914,0.09572177897186733
Run2_20201030,Run2_20201124,148,20260914,-0.005502939624442291
Run2_20201030,Run2_20201124,149,20260914,0.024777073661237135
Run2_20201030,Run2_20201124,150,20260914,-0.03850501685988857
Run2_20201030,Run2_20201124,151,20260914,-0.03385826961949258
Run2_20201030,Run2_20201124,152,20260914,-0.02105990810736673
Run2_20201030,Run2_20201124,153,20260914,-0.018570615148964256
Run2_20201030,Run2_20201124,154,20260914,0.07117851154900541
Run2_20201030,Run2_20201124,155,20260914,-0.027086065641480847
Run2_20201030,Run2_20201124,156,20260914,-0.03826323178136702
Run2_20201030,Run2_20201124,157,20260914,-0.05135790091350802
Run2_20201030,Run2_20201124,158,20260914,0.06653630429555915
Run2_20201030,Run2_20201124,159,20260914,-0.04205152235015657
Run2_20201030,Run2_20201124,160,20260914,-0.03104155056082608
Run2_20201030,Run2_20201124,161,20260914,-0.046589412431890416
Run2_20201030,Run2_20201124,162,20260914,-0.038326671779151375
Run2_20201030,Run2_20201124,163,20260914,0.11919148947356877
Run2_20201030,Run2_20201124,164,20260914,-0.054444070817986974
Run2_20201030,Run2_20201124,165,20260914,-0.021380489160478456
Run2_20201030,Run2_20201124,166,20260914,0.047787191445892
Run2_20201030,Run2_20201124,167,20260914,-0.05850323685239169
Run2_20201030,Run2_20201124,168,20260914,-0.023254577856794363
Run2_20201030,Run2_20201124,169,20260914,0.0965496928470387
Run2_20201030,Run2_20201124,170,20260914,-0.017930820501646915
Run2_20201030,Run2_20201124,171,20260914,-0.045697849287410226
Run2_20201030,Run2_20201124,172,20260914,0.022709578849759528
Run2_20201030,Run2_20201124,173,20260914,0.017590671807211612
Run2_20201030,Run2_20201124,174,20260914,-0.03248537467132491
Run2_20201030,Run2_20201124,175,20260914,-0.015569335753149924
Run2_20201030,Run2_20201124,176,20260914,0.06340804970144902
Run2_20201030,Run2_20201124,177,20260914,-0.04840022376491325
Run2_20201030,Run2_20201124,178,20260914,-0.01741824089634283
Run2_20201030,Run2_20201124,179,20260914,-0.027804151441800946
Run2_20201030,Run2_20201124,180,20260914,0.021546833046695815
Run2_20201030,Run2_20201124,181,20260914,-0.013232681769864349
Run2_20201030,Run2_20201124,182,20260914,0.056258507489055344
Run2_20201030,Run2_20201124,183,20260914,0.06283297794118645
Run2_20201030,Run2_20201124,184,20260914,0.13717915492868343
Run2_20201030,Run2_20201124,185,20260914,0.0002612598013321114
Run2_20201030,Run2_20201124,186,20260914,0.05485430780605473
Run2_20201030,Run2_20201124,187,20260914,-0.0359569627540493
Run2_20201030,Run2_20201124,188,20260914,0.024453213838559123
Run2_20201030,Run2_20201124,189,20260914,0.09694174130887048
Run2_20201030,Run2_20201124,190,20260914,0.042959005501374506
Run2_20201030,Run2_20201124,191,20260914,-0.013428854368360188
Run2_20201030,Run2_20201124,192,20260914,-0.040074944121683526
Run2_20201030,Run2_20201124,193,20260914,-0.05833462428268453
Run2_20201030,Run2_20201124,194,20260914,-0.05804700045592599
Run2_20201030,Run2_20201124,195,20260914,-0.002817538113981281
Run2_20201030,Run2_20201124,196,20260914,0.2130344779592788
Run2_20201030,Run2_20201124,197,20260914,-0.011681333241177214
Run2_20201030,Run2_20201124,198,20260914,-0.017845373814620678
Run2_20201030,Run2_20201124,199,20260914,0.08700914786975862
Run1_20201118,Run1_20201119,0,20260914,-0.060963568528181494
Run1_20201118,Run1_20201119,1,20260914,-0.03844305537962423
Run1_20201118,Run1_20201119,2,20260914,-0.006895338465912869
Run1_20201118,Run1_20201119,3,20260914,0.02060779904529669
Run1_20201118,Run1_20201119,4,20260914,0.042179339057475555
Run1_20201118,Run1_20201119,5,20260914,-0.04198151045382376
Run1_20201118,Run1_20201119,6,20260914,0.05693849249944196
Run1_20201118,Run1_20201119,7,20260914,-0.03262102229716256
Run1_20201118,Run1_20201119,8,20260914,-0.022867145340456904
Run1_20201118,Run1_20201119,9,20260914,-0.02680639535211538
Run1_20201118,Run1_20201119,10,20260914,-0.021369448534166183
Run1_20201118,Run1_20201119,11,20260914,0.0020699603108445645
Run1_20201118,Run1_20201119,12,20260914,-0.03442377704394161
Run1_20201118,Run1_20201119,13,20260914,-0.029618914657342676
Run1_20201118,Run1_20201119,14,20260914,-0.04361018398605829
Run1_20201118,Run1_20201119,15,20260914,0.03402777574089459
Run1_20201118,Run1_20201119,16,20260914,0.09562825728885405
Run1_20201118,Run1_20201119,17,20260914,-0.06276200088115629
Run1_20201118,Run1_20201119,18,20260914,0.0206738608064421
Run1_20201118,Run1_20201119,19,20260914,0.05805949435104278
Run1_20201118,Run1_20201119,20,20260914,-0.023171761510098005
Run1_20201118,Run1_20201119,21,20260914,0.04656361575639397
Run1_20201118,Run1_20201119,22,20260914,-0.014175824272498264
Run1_20201118,Run1_20201119,23,20260914,-0.06179513402490403
Run1_20201118,Run1_20201119,24,20260914,0.03139893577093544
Run1_20201118,Run1_20201119,25,20260914,0.11388061009511039
Run1_20201118,Run1_20201119,26,20260914,-0.037747674801611106
Run1_20201118,Run1_20201119,27,20260914,-0.05194269302768968
Run1_20201118,Run1_20201119,28,20260914,-0.05535426565881642
Run1_20201118,Run1_20201119,29,20260914,-0.018719623652256247
Run1_20201118,Run1_20201119,30,20260914,0.04027200905180382
Run1_20201118,Run1_20201119,31,20260914,0.003319129630142629
Run1_20201118,Run1_20201119,32,20260914,-0.029595005132270327
Run1_20201118,Run1_20201119,33,20260914,0.05274372975941319
Run1_20201118,Run1_20201119,34,20260914,-0.04984428658196682
Run1_20201118,Run1_20201119,35,20260914,0.029733440990143384
Run1_20201118,Run1_20201119,36,20260914,-0.04564222597488779
Run1_20201118,Run1_20201119,37,20260914,-0.04247002800310713
Run1_20201118,Run1_20201119,38,20260914,0.052116052929589096
Run1_20201118,Run1_20201119,39,20260914,-0.054790945895258715
Run1_20201118,Run1_20201119,40,20260914,-0.07307234316669162
Run1_20201118,Run1_20201119,41,20260914,-0.07218507200514494
Run1_20201118,Run1_20201119,42,20260914,-0.0561941062040674
Run1_20201118,Run1_20201119,43,20260914,0.027994741064392707
Run1_20201118,Run1_20201119,44,20260914,-0.0158007132673922
Run1_20201118,Run1_20201119,45,20260914,-0.04809438451665794
Run1_20201118,Run1_20201119,46,20260914,-0.005169059934518605
Run1_20201118,Run1_20201119,47,20260914,-0.03265126857478233
Run1_20201118,Run1_20201119,48,20260914,0.02705608802533797
Run1_20201118,Run1_20201119,49,20260914,-0.07062158534664437
Run1_20201118,Run1_20201119,50,20260914,0.017908045453226412
Run1_20201118,Run1_20201119,51,20260914,0.027996477266425596
Run1_20201118,Run1_20201119,52,20260914,0.0029907178874730555
Run1_20201118,Run1_20201119,53,20260914,-0.02862674540870013
Run1_20201118,Run1_20201119,54,20260914,-0.06817639367554942
Run1_20201118,Run1_20201119,55,20260914,-0.029762588123785055
Run1_20201118,Run1_20201119,56,20260914,-0.04743418718675984
Run1_20201118,Run1_20201119,57,20260914,-0.03743776027348634
Run1_20201118,Run1_20201119,58,20260914,-0.08072734726171668
Run1_20201118,Run1_20201119,59,20260914,-0.04531351972039289
Run1_20201118,Run1_20201119,60,20260914,0.04498555263498978
Run1_20201118,Run1_20201119,61,20260914,0.04965164270360246
Run1_20201118,Run1_20201119,62,20260914,-0.08841943417596565
Run1_20201118,Run1_20201119,63,20260914,0.076344368472327
Run1_20201118,Run1_20201119,64,20260914,-0.07549100489691644
Run1_20201118,Run1_20201119,65,20260914,-0.06643327652566157
Run1_20201118,Run1_20201119,66,20260914,0.04793932293546903
Run1_20201118,Run1_20201119,67,20260914,0.052722282464709364
Run1_20201118,Run1_20201119,68,20260914,-0.03844727324124161
Run1_20201118,Run1_20201119,69,20260914,0.043561135158865845
Run1_20201118,Run1_20201119,70,20260914,-0.05763391377163453
Run1_20201118,Run1_20201119,71,20260914,-0.06419615499531735
Run1_20201118,Run1_20201119,72,20260914,-0.022245524309074192
Run1_20201118,Run1_20201119,73,20260914,-0.004273759449998374
Run1_20201118,Run1_20201119,74,20260914,-0.05103340853551186
Run1_20201118,Run1_20201119,75,20260914,-0.030216187668385096
Run1_20201118,Run1_20201119,76,20260914,-0.004150043383947291
Run1_20201118,Run1_20201119,77,20260914,-0.006791642570980271
Run1_20201118,Run1_20201119,78,20260914,-0.0032373998714205804
Run1_20201118,Run1_20201119,79,20260914,-0.007119952366496423
Run1_20201118,Run1_20201119,80,20260914,-0.05876612589699492
Run1_20201118,Run1_20201119,81,20260914,-0.00872053002156622
Run1_20201118,Run1_20201119,82,20260914,-0.003049432800558276
Run1_20201118,Run1_20201119,83,20260914,0.10363020774819269
Run1_20201118,Run1_20201119,84,20260914,-0.014623334289689498
Run1_20201118,Run1_20201119,85,20260914,0.06568704710864062
Run1_20201118,Run1_20201119,86,20260914,-0.04748365686398647
Run1_20201118,Run1_20201119,87,20260914,0.08465572595778534
Run1_20201118,Run1_20201119,88,20260914,-0.06636199174686112
Run1_20201118,Run1_20201119,89,20260914,-0.05673281708702111
Run1_20201118,Run1_20201119,90,20260914,-0.022857951857888616
Run1_20201118,Run1_20201119,91,20260914,0.10004467596249593
Run1_20201118,Run1_20201119,92,20260914,-0.02750996626080312
Run1_20201118,Run1_20201119,93,20260914,0.0003645298492745734
Run1_20201118,Run1_20201119,94,20260914,-0.0549953858528709
Run1_20201118,Run1_20201119,95,20260914,-0.06158776187537278
Run1_20201118,Run1_20201119,96,20260914,-0.02462320857307568
Run1_20201118,Run1_20201119,97,20260914,-0.05692509320494782
Run1_20201118,Run1_20201119,98,20260914,-0.043699254996170195
Run1_20201118,Run1_20201119,99,20260914,-0.015215180315482649
Run1_20201118,Run1_20201119,100,20260914,0.03365251163189492
Run1_20201118,Run1_20201119,101,20260914,-0.05612638848655722
Run1_20201118,Run1_20201119,102,20260914,-0.06764619419960548
Run1_20201118,Run1_20201119,103,20260914,-0.06862496631977083
Run1_20201118,Run1_20201119,104,20260914,-0.05573302265703871
Run1_20201118,Run1_20201119,105,20260914,-0.04704160948283277
Run1_20201118,Run1_20201119,106,20260914,0.062080285961719536
Run1_20201118,Run1_20201119,107,20260914,-0.022613415756624386
Run1_20201118,Run1_20201119,108,20260914,-0.037612947488266595
Run1_20201118,Run1_20201119,109,20260914,-0.033803016833083246
Run1_20201118,Run1_20201119,110,20260914,-0.018770235125404867
Run1_20201118,Run1_20201119,111,20260914,-0.014330018026423207
Run1_20201118,Run1_20201119,112,20260914,0.020340805833169884
Run1_20201118,Run1_20201119,113,20260914,-0.06588236437923205
Run1_20201118,Run1_20201119,114,20260914,-0.02403021941503417
Run1_20201118,Run1_20201119,115,20260914,-0.016465724410539416
Run1_20201118,Run1_20201119,116,20260914,-0.03337382767524486
Run1_20201118,Run1_20201119,117,20260914,-0.04623113030595477
Run1_20201118,Run1_20201119,118,20260914,0.029811861699161207
Run1_20201118,Run1_20201119,119,20260914,-0.049608502938238624
Run1_20201118,Run1_20201119,120,20260914,-0.036389489780905615
Run1_20201118,Run1_20201119,121,20260914,-0.039634094421363335
Run1_20201118,Run1_20201119,122,20260914,-0.05264514019182623
Run1_20201118,Run1_20201119,123,20260914,-0.08629537970178579
Run1_20201118,Run1_20201119,124,20260914,-0.012710173539430825
Run1_20201118,Run1_20201119,125,20260914,-0.07011440310867581
Run1_20201118,Run1_20201119,126,20260914,0.11734297164247916
Run1_20201118,Run1_20201119,127,20260914,-0.04080008345396462
Run1_20201118,Run1_20201119,128,20260914,0.030924324555145367
Run1_20201118,Run1_20201119,129,20260914,0.01602198359663106
Run1_20201118,Run1_20201119,130,20260914,-0.07426165799687096
Run1_20201118,Run1_20201119,131,20260914,-0.010856708749309319
Run1_20201118,Run1_20201119,132,20260914,-0.01002590566356948
Run1_20201118,Run1_20201119,133,20260914,-0.04353462220717459
Run1_20201118,Run1_20201119,134,20260914,-0.05284604849242108
Run1_20201118,Run1_20201119,135,20260914,0.16242866830777447
Run1_20201118,Run1_20201119,136,20260914,0.13773944937793048
Run1_20201118,Run1_20201119,137,20260914,-0.04114550075456989
Run1_20201118,Run1_20201119,138,20260914,-0.044563674885659335
Run1_20201118,Run1_20201119,139,20260914,0.05649699124472497
Run1_20201118,Run1_20201119,140,20260914,-0.033393661317195865
Run1_20201118,Run1_20201119,141,20260914,-0.0593946446983658
Run1_20201118,Run1_20201119,142,20260914,0.04953149342741724
Run1_20201118,Run1_20201119,143,20260914,-0.04512796061956869
Run1_20201118,Run1_20201119,144,20260914,0.03351950931758862
Run1_20201118,Run1_20201119,145,20260914,-0.03159810583147195
Run1_20201118,Run1_20201119,146,20260914,-0.0018111030696385604
Run1_20201118,Run1_20201119,147,20260914,-0.0598341306009351
Run1_20201118,Run1_20201119,148,20260914,0.0003628731121918719
Run1_20201118,Run1_20201119,149,20260914,0.03533233603848881
Run1_20201118,Run1_20201119,150,20260914,-0.03117441070883111
Run1_20201118,Run1_20201119,151,20260914,-0.0479217440254078
Run1_20201118,Run1_20201119,152,20260914,-0.06575008611243145
Run1_20201118,Run1_20201119,153,20260914,-0.0005080158031280986
Run1_20201118,Run1_20201119,154,20260914,-0.053348214862743826
Run1_20201118,Run1_20201119,155,20260914,-0.06087174846471371
Run1_20201118,Run1_20201119,156,20260914,0.030699950924608806
Run1_20201118,Run1_20201119,157,20260914,-0.0468883871380144
Run1_20201118,Run1_20201119,158,20260914,-0.05006863963952889
Run1_20201118,Run1_20201119,159,20260914,-0.05642079025355837
Run1_20201118,Run1_20201119,160,20260914,-0.041328626406167246
Run1_20201118,Run1_20201119,161,20260914,0.0077356074042750494
Run1_20201118,Run1_20201119,162,20260914,-0.07370488709346071
Run1_20201118,Run1_20201119,163,20260914,0.0008917245833928377
Run1_20201118,Run1_20201119,164,20260914,-0.06169615134620267
Run1_20201118,Run1_20201119,165,20260914,-0.015989531324490432
Run1_20201118,Run1_20201119,166,20260914,0.09549693491733659
Run1_20201118,Run1_20201119,167,20260914,-0.002509912905755041
Run1_20201118,Run1_20201119,168,20260914,-0.045668878332108656
Run1_20201118,Run1_20201119,169,20260914,-0.06343973881016772
Run1_20201118,Run1_20201119,170,20260914,-0.03057081406074651
Run1_20201118,Run1_20201119,171,20260914,-0.06321132602257604
Run1_20201118,Run1_20201119,172,20260914,0.04166607602020087
Run1_20201118,Run1_20201119,173,20260914,-0.07670520255266858
Run1_20201118,Run1_20201119,174,20260914,-0.02614759194777415
Run1_20201118,Run1_20201119,175,20260914,-0.04715653866593822
Run1_20201118,Run1_20201119,176,20260914,-0.06447789035865771
Run1_20201118,Run1_20201119,177,20260914,-0.00175191683565218
Run1_20201118,Run1_20201119,178,20260914,-0.06322135625652281
Run1_20201118,Run1_20201119,179,20260914,-0.03840439915055761
Run1_20201118,Run1_20201119,180,20260914,0.027680515604005373
Run1_20201118,Run1_20201119,181,20260914,-0.06904771103989397
Run1_20201118,Run1_20201119,182,20260914,-0.06094057867925957
Run1_20201118,Run1_20201119,183,20260914,-0.05014940615089349
Run1_20201118,Run1_20201119,184,20260914,-0.06330288391883278
Run1_20201118,Run1_20201119,185,20260914,0.024468511554872827
Run1_20201118,Run1_20201119,186,20260914,0.017135290683042745
Run1_20201118,Run1_20201119,187,20260914,0.011694677978466253
Run1_20201118,Run1_20201119,188,20260914,-0.06623514861769307
Run1_20201118,Run1_20201119,189,20260914,-0.056914675441350926
Run1_20201118,Run1_20201119,190,20260914,0.055874090198871774
Run1_20201118,Run1_20201119,191,20260914,-0.05186691362969462
Run1_20201118,Run1_20201119,192,20260914,-0.03022002959429649
Run1_20201118,Run1_20201119,193,20260914,-0.06536344179994612
Run1_20201118,Run1_20201119,194,20260914,0.028505051726078937
Run1_20201118,Run1_20201119,195,20260914,-0.014090910885138206
Run1_20201118,Run1_20201119,196,20260914,0.09913179951250313
Run1_20201118,Run1_20201119,197,20260914,0.026334572143327618
Run1_20201118,Run1_20201119,198,20260914,0.02712265992767863
Run1_20201118,Run1_20201119,199,20260914,-0.028758143587210454
Run1_20201118,Run1_20201124,0,20260914,-0.04814353172574763
Run1_20201118,Run1_20201124,1,20260914,0.12991550232076493
Run1_20201118,Run1_20201124,2,20260914,-0.05675903083956538
Run1_20201118,Run1_20201124,3,20260914,-0.018541407589751372
Run1_20201118,Run1_20201124,4,20260914,-0.08384354456343854
Run1_20201118,Run1_20201124,5,20260914,0.1344461383519593
Run1_20201118,Run1_20201124,6,20260914,-0.021059473244630648
Run1_20201118,Run1_20201124,7,20260914,-0.04226409748008725
Run1_20201118,Run1_20201124,8,20260914,-0.05925679580931548
Run1_20201118,Run1_20201124,9,20260914,-0.0057123133008455795
Run1_20201118,Run1_20201124,10,20260914,0.0389599872938567
Run1_20201118,Run1_20201124,11,20260914,-0.042885064590504895
Run1_20201118,Run1_20201124,12,20260914,-0.06634670397557214
Run1_20201118,Run1_20201124,13,20260914,-0.049919691241829
Run1_20201118,Run1_20201124,14,20260914,-0.053847072818399955
Run1_20201118,Run1_20201124,15,20260914,0.09199683820741535
Run1_20201118,Run1_20201124,16,20260914,0.11128255806818953
Run1_20201118,Run1_20201124,17,20260914,0.03721230627027223
Run1_20201118,Run1_20201124,18,20260914,-0.012690944256128395
Run1_20201118,Run1_20201124,19,20260914,0.026737347938384594
Run1_20201118,Run1_20201124,20,20260914,0.013865337763822892
Run1_20201118,Run1_20201124,21,20260914,0.1539436290826755
Run1_20201118,Run1_20201124,22,20260914,0.11552344424778742
Run1_20201118,Run1_20201124,23,20260914,-0.017701439242523976
Run1_20201118,Run1_20201124,24,20260914,-0.02326013582308785
Run1_20201118,Run1_20201124,25,20260914,0.007783816892059165
Run1_20201118,Run1_20201124,26,20260914,-0.018224382755930392
Run1_20201118,Run1_20201124,27,20260914,-0.029645441356076992
Run1_20201118,Run1_20201124,28,20260914,-0.010946581439644824
Run1_20201118,Run1_20201124,29,20260914,-0.06424353405570503
Run1_20201118,Run1_20201124,30,20260914,0.04081258471511358
Run1_20201118,Run1_20201124,31,20260914,-0.04775765957378324
Run1_20201118,Run1_20201124,32,20260914,-0.01264472564137215
Run1_20201118,Run1_20201124,33,20260914,-0.014686170979654738
Run1_20201118,Run1_20201124,34,20260914,0.03892424067113351
Run1_20201118,Run1_20201124,35,20260914,0.06621177495465781
Run1_20201118,Run1_20201124,36,20260914,0.030372454434751874
Run1_20201118,Run1_20201124,37,20260914,0.10389778112091705
Run1_20201118,Run1_20201124,38,20260914,0.01913336942438008
Run1_20201118,Run1_20201124,39,20260914,-0.029729089400055815
Run1_20201118,Run1_20201124,40,20260914,0.09152841749545731
Run1_20201118,Run1_20201124,41,20260914,-0.05435290755885543
Run1_20201118,Run1_20201124,42,20260914,0.08240410962120921
Run1_20201118,Run1_20201124,43,20260914,-0.05781846421984936
Run1_20201118,Run1_20201124,44,20260914,-0.042866565746522096
Run1_20201118,Run1_20201124,45,20260914,-0.05724732552166953
Run1_20201118,Run1_20201124,46,20260914,0.007213581610958073
Run1_20201118,Run1_20201124,47,20260914,-0.02721457998659222
Run1_20201118,Run1_20201124,48,20260914,-0.013015152792544152
Run1_20201118,Run1_20201124,49,20260914,-0.02014821153061365
Run1_20201118,Run1_20201124,50,20260914,-0.0449921670450135
Run1_20201118,Run1_20201124,51,20260914,0.061500904060380224
Run1_20201118,Run1_20201124,52,20260914,-0.06340598403844702
Run1_20201118,Run1_20201124,53,20260914,0.020939058263580463
Run1_20201118,Run1_20201124,54,20260914,-0.04304481472460989
Run1_20201118,Run1_20201124,55,20260914,0.014180481862727856
Run1_20201118,Run1_20201124,56,20260914,-0.042703275608300666
Run1_20201118,Run1_20201124,57,20260914,0.018413814545876296
Run1_20201118,Run1_20201124,58,20260914,0.015567086787663598
Run1_20201118,Run1_20201124,59,20260914,0.012314863667238093
Run1_20201118,Run1_20201124,60,20260914,-0.059774289371728836
Run1_20201118,Run1_20201124,61,20260914,0.10102033922174407
Run1_20201118,Run1_20201124,62,20260914,0.02985992476924348
Run1_20201118,Run1_20201124,63,20260914,0.005076305670463549
Run1_20201118,Run1_20201124,64,20260914,0.14622834568024504
Run1_20201118,Run1_20201124,65,20260914,0.014286155693958465
Run1_20201118,Run1_20201124,66,20260914,0.1395252256532027
Run1_20201118,Run1_20201124,67,20260914,0.013896202767873301
Run1_20201118,Run1_20201124,68,20260914,-0.07922892814885664
Run1_20201118,Run1_20201124,69,20260914,0.026118455477786233
Run1_20201118,Run1_20201124,70,20260914,-0.07218986109335497
Run1_20201118,Run1_20201124,71,20260914,-0.04162274560689934
Run1_20201118,Run1_20201124,72,20260914,0.009571281967972259
Run1_20201118,Run1_20201124,73,20260914,-0.06770062742144603
Run1_20201118,Run1_20201124,74,20260914,0.16092499918338665
Run1_20201118,Run1_20201124,75,20260914,-0.054145427084628016
Run1_20201118,Run1_20201124,76,20260914,-0.04693083306356703
Run1_20201118,Run1_20201124,77,20260914,0.06640815985312055
Run1_20201118,Run1_20201124,78,20260914,-0.03936312747920377
Run1_20201118,Run1_20201124,79,20260914,0.031993298817388154
Run1_20201118,Run1_20201124,80,20260914,-0.060683744886723935
Run1_20201118,Run1_20201124,81,20260914,0.01412949216628208
Run1_20201118,Run1_20201124,82,20260914,-0.0833557060665483
Run1_20201118,Run1_20201124,83,20260914,-0.02292010507724024
Run1_20201118,Run1_20201124,84,20260914,-0.02815833525456658
Run1_20201118,Run1_20201124,85,20260914,-0.020329993968157312
Run1_20201118,Run1_20201124,86,20260914,0.04006631958444787
Run1_20201118,Run1_20201124,87,20260914,0.040801190891736415
Run1_20201118,Run1_20201124,88,20260914,-0.012670303208950939
Run1_20201118,Run1_20201124,89,20260914,-0.005784303971376094
Run1_20201118,Run1_20201124,90,20260914,0.03469303935500587
Run1_20201118,Run1_20201124,91,20260914,-0.03998874107611585
Run1_20201118,Run1_20201124,92,20260914,-0.04169729384725001
Run1_20201118,Run1_20201124,93,20260914,0.025238011515661865
Run1_20201118,Run1_20201124,94,20260914,-0.06319241323751594
Run1_20201118,Run1_20201124,95,20260914,0.08396193978342824
Run1_20201118,Run1_20201124,96,20260914,-0.0434516713608449
Run1_20201118,Run1_20201124,97,20260914,0.06593034175085771
Run1_20201118,Run1_20201124,98,20260914,0.025593799980589898
Run1_20201118,Run1_20201124,99,20260914,-0.053106854577093666
Run1_20201118,Run1_20201124,100,20260914,0.05323390567766732
Run1_20201118,Run1_20201124,101,20260914,0.05541863520055689
Run1_20201118,Run1_20201124,102,20260914,0.006009100365876933
Run1_20201118,Run1_20201124,103,20260914,-0.031991838560732
Run1_20201118,Run1_20201124,104,20260914,0.013981298682936013
Run1_20201118,Run1_20201124,105,20260914,0.11964487674140502
Run1_20201118,Run1_20201124,106,20260914,-0.04142269189389497
Run1_20201118,Run1_20201124,107,20260914,-0.03305206158664809
Run1_20201118,Run1_20201124,108,20260914,-0.01531083391362839
Run1_20201118,Run1_20201124,109,20260914,0.06112295655538697
Run1_20201118,Run1_20201124,110,20260914,0.038719154270479915
Run1_20201118,Run1_20201124,111,20260914,0.04981182010653575
Run1_20201118,Run1_20201124,112,20260914,-0.04712674426201564
Run1_20201118,Run1_20201124,113,20260914,-0.04084722021002307
Run1_20201118,Run1_20201124,114,20260914,-0.012917114981857478
Run1_20201118,Run1_20201124,115,20260914,0.11192858420382275
Run1_20201118,Run1_20201124,116,20260914,-0.023186542562057287
Run1_20201118,Run1_20201124,117,20260914,-0.02425228705027636
Run1_20201118,Run1_20201124,118,20260914,0.0057684225974311
Run1_20201118,Run1_20201124,119,20260914,-0.03067245747460566
Run1_20201118,Run1_20201124,120,20260914,0.04062091588372649
Run1_20201118,Run1_20201124,121,20260914,0.18520372616292846
Run1_20201118,Run1_20201124,122,20260914,-0.03715814591132301
Run1_20201118,Run1_20201124,123,20260914,-0.047621215321970924
Run1_20201118,Run1_20201124,124,20260914,-0.04725037001410047
Run1_20201118,Run1_20201124,125,20260914,-0.03686613583317691
Run1_20201118,Run1_20201124,126,20260914,0.06062772956639165
Run1_20201118,Run1_20201124,127,20260914,-0.02131306625438841
Run1_20201118,Run1_20201124,128,20260914,-0.045809405818457126
Run1_20201118,Run1_20201124,129,20260914,-0.038837197209095384
Run1_20201118,Run1_20201124,130,20260914,-0.01686734835875386
Run1_20201118,Run1_20201124,131,20260914,0.03820397641432945
Run1_20201118,Run1_20201124,132,20260914,0.03280786735878533
Run1_20201118,Run1_20201124,133,20260914,0.06200757452109843
Run1_20201118,Run1_20201124,134,20260914,0.010284684863153966
Run1_20201118,Run1_20201124,135,20260914,-0.05714389892220625
Run1_20201118,Run1_20201124,136,20260914,-0.03606262555236052
Run1_20201118,Run1_20201124,137,20260914,0.034783121435489686
Run1_20201118,Run1_20201124,138,20260914,-0.03576649834524696
Run1_20201118,Run1_20201124,139,20260914,0.12154470396426269
Run1_20201118,Run1_20201124,140,20260914,-0.0014706608491772248
Run1_20201118,Run1_20201124,141,20260914,0.04997142889520879
Run1_20201118,Run1_20201124,142,20260914,-0.06481853584669238
Run1_20201118,Run1_20201124,143,20260914,0.016641517750238533
Run1_20201118,Run1_20201124,144,20260914,0.07679159909356188
Run1_20201118,Run1_20201124,145,20260914,0.007757441300897965
Run1_20201118,Run1_20201124,146,20260914,-0.044445947155832825
Run1_20201118,Run1_20201124,147,20260914,-0.04154789918658455
Run1_20201118,Run1_20201124,148,20260914,-0.025137467346199233
Run1_20201118,Run1_20201124,149,20260914,-0.07398402256156578
Run1_20201118,Run1_20201124,150,20260914,-0.028143516065586762
Run1_20201118,Run1_20201124,151,20260914,0.04618432041037655
Run1_20201118,Run1_20201124,152,20260914,-0.052272992599106456
Run1_20201118,Run1_20201124,153,20260914,-0.06275672462949519
Run1_20201118,Run1_20201124,154,20260914,-0.03478039240809453
Run1_20201118,Run1_20201124,155,20260914,-0.018647756500620113
Run1_20201118,Run1_20201124,156,20260914,0.13670510167954703
Run1_20201118,Run1_20201124,157,20260914,-0.03340464801947859
Run1_20201118,Run1_20201124,158,20260914,-0.036026698016548044
Run1_20201118,Run1_20201124,159,20260914,-0.08748429978639975
Run1_20201118,Run1_20201124,160,20260914,0.017148448790155438
Run1_20201118,Run1_20201124,161,20260914,0.13066694450872401
Run1_20201118,Run1_20201124,162,20260914,0.01966195309285792
Run1_20201118,Run1_20201124,163,20260914,0.14811041674269704
Run1_20201118,Run1_20201124,164,20260914,-0.05313494728173
Run1_20201118,Run1_20201124,165,20260914,0.04313892780266519
Run1_20201118,Run1_20201124,166,20260914,0.14463832917252908
Run1_20201118,Run1_20201124,167,20260914,0.03259959436649945
Run1_20201118,Run1_20201124,168,20260914,-0.03924153582764915
Run1_20201118,Run1_20201124,169,20260914,-0.017047045227356408
Run1_20201118,Run1_20201124,170,20260914,-0.05089895494967491
Run1_20201118,Run1_20201124,171,20260914,-0.057956321337416065
Run1_20201118,Run1_20201124,172,20260914,-0.02111924274705937
Run1_20201118,Run1_20201124,173,20260914,-0.033904257639407936
Run1_20201118,Run1_20201124,174,20260914,-0.06706026986460646
Run1_20201118,Run1_20201124,175,20260914,0.005303835207373874
Run1_20201118,Run1_20201124,176,20260914,0.006337767296806605
Run1_20201118,Run1_20201124,177,20260914,-0.04448994375064048
Run1_20201118,Run1_20201124,178,20260914,-0.0019315746158158167
Run1_20201118,Run1_20201124,179,20260914,-0.061110854904946325
Run1_20201118,Run1_20201124,180,20260914,-0.017255626153778205
Run1_20201118,Run1_20201124,181,20260914,-0.01708406032034564
Run1_20201118,Run1_20201124,182,20260914,-0.04668079160920237
Run1_20201118,Run1_20201124,183,20260914,-0.057989087192095244
Run1_20201118,Run1_20201124,184,20260914,0.07426242524355658
Run1_20201118,Run1_20201124,185,20260914,-0.08356879563005062
Run1_20201118,Run1_20201124,186,20260914,-0.02014464139981479
Run1_20201118,Run1_20201124,187,20260914,0.060113169169273284
Run1_20201118,Run1_20201124,188,20260914,-0.004282787177893291
Run1_20201118,Run1_20201124,189,20260914,0.05660855517624046
Run1_20201118,Run1_20201124,190,20260914,-0.04542149155526703
Run1_20201118,Run1_20201124,191,20260914,-0.06851151418171463
Run1_20201118,Run1_20201124,192,20260914,0.10373461486906384
Run1_20201118,Run1_20201124,193,20260914,-0.06259720678230836
Run1_20201118,Run1_20201124,194,20260914,-0.012500930913032048
Run1_20201118,Run1_20201124,195,20260914,-0.04377559848314283
Run1_20201118,Run1_20201124,196,20260914,-0.06352555766049521
Run1_20201118,Run1_20201124,197,20260914,-0.041502594783360616
Run1_20201118,Run1_20201124,198,20260914,-0.048165634763822254
Run1_20201118,Run1_20201124,199,20260914,0.08934150176840232
Run1_20201118,Run2_20201124,0,20260914,-0.06240817572188855
Run1_20201118,Run2_20201124,1,20260914,0.03803531278613495
Run1_20201118,Run2_20201124,2,20260914,0.048266917603760714
Run1_20201118,Run2_20201124,3,20260914,-0.0311050325757821
Run1_20201118,Run2_20201124,4,20260914,-0.037984932590305415
Run1_20201118,Run2_20201124,5,20260914,-0.022217194444096696
Run1_20201118,Run2_20201124,6,20260914,0.17817633441344757
Run1_20201118,Run2_20201124,7,20260914,0.08139605897082337
Run1_20201118,Run2_20201124,8,20260914,-0.053444791756331544
Run1_20201118,Run2_20201124,9,20260914,-0.029006425813363945
Run1_20201118,Run2_20201124,10,20260914,0.02066227437857838
Run1_20201118,Run2_20201124,11,20260914,0.1851324009931713
Run1_20201118,Run2_20201124,12,20260914,-0.031228634008073564
Run1_20201118,Run2_20201124,13,20260914,-0.06883082656269204
Run1_20201118,Run2_20201124,14,20260914,-0.07712504840738883
Run1_20201118,Run2_20201124,15,20260914,0.06386177278270652
Run1_20201118,Run2_20201124,16,20260914,-0.05469220892471961
Run1_20201118,Run2_20201124,17,20260914,-0.0477307726088755
Run1_20201118,Run2_20201124,18,20260914,-0.04532930425097578
Run1_20201118,Run2_20201124,19,20260914,0.05322960315140471
Run1_20201118,Run2_20201124,20,20260914,-0.014390883540274978
Run1_20201118,Run2_20201124,21,20260914,0.0014760168354387556
Run1_20201118,Run2_20201124,22,20260914,-0.06871388343318412
Run1_20201118,Run2_20201124,23,20260914,-0.0184970415506883
Run1_20201118,Run2_20201124,24,20260914,-0.0016728480818824702
Run1_20201118,Run2_20201124,25,20260914,-0.05183485327308771
Run1_20201118,Run2_20201124,26,20260914,-0.04222628729378957
Run1_20201118,Run2_20201124,27,20260914,-0.01067902299292647
Run1_20201118,Run2_20201124,28,20260914,0.06754513575633701
Run1_20201118,Run2_20201124,29,20260914,-0.009880647831047834
Run1_20201118,Run2_20201124,30,20260914,0.06335488341777902
Run1_20201118,Run2_20201124,31,20260914,-0.015064172648028507
Run1_20201118,Run2_20201124,32,20260914,-0.05553607964504
Run1_20201118,Run2_20201124,33,20260914,-0.05612442670582926
Run1_20201118,Run2_20201124,34,20260914,0.1628057512389539
Run1_20201118,Run2_20201124,35,20260914,0.004219221694444523
Run1_20201118,Run2_20201124,36,20260914,0.0232627603669767
Run1_20201118,Run2_20201124,37,20260914,-0.012790513921426189
Run1_20201118,Run2_20201124,38,20260914,0.017171628117982972
Run1_20201118,Run2_20201124,39,20260914,-0.03419678504839867
Run1_20201118,Run2_20201124,40,20260914,-0.033175236102301206
Run1_20201118,Run2_20201124,41,20260914,0.05693071952499387
Run1_20201118,Run2_20201124,42,20260914,0.03744675239032653
Run1_20201118,Run2_20201124,43,20260914,-0.04266276171229301
Run1_20201118,Run2_20201124,44,20260914,-0.048877280342411365
Run1_20201118,Run2_20201124,45,20260914,0.025802875673718396
Run1_20201118,Run2_20201124,46,20260914,-0.05817862870064156
Run1_20201118,Run2_20201124,47,20260914,0.012672231742798783
Run1_20201118,Run2_20201124,48,20260914,-0.015363777123231425
Run1_20201118,Run2_20201124,49,20260914,0.017353527258867307
Run1_20201118,Run2_20201124,50,20260914,-0.017470072584535146
Run1_20201118,Run2_20201124,51,20260914,0.003787460445861232
Run1_20201118,Run2_20201124,52,20260914,0.029709375752545425
Run1_20201118,Run2_20201124,53,20260914,-0.027034603602803263
Run1_20201118,Run2_20201124,54,20260914,0.017695395115761948
Run1_20201118,Run2_20201124,55,20260914,0.012569871904998649
Run1_20201118,Run2_20201124,56,20260914,0.0171968960124206
Run1_20201118,Run2_20201124,57,20260914,-0.07814598574901148
Run1_20201118,Run2_20201124,58,20260914,-0.021321636644023007
Run1_20201118,Run2_20201124,59,20260914,0.030251852382060407
Run1_20201118,Run2_20201124,60,20260914,-0.0589530477965393
Run1_20201118,Run2_20201124,61,20260914,-0.071344329650404
Run1_20201118,Run2_20201124,62,20260914,0.09399756813182666
Run1_20201118,Run2_20201124,63,20260914,-0.03869669350370388
Run1_20201118,Run2_20201124,64,20260914,0.010017397524327344
Run1_20201118,Run2_20201124,65,20260914,-0.025333794390180058
Run1_20201118,Run2_20201124,66,20260914,-0.06765022585043473
Run1_20201118,Run2_20201124,67,20260914,0.027269359397296158
Run1_20201118,Run2_20201124,68,20260914,0.06752511287119152
Run1_20201118,Run2_20201124,69,20260914,-0.11132761571086865
Run1_20201118,Run2_20201124,70,20260914,-0.054016792678592176
Run1_20201118,Run2_20201124,71,20260914,-0.04607786718194541
Run1_20201118,Run2_20201124,72,20260914,-0.0546220063672421
Run1_20201118,Run2_20201124,73,20260914,-0.027035019790462987
Run1_20201118,Run2_20201124,74,20260914,0.1030333514958008
Run1_20201118,Run2_20201124,75,20260914,0.01295313270825418
Run1_20201118,Run2_20201124,76,20260914,-0.05637552229704937
Run1_20201118,Run2_20201124,77,20260914,0.01562684724158856
Run1_20201118,Run2_20201124,78,20260914,-0.011968208751987695
Run1_20201118,Run2_20201124,79,20260914,-0.0383202431204739
Run1_20201118,Run2_20201124,80,20260914,-0.05010256633901842
Run1_20201118,Run2_20201124,81,20260914,-0.06556752162688309
Run1_20201118,Run2_20201124,82,20260914,-0.073303780428248
Run1_20201118,Run2_20201124,83,20260914,0.14149220103921406
Run1_20201118,Run2_20201124,84,20260914,-0.036281694911259016
Run1_20201118,Run2_20201124,85,20260914,-0.006374515114778907
Run1_20201118,Run2_20201124,86,20260914,-0.05571505318757441
Run1_20201118,Run2_20201124,87,20260914,-0.025820932070218672
Run1_20201118,Run2_20201124,88,20260914,-0.07716408906330796
Run1_20201118,Run2_20201124,89,20260914,0.16841371446995002
Run1_20201118,Run2_20201124,90,20260914,0.06439646676927796
Run1_20201118,Run2_20201124,91,20260914,-0.043134473440434404
Run1_20201118,Run2_20201124,92,20260914,-0.021863283230002157
Run1_20201118,Run2_20201124,93,20260914,-0.07742743409438607
Run1_20201118,Run2_20201124,94,20260914,0.01451008185506506
Run1_20201118,Run2_20201124,95,20260914,-0.05440170502034453
Run1_20201118,Run2_20201124,96,20260914,-0.02361744275891965
Run1_20201118,Run2_20201124,97,20260914,-0.05079620077387613
Run1_20201118,Run2_20201124,98,20260914,0.07716871793726464
Run1_20201118,Run2_20201124,99,20260914,0.15865438866031953
Run1_20201118,Run2_20201124,100,20260914,0.2656407771492766
Run1_20201118,Run2_20201124,101,20260914,0.08795600895759258
Run1_20201118,Run2_20201124,102,20260914,0.0016339965927508644
Run1_20201118,Run2_20201124,103,20260914,0.1776148994663991
Run1_20201118,Run2_20201124,104,20260914,-0.058782475782454956
Run1_20201118,Run2_20201124,105,20260914,-0.056564640625455555
Run1_20201118,Run2_20201124,106,20260914,-0.06998242053383874
Run1_20201118,Run2_20201124,107,20260914,-0.004566256361789831
Run1_20201118,Run2_20201124,108,20260914,-0.0401840772444743
Run1_20201118,Run2_20201124,109,20260914,-0.06368002497188331
Run1_20201118,Run2_20201124,110,20260914,-0.058709838735465515
Run1_20201118,Run2_20201124,111,20260914,0.012322223687301747
Run1_20201118,Run2_20201124,112,20260914,-0.0019380258885762112
Run1_20201118,Run2_20201124,113,20260914,-0.047351910227759725
Run1_20201118,Run2_20201124,114,20260914,0.03904302149198763
Run1_20201118,Run2_20201124,115,20260914,-0.04196723394281035
Run1_20201118,Run2_20201124,116,20260914,0.1165569367700459
Run1_20201118,Run2_20201124,117,20260914,0.052934158293281915
Run1_20201118,Run2_20201124,118,20260914,0.04225466885363191
Run1_20201118,Run2_20201124,119,20260914,-0.07843141900281748
Run1_20201118,Run2_20201124,120,20260914,-0.0268572696798712
Run1_20201118,Run2_20201124,121,20260914,-0.06798333301826869
Run1_20201118,Run2_20201124,122,20260914,-0.05419602599071081
Run1_20201118,Run2_20201124,123,20260914,0.016940949594334755
Run1_20201118,Run2_20201124,124,20260914,0.01116749161189742
Run1_20201118,Run2_20201124,125,20260914,0.055874927595305074
Run1_20201118,Run2_20201124,126,20260914,0.006335259364886
Run1_20201118,Run2_20201124,127,20260914,0.09253825803558778
Run1_20201118,Run2_20201124,128,20260914,-0.03984924199034477
Run1_20201118,Run2_20201124,129,20260914,-0.028415770959897092
Run1_20201118,Run2_20201124,130,20260914,-0.07635820919836012
Run1_20201118,Run2_20201124,131,20260914,0.001098849640400198
Run1_20201118,Run2_20201124,132,20260914,0.04005532582342044
Run1_20201118,Run2_20201124,133,20260914,0.03143986019408141
Run1_20201118,Run2_20201124,134,20260914,0.00018942879703206226
Run1_20201118,Run2_20201124,135,20260914,-0.07391202246958715
Run1_20201118,Run2_20201124,136,20260914,0.020385618055405248
Run1_20201118,Run2_20201124,137,20260914,-0.038419870153360174
Run1_20201118,Run2_20201124,138,20260914,-0.03786687908254614
Run1_20201118,Run2_20201124,139,20260914,0.005357074335525396
Run1_20201118,Run2_20201124,140,20260914,0.01863402333497655
Run1_20201118,Run2_20201124,141,20260914,-0.06515543698532751
Run1_20201118,Run2_20201124,142,20260914,0.18124088072105915
Run1_20201118,Run2_20201124,143,20260914,-0.06412244253635514
Run1_20201118,Run2_20201124,144,20260914,0.04670624919512226
Run1_20201118,Run2_20201124,145,20260914,-0.03728153676748991
Run1_20201118,Run2_20201124,146,20260914,0.025268669769350993
Run1_20201118,Run2_20201124,147,20260914,-0.05179928001531745
Run1_20201118,Run2_20201124,148,20260914,-0.023061353766378523
Run1_20201118,Run2_20201124,149,20260914,0.01939563359970741
Run1_20201118,Run2_20201124,150,20260914,0.026770474455689027
Run1_20201118,Run2_20201124,151,20260914,-0.04575736527595229
Run1_20201118,Run2_20201124,152,20260914,0.08987184953734181
Run1_20201118,Run2_20201124,153,20260914,-0.012787858857798864
Run1_20201118,Run2_20201124,154,20260914,-0.003841263823111212
Run1_20201118,Run2_20201124,155,20260914,0.06276337479959608
Run1_20201118,Run2_20201124,156,20260914,0.04212582339226472
Run1_20201118,Run2_20201124,157,20260914,-0.04577646865642081
Run1_20201118,Run2_20201124,158,20260914,0.07018838724518693
Run1_20201118,Run2_20201124,159,20260914,0.023636892691162766
Run1_20201118,Run2_20201124,160,20260914,0.08682384088330428
Run1_20201118,Run2_20201124,161,20260914,0.07912942433966323
Run1_20201118,Run2_20201124,162,20260914,-0.0047492758329522764
Run1_20201118,Run2_20201124,163,20260914,0.09923858847267003
Run1_20201118,Run2_20201124,164,20260914,-0.04401702920681622
Run1_20201118,Run2_20201124,165,20260914,-0.05901801110044004
Run1_20201118,Run2_20201124,166,20260914,0.09044930788517343
Run1_20201118,Run2_20201124,167,20260914,-0.017681604504932162
Run1_20201118,Run2_20201124,168,20260914,0.03134302976838884
Run1_20201118,Run2_20201124,169,20260914,0.014687425799967426
Run1_20201118,Run2_20201124,170,20260914,0.06380034789362567
Run1_20201118,Run2_20201124,171,20260914,0.038368489105066225
Run1_20201118,Run2_20201124,172,20260914,0.21042304366045475
Run1_20201118,Run2_20201124,173,20260914,-0.02763176936801485
Run1_20201118,Run2_20201124,174,20260914,0.04167908569839271
Run1_20201118,Run2_20201124,175,20260914,-0.018014911038555372
Run1_20201118,Run2_20201124,176,20260914,-0.010596653790011517
Run1_20201118,Run2_20201124,177,20260914,-0.012380322672561932
Run1_20201118,Run2_20201124,178,20260914,0.028245858636290273
Run1_20201118,Run2_20201124,179,20260914,-0.05364079532810414
Run1_20201118,Run2_20201124,180,20260914,0.2817024824168774
Run1_20201118,Run2_20201124,181,20260914,0.012061845396659885
Run1_20201118,Run2_20201124,182,20260914,-0.06266036343716538
Run1_20201118,Run2_20201124,183,20260914,0.0097478261912504
Run1_20201118,Run2_20201124,184,20260914,-0.07753448754583964
Run1_20201118,Run2_20201124,185,20260914,-0.033645874579662303
Run1_20201118,Run2_20201124,186,20260914,-0.033999077202472666
Run1_20201118,Run2_20201124,187,20260914,-0.07484624665912823
Run1_20201118,Run2_20201124,188,20260914,-0.035442209681065776
Run1_20201118,Run2_20201124,189,20260914,0.19668283207368212
Run1_20201118,Run2_20201124,190,20260914,-0.05904152233561611
Run1_20201118,Run2_20201124,191,20260914,-0.030543157157020884
Run1_20201118,Run2_20201124,192,20260914,-0.018128794935889286
Run1_20201118,Run2_20201124,193,20260914,-0.007048548412402326
Run1_20201118,Run2_20201124,194,20260914,-0.03165019941956025
Run1_20201118,Run2_20201124,195,20260914,-0.0282884138258037
Run1_20201118,Run2_20201124,196,20260914,-0.02210123246620271
Run1_20201118,Run2_20201124,197,20260914,-0.007745919866279535
Run1_20201118,Run2_20201124,198,20260914,0.0583608074964482
Run1_20201118,Run2_20201124,199,20260914,-0.023306715118708587
Run1_20201119,Run1_20201124,0,20260914,0.04978324611783592
Run1_20201119,Run1_20201124,1,20260914,-0.03788067808371279
Run1_20201119,Run1_20201124,2,20260914,0.042197028036078714
Run1_20201119,Run1_20201124,3,20260914,0.01621460520614669
Run1_20201119,Run1_20201124,4,20260914,-0.05179726403635468
Run1_20201119,Run1_20201124,5,20260914,-0.04183266025714715
Run1_20201119,Run1_20201124,6,20260914,0.031122433785832376
Run1_20201119,Run1_20201124,7,20260914,-0.016034349384948052
Run1_20201119,Run1_20201124,8,20260914,0.18499640565263817
Run1_20201119,Run1_20201124,9,20260914,0.01183412817543029
Run1_20201119,Run1_20201124,10,20260914,-0.0012001580287481909
Run1_20201119,Run1_20201124,11,20260914,-0.023305136741232337
Run1_20201119,Run1_20201124,12,20260914,0.03323284181997031
Run1_20201119,Run1_20201124,13,20260914,0.02894232635035567
Run1_20201119,Run1_20201124,14,20260914,0.09907000398974754
Run1_20201119,Run1_20201124,15,20260914,-0.0032087379777065448
Run1_20201119,Run1_20201124,16,20260914,0.07874556859370001
Run1_20201119,Run1_20201124,17,20260914,0.13144375609417222
Run1_20201119,Run1_20201124,18,20260914,-0.011314562364012945
Run1_20201119,Run1_20201124,19,20260914,0.005488931259650111
Run1_20201119,Run1_20201124,20,20260914,0.007769366105525996
Run1_20201119,Run1_20201124,21,20260914,0.015474460182462499
Run1_20201119,Run1_20201124,22,20260914,0.07255018942374765
Run1_20201119,Run1_20201124,23,20260914,-0.008303778975748934
Run1_20201119,Run1_20201124,24,20260914,-0.015598728034447534
Run1_20201119,Run1_20201124,25,20260914,-0.004111766229913368
Run1_20201119,Run1_20201124,26,20260914,0.006845596118337062
Run1_20201119,Run1_20201124,27,20260914,-0.018685001761748744
Run1_20201119,Run1_20201124,28,20260914,0.03657194629105747
Run1_20201119,Run1_20201124,29,20260914,0.022743431128243688
Run1_20201119,Run1_20201124,30,20260914,0.03405870376535442
Run1_20201119,Run1_20201124,31,20260914,0.032347908325361455
Run1_20201119,Run1_20201124,32,20260914,-0.018012049101869144
Run1_20201119,Run1_20201124,33,20260914,0.03346908909783673
Run1_20201119,Run1_20201124,34,20260914,0.03809106085504448
Run1_20201119,Run1_20201124,35,20260914,-0.01989612131759305
Run1_20201119,Run1_20201124,36,20260914,0.027914630322869345
Run1_20201119,Run1_20201124,37,20260914,0.016872426531905987
Run1_20201119,Run1_20201124,38,20260914,0.022727542964009383
Run1_20201119,Run1_20201124,39,20260914,-0.04344523841283031
Run1_20201119,Run1_20201124,40,20260914,-0.0011904176459496421
Run1_20201119,Run1_20201124,41,20260914,0.09541642505002888
Run1_20201119,Run1_20201124,42,20260914,0.044008463062909335
Run1_20201119,Run1_20201124,43,20260914,-0.044026322044043414
Run1_20201119,Run1_20201124,44,20260914,-0.01126989320917968
Run1_20201119,Run1_20201124,45,20260914,0.04843589847249911
Run1_20201119,Run1_20201124,46,20260914,-0.011645585309399537
Run1_20201119,Run1_20201124,47,20260914,0.04960777636986226
Run1_20201119,Run1_20201124,48,20260914,-0.04383835396753074
Run1_20201119,Run1_20201124,49,20260914,-0.014801746463018252
Run1_20201119,Run1_20201124,50,20260914,0.02218881368972539
Run1_20201119,Run1_20201124,51,20260914,-0.011240691288705251
Run1_20201119,Run1_20201124,52,20260914,0.03384514471241137
Run1_20201119,Run1_20201124,53,20260914,0.14748935503379093
Run1_20201119,Run1_20201124,54,20260914,0.10564482479494718
Run1_20201119,Run1_20201124,55,20260914,-0.013687610646360404
Run1_20201119,Run1_20201124,56,20260914,0.09369340637495709
Run1_20201119,Run1_20201124,57,20260914,-0.02274958977127207
Run1_20201119,Run1_20201124,58,20260914,0.01390035452706832
Run1_20201119,Run1_20201124,59,20260914,-0.01600631464414091
Run1_20201119,Run1_20201124,60,20260914,0.033990641600465374
Run1_20201119,Run1_20201124,61,20260914,0.014131581527805005
Run1_20201119,Run1_20201124,62,20260914,-0.03772680085585504
Run1_20201119,Run1_20201124,63,20260914,-0.027479686180811525
Run1_20201119,Run1_20201124,64,20260914,-0.013572596136910654
Run1_20201119,Run1_20201124,65,20260914,-0.04172716645414726
Run1_20201119,Run1_20201124,66,20260914,0.042021702644959955
Run1_20201119,Run1_20201124,67,20260914,0.004464603695631881
Run1_20201119,Run1_20201124,68,20260914,0.006152737712473071
Run1_20201119,Run1_20201124,69,20260914,0.017088010909486903
Run1_20201119,Run1_20201124,70,20260914,0.04487767991098584
Run1_20201119,Run1_20201124,71,20260914,0.0029281596812890916
Run1_20201119,Run1_20201124,72,20260914,-0.045693927661301
Run1_20201119,Run1_20201124,73,20260914,0.05203012353259059
Run1_20201119,Run1_20201124,74,20260914,0.0667404263737299
Run1_20201119,Run1_20201124,75,20260914,0.03972163835680541
Run1_20201119,Run1_20201124,76,20260914,-0.03850509254558494
Run1_20201119,Run1_20201124,77,20260914,0.13187387290138916
Run1_20201119,Run1_20201124,78,20260914,0.01721574538334691
Run1_20201119,Run1_20201124,79,20260914,0.059842098976946756
Run1_20201119,Run1_20201124,80,20260914,-0.017502039920228005
Run1_20201119,Run1_20201124,81,20260914,0.06356540531743396
Run1_20201119,Run1_20201124,82,20260914,0.04066599262969995
Run1_20201119,Run1_20201124,83,20260914,-0.04334192642221375
Run1_20201119,Run1_20201124,84,20260914,-0.054358105831190634
Run1_20201119,Run1_20201124,85,20260914,0.0003345187685453972
Run1_20201119,Run1_20201124,86,20260914,-0.04353673155510456
Run1_20201119,Run1_20201124,87,20260914,0.011842304958482448
Run1_20201119,Run1_20201124,88,20260914,0.020319194461398578
Run1_20201119,Run1_20201124,89,20260914,0.017412466079179487
Run1_20201119,Run1_20201124,90,20260914,-0.030086438841051475
Run1_20201119,Run1_20201124,91,20260914,-0.011499717366364489
Run1_20201119,Run1_20201124,92,20260914,0.03097035518029264
Run1_20201119,Run1_20201124,93,20260914,0.08041221781100123
Run1_20201119,Run1_20201124,94,20260914,-0.012704827577721229
Run1_20201119,Run1_20201124,95,20260914,0.04468248820764927
Run1_20201119,Run1_20201124,96,20260914,0.017460908112954875
Run1_20201119,Run1_20201124,97,20260914,0.013113589414964143
Run1_20201119,Run1_20201124,98,20260914,-0.015243921592605148
Run1_20201119,Run1_20201124,99,20260914,0.005037022505970494
Run1_20201119,Run1_20201124,100,20260914,-0.010534029904065443
Run1_20201119,Run1_20201124,101,20260914,0.0498666391098541
Run1_20201119,Run1_20201124,102,20260914,-0.03441721874231235
Run1_20201119,Run1_20201124,103,20260914,0.09940399889034414
Run1_20201119,Run1_20201124,104,20260914,0.0011294388507716983
Run1_20201119,Run1_20201124,105,20260914,-0.023183158416915123
Run1_20201119,Run1_20201124,106,20260914,-0.033021021478560696
Run1_20201119,Run1_20201124,107,20260914,0.016480174325379408
Run1_20201119,Run1_20201124,108,20260914,-0.013528555460067806
Run1_20201119,Run1_20201124,109,20260914,-0.03386736281489697
Run1_20201119,Run1_20201124,110,20260914,-0.03343664834788629
Run1_20201119,Run1_20201124,111,20260914,0.2592157746060839
Run1_20201119,Run1_20201124,112,20260914,0.06627035170545455
Run1_20201119,Run1_20201124,113,20260914,-0.024052792111946424
Run1_20201119,Run1_20201124,114,20260914,0.016466363578605793
Run1_20201119,Run1_20201124,115,20260914,0.034211184324780736
Run1_20201119,Run1_20201124,116,20260914,0.14599770203200624
Run1_20201119,Run1_20201124,117,20260914,0.0950455940799693
Run1_20201119,Run1_20201124,118,20260914,-0.022072621990913522
Run1_20201119,Run1_20201124,119,20260914,-0.03772230502572643
Run1_20201119,Run1_20201124,120,20260914,-0.01593678010788834
Run1_20201119,Run1_20201124,121,20260914,-0.04576770696111426
Run1_20201119,Run1_20201124,122,20260914,-0.030302554879154533
Run1_20201119,Run1_20201124,123,20260914,-0.02903751290330174
Run1_20201119,Run1_20201124,124,20260914,-0.039579850430829025
Run1_20201119,Run1_20201124,125,20260914,0.052322627849118244
Run1_20201119,Run1_20201124,126,20260914,0.019883877733602503
Run1_20201119,Run1_20201124,127,20260914,0.08136720979050309
Run1_20201119,Run1_20201124,128,20260914,-0.021322957833837836
Run1_20201119,Run1_20201124,129,20260914,-0.02802527727450548
Run1_20201119,Run1_20201124,130,20260914,0.0021418777458424767
Run1_20201119,Run1_20201124,131,20260914,0.07941558092484471
Run1_20201119,Run1_20201124,132,20260914,0.05318188570292884
Run1_20201119,Run1_20201124,133,20260914,-0.03205618109478813
Run1_20201119,Run1_20201124,134,20260914,-0.031076948031240382
Run1_20201119,Run1_20201124,135,20260914,-0.03809033960755254
Run1_20201119,Run1_20201124,136,20260914,-0.04612960709525896
Run1_20201119,Run1_20201124,137,20260914,-0.02937652129995043
Run1_20201119,Run1_20201124,138,20260914,0.003182157153833533
Run1_20201119,Run1_20201124,139,20260914,0.014814080929927703
Run1_20201119,Run1_20201124,140,20260914,-0.02603071148680233
Run1_20201119,Run1_20201124,141,20260914,0.15236498674428683
Run1_20201119,Run1_20201124,142,20260914,-0.03640357093555473
Run1_20201119,Run1_20201124,143,20260914,0.01365712330287571
Run1_20201119,Run1_20201124,144,20260914,0.14230147341127797
Run1_20201119,Run1_20201124,145,20260914,-0.04260354066221225
Run1_20201119,Run1_20201124,146,20260914,0.020927129994646746
Run1_20201119,Run1_20201124,147,20260914,0.18468744001290985
Run1_20201119,Run1_20201124,148,20260914,0.04698595185961453
Run1_20201119,Run1_20201124,149,20260914,-0.048914662411735976
Run1_20201119,Run1_20201124,150,20260914,0.11285207129267011
Run1_20201119,Run1_20201124,151,20260914,-0.013255855251741768
Run1_20201119,Run1_20201124,152,20260914,0.0401563991149151
Run1_20201119,Run1_20201124,153,20260914,-0.047381074006260654
Run1_20201119,Run1_20201124,154,20260914,0.019405961560039396
Run1_20201119,Run1_20201124,155,20260914,0.16838405680173105
Run1_20201119,Run1_20201124,156,20260914,0.01060008706188312
Run1_20201119,Run1_20201124,157,20260914,0.2441457754147907
Run1_20201119,Run1_20201124,158,20260914,0.02856400243568302
Run1_20201119,Run1_20201124,159,20260914,-0.028087920576412934
Run1_20201119,Run1_20201124,160,20260914,0.036048716274240944
Run1_20201119,Run1_20201124,161,20260914,-0.02370058691588448
Run1_20201119,Run1_20201124,162,20260914,0.0246295888854095
Run1_20201119,Run1_20201124,163,20260914,0.1525020285520153
Run1_20201119,Run1_20201124,164,20260914,0.030727943964325242
Run1_20201119,Run1_20201124,165,20260914,0.11637878452777538
Run1_20201119,Run1_20201124,166,20260914,0.029983073367465397
Run1_20201119,Run1_20201124,167,20260914,0.006216840506586951
Run1_20201119,Run1_20201124,168,20260914,-0.03151111361434226
Run1_20201119,Run1_20201124,169,20260914,0.03997134170170252
Run1_20201119,Run1_20201124,170,20260914,-0.024890930384743683
Run1_20201119,Run1_20201124,171,20260914,0.0328454726714014
Run1_20201119,Run1_20201124,172,20260914,-0.049228868609889585
Run1_20201119,Run1_20201124,173,20260914,0.0336843621907767
Run1_20201119,Run1_20201124,174,20260914,0.09466185372246293
Run1_20201119,Run1_20201124,175,20260914,-0.01971110545438568
Run1_20201119,Run1_20201124,176,20260914,0.02803733058316291
Run1_20201119,Run1_20201124,177,20260914,-0.009624509266489936
Run1_20201119,Run1_20201124,178,20260914,-0.037427258211584116
Run1_20201119,Run1_20201124,179,20260914,0.04285093495456317
Run1_20201119,Run1_20201124,180,20260914,0.2227465695416111
Run1_20201119,Run1_20201124,181,20260914,0.01090881189312288
Run1_20201119,Run1_20201124,182,20260914,-0.045688359038173074
Run1_20201119,Run1_20201124,183,20260914,0.00795730080066693
Run1_20201119,Run1_20201124,184,20260914,-0.027607092625111313
Run1_20201119,Run1_20201124,185,20260914,-0.012682446633513002
Run1_20201119,Run1_20201124,186,20260914,0.05781946561138678
Run1_20201119,Run1_20201124,187,20260914,-0.03437542515326009
Run1_20201119,Run1_20201124,188,20260914,-0.017788770439482876
Run1_20201119,Run1_20201124,189,20260914,0.09499326911549526
Run1_20201119,Run1_20201124,190,20260914,-0.024227166333499715
Run1_20201119,Run1_20201124,191,20260914,-0.011590366633088354
Run1_20201119,Run1_20201124,192,20260914,-0.021173817546916242
Run1_20201119,Run1_20201124,193,20260914,0.05966421452161493
Run1_20201119,Run1_20201124,194,20260914,0.012685606281610624
Run1_20201119,Run1_20201124,195,20260914,-0.014581482225134727
Run1_20201119,Run1_20201124,196,20260914,0.013696849895699754
Run1_20201119,Run1_20201124,197,20260914,0.002809729171688451
Run1_20201119,Run1_20201124,198,20260914,0.03577217626248115
Run1_20201119,Run1_20201124,199,20260914,-0.02186808739474476
Run1_20201119,Run2_20201124,0,20260914,-0.07242250300077598
Run1_20201119,Run2_20201124,1,20260914,-0.01740542284935066
Run1_20201119,Run2_20201124,2,20260914,-0.03318934074083099
Run1_20201119,Run2_20201124,3,20260914,-0.0448311606352791
Run1_20201119,Run2_20201124,4,20260914,-0.052444955568880305
Run1_20201119,Run2_20201124,5,20260914,-0.039326612186903795
Run1_20201119,Run2_20201124,6,20260914,0.012333543807465085
Run1_20201119,Run2_20201124,7,20260914,-0.029059806103709254
Run1_20201119,Run2_20201124,8,20260914,0.07854137516138275
Run1_20201119,Run2_20201124,9,20260914,-0.03552717338923908
Run1_20201119,Run2_20201124,10,20260914,0.004770183706894567
Run1_20201119,Run2_20201124,11,20260914,-0.03075039019384409
Run1_20201119,Run2_20201124,12,20260914,0.05610252275841486
Run1_20201119,Run2_20201124,13,20260914,-0.011890901558740452
Run1_20201119,Run2_20201124,14,20260914,0.001332776036375697
Run1_20201119,Run2_20201124,15,20260914,0.05332107505339362
Run1_20201119,Run2_20201124,16,20260914,-0.0027230504964842472
Run1_20201119,Run2_20201124,17,20260914,0.025335204361654276
Run1_20201119,Run2_20201124,18,20260914,0.008426825210813593
Run1_20201119,Run2_20201124,19,20260914,-0.029998541999479295
Run1_20201119,Run2_20201124,20,20260914,-0.019717040237453794
Run1_20201119,Run2_20201124,21,20260914,-0.016233756037982962
Run1_20201119,Run2_20201124,22,20260914,0.026646483422907066
Run1_20201119,Run2_20201124,23,20260914,0.0379573443514623
Run1_20201119,Run2_20201124,24,20260914,-0.022207870710057163
Run1_20201119,Run2_20201124,25,20260914,0.03513560693504549
Run1_20201119,Run2_20201124,26,20260914,0.05969483207863282
Run1_20201119,Run2_20201124,27,20260914,0.047818868493583924
Run1_20201119,Run2_20201124,28,20260914,0.01088656671729121
Run1_20201119,Run2_20201124,29,20260914,0.17327858571650134
Run1_20201119,Run2_20201124,30,20260914,-0.013857153434014339
Run1_20201119,Run2_20201124,31,20260914,0.017883172846852032
Run1_20201119,Run2_20201124,32,20260914,0.08455188810199817
Run1_20201119,Run2_20201124,33,20260914,-0.023640170380449396
Run1_20201119,Run2_20201124,34,20260914,-0.06051308709837074
Run1_20201119,Run2_20201124,35,20260914,0.030172970755670082
Run1_20201119,Run2_20201124,36,20260914,-0.03240399747927067
Run1_20201119,Run2_20201124,37,20260914,0.19088268956067914
Run1_20201119,Run2_20201124,38,20260914,0.030940539882951354
Run1_20201119,Run2_20201124,39,20260914,-0.0004695779919695826
Run1_20201119,Run2_20201124,40,20260914,-0.013782948647694544
Run1_20201119,Run2_20201124,41,20260914,0.11155894765178838
Run1_20201119,Run2_20201124,42,20260914,-0.035625857923314554
Run1_20201119,Run2_20201124,43,20260914,0.02716737765355328
Run1_20201119,Run2_20201124,44,20260914,-0.02293778381145111
Run1_20201119,Run2_20201124,45,20260914,-0.05895088823510363
Run1_20201119,Run2_20201124,46,20260914,-0.028112468906463718
Run1_20201119,Run2_20201124,47,20260914,-0.005952658183333592
Run1_20201119,Run2_20201124,48,20260914,0.08932781588534963
Run1_20201119,Run2_20201124,49,20260914,0.004730086465292808
Run1_20201119,Run2_20201124,50,20260914,-0.043275506158521646
Run1_20201119,Run2_20201124,51,20260914,-0.003969825096876361
Run1_20201119,Run2_20201124,52,20260914,-0.0024451169284910148
Run1_20201119,Run2_20201124,53,20260914,0.06745894390646191
Run1_20201119,Run2_20201124,54,20260914,0.03833802183773242
Run1_20201119,Run2_20201124,55,20260914,0.006828022676451397
Run1_20201119,Run2_20201124,56,20260914,-0.015803561337270455
Run1_20201119,Run2_20201124,57,20260914,0.018446612669522897
Run1_20201119,Run2_20201124,58,20260914,-0.02027971388756321
Run1_20201119,Run2_20201124,59,20260914,-0.013324001450340744
Run1_20201119,Run2_20201124,60,20260914,0.0028923334424708056
Run1_20201119,Run2_20201124,61,20260914,-0.003958841699405446
Run1_20201119,Run2_20201124,62,20260914,0.02230198053956375
Run1_20201119,Run2_20201124,63,20260914,-0.027412443577651747
Run1_20201119,Run2_20201124,64,20260914,-0.013115246193379919
Run1_20201119,Run2_20201124,65,20260914,-0.052475515135365615
Run1_20201119,Run2_20201124,66,20260914,0.009827822765226153
Run1_20201119,Run2_20201124,67,20260914,0.022089847997282263
Run1_20201119,Run2_20201124,68,20260914,0.010971257950501379
Run1_20201119,Run2_20201124,69,20260914,0.03986248488516702
Run1_20201119,Run2_20201124,70,20260914,0.045723257755194674
Run1_20201119,Run2_20201124,71,20260914,-0.013909456058956235
Run1_20201119,Run2_20201124,72,20260914,-0.03113260196409115
Run1_20201119,Run2_20201124,73,20260914,-0.007188470145557531
Run1_20201119,Run2_20201124,74,20260914,-0.04747958435630434
Run1_20201119,Run2_20201124,75,20260914,0.05776248265700973
Run1_20201119,Run2_20201124,76,20260914,-0.018493760639119755
Run1_20201119,Run2_20201124,77,20260914,-0.05571264303046731
Run1_20201119,Run2_20201124,78,20260914,-0.027770151553480126
Run1_20201119,Run2_20201124,79,20260914,0.038017435504905536
Run1_20201119,Run2_20201124,80,20260914,0.07430795976558041
Run1_20201119,Run2_20201124,81,20260914,0.006762147051990343
Run1_20201119,Run2_20201124,82,20260914,0.0005208968455105827
Run1_20201119,Run2_20201124,83,20260914,-0.0389153169728102
Run1_20201119,Run2_20201124,84,20260914,0.005151405842441904
Run1_20201119,Run2_20201124,85,20260914,0.02166616579680616
Run1_20201119,Run2_20201124,86,20260914,0.04716812606783391
Run1_20201119,Run2_20201124,87,20260914,0.06577574081994325
Run1_20201119,Run2_20201124,88,20260914,0.08800318807667568
Run1_20201119,Run2_20201124,89,20260914,-0.025960652324301357
Run1_20201119,Run2_20201124,90,20260914,0.06335835099385086
Run1_20201119,Run2_20201124,91,20260914,0.02062751362196799
Run1_20201119,Run2_20201124,92,20260914,0.008747189883069625
Run1_20201119,Run2_20201124,93,20260914,-0.0025717365737848914
Run1_20201119,Run2_20201124,94,20260914,-0.024049493234194048
Run1_20201119,Run2_20201124,95,20260914,0.0625022395205129
Run1_20201119,Run2_20201124,96,20260914,0.021033952107301548
Run1_20201119,Run2_20201124,97,20260914,-0.02606445171533588
Run1_20201119,Run2_20201124,98,20260914,-0.044399100358350124
Run1_20201119,Run2_20201124,99,20260914,0.056731447121341205
Run1_20201119,Run2_20201124,100,20260914,-0.06333065214409388
Run1_20201119,Run2_20201124,101,20260914,-0.03334465201349577
Run1_20201119,Run2_20201124,102,20260914,-0.012154944888530918
Run1_20201119,Run2_20201124,103,20260914,0.0697149855007214
Run1_20201119,Run2_20201124,104,20260914,-0.02592817929414844
Run1_20201119,Run2_20201124,105,20260914,0.049484804575075536
Run1_20201119,Run2_20201124,106,20260914,0.07092239271091226
Run1_20201119,Run2_20201124,107,20260914,-0.02670580651767584
Run1_20201119,Run2_20201124,108,20260914,-0.01079914808046851
Run1_20201119,Run2_20201124,109,20260914,0.03473121608910548
Run1_20201119,Run2_20201124,110,20260914,0.039983827633379154
Run1_20201119,Run2_20201124,111,20260914,0.05096512255346295
Run1_20201119,Run2_20201124,112,20260914,0.04133367560634626
Run1_20201119,Run2_20201124,113,20260914,0.03913167414269991
Run1_20201119,Run2_20201124,114,20260914,-0.03246145041078429
Run1_20201119,Run2_20201124,115,20260914,0.03300652102058781
Run1_20201119,Run2_20201124,116,20260914,-0.07108836473091613
Run1_20201119,Run2_20201124,117,20260914,-0.00930685644177817
Run1_20201119,Run2_20201124,118,20260914,0.016827325788112326
Run1_20201119,Run2_20201124,119,20260914,0.04209920765100742
Run1_20201119,Run2_20201124,120,20260914,-0.016190187404095627
Run1_20201119,Run2_20201124,121,20260914,0.05689293988857015
Run1_20201119,Run2_20201124,122,20260914,0.018518350443045187
Run1_20201119,Run2_20201124,123,20260914,0.03312034213515178
Run1_20201119,Run2_20201124,124,20260914,0.015850338395149714
Run1_20201119,Run2_20201124,125,20260914,0.0038266203509074123
Run1_20201119,Run2_20201124,126,20260914,-0.01608070022708495
Run1_20201119,Run2_20201124,127,20260914,0.017489564506050194
Run1_20201119,Run2_20201124,128,20260914,-0.04027683695990662
Run1_20201119,Run2_20201124,129,20260914,-0.026422840386686835
Run1_20201119,Run2_20201124,130,20260914,0.005772470528435652
Run1_20201119,Run2_20201124,131,20260914,-0.010525204819091853
Run1_20201119,Run2_20201124,132,20260914,0.012679850236397384
Run1_20201119,Run2_20201124,133,20260914,-0.03404027936984127
Run1_20201119,Run2_20201124,134,20260914,0.02283301086219696
Run1_20201119,Run2_20201124,135,20260914,0.04442757619008266
Run1_20201119,Run2_20201124,136,20260914,0.05028673685377124
Run1_20201119,Run2_20201124,137,20260914,-0.03905565648114965
Run1_20201119,Run2_20201124,138,20260914,0.007250610497875529
Run1_20201119,Run2_20201124,139,20260914,0.038737908232226906
Run1_20201119,Run2_20201124,140,20260914,0.13691489619135364
Run1_20201119,Run2_20201124,141,20260914,0.04039092423852373
Run1_20201119,Run2_20201124,142,20260914,0.36504185408153256
Run1_20201119,Run2_20201124,143,20260914,0.0468264822605924
Run1_20201119,Run2_20201124,144,20260914,0.031018855239514618
Run1_20201119,Run2_20201124,145,20260914,0.05915441412064823
Run1_20201119,Run2_20201124,146,20260914,0.01370781885175691
Run1_20201119,Run2_20201124,147,20260914,-0.049706893748669836
Run1_20201119,Run2_20201124,148,20260914,-0.0220042843045958
Run1_20201119,Run2_20201124,149,20260914,0.007612583389216468
Run1_20201119,Run2_20201124,150,20260914,0.10044136947013971
Run1_20201119,Run2_20201124,151,20260914,-0.0473065627249375
Run1_20201119,Run2_20201124,152,20260914,0.031260916475144146
Run1_20201119,Run2_20201124,153,20260914,0.06066772977847696
Run1_20201119,Run2_20201124,154,20260914,0.1281049484938129
Run1_20201119,Run2_20201124,155,20260914,-0.020323116217296617
Run1_20201119,Run2_20201124,156,20260914,0.09128265475806915
Run1_20201119,Run2_20201124,157,20260914,-0.05867482583375416
Run1_20201119,Run2_20201124,158,20260914,0.27631876107145703
Run1_20201119,Run2_20201124,159,20260914,0.04899450402891661
Run1_20201119,Run2_20201124,160,20260914,-0.027027978684555927
Run1_20201119,Run2_20201124,161,20260914,0.0139996050853498
Run1_20201119,Run2_20201124,162,20260914,-0.05870036415160276
Run1_20201119,Run2_20201124,163,20260914,0.22192384614237246
Run1_20201119,Run2_20201124,164,20260914,-0.008312773069316099
Run1_20201119,Run2_20201124,165,20260914,0.031135539979967174
Run1_20201119,Run2_20201124,166,20260914,0.05196029538507879
Run1_20201119,Run2_20201124,167,20260914,0.035197818220809536
Run1_20201119,Run2_20201124,168,20260914,-0.018882040548268732
Run1_20201119,Run2_20201124,169,20260914,0.024181946186685392
Run1_20201119,Run2_20201124,170,20260914,0.0025452495357063997
Run1_20201119,Run2_20201124,171,20260914,0.010418359469779216
Run1_20201119,Run2_20201124,172,20260914,0.10594719634179113
Run1_20201119,Run2_20201124,173,20260914,-0.019702993145834034
Run1_20201119,Run2_20201124,174,20260914,-0.018840169565929724
Run1_20201119,Run2_20201124,175,20260914,-0.012067828451584888
Run1_20201119,Run2_20201124,176,20260914,0.05595967271558064
Run1_20201119,Run2_20201124,177,20260914,-0.02000175276215669
Run1_20201119,Run2_20201124,178,20260914,0.04668062988802148
Run1_20201119,Run2_20201124,179,20260914,0.003784420929328906
Run1_20201119,Run2_20201124,180,20260914,0.006710578582959357
Run1_20201119,Run2_20201124,181,20260914,-0.039456427493166066
Run1_20201119,Run2_20201124,182,20260914,0.18252849100122295
Run1_20201119,Run2_20201124,183,20260914,-0.020147053334661963
Run1_20201119,Run2_20201124,184,20260914,-0.03817527033573089
Run1_20201119,Run2_20201124,185,20260914,-0.027879758582674198
Run1_20201119,Run2_20201124,186,20260914,0.08923509436267024
Run1_20201119,Run2_20201124,187,20260914,0.1236783619210189
Run1_20201119,Run2_20201124,188,20260914,0.01291062652757069
Run1_20201119,Run2_20201124,189,20260914,0.08347946014682678
Run1_20201119,Run2_20201124,190,20260914,-0.006507526366836553
Run1_20201119,Run2_20201124,191,20260914,-0.001785930633882288
Run1_20201119,Run2_20201124,192,20260914,0.04675388889826426
Run1_20201119,Run2_20201124,193,20260914,0.002735618809230055
Run1_20201119,Run2_20201124,194,20260914,0.0020376442102740034
Run1_20201119,Run2_20201124,195,20260914,-0.027865016589988092
Run1_20201119,Run2_20201124,196,20260914,-0.004882286554405823
Run1_20201119,Run2_20201124,197,20260914,-0.05537499829892347
Run1_20201119,Run2_20201124,198,20260914,-0.04046731163550032
Run1_20201119,Run2_20201124,199,20260914,0.3133584704021901
Run1_20201124,Run2_20201124,0,20260914,0.06437764105772296
Run1_20201124,Run2_20201124,1,20260914,0.11608470497926197
Run1_20201124,Run2_20201124,2,20260914,-0.051731966708398205
Run1_20201124,Run2_20201124,3,20260914,0.16215459216908765
Run1_20201124,Run2_20201124,4,20260914,-4.1375614137851904e-05
Run1_20201124,Run2_20201124,5,20260914,0.05174149384596354
Run1_20201124,Run2_20201124,6,20260914,-0.039829585657554144
Run1_20201124,Run2_20201124,7,20260914,0.0048916174306265214
Run1_20201124,Run2_20201124,8,20260914,-0.006082356582700555
Run1_20201124,Run2_20201124,9,20260914,0.15556047842716408
Run1_20201124,Run2_20201124,10,20260914,0.019128582796790215
Run1_20201124,Run2_20201124,11,20260914,0.04359520401977308
Run1_20201124,Run2_20201124,12,20260914,0.012140542461384556
Run1_20201124,Run2_20201124,13,20260914,0.027395056167253875
Run1_20201124,Run2_20201124,14,20260914,-0.013445645769078784
Run1_20201124,Run2_20201124,15,20260914,0.2084921751196361
Run1_20201124,Run2_20201124,16,20260914,-0.037162723127121135
Run1_20201124,Run2_20201124,17,20260914,0.036352361074232425
Run1_20201124,Run2_20201124,18,20260914,-0.014421695075642687
Run1_20201124,Run2_20201124,19,20260914,0.021792810193878312
Run1_20201124,Run2_20201124,20,20260914,0.0242409646027847
Run1_20201124,Run2_20201124,21,20260914,-0.04937479323391617
Run1_20201124,Run2_20201124,22,20260914,0.046946186566287254
Run1_20201124,Run2_20201124,23,20260914,-0.046902971723320745
Run1_20201124,Run2_20201124,24,20260914,0.027594503887180738
Run1_20201124,Run2_20201124,25,20260914,0.16728748709798297
Run1_20201124,Run2_20201124,26,20260914,0.09568155482320316
Run1_20201124,Run2_20201124,27,20260914,0.31749928980995257
Run1_20201124,Run2_20201124,28,20260914,0.008671258075646
Run1_20201124,Run2_20201124,29,20260914,-0.021761847461876017
Run1_20201124,Run2_20201124,30,20260914,-0.024401801997181144
Run1_20201124,Run2_20201124,31,20260914,-0.05768898153289275
Run1_20201124,Run2_20201124,32,20260914,-0.030164320728616613
Run1_20201124,Run2_20201124,33,20260914,0.03920658667263918
Run1_20201124,Run2_20201124,34,20260914,-0.011314477968181053
Run1_20201124,Run2_20201124,35,20260914,0.051856492788783334
Run1_20201124,Run2_20201124,36,20260914,-0.0605863391568335
Run1_20201124,Run2_20201124,37,20260914,-0.04425274487338687
Run1_20201124,Run2_20201124,38,20260914,-0.03006424774610342
Run1_20201124,Run2_20201124,39,20260914,-0.05215632304633466
Run1_20201124,Run2_20201124,40,20260914,-0.008194973043676205
Run1_20201124,Run2_20201124,41,20260914,-0.04534833599099532
Run1_20201124,Run2_20201124,42,20260914,0.02060594336130071
Run1_20201124,Run2_20201124,43,20260914,0.12042084432013339
Run1_20201124,Run2_20201124,44,20260914,0.10694265432005097
Run1_20201124,Run2_20201124,45,20260914,0.07126301382144067
Run1_20201124,Run2_20201124,46,20260914,0.1427927032936892
Run1_20201124,Run2_20201124,47,20260914,0.09724808919271326
Run1_20201124,Run2_20201124,48,20260914,-0.04428375373949801
Run1_20201124,Run2_20201124,49,20260914,-0.018119268303035077
Run1_20201124,Run2_20201124,50,20260914,0.03486117184944847
Run1_20201124,Run2_20201124,51,20260914,0.27719203127063835
Run1_20201124,Run2_20201124,52,20260914,0.024043597673125007
Run1_20201124,Run2_20201124,53,20260914,0.14314417226389042
Run1_20201124,Run2_20201124,54,20260914,-0.0016946920506825912
Run1_20201124,Run2_20201124,55,20260914,-0.03227350830662257
Run1_20201124,Run2_20201124,56,20260914,0.03823786353534816
Run1_20201124,Run2_20201124,57,20260914,-0.03500802227866436
Run1_20201124,Run2_20201124,58,20260914,0.03964252360810805
Run1_20201124,Run2_20201124,59,20260914,0.007703951118949383
Run1_20201124,Run2_20201124,60,20260914,0.05555900295501161
Run1_20201124,Run2_20201124,61,20260914,-0.0055067181749641455
Run1_20201124,Run2_20201124,62,20260914,0.0024200100034809644
Run1_20201124,Run2_20201124,63,20260914,-0.043477921086497485
Run1_20201124,Run2_20201124,64,20260914,-0.03420543228288923
Run1_20201124,Run2_20201124,65,20260914,-0.033361636247201294
Run1_20201124,Run2_20201124,66,20260914,-0.01133946141825308
Run1_20201124,Run2_20201124,67,20260914,0.010255833584196395
Run1_20201124,Run2_20201124,68,20260914,0.05546512116770028
Run1_20201124,Run2_20201124,69,20260914,0.011754916768409968
Run1_20201124,Run2_20201124,70,20260914,0.012948855869373173
Run1_20201124,Run2_20201124,71,20260914,-0.009669089760165735
Run1_20201124,Run2_20201124,72,20260914,-0.05111260898184465
Run1_20201124,Run2_20201124,73,20260914,-0.05457013724144691
Run1_20201124,Run2_20201124,74,20260914,0.0613228912839085
Run1_20201124,Run2_20201124,75,20260914,0.08749289299856662
Run1_20201124,Run2_20201124,76,20260914,-0.058076840628697966
Run1_20201124,Run2_20201124,77,20260914,-0.02275801407311992
Run1_20201124,Run2_20201124,78,20260914,-0.005584145885155523
Run1_20201124,Run2_20201124,79,20260914,-0.025755636046187136
Run1_20201124,Run2_20201124,80,20260914,-0.053584833404596306
Run1_20201124,Run2_20201124,81,20260914,0.15021251682357695
Run1_20201124,Run2_20201124,82,20260914,0.07029836180966788
Run1_20201124,Run2_20201124,83,20260914,-0.01680376445400904
Run1_20201124,Run2_20201124,84,20260914,0.041013997966621155
Run1_20201124,Run2_20201124,85,20260914,-0.03570756218146422
Run1_20201124,Run2_20201124,86,20260914,0.014678773691551154
Run1_20201124,Run2_20201124,87,20260914,0.03437054702762301
Run1_20201124,Run2_20201124,88,20260914,0.0580405050404369
Run1_20201124,Run2_20201124,89,20260914,-0.025719139391416696
Run1_20201124,Run2_20201124,90,20260914,0.16489960718565896
Run1_20201124,Run2_20201124,91,20260914,0.10252900677660784
Run1_20201124,Run2_20201124,92,20260914,0.003924425022229578
Run1_20201124,Run2_20201124,93,20260914,-0.0257431938965926
Run1_20201124,Run2_20201124,94,20260914,0.004331644451019365
Run1_20201124,Run2_20201124,95,20260914,-0.024053578498214375
Run1_20201124,Run2_20201124,96,20260914,0.019320105218562793
Run1_20201124,Run2_20201124,97,20260914,-0.015108378078856304
Run1_20201124,Run2_20201124,98,20260914,-0.033292441927611945
Run1_20201124,Run2_20201124,99,20260914,-0.015582127461164738
Run1_20201124,Run2_20201124,100,20260914,0.005827424894638168
Run1_20201124,Run2_20201124,101,20260914,-0.03583017655954108
Run1_20201124,Run2_20201124,102,20260914,0.022757604081800026
Run1_20201124,Run2_20201124,103,20260914,-0.0036811530692832067
Run1_20201124,Run2_20201124,104,20260914,-0.013599097437659673
Run1_20201124,Run2_20201124,105,20260914,-0.020142624661462577
Run1_20201124,Run2_20201124,106,20260914,0.06489408222758578
Run1_20201124,Run2_20201124,107,20260914,0.09272789592861709
Run1_20201124,Run2_20201124,108,20260914,-0.014124344260091381
Run1_20201124,Run2_20201124,109,20260914,0.024960137691100788
Run1_20201124,Run2_20201124,110,20260914,-0.019645245497888927
Run1_20201124,Run2_20201124,111,20260914,-0.011561278769921622
Run1_20201124,Run2_20201124,112,20260914,-0.035754384258109936
Run1_20201124,Run2_20201124,113,20260914,-0.016018606096924466
Run1_20201124,Run2_20201124,114,20260914,-0.018730927938929946
Run1_20201124,Run2_20201124,115,20260914,-0.0372653876764302
Run1_20201124,Run2_20201124,116,20260914,-0.011624973587408874
Run1_20201124,Run2_20201124,117,20260914,0.02509335737989427
Run1_20201124,Run2_20201124,118,20260914,-0.006300692595965949
Run1_20201124,Run2_20201124,119,20260914,-0.05303195730354269
Run1_20201124,Run2_20201124,120,20260914,0.004142605740770936
Run1_20201124,Run2_20201124,121,20260914,0.0837862914129006
Run1_20201124,Run2_20201124,122,20260914,0.01999256643252926
Run1_20201124,Run2_20201124,123,20260914,0.04727877128257692
Run1_20201124,Run2_20201124,124,20260914,-0.04343908512832973
Run1_20201124,Run2_20201124,125,20260914,-0.009095271535021631
Run1_20201124,Run2_20201124,126,20260914,0.13209224454328586
Run1_20201124,Run2_20201124,127,20260914,0.03293864868524744
Run1_20201124,Run2_20201124,128,20260914,0.22876739048609016
Run1_20201124,Run2_20201124,129,20260914,0.03518178331055192
Run1_20201124,Run2_20201124,130,20260914,0.12052527853641123
Run1_20201124,Run2_20201124,131,20260914,-0.034325599949532014
Run1_20201124,Run2_20201124,132,20260914,0.04039051478917443
Run1_20201124,Run2_20201124,133,20260914,-0.04335672255576631
Run1_20201124,Run2_20201124,134,20260914,-0.0010928099483716737
Run1_20201124,Run2_20201124,135,20260914,0.034723909974023866
Run1_20201124,Run2_20201124,136,20260914,0.005422391058441976
Run1_20201124,Run2_20201124,137,20260914,0.050494038348589475
Run1_20201124,Run2_20201124,138,20260914,0.004030501130999896
Run1_20201124,Run2_20201124,139,20260914,-0.0527432339564477
Run1_20201124,Run2_20201124,140,20260914,0.009969054634507963
Run1_20201124,Run2_20201124,141,20260914,0.012912808778123303
Run1_20201124,Run2_20201124,142,20260914,0.33073907651445733
Run1_20201124,Run2_20201124,143,20260914,0.07551046359514402
Run1_20201124,Run2_20201124,144,20260914,-0.06351670823935063
Run1_20201124,Run2_20201124,145,20260914,-0.056973697034094356
Run1_20201124,Run2_20201124,146,20260914,-0.018273475214997205
Run1_20201124,Run2_20201124,147,20260914,0.04269918282986892
Run1_20201124,Run2_20201124,148,20260914,0.00390277627553944
Run1_20201124,Run2_20201124,149,20260914,-0.0395312205164498
Run1_20201124,Run2_20201124,150,20260914,0.0184049642350167
Run1_20201124,Run2_20201124,151,20260914,-0.03338498642152647
Run1_20201124,Run2_20201124,152,20260914,0.01303113208803128
Run1_20201124,Run2_20201124,153,20260914,-0.06761614676690561
Run1_20201124,Run2_20201124,154,20260914,0.12739819328204177
Run1_20201124,Run2_20201124,155,20260914,-0.006840594108096019
Run1_20201124,Run2_20201124,156,20260914,-0.012181110380777788
Run1_20201124,Run2_20201124,157,20260914,-0.06051154545033884
Run1_20201124,Run2_20201124,158,20260914,0.06866775267135088
Run1_20201124,Run2_20201124,159,20260914,0.01412235858227548
Run1_20201124,Run2_20201124,160,20260914,0.12837011635182588
Run1_20201124,Run2_20201124,161,20260914,0.18603067418445066
Run1_20201124,Run2_20201124,162,20260914,0.060998981354947794
Run1_20201124,Run2_20201124,163,20260914,0.016770553809564954
Run1_20201124,Run2_20201124,164,20260914,0.0020066263269578827
Run1_20201124,Run2_20201124,165,20260914,0.01454106217252655
Run1_20201124,Run2_20201124,166,20260914,-0.05477341955727202
Run1_20201124,Run2_20201124,167,20260914,0.011584515224218316
Run1_20201124,Run2_20201124,168,20260914,-0.014469935396626556
Run1_20201124,Run2_20201124,169,20260914,-0.024150757909866028
Run1_20201124,Run2_20201124,170,20260914,-0.047482330656220956
Run1_20201124,Run2_20201124,171,20260914,0.10738069254406771
Run1_20201124,Run2_20201124,172,20260914,-0.017078784589982705
Run1_20201124,Run2_20201124,173,20260914,-0.035038982367227335
Run1_20201124,Run2_20201124,174,20260914,-0.04695648974984658
Run1_20201124,Run2_20201124,175,20260914,0.3204509030010523
Run1_20201124,Run2_20201124,176,20260914,0.1489996472445946
Run1_20201124,Run2_20201124,177,20260914,0.2939849617699943
Run1_20201124,Run2_20201124,178,20260914,-0.0513600808572668
Run1_20201124,Run2_20201124,179,20260914,0.00803005112455886
Run1_20201124,Run2_20201124,180,20260914,0.04138328023295152
Run1_20201124,Run2_20201124,181,20260914,0.06790507514944046
Run1_20201124,Run2_20201124,182,20260914,0.09538789115295636
Run1_20201124,Run2_20201124,183,20260914,0.015547249165317394
Run1_20201124,Run2_20201124,184,20260914,-0.033480612203880614
Run1_20201124,Run2_20201124,185,20260914,-0.022957499656712347
Run1_20201124,Run2_20201124,186,20260914,-0.0377680256042831
Run1_20201124,Run2_20201124,187,20260914,-0.0450076258030521
Run1_20201124,Run2_20201124,188,20260914,0.0662535950918345
Run1_20201124,Run2_20201124,189,20260914,-0.04705027598384034
Run1_20201124,Run2_20201124,190,20260914,-0.03354425691515311
Run1_20201124,Run2_20201124,191,20260914,-0.04438417987787884
Run1_20201124,Run2_20201124,192,20260914,-0.018623379034773017
Run1_20201124,Run2_20201124,193,20260914,-0.03596000258688184
Run1_20201124,Run2_20201124,194,20260914,0.036009619087215984
Run1_20201124,Run2_20201124,195,20260914,0.1061600861201769
Run1_20201124,Run2_20201124,196,20260914,-0.05414645244383981
Run1_20201124,Run2_20201124,197,20260914,-0.040332384293644274
Run1_20201124,Run2_20201124,198,20260914,0.0008519918592556618
Run1_20201124,Run2_20201124,199,20260914,0.09860800649729719
