tag,date,source_or_held_out,fixed_column,feature_index,feature,T_source_normalized
ses-20120924,2012-09-24,source_held_in,0,0,axis_1,-0.40901443362236023
ses-20120924,2012-09-24,source_held_in,0,1,axis_2,-0.27527791261672974
ses-20120924,2012-09-24,source_held_in,0,2,axis_3,0.05647651106119156
ses-20120924,2012-09-24,source_held_in,0,3,axis_4,0.06189485639333725
ses-20120924,2012-09-24,source_held_in,1,0,axis_1,-0.9596284627914429
ses-20120924,2012-09-24,source_held_in,1,1,axis_2,0.40339136123657227
ses-20120924,2012-09-24,source_held_in,1,2,axis_3,0.14033646881580353
ses-20120924,2012-09-24,source_held_in,1,3,axis_4,-0.053743522614240646
ses-20120924,2012-09-24,source_held_in,2,0,axis_1,-1.2293620109558105
ses-20120924,2012-09-24,source_held_in,2,1,axis_2,-0.16159029304981232
ses-20120924,2012-09-24,source_held_in,2,2,axis_3,0.053688645362854004
ses-20120924,2012-09-24,source_held_in,2,3,axis_4,0.025927014648914337
ses-20120924,2012-09-24,source_held_in,3,0,axis_1,2.1126163005828857
ses-20120924,2012-09-24,source_held_in,3,1,axis_2,0.47037142515182495
ses-20120924,2012-09-24,source_held_in,3,2,axis_3,0.41928577423095703
ses-20120924,2012-09-24,source_held_in,3,3,axis_4,-0.14510031044483185
ses-20120924,2012-09-24,source_held_in,4,0,axis_1,-1.717769742012024
ses-20120924,2012-09-24,source_held_in,4,1,axis_2,-0.09155669808387756
ses-20120924,2012-09-24,source_held_in,4,2,axis_3,0.11597266793251038
ses-20120924,2012-09-24,source_held_in,4,3,axis_4,-0.006247273180633783
ses-20120924,2012-09-24,source_held_in,5,0,axis_1,-1.3080196380615234
ses-20120924,2012-09-24,source_held_in,5,1,axis_2,-0.31467002630233765
ses-20120924,2012-09-24,source_held_in,5,2,axis_3,0.04463056102395058
ses-20120924,2012-09-24,source_held_in,5,3,axis_4,-0.014658967964351177
ses-20120924,2012-09-24,source_held_in,6,0,axis_1,0.1979212611913681
ses-20120924,2012-09-24,source_held_in,6,1,axis_2,1.0151780843734741
ses-20120924,2012-09-24,source_held_in,6,2,axis_3,0.6176294684410095
ses-20120924,2012-09-24,source_held_in,6,3,axis_4,0.3254634141921997
ses-20120924,2012-09-24,source_held_in,7,0,axis_1,0.9861539602279663
ses-20120924,2012-09-24,source_held_in,7,1,axis_2,0.812073826789856
ses-20120924,2012-09-24,source_held_in,7,2,axis_3,0.38536566495895386
ses-20120924,2012-09-24,source_held_in,7,3,axis_4,0.09924543648958206
ses-20120924,2012-09-24,source_held_in,8,0,axis_1,-1.125125765800476
ses-20120924,2012-09-24,source_held_in,8,1,axis_2,-0.1112646833062172
ses-20120924,2012-09-24,source_held_in,8,2,axis_3,0.07989763468503952
ses-20120924,2012-09-24,source_held_in,8,3,axis_4,-0.02303725853562355
ses-20120924,2012-09-24,source_held_in,9,0,axis_1,-0.0809364765882492
ses-20120924,2012-09-24,source_held_in,9,1,axis_2,-0.1437779814004898
ses-20120924,2012-09-24,source_held_in,9,2,axis_3,0.020973816514015198
ses-20120924,2012-09-24,source_held_in,9,3,axis_4,-0.08435792475938797
ses-20120924,2012-09-24,source_held_in,10,0,axis_1,1.2121105194091797
ses-20120924,2012-09-24,source_held_in,10,1,axis_2,0.0429997555911541
ses-20120924,2012-09-24,source_held_in,10,2,axis_3,0.20591025054454803
ses-20120924,2012-09-24,source_held_in,10,3,axis_4,-0.08582014590501785
ses-20120924,2012-09-24,source_held_in,11,0,axis_1,0.2518693804740906
ses-20120924,2012-09-24,source_held_in,11,1,axis_2,-0.11430414021015167
ses-20120924,2012-09-24,source_held_in,11,2,axis_3,0.05507252737879753
ses-20120924,2012-09-24,source_held_in,11,3,axis_4,-0.04955657199025154
ses-20120924,2012-09-24,source_held_in,12,0,axis_1,-1.35923433303833
ses-20120924,2012-09-24,source_held_in,12,1,axis_2,-0.14156244695186615
ses-20120924,2012-09-24,source_held_in,12,2,axis_3,0.013505439274013042
ses-20120924,2012-09-24,source_held_in,12,3,axis_4,0.04941824451088905
ses-20120924,2012-09-24,source_held_in,13,0,axis_1,-0.8616178631782532
ses-20120924,2012-09-24,source_held_in,13,1,axis_2,-0.33794090151786804
ses-20120924,2012-09-24,source_held_in,13,2,axis_3,-0.041931964457035065
ses-20120924,2012-09-24,source_held_in,13,3,axis_4,-0.12540346384048462
ses-20120924,2012-09-24,source_held_in,14,0,axis_1,-1.4464833736419678
ses-20120924,2012-09-24,source_held_in,14,1,axis_2,-0.08897769451141357
ses-20120924,2012-09-24,source_held_in,14,2,axis_3,0.07008886337280273
ses-20120924,2012-09-24,source_held_in,14,3,axis_4,-0.0169270858168602
ses-20120924,2012-09-24,source_held_in,15,0,axis_1,0.1867205947637558
ses-20120924,2012-09-24,source_held_in,15,1,axis_2,0.22958925366401672
ses-20120924,2012-09-24,source_held_in,15,2,axis_3,0.11253244429826736
ses-20120924,2012-09-24,source_held_in,15,3,axis_4,-0.04741092771291733
ses-20120924,2012-09-24,source_held_in,16,0,axis_1,-1.3005274534225464
ses-20120924,2012-09-24,source_held_in,16,1,axis_2,-0.19826479256153107
ses-20120924,2012-09-24,source_held_in,16,2,axis_3,0.07844570279121399
ses-20120924,2012-09-24,source_held_in,16,3,axis_4,0.05589303374290466
ses-20120924,2012-09-24,source_held_in,17,0,axis_1,0.8349210619926453
ses-20120924,2012-09-24,source_held_in,17,1,axis_2,1.1688377857208252
ses-20120924,2012-09-24,source_held_in,17,2,axis_3,-0.04701210930943489
ses-20120924,2012-09-24,source_held_in,17,3,axis_4,0.3476446568965912
ses-20120924,2012-09-24,source_held_in,18,0,axis_1,2.206418991088867
ses-20120924,2012-09-24,source_held_in,18,1,axis_2,-0.4120023250579834
ses-20120924,2012-09-24,source_held_in,18,2,axis_3,0.04524754732847214
ses-20120924,2012-09-24,source_held_in,18,3,axis_4,-0.07897297292947769
ses-20120924,2012-09-24,source_held_in,19,0,axis_1,1.39664888381958
ses-20120924,2012-09-24,source_held_in,19,1,axis_2,-0.5530086755752563
ses-20120924,2012-09-24,source_held_in,19,2,axis_3,0.07085451483726501
ses-20120924,2012-09-24,source_held_in,19,3,axis_4,0.06493080407381058
ses-20120924,2012-09-24,source_held_in,20,0,axis_1,-1.4806076288223267
ses-20120924,2012-09-24,source_held_in,20,1,axis_2,-0.1518961638212204
ses-20120924,2012-09-24,source_held_in,20,2,axis_3,0.009820853359997272
ses-20120924,2012-09-24,source_held_in,20,3,axis_4,-0.011236707679927349
ses-20120924,2012-09-24,source_held_in,21,0,axis_1,-0.31645533442497253
ses-20120924,2012-09-24,source_held_in,21,1,axis_2,0.013292915187776089
ses-20120924,2012-09-24,source_held_in,21,2,axis_3,-0.11672615259885788
ses-20120924,2012-09-24,source_held_in,21,3,axis_4,-0.015650801360607147
ses-20120924,2012-09-24,source_held_in,22,0,axis_1,0.5344094634056091
ses-20120924,2012-09-24,source_held_in,22,1,axis_2,-0.19786101579666138
ses-20120924,2012-09-24,source_held_in,22,2,axis_3,-0.028056878596544266
ses-20120924,2012-09-24,source_held_in,22,3,axis_4,-0.11993592977523804
ses-20120924,2012-09-24,source_held_in,23,0,axis_1,-0.5430107116699219
ses-20120924,2012-09-24,source_held_in,23,1,axis_2,-0.20076389610767365
ses-20120924,2012-09-24,source_held_in,23,2,axis_3,0.06296098232269287
ses-20120924,2012-09-24,source_held_in,23,3,axis_4,-0.06041746214032173
ses-20120924,2012-09-24,source_held_in,24,0,axis_1,-0.06941590458154678
ses-20120924,2012-09-24,source_held_in,24,1,axis_2,-0.4452314078807831
ses-20120924,2012-09-24,source_held_in,24,2,axis_3,-0.007307408843189478
ses-20120924,2012-09-24,source_held_in,24,3,axis_4,-0.026387901976704597
ses-20120924,2012-09-24,source_held_in,25,0,axis_1,-0.5634486675262451
ses-20120924,2012-09-24,source_held_in,25,1,axis_2,-0.41952577233314514
ses-20120924,2012-09-24,source_held_in,25,2,axis_3,-0.007598450873047113
ses-20120924,2012-09-24,source_held_in,25,3,axis_4,0.002849708776921034
ses-20120924,2012-09-24,source_held_in,26,0,axis_1,0.5427163243293762
ses-20120924,2012-09-24,source_held_in,26,1,axis_2,-0.36363208293914795
ses-20120924,2012-09-24,source_held_in,26,2,axis_3,0.04382568597793579
ses-20120924,2012-09-24,source_held_in,26,3,axis_4,-0.0508456751704216
ses-20120924,2012-09-24,source_held_in,27,0,axis_1,0.3413146734237671
ses-20120924,2012-09-24,source_held_in,27,1,axis_2,-0.11127839982509613
ses-20120924,2012-09-24,source_held_in,27,2,axis_3,-0.03172219917178154
ses-20120924,2012-09-24,source_held_in,27,3,axis_4,0.000678276875987649
ses-20120924,2012-09-24,source_held_in,28,0,axis_1,0.04639852046966553
ses-20120924,2012-09-24,source_held_in,28,1,axis_2,-0.19839072227478027
ses-20120924,2012-09-24,source_held_in,28,2,axis_3,-0.06481486558914185
ses-20120924,2012-09-24,source_held_in,28,3,axis_4,-0.1251431554555893
ses-20120924,2012-09-24,source_held_in,29,0,axis_1,-1.0397502183914185
ses-20120924,2012-09-24,source_held_in,29,1,axis_2,-0.25743815302848816
ses-20120924,2012-09-24,source_held_in,29,2,axis_3,0.006706207524985075
ses-20120924,2012-09-24,source_held_in,29,3,axis_4,-0.0004435775335878134
ses-20120924,2012-09-24,source_held_in,30,0,axis_1,-1.63055419921875
ses-20120924,2012-09-24,source_held_in,30,1,axis_2,-0.2320309281349182
ses-20120924,2012-09-24,source_held_in,30,2,axis_3,0.03576453775167465
ses-20120924,2012-09-24,source_held_in,30,3,axis_4,-0.0858042985200882
ses-20120924,2012-09-24,source_held_in,31,0,axis_1,-0.743109941482544
ses-20120924,2012-09-24,source_held_in,31,1,axis_2,-0.4884600341320038
ses-20120924,2012-09-24,source_held_in,31,2,axis_3,-0.12325314432382584
ses-20120924,2012-09-24,source_held_in,31,3,axis_4,-0.01800474524497986
ses-20120924,2012-09-24,source_held_in,32,0,axis_1,-2.1971755027770996
ses-20120924,2012-09-24,source_held_in,32,1,axis_2,-0.30633407831192017
ses-20120924,2012-09-24,source_held_in,32,2,axis_3,-0.32240164279937744
ses-20120924,2012-09-24,source_held_in,32,3,axis_4,-0.03480425104498863
ses-20120924,2012-09-24,source_held_in,33,0,axis_1,-1.2780119180679321
ses-20120924,2012-09-24,source_held_in,33,1,axis_2,0.9756611585617065
ses-20120924,2012-09-24,source_held_in,33,2,axis_3,0.34341129660606384
ses-20120924,2012-09-24,source_held_in,33,3,axis_4,-0.5236638784408569
ses-20120924,2012-09-24,source_held_in,34,0,axis_1,-1.3518120050430298
ses-20120924,2012-09-24,source_held_in,34,1,axis_2,-0.04523230344057083
ses-20120924,2012-09-24,source_held_in,34,2,axis_3,0.18454919755458832
ses-20120924,2012-09-24,source_held_in,34,3,axis_4,0.10402090102434158
ses-20120924,2012-09-24,source_held_in,35,0,axis_1,-1.7064099311828613
ses-20120924,2012-09-24,source_held_in,35,1,axis_2,0.05161137878894806
ses-20120924,2012-09-24,source_held_in,35,2,axis_3,-0.09447415173053741
ses-20120924,2012-09-24,source_held_in,35,3,axis_4,-0.25399264693260193
ses-20120924,2012-09-24,source_held_in,36,0,axis_1,3.0207912921905518
ses-20120924,2012-09-24,source_held_in,36,1,axis_2,-0.3104516565799713
ses-20120924,2012-09-24,source_held_in,36,2,axis_3,0.022476734593510628
ses-20120924,2012-09-24,source_held_in,36,3,axis_4,0.028985749930143356
ses-20120924,2012-09-24,source_held_in,37,0,axis_1,0.7111587524414062
ses-20120924,2012-09-24,source_held_in,37,1,axis_2,1.68113374710083
ses-20120924,2012-09-24,source_held_in,37,2,axis_3,0.19387008249759674
ses-20120924,2012-09-24,source_held_in,37,3,axis_4,0.7626968026161194
ses-20120924,2012-09-24,source_held_in,38,0,axis_1,1.8121980428695679
ses-20120924,2012-09-24,source_held_in,38,1,axis_2,1.5546690225601196
ses-20120924,2012-09-24,source_held_in,38,2,axis_3,0.41662710905075073
ses-20120924,2012-09-24,source_held_in,38,3,axis_4,-0.0888187438249588
ses-20120924,2012-09-24,source_held_in,39,0,axis_1,9.781336784362793
ses-20120924,2012-09-24,source_held_in,39,1,axis_2,-2.082491874694824
ses-20120924,2012-09-24,source_held_in,39,2,axis_3,0.5102800130844116
ses-20120924,2012-09-24,source_held_in,39,3,axis_4,-0.3033340573310852
ses-20120924,2012-09-24,source_held_in,40,0,axis_1,5.643368721008301
ses-20120924,2012-09-24,source_held_in,40,1,axis_2,-1.5533264875411987
ses-20120924,2012-09-24,source_held_in,40,2,axis_3,0.11342738568782806
ses-20120924,2012-09-24,source_held_in,40,3,axis_4,0.0612255223095417
ses-20120924,2012-09-24,source_held_in,41,0,axis_1,3.7442400455474854
ses-20120924,2012-09-24,source_held_in,41,1,axis_2,-0.2757391631603241
ses-20120924,2012-09-24,source_held_in,41,2,axis_3,0.05399102717638016
ses-20120924,2012-09-24,source_held_in,41,3,axis_4,-0.161117285490036
ses-20120924,2012-09-24,source_held_in,42,0,axis_1,-0.7471441030502319
ses-20120924,2012-09-24,source_held_in,42,1,axis_2,-0.1807982176542282
ses-20120924,2012-09-24,source_held_in,42,2,axis_3,0.21481752395629883
ses-20120924,2012-09-24,source_held_in,42,3,axis_4,0.03425169363617897
ses-20120924,2012-09-24,source_held_in,43,0,axis_1,-0.6604534387588501
ses-20120924,2012-09-24,source_held_in,43,1,axis_2,-0.1636941283941269
ses-20120924,2012-09-24,source_held_in,43,2,axis_3,0.040150709450244904
ses-20120924,2012-09-24,source_held_in,43,3,axis_4,0.03442738950252533
ses-20120924,2012-09-24,source_held_in,44,0,axis_1,4.6146159172058105
ses-20120924,2012-09-24,source_held_in,44,1,axis_2,0.1477682888507843
ses-20120924,2012-09-24,source_held_in,44,2,axis_3,0.2642711102962494
ses-20120924,2012-09-24,source_held_in,44,3,axis_4,-0.0778324156999588
ses-20120924,2012-09-24,source_held_in,45,0,axis_1,-0.3085293769836426
ses-20120924,2012-09-24,source_held_in,45,1,axis_2,-0.3354766070842743
ses-20120924,2012-09-24,source_held_in,45,2,axis_3,0.005342581775039434
ses-20120924,2012-09-24,source_held_in,45,3,axis_4,-0.03687234967947006
ses-20120924,2012-09-24,source_held_in,46,0,axis_1,-0.6680027842521667
ses-20120924,2012-09-24,source_held_in,46,1,axis_2,-0.21253779530525208
ses-20120924,2012-09-24,source_held_in,46,2,axis_3,0.11185470223426819
ses-20120924,2012-09-24,source_held_in,46,3,axis_4,-0.047566674649715424
ses-20120924,2012-09-24,source_held_in,47,0,axis_1,-1.7745471000671387
ses-20120924,2012-09-24,source_held_in,47,1,axis_2,-0.028935547918081284
ses-20120924,2012-09-24,source_held_in,47,2,axis_3,0.0772070363163948
ses-20120924,2012-09-24,source_held_in,47,3,axis_4,0.0004254129307810217
ses-20120924,2012-09-24,source_held_in,48,0,axis_1,-1.7711223363876343
ses-20120924,2012-09-24,source_held_in,48,1,axis_2,-0.15035860240459442
ses-20120924,2012-09-24,source_held_in,48,2,axis_3,0.0456145741045475
ses-20120924,2012-09-24,source_held_in,48,3,axis_4,0.012851327657699585
ses-20120924,2012-09-24,source_held_in,49,0,axis_1,6.691022872924805
ses-20120924,2012-09-24,source_held_in,49,1,axis_2,-2.896932601928711
ses-20120924,2012-09-24,source_held_in,49,2,axis_3,0.30076029896736145
ses-20120924,2012-09-24,source_held_in,49,3,axis_4,-0.24388015270233154
ses-20120924,2012-09-24,source_held_in,50,0,axis_1,-2.441575050354004
ses-20120924,2012-09-24,source_held_in,50,1,axis_2,-0.2957574129104614
ses-20120924,2012-09-24,source_held_in,50,2,axis_3,-0.16189834475517273
ses-20120924,2012-09-24,source_held_in,50,3,axis_4,0.5393498539924622
ses-20120924,2012-09-24,source_held_in,51,0,axis_1,-1.8092849254608154
ses-20120924,2012-09-24,source_held_in,51,1,axis_2,-0.08601487427949905
ses-20120924,2012-09-24,source_held_in,51,2,axis_3,0.0624210387468338
ses-20120924,2012-09-24,source_held_in,51,3,axis_4,-0.0026101686526089907
ses-20120924,2012-09-24,source_held_in,52,0,axis_1,-1.010618805885315
ses-20120924,2012-09-24,source_held_in,52,1,axis_2,-0.23128509521484375
ses-20120924,2012-09-24,source_held_in,52,2,axis_3,0.0048126657493412495
ses-20120924,2012-09-24,source_held_in,52,3,axis_4,0.06841950863599777
ses-20120924,2012-09-24,source_held_in,53,0,axis_1,-1.2949570417404175
ses-20120924,2012-09-24,source_held_in,53,1,axis_2,-0.09012866765260696
ses-20120924,2012-09-24,source_held_in,53,2,axis_3,0.009625903330743313
ses-20120924,2012-09-24,source_held_in,53,3,axis_4,0.07689403742551804
ses-20120924,2012-09-24,source_held_in,54,0,axis_1,-1.7456169128417969
ses-20120924,2012-09-24,source_held_in,54,1,axis_2,-0.1923222839832306
ses-20120924,2012-09-24,source_held_in,54,2,axis_3,0.054864879697561264
ses-20120924,2012-09-24,source_held_in,54,3,axis_4,-0.0027316021732985973
ses-20120924,2012-09-24,source_held_in,55,0,axis_1,0.041728828102350235
ses-20120924,2012-09-24,source_held_in,55,1,axis_2,-0.21349415183067322
ses-20120924,2012-09-24,source_held_in,55,2,axis_3,-0.007203571032732725
ses-20120924,2012-09-24,source_held_in,55,3,axis_4,-0.07031384110450745
ses-20120924,2012-09-24,source_held_in,56,0,axis_1,-0.5943508744239807
ses-20120924,2012-09-24,source_held_in,56,1,axis_2,-0.04086105525493622
ses-20120924,2012-09-24,source_held_in,56,2,axis_3,0.09584375470876694
ses-20120924,2012-09-24,source_held_in,56,3,axis_4,-0.09217553585767746
ses-20120924,2012-09-24,source_held_in,57,0,axis_1,-0.43906527757644653
ses-20120924,2012-09-24,source_held_in,57,1,axis_2,-0.3800795376300812
ses-20120924,2012-09-24,source_held_in,57,2,axis_3,0.07579933851957321
ses-20120924,2012-09-24,source_held_in,57,3,axis_4,-0.01788080297410488
ses-20120924,2012-09-24,source_held_in,58,0,axis_1,0.16328665614128113
ses-20120924,2012-09-24,source_held_in,58,1,axis_2,0.07979534566402435
ses-20120924,2012-09-24,source_held_in,58,2,axis_3,0.15249301493167877
ses-20120924,2012-09-24,source_held_in,58,3,axis_4,0.14649982750415802
ses-20120924,2012-09-24,source_held_in,59,0,axis_1,-1.3558857440948486
ses-20120924,2012-09-24,source_held_in,59,1,axis_2,-0.3439294099807739
ses-20120924,2012-09-24,source_held_in,59,2,axis_3,0.06245465204119682
ses-20120924,2012-09-24,source_held_in,59,3,axis_4,0.009615274146199226
ses-20120924,2012-09-24,source_held_in,60,0,axis_1,1.4609624147415161
ses-20120924,2012-09-24,source_held_in,60,1,axis_2,-0.03711942955851555
ses-20120924,2012-09-24,source_held_in,60,2,axis_3,-0.17768655717372894
ses-20120924,2012-09-24,source_held_in,60,3,axis_4,0.1869402676820755
ses-20120924,2012-09-24,source_held_in,61,0,axis_1,-2.0939342975616455
ses-20120924,2012-09-24,source_held_in,61,1,axis_2,-0.10176435112953186
ses-20120924,2012-09-24,source_held_in,61,2,axis_3,0.06468504667282104
ses-20120924,2012-09-24,source_held_in,61,3,axis_4,-0.02280699647963047
ses-20120924,2012-09-24,source_held_in,62,0,axis_1,-1.62967050075531
ses-20120924,2012-09-24,source_held_in,62,1,axis_2,-0.0866984948515892
ses-20120924,2012-09-24,source_held_in,62,2,axis_3,0.23291318118572235
ses-20120924,2012-09-24,source_held_in,62,3,axis_4,-0.052138976752758026
ses-20120924,2012-09-24,source_held_in,63,0,axis_1,0.04907858744263649
ses-20120924,2012-09-24,source_held_in,63,1,axis_2,-0.3319060206413269
ses-20120924,2012-09-24,source_held_in,63,2,axis_3,-0.0038402683567255735
ses-20120924,2012-09-24,source_held_in,63,3,axis_4,0.05425599217414856
ses-20120926,2012-09-26,source_held_in,0,0,axis_1,-0.24785977602005005
ses-20120926,2012-09-26,source_held_in,0,1,axis_2,0.1771658957004547
ses-20120926,2012-09-26,source_held_in,0,2,axis_3,-0.12170916050672531
ses-20120926,2012-09-26,source_held_in,0,3,axis_4,-0.041296713054180145
ses-20120926,2012-09-26,source_held_in,1,0,axis_1,-0.7818619608879089
ses-20120926,2012-09-26,source_held_in,1,1,axis_2,0.35002854466438293
ses-20120926,2012-09-26,source_held_in,1,2,axis_3,0.01657821610569954
ses-20120926,2012-09-26,source_held_in,1,3,axis_4,-0.10751273483037949
ses-20120926,2012-09-26,source_held_in,2,0,axis_1,-0.7636564373970032
ses-20120926,2012-09-26,source_held_in,2,1,axis_2,0.06269650906324387
ses-20120926,2012-09-26,source_held_in,2,2,axis_3,-0.025524096563458443
ses-20120926,2012-09-26,source_held_in,2,3,axis_4,-0.074922576546669
ses-20120926,2012-09-26,source_held_in,3,0,axis_1,0.273609459400177
ses-20120926,2012-09-26,source_held_in,3,1,axis_2,0.22883525490760803
ses-20120926,2012-09-26,source_held_in,3,2,axis_3,0.1242901161313057
ses-20120926,2012-09-26,source_held_in,3,3,axis_4,-0.3511033356189728
ses-20120926,2012-09-26,source_held_in,4,0,axis_1,0.18066203594207764
ses-20120926,2012-09-26,source_held_in,4,1,axis_2,0.03478678688406944
ses-20120926,2012-09-26,source_held_in,4,2,axis_3,-0.1667504459619522
ses-20120926,2012-09-26,source_held_in,4,3,axis_4,-0.1268344670534134
ses-20120926,2012-09-26,source_held_in,5,0,axis_1,-1.201306700706482
ses-20120926,2012-09-26,source_held_in,5,1,axis_2,-0.09624333679676056
ses-20120926,2012-09-26,source_held_in,5,2,axis_3,0.0075031546875834465
ses-20120926,2012-09-26,source_held_in,5,3,axis_4,-0.05341268330812454
ses-20120926,2012-09-26,source_held_in,6,0,axis_1,0.1457352340221405
ses-20120926,2012-09-26,source_held_in,6,1,axis_2,0.9527946710586548
ses-20120926,2012-09-26,source_held_in,6,2,axis_3,0.5216535925865173
ses-20120926,2012-09-26,source_held_in,6,3,axis_4,-0.1392790824174881
ses-20120926,2012-09-26,source_held_in,7,0,axis_1,0.8835558891296387
ses-20120926,2012-09-26,source_held_in,7,1,axis_2,1.1543207168579102
ses-20120926,2012-09-26,source_held_in,7,2,axis_3,-0.04250860586762428
ses-20120926,2012-09-26,source_held_in,7,3,axis_4,-0.37863704562187195
ses-20120926,2012-09-26,source_held_in,8,0,axis_1,-0.52178555727005
ses-20120926,2012-09-26,source_held_in,8,1,axis_2,0.2079591006040573
ses-20120926,2012-09-26,source_held_in,8,2,axis_3,-0.14233452081680298
ses-20120926,2012-09-26,source_held_in,8,3,axis_4,-0.059716470539569855
ses-20120926,2012-09-26,source_held_in,9,0,axis_1,1.1936402320861816
ses-20120926,2012-09-26,source_held_in,9,1,axis_2,0.03157331794500351
ses-20120926,2012-09-26,source_held_in,9,2,axis_3,-0.24352820217609406
ses-20120926,2012-09-26,source_held_in,9,3,axis_4,-0.34096911549568176
ses-20120926,2012-09-26,source_held_in,10,0,axis_1,3.0298988819122314
ses-20120926,2012-09-26,source_held_in,10,1,axis_2,0.20190587639808655
ses-20120926,2012-09-26,source_held_in,10,2,axis_3,-0.5235802531242371
ses-20120926,2012-09-26,source_held_in,10,3,axis_4,-0.4242953956127167
ses-20120926,2012-09-26,source_held_in,11,0,axis_1,2.1521570682525635
ses-20120926,2012-09-26,source_held_in,11,1,axis_2,0.32698768377304077
ses-20120926,2012-09-26,source_held_in,11,2,axis_3,-0.16791631281375885
ses-20120926,2012-09-26,source_held_in,11,3,axis_4,-0.32547685503959656
ses-20120926,2012-09-26,source_held_in,12,0,axis_1,1.9420303106307983
ses-20120926,2012-09-26,source_held_in,12,1,axis_2,-0.7559696435928345
ses-20120926,2012-09-26,source_held_in,12,2,axis_3,0.4362146258354187
ses-20120926,2012-09-26,source_held_in,12,3,axis_4,-0.5168241262435913
ses-20120926,2012-09-26,source_held_in,13,0,axis_1,0.01303109060972929
ses-20120926,2012-09-26,source_held_in,13,1,axis_2,-0.011364027857780457
ses-20120926,2012-09-26,source_held_in,13,2,axis_3,-0.11853726953268051
ses-20120926,2012-09-26,source_held_in,13,3,axis_4,-0.04615060240030289
ses-20120926,2012-09-26,source_held_in,14,0,axis_1,-1.3066339492797852
ses-20120926,2012-09-26,source_held_in,14,1,axis_2,0.12452686578035355
ses-20120926,2012-09-26,source_held_in,14,2,axis_3,-0.03182441368699074
ses-20120926,2012-09-26,source_held_in,14,3,axis_4,0.016164835542440414
ses-20120926,2012-09-26,source_held_in,15,0,axis_1,-0.17203053832054138
ses-20120926,2012-09-26,source_held_in,15,1,axis_2,0.15261800587177277
ses-20120926,2012-09-26,source_held_in,15,2,axis_3,-0.18440398573875427
ses-20120926,2012-09-26,source_held_in,15,3,axis_4,-0.14948824048042297
ses-20120926,2012-09-26,source_held_in,16,0,axis_1,-1.0487258434295654
ses-20120926,2012-09-26,source_held_in,16,1,axis_2,0.1001722663640976
ses-20120926,2012-09-26,source_held_in,16,2,axis_3,-0.05413006618618965
ses-20120926,2012-09-26,source_held_in,16,3,axis_4,-0.029847359284758568
ses-20120926,2012-09-26,source_held_in,17,0,axis_1,-0.36433690786361694
ses-20120926,2012-09-26,source_held_in,17,1,axis_2,1.2097296714782715
ses-20120926,2012-09-26,source_held_in,17,2,axis_3,-0.45367780327796936
ses-20120926,2012-09-26,source_held_in,17,3,axis_4,0.2546704411506653
ses-20120926,2012-09-26,source_held_in,18,0,axis_1,2.4352304935455322
ses-20120926,2012-09-26,source_held_in,18,1,axis_2,0.5568884015083313
ses-20120926,2012-09-26,source_held_in,18,2,axis_3,-0.09105119109153748
ses-20120926,2012-09-26,source_held_in,18,3,axis_4,-0.39272239804267883
ses-20120926,2012-09-26,source_held_in,19,0,axis_1,0.3018394708633423
ses-20120926,2012-09-26,source_held_in,19,1,axis_2,0.25598567724227905
ses-20120926,2012-09-26,source_held_in,19,2,axis_3,-0.016591953113675117
ses-20120926,2012-09-26,source_held_in,19,3,axis_4,-0.1877882182598114
ses-20120926,2012-09-26,source_held_in,20,0,axis_1,-1.4558701515197754
ses-20120926,2012-09-26,source_held_in,20,1,axis_2,0.06989045441150665
ses-20120926,2012-09-26,source_held_in,20,2,axis_3,0.00535374553874135
ses-20120926,2012-09-26,source_held_in,20,3,axis_4,-0.025756286457180977
ses-20120926,2012-09-26,source_held_in,21,0,axis_1,-0.320651113986969
ses-20120926,2012-09-26,source_held_in,21,1,axis_2,0.3547292649745941
ses-20120926,2012-09-26,source_held_in,21,2,axis_3,-0.05775777995586395
ses-20120926,2012-09-26,source_held_in,21,3,axis_4,-0.29299697279930115
ses-20120926,2012-09-26,source_held_in,22,0,axis_1,1.4661779403686523
ses-20120926,2012-09-26,source_held_in,22,1,axis_2,0.16737516224384308
ses-20120926,2012-09-26,source_held_in,22,2,axis_3,0.15981148183345795
ses-20120926,2012-09-26,source_held_in,22,3,axis_4,-0.2826938033103943
ses-20120926,2012-09-26,source_held_in,23,0,axis_1,-0.9405249357223511
ses-20120926,2012-09-26,source_held_in,23,1,axis_2,0.25041070580482483
ses-20120926,2012-09-26,source_held_in,23,2,axis_3,-0.05591931194067001
ses-20120926,2012-09-26,source_held_in,23,3,axis_4,0.0395263209939003
ses-20120926,2012-09-26,source_held_in,24,0,axis_1,4.898617744445801
ses-20120926,2012-09-26,source_held_in,24,1,axis_2,0.265011727809906
ses-20120926,2012-09-26,source_held_in,24,2,axis_3,-0.4520331025123596
ses-20120926,2012-09-26,source_held_in,24,3,axis_4,-0.5045461058616638
ses-20120926,2012-09-26,source_held_in,25,0,axis_1,3.984135389328003
ses-20120926,2012-09-26,source_held_in,25,1,axis_2,0.05359174683690071
ses-20120926,2012-09-26,source_held_in,25,2,axis_3,-0.40286630392074585
ses-20120926,2012-09-26,source_held_in,25,3,axis_4,-0.454932302236557
ses-20120926,2012-09-26,source_held_in,26,0,axis_1,1.3134098052978516
ses-20120926,2012-09-26,source_held_in,26,1,axis_2,0.07957220822572708
ses-20120926,2012-09-26,source_held_in,26,2,axis_3,-0.2554587721824646
ses-20120926,2012-09-26,source_held_in,26,3,axis_4,-0.2776711583137512
ses-20120926,2012-09-26,source_held_in,27,0,axis_1,0.9672149419784546
ses-20120926,2012-09-26,source_held_in,27,1,axis_2,0.007843862287700176
ses-20120926,2012-09-26,source_held_in,27,2,axis_3,-0.2860702574253082
ses-20120926,2012-09-26,source_held_in,27,3,axis_4,-0.2883426547050476
ses-20120926,2012-09-26,source_held_in,28,0,axis_1,-0.3256461024284363
ses-20120926,2012-09-26,source_held_in,28,1,axis_2,-0.14009201526641846
ses-20120926,2012-09-26,source_held_in,28,2,axis_3,0.07453984022140503
ses-20120926,2012-09-26,source_held_in,28,3,axis_4,-0.11645106226205826
ses-20120926,2012-09-26,source_held_in,29,0,axis_1,-1.7378127574920654
ses-20120926,2012-09-26,source_held_in,29,1,axis_2,0.027916986495256424
ses-20120926,2012-09-26,source_held_in,29,2,axis_3,-0.0493876077234745
ses-20120926,2012-09-26,source_held_in,29,3,axis_4,-0.029664194211363792
ses-20120926,2012-09-26,source_held_in,30,0,axis_1,-1.130926489830017
ses-20120926,2012-09-26,source_held_in,30,1,axis_2,0.11230058968067169
ses-20120926,2012-09-26,source_held_in,30,2,axis_3,-0.009074325673282146
ses-20120926,2012-09-26,source_held_in,30,3,axis_4,-0.06319773197174072
ses-20120926,2012-09-26,source_held_in,31,0,axis_1,1.5804858207702637
ses-20120926,2012-09-26,source_held_in,31,1,axis_2,0.055042095482349396
ses-20120926,2012-09-26,source_held_in,31,2,axis_3,-0.10461599379777908
ses-20120926,2012-09-26,source_held_in,31,3,axis_4,-0.34664133191108704
ses-20120926,2012-09-26,source_held_in,32,0,axis_1,-1.2874327898025513
ses-20120926,2012-09-26,source_held_in,32,1,axis_2,-0.18274885416030884
ses-20120926,2012-09-26,source_held_in,32,2,axis_3,-0.12526850402355194
ses-20120926,2012-09-26,source_held_in,32,3,axis_4,-0.02628733217716217
ses-20120926,2012-09-26,source_held_in,33,0,axis_1,-2.491062641143799
ses-20120926,2012-09-26,source_held_in,33,1,axis_2,0.8016363978385925
ses-20120926,2012-09-26,source_held_in,33,2,axis_3,-0.03677317127585411
ses-20120926,2012-09-26,source_held_in,33,3,axis_4,0.06407647579908371
ses-20120926,2012-09-26,source_held_in,34,0,axis_1,0.18692925572395325
ses-20120926,2012-09-26,source_held_in,34,1,axis_2,0.3485817611217499
ses-20120926,2012-09-26,source_held_in,34,2,axis_3,-0.05404823645949364
ses-20120926,2012-09-26,source_held_in,34,3,axis_4,-0.16449013352394104
ses-20120926,2012-09-26,source_held_in,35,0,axis_1,-0.9908391237258911
ses-20120926,2012-09-26,source_held_in,35,1,axis_2,-0.016236277297139168
ses-20120926,2012-09-26,source_held_in,35,2,axis_3,-0.0930716022849083
ses-20120926,2012-09-26,source_held_in,35,3,axis_4,-0.041684769093990326
ses-20120926,2012-09-26,source_held_in,36,0,axis_1,-0.536655068397522
ses-20120926,2012-09-26,source_held_in,36,1,axis_2,-0.05413872003555298
ses-20120926,2012-09-26,source_held_in,36,2,axis_3,-0.17962585389614105
ses-20120926,2012-09-26,source_held_in,36,3,axis_4,-0.12302402406930923
ses-20120926,2012-09-26,source_held_in,37,0,axis_1,5.911738395690918
ses-20120926,2012-09-26,source_held_in,37,1,axis_2,0.7004978656768799
ses-20120926,2012-09-26,source_held_in,37,2,axis_3,0.7166166305541992
ses-20120926,2012-09-26,source_held_in,37,3,axis_4,-1.0925747156143188
ses-20120926,2012-09-26,source_held_in,38,0,axis_1,1.76162588596344
ses-20120926,2012-09-26,source_held_in,38,1,axis_2,1.4183933734893799
ses-20120926,2012-09-26,source_held_in,38,2,axis_3,0.5032551884651184
ses-20120926,2012-09-26,source_held_in,38,3,axis_4,-0.7140645980834961
ses-20120926,2012-09-26,source_held_in,39,0,axis_1,-0.8013720512390137
ses-20120926,2012-09-26,source_held_in,39,1,axis_2,-0.407898873090744
ses-20120926,2012-09-26,source_held_in,39,2,axis_3,-0.32271885871887207
ses-20120926,2012-09-26,source_held_in,39,3,axis_4,-0.1246340423822403
ses-20120926,2012-09-26,source_held_in,40,0,axis_1,4.274349212646484
ses-20120926,2012-09-26,source_held_in,40,1,axis_2,-0.07369272410869598
ses-20120926,2012-09-26,source_held_in,40,2,axis_3,-0.637848436832428
ses-20120926,2012-09-26,source_held_in,40,3,axis_4,-0.36185091733932495
ses-20120926,2012-09-26,source_held_in,41,0,axis_1,2.3548686504364014
ses-20120926,2012-09-26,source_held_in,41,1,axis_2,-0.17013320326805115
ses-20120926,2012-09-26,source_held_in,41,2,axis_3,-0.34618350863456726
ses-20120926,2012-09-26,source_held_in,41,3,axis_4,-0.3603699207305908
ses-20120926,2012-09-26,source_held_in,42,0,axis_1,0.14182281494140625
ses-20120926,2012-09-26,source_held_in,42,1,axis_2,-0.04491344094276428
ses-20120926,2012-09-26,source_held_in,42,2,axis_3,-0.18304477632045746
ses-20120926,2012-09-26,source_held_in,42,3,axis_4,-0.18996714055538177
ses-20120926,2012-09-26,source_held_in,43,0,axis_1,0.8069677352905273
ses-20120926,2012-09-26,source_held_in,43,1,axis_2,-0.17556975781917572
ses-20120926,2012-09-26,source_held_in,43,2,axis_3,-0.30397212505340576
ses-20120926,2012-09-26,source_held_in,43,3,axis_4,-0.15621531009674072
ses-20120926,2012-09-26,source_held_in,44,0,axis_1,4.314513206481934
ses-20120926,2012-09-26,source_held_in,44,1,axis_2,0.5444719195365906
ses-20120926,2012-09-26,source_held_in,44,2,axis_3,0.6866453289985657
ses-20120926,2012-09-26,source_held_in,44,3,axis_4,-0.9194579720497131
ses-20120926,2012-09-26,source_held_in,45,0,axis_1,-0.7147952318191528
ses-20120926,2012-09-26,source_held_in,45,1,axis_2,-0.08060862123966217
ses-20120926,2012-09-26,source_held_in,45,2,axis_3,-0.11387502402067184
ses-20120926,2012-09-26,source_held_in,45,3,axis_4,-0.059360429644584656
ses-20120926,2012-09-26,source_held_in,46,0,axis_1,-0.6035488247871399
ses-20120926,2012-09-26,source_held_in,46,1,axis_2,-0.030378663912415504
ses-20120926,2012-09-26,source_held_in,46,2,axis_3,-0.10208666324615479
ses-20120926,2012-09-26,source_held_in,46,3,axis_4,-0.08678760379552841
ses-20120926,2012-09-26,source_held_in,47,0,axis_1,-1.3722760677337646
ses-20120926,2012-09-26,source_held_in,47,1,axis_2,-0.023338744416832924
ses-20120926,2012-09-26,source_held_in,47,2,axis_3,-0.03988593816757202
ses-20120926,2012-09-26,source_held_in,47,3,axis_4,-0.06063652038574219
ses-20120926,2012-09-26,source_held_in,48,0,axis_1,-1.6256427764892578
ses-20120926,2012-09-26,source_held_in,48,1,axis_2,-0.006075919605791569
ses-20120926,2012-09-26,source_held_in,48,2,axis_3,-0.010979300364851952
ses-20120926,2012-09-26,source_held_in,48,3,axis_4,-0.041847214102745056
ses-20120926,2012-09-26,source_held_in,49,0,axis_1,7.239758491516113
ses-20120926,2012-09-26,source_held_in,49,1,axis_2,-1.857178807258606
ses-20120926,2012-09-26,source_held_in,49,2,axis_3,0.47564762830734253
ses-20120926,2012-09-26,source_held_in,49,3,axis_4,-0.959365963935852
ses-20120926,2012-09-26,source_held_in,50,0,axis_1,-1.7193162441253662
ses-20120926,2012-09-26,source_held_in,50,1,axis_2,1.4961669445037842
ses-20120926,2012-09-26,source_held_in,50,2,axis_3,0.2649557590484619
ses-20120926,2012-09-26,source_held_in,50,3,axis_4,-0.2818864583969116
ses-20120926,2012-09-26,source_held_in,51,0,axis_1,1.3039544820785522
ses-20120926,2012-09-26,source_held_in,51,1,axis_2,0.5083484053611755
ses-20120926,2012-09-26,source_held_in,51,2,axis_3,0.044960007071495056
ses-20120926,2012-09-26,source_held_in,51,3,axis_4,-0.2785224914550781
ses-20120926,2012-09-26,source_held_in,52,0,axis_1,-0.47798505425453186
ses-20120926,2012-09-26,source_held_in,52,1,axis_2,0.03541857749223709
ses-20120926,2012-09-26,source_held_in,52,2,axis_3,-0.15754641592502594
ses-20120926,2012-09-26,source_held_in,52,3,axis_4,-0.10871424525976181
ses-20120926,2012-09-26,source_held_in,53,0,axis_1,-0.1368827074766159
ses-20120926,2012-09-26,source_held_in,53,1,axis_2,0.2358584851026535
ses-20120926,2012-09-26,source_held_in,53,2,axis_3,0.1861262023448944
ses-20120926,2012-09-26,source_held_in,53,3,axis_4,-0.2720658779144287
ses-20120926,2012-09-26,source_held_in,54,0,axis_1,-1.0721560716629028
ses-20120926,2012-09-26,source_held_in,54,1,axis_2,0.1028640866279602
ses-20120926,2012-09-26,source_held_in,54,2,axis_3,-0.07497459650039673
ses-20120926,2012-09-26,source_held_in,54,3,axis_4,-0.008292791433632374
ses-20120926,2012-09-26,source_held_in,55,0,axis_1,1.098641037940979
ses-20120926,2012-09-26,source_held_in,55,1,axis_2,0.02109537273645401
ses-20120926,2012-09-26,source_held_in,55,2,axis_3,-0.16798463463783264
ses-20120926,2012-09-26,source_held_in,55,3,axis_4,-0.5181465148925781
ses-20120926,2012-09-26,source_held_in,56,0,axis_1,0.4369661808013916
ses-20120926,2012-09-26,source_held_in,56,1,axis_2,0.1103045865893364
ses-20120926,2012-09-26,source_held_in,56,2,axis_3,-0.25331544876098633
ses-20120926,2012-09-26,source_held_in,56,3,axis_4,-0.11021900922060013
ses-20120926,2012-09-26,source_held_in,57,0,axis_1,-1.0945403575897217
ses-20120926,2012-09-26,source_held_in,57,1,axis_2,-0.026743561029434204
ses-20120926,2012-09-26,source_held_in,57,2,axis_3,-0.017778366804122925
ses-20120926,2012-09-26,source_held_in,57,3,axis_4,-0.06011863425374031
ses-20120926,2012-09-26,source_held_in,58,0,axis_1,-0.7816969156265259
ses-20120926,2012-09-26,source_held_in,58,1,axis_2,0.06561162322759628
ses-20120926,2012-09-26,source_held_in,58,2,axis_3,0.0006179707706905901
ses-20120926,2012-09-26,source_held_in,58,3,axis_4,-0.012618277221918106
ses-20120926,2012-09-26,source_held_in,59,0,axis_1,-1.013343334197998
ses-20120926,2012-09-26,source_held_in,59,1,axis_2,-0.06399984657764435
ses-20120926,2012-09-26,source_held_in,59,2,axis_3,-0.04688026010990143
ses-20120926,2012-09-26,source_held_in,59,3,axis_4,-0.07028932124376297
ses-20120926,2012-09-26,source_held_in,60,0,axis_1,1.3409672975540161
ses-20120926,2012-09-26,source_held_in,60,1,axis_2,-0.3306393623352051
ses-20120926,2012-09-26,source_held_in,60,2,axis_3,-0.3639615476131439
ses-20120926,2012-09-26,source_held_in,60,3,axis_4,-0.330011785030365
ses-20120926,2012-09-26,source_held_in,61,0,axis_1,-1.585811734199524
ses-20120926,2012-09-26,source_held_in,61,1,axis_2,-0.0017586782341822982
ses-20120926,2012-09-26,source_held_in,61,2,axis_3,0.015436218120157719
ses-20120926,2012-09-26,source_held_in,61,3,axis_4,-0.027961641550064087
ses-20120926,2012-09-26,source_held_in,62,0,axis_1,-1.1819696426391602
ses-20120926,2012-09-26,source_held_in,62,1,axis_2,-0.0960473120212555
ses-20120926,2012-09-26,source_held_in,62,2,axis_3,-0.08077584207057953
ses-20120926,2012-09-26,source_held_in,62,3,axis_4,-0.09587983042001724
ses-20120926,2012-09-26,source_held_in,63,0,axis_1,0.06818466633558273
ses-20120926,2012-09-26,source_held_in,63,1,axis_2,-0.09170588105916977
ses-20120926,2012-09-26,source_held_in,63,2,axis_3,0.13430675864219666
ses-20120926,2012-09-26,source_held_in,63,3,axis_4,-0.27135905623435974
ses-20120927,2012-09-27,source_held_in,0,0,axis_1,-0.25787562131881714
ses-20120927,2012-09-27,source_held_in,0,1,axis_2,0.036296527832746506
ses-20120927,2012-09-27,source_held_in,0,2,axis_3,-0.039636921137571335
ses-20120927,2012-09-27,source_held_in,0,3,axis_4,0.2034565955400467
ses-20120927,2012-09-27,source_held_in,1,0,axis_1,-0.4108741283416748
ses-20120927,2012-09-27,source_held_in,1,1,axis_2,0.28734293580055237
ses-20120927,2012-09-27,source_held_in,1,2,axis_3,0.0010248200269415975
ses-20120927,2012-09-27,source_held_in,1,3,axis_4,0.1838436871767044
ses-20120927,2012-09-27,source_held_in,2,0,axis_1,-0.9701495170593262
ses-20120927,2012-09-27,source_held_in,2,1,axis_2,-0.03390507400035858
ses-20120927,2012-09-27,source_held_in,2,2,axis_3,0.11487662047147751
ses-20120927,2012-09-27,source_held_in,2,3,axis_4,0.08607618510723114
ses-20120927,2012-09-27,source_held_in,3,0,axis_1,4.007532119750977
ses-20120927,2012-09-27,source_held_in,3,1,axis_2,0.3295630216598511
ses-20120927,2012-09-27,source_held_in,3,2,axis_3,0.9774611592292786
ses-20120927,2012-09-27,source_held_in,3,3,axis_4,0.451127290725708
ses-20120927,2012-09-27,source_held_in,4,0,axis_1,0.31503668427467346
ses-20120927,2012-09-27,source_held_in,4,1,axis_2,-0.2587810158729553
ses-20120927,2012-09-27,source_held_in,4,2,axis_3,0.05890430882573128
ses-20120927,2012-09-27,source_held_in,4,3,axis_4,0.08816199004650116
ses-20120927,2012-09-27,source_held_in,5,0,axis_1,0.16332396864891052
ses-20120927,2012-09-27,source_held_in,5,1,axis_2,-0.25330850481987
ses-20120927,2012-09-27,source_held_in,5,2,axis_3,-0.011049840599298477
ses-20120927,2012-09-27,source_held_in,5,3,axis_4,0.1744672656059265
ses-20120927,2012-09-27,source_held_in,6,0,axis_1,0.2562922537326813
ses-20120927,2012-09-27,source_held_in,6,1,axis_2,0.6124990582466125
ses-20120927,2012-09-27,source_held_in,6,2,axis_3,0.8849207162857056
ses-20120927,2012-09-27,source_held_in,6,3,axis_4,0.17798256874084473
ses-20120927,2012-09-27,source_held_in,7,0,axis_1,1.2250014543533325
ses-20120927,2012-09-27,source_held_in,7,1,axis_2,0.6741880774497986
ses-20120927,2012-09-27,source_held_in,7,2,axis_3,0.08123575150966644
ses-20120927,2012-09-27,source_held_in,7,3,axis_4,-0.16926789283752441
ses-20120927,2012-09-27,source_held_in,8,0,axis_1,0.153423011302948
ses-20120927,2012-09-27,source_held_in,8,1,axis_2,0.006893098820000887
ses-20120927,2012-09-27,source_held_in,8,2,axis_3,-0.043870262801647186
ses-20120927,2012-09-27,source_held_in,8,3,axis_4,0.12126170098781586
ses-20120927,2012-09-27,source_held_in,9,0,axis_1,0.10313092172145844
ses-20120927,2012-09-27,source_held_in,9,1,axis_2,0.19830653071403503
ses-20120927,2012-09-27,source_held_in,9,2,axis_3,0.12267396599054337
ses-20120927,2012-09-27,source_held_in,9,3,axis_4,0.1647176891565323
ses-20120927,2012-09-27,source_held_in,10,0,axis_1,1.8009999990463257
ses-20120927,2012-09-27,source_held_in,10,1,axis_2,0.13880273699760437
ses-20120927,2012-09-27,source_held_in,10,2,axis_3,-0.20739144086837769
ses-20120927,2012-09-27,source_held_in,10,3,axis_4,0.2592373490333557
ses-20120927,2012-09-27,source_held_in,11,0,axis_1,1.0210037231445312
ses-20120927,2012-09-27,source_held_in,11,1,axis_2,0.22055600583553314
ses-20120927,2012-09-27,source_held_in,11,2,axis_3,-0.1616206169128418
ses-20120927,2012-09-27,source_held_in,11,3,axis_4,0.14657773077487946
ses-20120927,2012-09-27,source_held_in,12,0,axis_1,2.8039612770080566
ses-20120927,2012-09-27,source_held_in,12,1,axis_2,-0.2924695312976837
ses-20120927,2012-09-27,source_held_in,12,2,axis_3,0.7796648144721985
ses-20120927,2012-09-27,source_held_in,12,3,axis_4,0.520796000957489
ses-20120927,2012-09-27,source_held_in,13,0,axis_1,-0.6532893180847168
ses-20120927,2012-09-27,source_held_in,13,1,axis_2,-0.04348127916455269
ses-20120927,2012-09-27,source_held_in,13,2,axis_3,0.005640424322336912
ses-20120927,2012-09-27,source_held_in,13,3,axis_4,0.07270505279302597
ses-20120927,2012-09-27,source_held_in,14,0,axis_1,-1.3916510343551636
ses-20120927,2012-09-27,source_held_in,14,1,axis_2,-0.029840871691703796
ses-20120927,2012-09-27,source_held_in,14,2,axis_3,0.010015123523771763
ses-20120927,2012-09-27,source_held_in,14,3,axis_4,0.060435015708208084
ses-20120927,2012-09-27,source_held_in,15,0,axis_1,0.3032519817352295
ses-20120927,2012-09-27,source_held_in,15,1,axis_2,0.10042649507522583
ses-20120927,2012-09-27,source_held_in,15,2,axis_3,-0.007001942954957485
ses-20120927,2012-09-27,source_held_in,15,3,axis_4,0.028496379032731056
ses-20120927,2012-09-27,source_held_in,16,0,axis_1,-1.0499149560928345
ses-20120927,2012-09-27,source_held_in,16,1,axis_2,0.03741598501801491
ses-20120927,2012-09-27,source_held_in,16,2,axis_3,-0.3095594644546509
ses-20120927,2012-09-27,source_held_in,16,3,axis_4,0.08871935307979584
ses-20120927,2012-09-27,source_held_in,17,0,axis_1,0.3758714497089386
ses-20120927,2012-09-27,source_held_in,17,1,axis_2,1.0768288373947144
ses-20120927,2012-09-27,source_held_in,17,2,axis_3,-0.3658066987991333
ses-20120927,2012-09-27,source_held_in,17,3,axis_4,0.006617833394557238
ses-20120927,2012-09-27,source_held_in,18,0,axis_1,2.038858652114868
ses-20120927,2012-09-27,source_held_in,18,1,axis_2,0.4350162148475647
ses-20120927,2012-09-27,source_held_in,18,2,axis_3,0.13711173832416534
ses-20120927,2012-09-27,source_held_in,18,3,axis_4,0.21360467374324799
ses-20120927,2012-09-27,source_held_in,19,0,axis_1,1.2414253950119019
ses-20120927,2012-09-27,source_held_in,19,1,axis_2,0.2161433845758438
ses-20120927,2012-09-27,source_held_in,19,2,axis_3,-0.022389398887753487
ses-20120927,2012-09-27,source_held_in,19,3,axis_4,0.08434869349002838
ses-20120927,2012-09-27,source_held_in,20,0,axis_1,-1.4787554740905762
ses-20120927,2012-09-27,source_held_in,20,1,axis_2,0.01884492300450802
ses-20120927,2012-09-27,source_held_in,20,2,axis_3,0.02220732718706131
ses-20120927,2012-09-27,source_held_in,20,3,axis_4,0.04954735189676285
ses-20120927,2012-09-27,source_held_in,21,0,axis_1,-1.232713222503662
ses-20120927,2012-09-27,source_held_in,21,1,axis_2,0.03547108173370361
ses-20120927,2012-09-27,source_held_in,21,2,axis_3,-0.16093146800994873
ses-20120927,2012-09-27,source_held_in,21,3,axis_4,-0.05738360434770584
ses-20120927,2012-09-27,source_held_in,22,0,axis_1,0.9773275256156921
ses-20120927,2012-09-27,source_held_in,22,1,axis_2,-0.15663805603981018
ses-20120927,2012-09-27,source_held_in,22,2,axis_3,0.440136581659317
ses-20120927,2012-09-27,source_held_in,22,3,axis_4,0.3611662983894348
ses-20120927,2012-09-27,source_held_in,23,0,axis_1,-0.1423366367816925
ses-20120927,2012-09-27,source_held_in,23,1,axis_2,0.2334556132555008
ses-20120927,2012-09-27,source_held_in,23,2,axis_3,-0.09365610033273697
ses-20120927,2012-09-27,source_held_in,23,3,axis_4,0.09177558124065399
ses-20120927,2012-09-27,source_held_in,24,0,axis_1,5.114352226257324
ses-20120927,2012-09-27,source_held_in,24,1,axis_2,-0.03578966483473778
ses-20120927,2012-09-27,source_held_in,24,2,axis_3,-0.3124336302280426
ses-20120927,2012-09-27,source_held_in,24,3,axis_4,0.4316694140434265
ses-20120927,2012-09-27,source_held_in,25,0,axis_1,4.179626941680908
ses-20120927,2012-09-27,source_held_in,25,1,axis_2,0.21674630045890808
ses-20120927,2012-09-27,source_held_in,25,2,axis_3,-0.33016759157180786
ses-20120927,2012-09-27,source_held_in,25,3,axis_4,0.3619535565376282
ses-20120927,2012-09-27,source_held_in,26,0,axis_1,0.45889800786972046
ses-20120927,2012-09-27,source_held_in,26,1,axis_2,0.07372090220451355
ses-20120927,2012-09-27,source_held_in,26,2,axis_3,-0.06732536107301712
ses-20120927,2012-09-27,source_held_in,26,3,axis_4,0.15492680668830872
ses-20120927,2012-09-27,source_held_in,27,0,axis_1,0.7662702202796936
ses-20120927,2012-09-27,source_held_in,27,1,axis_2,0.09993108361959457
ses-20120927,2012-09-27,source_held_in,27,2,axis_3,-0.14117032289505005
ses-20120927,2012-09-27,source_held_in,27,3,axis_4,0.16732902824878693
ses-20120927,2012-09-27,source_held_in,28,0,axis_1,-2.5603134632110596
ses-20120927,2012-09-27,source_held_in,28,1,axis_2,0.05427682027220726
ses-20120927,2012-09-27,source_held_in,28,2,axis_3,-0.06688139587640762
ses-20120927,2012-09-27,source_held_in,28,3,axis_4,-0.12867864966392517
ses-20120927,2012-09-27,source_held_in,29,0,axis_1,-1.9333395957946777
ses-20120927,2012-09-27,source_held_in,29,1,axis_2,-0.016992205753922462
ses-20120927,2012-09-27,source_held_in,29,2,axis_3,0.08065816760063171
ses-20120927,2012-09-27,source_held_in,29,3,axis_4,-0.03445956110954285
ses-20120927,2012-09-27,source_held_in,30,0,axis_1,-0.47215577960014343
ses-20120927,2012-09-27,source_held_in,30,1,axis_2,0.3022541105747223
ses-20120927,2012-09-27,source_held_in,30,2,axis_3,-0.6875677704811096
ses-20120927,2012-09-27,source_held_in,30,3,axis_4,0.27551618218421936
ses-20120927,2012-09-27,source_held_in,31,0,axis_1,-0.9252896904945374
ses-20120927,2012-09-27,source_held_in,31,1,axis_2,-0.0025669028982520103
ses-20120927,2012-09-27,source_held_in,31,2,axis_3,-0.09632179886102676
ses-20120927,2012-09-27,source_held_in,31,3,axis_4,0.06594471633434296
ses-20120927,2012-09-27,source_held_in,32,0,axis_1,-1.655588984489441
ses-20120927,2012-09-27,source_held_in,32,1,axis_2,0.049238722771406174
ses-20120927,2012-09-27,source_held_in,32,2,axis_3,-0.05532495677471161
ses-20120927,2012-09-27,source_held_in,32,3,axis_4,-0.05932268500328064
ses-20120927,2012-09-27,source_held_in,33,0,axis_1,-3.0081703662872314
ses-20120927,2012-09-27,source_held_in,33,1,axis_2,0.5496505498886108
ses-20120927,2012-09-27,source_held_in,33,2,axis_3,-0.666122555732727
ses-20120927,2012-09-27,source_held_in,33,3,axis_4,-0.3054676949977875
ses-20120927,2012-09-27,source_held_in,34,0,axis_1,-0.9102028012275696
ses-20120927,2012-09-27,source_held_in,34,1,axis_2,-0.1664057821035385
ses-20120927,2012-09-27,source_held_in,34,2,axis_3,0.0037336349487304688
ses-20120927,2012-09-27,source_held_in,34,3,axis_4,0.11606237292289734
ses-20120927,2012-09-27,source_held_in,35,0,axis_1,-0.8693813681602478
ses-20120927,2012-09-27,source_held_in,35,1,axis_2,-0.04505307599902153
ses-20120927,2012-09-27,source_held_in,35,2,axis_3,-0.019691774621605873
ses-20120927,2012-09-27,source_held_in,35,3,axis_4,-0.0005442752153612673
ses-20120927,2012-09-27,source_held_in,36,0,axis_1,-1.3584635257720947
ses-20120927,2012-09-27,source_held_in,36,1,axis_2,0.050256237387657166
ses-20120927,2012-09-27,source_held_in,36,2,axis_3,-0.0056975362822413445
ses-20120927,2012-09-27,source_held_in,36,3,axis_4,0.028273535892367363
ses-20120927,2012-09-27,source_held_in,37,0,axis_1,6.989538192749023
ses-20120927,2012-09-27,source_held_in,37,1,axis_2,0.44861653447151184
ses-20120927,2012-09-27,source_held_in,37,2,axis_3,1.350603699684143
ses-20120927,2012-09-27,source_held_in,37,3,axis_4,0.5795519948005676
ses-20120927,2012-09-27,source_held_in,38,0,axis_1,4.059148788452148
ses-20120927,2012-09-27,source_held_in,38,1,axis_2,1.1366757154464722
ses-20120927,2012-09-27,source_held_in,38,2,axis_3,0.4822272062301636
ses-20120927,2012-09-27,source_held_in,38,3,axis_4,0.25493326783180237
ses-20120927,2012-09-27,source_held_in,39,0,axis_1,0.17614665627479553
ses-20120927,2012-09-27,source_held_in,39,1,axis_2,-0.28392043709754944
ses-20120927,2012-09-27,source_held_in,39,2,axis_3,-0.04462074488401413
ses-20120927,2012-09-27,source_held_in,39,3,axis_4,0.18249738216400146
ses-20120927,2012-09-27,source_held_in,40,0,axis_1,3.1003239154815674
ses-20120927,2012-09-27,source_held_in,40,1,axis_2,-0.14955662190914154
ses-20120927,2012-09-27,source_held_in,40,2,axis_3,-0.17421726882457733
ses-20120927,2012-09-27,source_held_in,40,3,axis_4,0.25727611780166626
ses-20120927,2012-09-27,source_held_in,41,0,axis_1,-0.29451555013656616
ses-20120927,2012-09-27,source_held_in,41,1,axis_2,0.14492538571357727
ses-20120927,2012-09-27,source_held_in,41,2,axis_3,-0.06902436912059784
ses-20120927,2012-09-27,source_held_in,41,3,axis_4,0.10760905593633652
ses-20120927,2012-09-27,source_held_in,42,0,axis_1,-0.2820125222206116
ses-20120927,2012-09-27,source_held_in,42,1,axis_2,-0.021691545844078064
ses-20120927,2012-09-27,source_held_in,42,2,axis_3,-0.022358538582921028
ses-20120927,2012-09-27,source_held_in,42,3,axis_4,0.12597094476222992
ses-20120927,2012-09-27,source_held_in,43,0,axis_1,-1.1513656377792358
ses-20120927,2012-09-27,source_held_in,43,1,axis_2,0.3198554515838623
ses-20120927,2012-09-27,source_held_in,43,2,axis_3,-0.6185864806175232
ses-20120927,2012-09-27,source_held_in,43,3,axis_4,-0.06023714318871498
ses-20120927,2012-09-27,source_held_in,44,0,axis_1,0.009616974741220474
ses-20120927,2012-09-27,source_held_in,44,1,axis_2,0.26235175132751465
ses-20120927,2012-09-27,source_held_in,44,2,axis_3,0.1380143165588379
ses-20120927,2012-09-27,source_held_in,44,3,axis_4,0.2142149955034256
ses-20120927,2012-09-27,source_held_in,45,0,axis_1,-0.6505109667778015
ses-20120927,2012-09-27,source_held_in,45,1,axis_2,-0.14449241757392883
ses-20120927,2012-09-27,source_held_in,45,2,axis_3,0.0015125727513805032
ses-20120927,2012-09-27,source_held_in,45,3,axis_4,0.025056937709450722
ses-20120927,2012-09-27,source_held_in,46,0,axis_1,-0.3624427616596222
ses-20120927,2012-09-27,source_held_in,46,1,axis_2,0.16070444881916046
ses-20120927,2012-09-27,source_held_in,46,2,axis_3,0.060399703681468964
ses-20120927,2012-09-27,source_held_in,46,3,axis_4,0.05877513810992241
ses-20120927,2012-09-27,source_held_in,47,0,axis_1,-1.7181590795516968
ses-20120927,2012-09-27,source_held_in,47,1,axis_2,-0.050986792892217636
ses-20120927,2012-09-27,source_held_in,47,2,axis_3,0.0565660260617733
ses-20120927,2012-09-27,source_held_in,47,3,axis_4,0.012997681275010109
ses-20120927,2012-09-27,source_held_in,48,0,axis_1,-2.0235421657562256
ses-20120927,2012-09-27,source_held_in,48,1,axis_2,-0.08380498737096786
ses-20120927,2012-09-27,source_held_in,48,2,axis_3,0.03517664596438408
ses-20120927,2012-09-27,source_held_in,48,3,axis_4,-0.009588615968823433
ses-20120927,2012-09-27,source_held_in,49,0,axis_1,-1.1565721035003662
ses-20120927,2012-09-27,source_held_in,49,1,axis_2,-0.3985634446144104
ses-20120927,2012-09-27,source_held_in,49,2,axis_3,0.12682057917118073
ses-20120927,2012-09-27,source_held_in,49,3,axis_4,0.029849205166101456
ses-20120927,2012-09-27,source_held_in,50,0,axis_1,-1.103537917137146
ses-20120927,2012-09-27,source_held_in,50,1,axis_2,0.8726176023483276
ses-20120927,2012-09-27,source_held_in,50,2,axis_3,0.19079096615314484
ses-20120927,2012-09-27,source_held_in,50,3,axis_4,-0.009989190846681595
ses-20120927,2012-09-27,source_held_in,51,0,axis_1,1.308066725730896
ses-20120927,2012-09-27,source_held_in,51,1,axis_2,0.3812728822231293
ses-20120927,2012-09-27,source_held_in,51,2,axis_3,-0.028106877580285072
ses-20120927,2012-09-27,source_held_in,51,3,axis_4,0.09281668066978455
ses-20120927,2012-09-27,source_held_in,52,0,axis_1,-0.8366702198982239
ses-20120927,2012-09-27,source_held_in,52,1,axis_2,-0.055654752999544144
ses-20120927,2012-09-27,source_held_in,52,2,axis_3,-0.05736807733774185
ses-20120927,2012-09-27,source_held_in,52,3,axis_4,0.06620430201292038
ses-20120927,2012-09-27,source_held_in,53,0,axis_1,-1.0013446807861328
ses-20120927,2012-09-27,source_held_in,53,1,axis_2,-0.14417457580566406
ses-20120927,2012-09-27,source_held_in,53,2,axis_3,-0.012487843632698059
ses-20120927,2012-09-27,source_held_in,53,3,axis_4,0.11608760803937912
ses-20120927,2012-09-27,source_held_in,54,0,axis_1,-1.5707803964614868
ses-20120927,2012-09-27,source_held_in,54,1,axis_2,-0.05101736634969711
ses-20120927,2012-09-27,source_held_in,54,2,axis_3,0.0052856639958918095
ses-20120927,2012-09-27,source_held_in,54,3,axis_4,0.0023523522540926933
ses-20120927,2012-09-27,source_held_in,55,0,axis_1,1.1202096939086914
ses-20120927,2012-09-27,source_held_in,55,1,axis_2,0.1495598703622818
ses-20120927,2012-09-27,source_held_in,55,2,axis_3,0.43291327357292175
ses-20120927,2012-09-27,source_held_in,55,3,axis_4,0.03349083289504051
ses-20120927,2012-09-27,source_held_in,56,0,axis_1,-0.6790910363197327
ses-20120927,2012-09-27,source_held_in,56,1,axis_2,-0.019201010465621948
ses-20120927,2012-09-27,source_held_in,56,2,axis_3,-0.05425569787621498
ses-20120927,2012-09-27,source_held_in,56,3,axis_4,0.07603724300861359
ses-20120927,2012-09-27,source_held_in,57,0,axis_1,-0.43384262919425964
ses-20120927,2012-09-27,source_held_in,57,1,axis_2,0.07126594334840775
ses-20120927,2012-09-27,source_held_in,57,2,axis_3,-0.1193121150135994
ses-20120927,2012-09-27,source_held_in,57,3,axis_4,0.12702545523643494
ses-20120927,2012-09-27,source_held_in,58,0,axis_1,-1.7299692630767822
ses-20120927,2012-09-27,source_held_in,58,1,axis_2,0.021824248135089874
ses-20120927,2012-09-27,source_held_in,58,2,axis_3,0.04543759301304817
ses-20120927,2012-09-27,source_held_in,58,3,axis_4,-0.028844239190220833
ses-20120927,2012-09-27,source_held_in,59,0,axis_1,-1.49167001247406
ses-20120927,2012-09-27,source_held_in,59,1,axis_2,0.036892589181661606
ses-20120927,2012-09-27,source_held_in,59,2,axis_3,0.019262798130512238
ses-20120927,2012-09-27,source_held_in,59,3,axis_4,0.04622979089617729
ses-20120927,2012-09-27,source_held_in,60,0,axis_1,0.8792321681976318
ses-20120927,2012-09-27,source_held_in,60,1,axis_2,-0.330230176448822
ses-20120927,2012-09-27,source_held_in,60,2,axis_3,-0.22777217626571655
ses-20120927,2012-09-27,source_held_in,60,3,axis_4,0.1098720133304596
ses-20120927,2012-09-27,source_held_in,61,0,axis_1,-0.5011276602745056
ses-20120927,2012-09-27,source_held_in,61,1,axis_2,-0.1063847616314888
ses-20120927,2012-09-27,source_held_in,61,2,axis_3,-0.04619468376040459
ses-20120927,2012-09-27,source_held_in,61,3,axis_4,0.15122461318969727
ses-20120927,2012-09-27,source_held_in,62,0,axis_1,-1.7642195224761963
ses-20120927,2012-09-27,source_held_in,62,1,axis_2,-0.052436403930187225
ses-20120927,2012-09-27,source_held_in,62,2,axis_3,0.01584823615849018
ses-20120927,2012-09-27,source_held_in,62,3,axis_4,-0.02780340053141117
ses-20120927,2012-09-27,source_held_in,63,0,axis_1,-2.0223312377929688
ses-20120927,2012-09-27,source_held_in,63,1,axis_2,-0.12563104927539825
ses-20120927,2012-09-27,source_held_in,63,2,axis_3,0.038954250514507294
ses-20120927,2012-09-27,source_held_in,63,3,axis_4,-0.026279576122760773
ses-20120928,2012-09-28,source_held_in,0,0,axis_1,-1.1881539821624756
ses-20120928,2012-09-28,source_held_in,0,1,axis_2,-0.21063856780529022
ses-20120928,2012-09-28,source_held_in,0,2,axis_3,-0.03030412271618843
ses-20120928,2012-09-28,source_held_in,0,3,axis_4,0.060128867626190186
ses-20120928,2012-09-28,source_held_in,1,0,axis_1,-0.8419008851051331
ses-20120928,2012-09-28,source_held_in,1,1,axis_2,-0.08445119112730026
ses-20120928,2012-09-28,source_held_in,1,2,axis_3,0.011498771607875824
ses-20120928,2012-09-28,source_held_in,1,3,axis_4,0.11814046651124954
ses-20120928,2012-09-28,source_held_in,2,0,axis_1,-1.634493112564087
ses-20120928,2012-09-28,source_held_in,2,1,axis_2,-0.10221536457538605
ses-20120928,2012-09-28,source_held_in,2,2,axis_3,0.048620931804180145
ses-20120928,2012-09-28,source_held_in,2,3,axis_4,0.056602608412504196
ses-20120928,2012-09-28,source_held_in,3,0,axis_1,1.2907733917236328
ses-20120928,2012-09-28,source_held_in,3,1,axis_2,0.1401996612548828
ses-20120928,2012-09-28,source_held_in,3,2,axis_3,0.12181510031223297
ses-20120928,2012-09-28,source_held_in,3,3,axis_4,0.37010127305984497
ses-20120928,2012-09-28,source_held_in,4,0,axis_1,0.6527374386787415
ses-20120928,2012-09-28,source_held_in,4,1,axis_2,-0.5988167524337769
ses-20120928,2012-09-28,source_held_in,4,2,axis_3,0.25287920236587524
ses-20120928,2012-09-28,source_held_in,4,3,axis_4,0.320541650056839
ses-20120928,2012-09-28,source_held_in,5,0,axis_1,-1.0463755130767822
ses-20120928,2012-09-28,source_held_in,5,1,axis_2,-0.3734576404094696
ses-20120928,2012-09-28,source_held_in,5,2,axis_3,0.05523168668150902
ses-20120928,2012-09-28,source_held_in,5,3,axis_4,0.08912057429552078
ses-20120928,2012-09-28,source_held_in,6,0,axis_1,1.0912868976593018
ses-20120928,2012-09-28,source_held_in,6,1,axis_2,0.3864418566226959
ses-20120928,2012-09-28,source_held_in,6,2,axis_3,0.4312925636768341
ses-20120928,2012-09-28,source_held_in,6,3,axis_4,0.4628909230232239
ses-20120928,2012-09-28,source_held_in,7,0,axis_1,-0.21174687147140503
ses-20120928,2012-09-28,source_held_in,7,1,axis_2,0.5646306872367859
ses-20120928,2012-09-28,source_held_in,7,2,axis_3,0.16962610185146332
ses-20120928,2012-09-28,source_held_in,7,3,axis_4,0.2481333315372467
ses-20120928,2012-09-28,source_held_in,8,0,axis_1,-1.062621831893921
ses-20120928,2012-09-28,source_held_in,8,1,axis_2,0.06117013096809387
ses-20120928,2012-09-28,source_held_in,8,2,axis_3,0.020401880145072937
ses-20120928,2012-09-28,source_held_in,8,3,axis_4,0.10859103500843048
ses-20120928,2012-09-28,source_held_in,9,0,axis_1,-0.717422366142273
ses-20120928,2012-09-28,source_held_in,9,1,axis_2,-0.040225718170404434
ses-20120928,2012-09-28,source_held_in,9,2,axis_3,0.1133938729763031
ses-20120928,2012-09-28,source_held_in,9,3,axis_4,0.06667305529117584
ses-20120928,2012-09-28,source_held_in,10,0,axis_1,0.07914821803569794
ses-20120928,2012-09-28,source_held_in,10,1,axis_2,0.027959628030657768
ses-20120928,2012-09-28,source_held_in,10,2,axis_3,-0.11565078794956207
ses-20120928,2012-09-28,source_held_in,10,3,axis_4,0.2354687750339508
ses-20120928,2012-09-28,source_held_in,11,0,axis_1,-0.6409765481948853
ses-20120928,2012-09-28,source_held_in,11,1,axis_2,-0.15812966227531433
ses-20120928,2012-09-28,source_held_in,11,2,axis_3,-0.06243794783949852
ses-20120928,2012-09-28,source_held_in,11,3,axis_4,0.14986294507980347
ses-20120928,2012-09-28,source_held_in,12,0,axis_1,-1.7790580987930298
ses-20120928,2012-09-28,source_held_in,12,1,axis_2,-0.18539884686470032
ses-20120928,2012-09-28,source_held_in,12,2,axis_3,0.23407591879367828
ses-20120928,2012-09-28,source_held_in,12,3,axis_4,-0.23022110760211945
ses-20120928,2012-09-28,source_held_in,13,0,axis_1,-1.4171777963638306
ses-20120928,2012-09-28,source_held_in,13,1,axis_2,-0.29661887884140015
ses-20120928,2012-09-28,source_held_in,13,2,axis_3,0.12450401484966278
ses-20120928,2012-09-28,source_held_in,13,3,axis_4,0.05810876563191414
ses-20120928,2012-09-28,source_held_in,14,0,axis_1,-1.7881441116333008
ses-20120928,2012-09-28,source_held_in,14,1,axis_2,-0.0811702087521553
ses-20120928,2012-09-28,source_held_in,14,2,axis_3,0.06274805217981339
ses-20120928,2012-09-28,source_held_in,14,3,axis_4,0.02209211327135563
ses-20120928,2012-09-28,source_held_in,15,0,axis_1,0.27261871099472046
ses-20120928,2012-09-28,source_held_in,15,1,axis_2,0.00719487527385354
ses-20120928,2012-09-28,source_held_in,15,2,axis_3,-0.04873662441968918
ses-20120928,2012-09-28,source_held_in,15,3,axis_4,0.2857104539871216
ses-20120928,2012-09-28,source_held_in,16,0,axis_1,-1.5911457538604736
ses-20120928,2012-09-28,source_held_in,16,1,axis_2,-0.1439928412437439
ses-20120928,2012-09-28,source_held_in,16,2,axis_3,-0.016628263518214226
ses-20120928,2012-09-28,source_held_in,16,3,axis_4,-0.001161355641670525
ses-20120928,2012-09-28,source_held_in,17,0,axis_1,-0.3288351893424988
ses-20120928,2012-09-28,source_held_in,17,1,axis_2,0.9438887238502502
ses-20120928,2012-09-28,source_held_in,17,2,axis_3,-0.3365398645401001
ses-20120928,2012-09-28,source_held_in,17,3,axis_4,0.07204334437847137
ses-20120928,2012-09-28,source_held_in,18,0,axis_1,-0.5570157170295715
ses-20120928,2012-09-28,source_held_in,18,1,axis_2,0.2727659344673157
ses-20120928,2012-09-28,source_held_in,18,2,axis_3,0.06224331632256508
ses-20120928,2012-09-28,source_held_in,18,3,axis_4,-0.02685435488820076
ses-20120928,2012-09-28,source_held_in,19,0,axis_1,0.6766308546066284
ses-20120928,2012-09-28,source_held_in,19,1,axis_2,-0.38366231322288513
ses-20120928,2012-09-28,source_held_in,19,2,axis_3,-0.2131192684173584
ses-20120928,2012-09-28,source_held_in,19,3,axis_4,0.20874817669391632
ses-20120928,2012-09-28,source_held_in,20,0,axis_1,-1.0849181413650513
ses-20120928,2012-09-28,source_held_in,20,1,axis_2,-0.35776373744010925
ses-20120928,2012-09-28,source_held_in,20,2,axis_3,0.010277342982590199
ses-20120928,2012-09-28,source_held_in,20,3,axis_4,0.079335518181324
ses-20120928,2012-09-28,source_held_in,21,0,axis_1,-0.6812936663627625
ses-20120928,2012-09-28,source_held_in,21,1,axis_2,0.008301250636577606
ses-20120928,2012-09-28,source_held_in,21,2,axis_3,-0.09369542449712753
ses-20120928,2012-09-28,source_held_in,21,3,axis_4,0.014918113127350807
ses-20120928,2012-09-28,source_held_in,22,0,axis_1,-0.36869189143180847
ses-20120928,2012-09-28,source_held_in,22,1,axis_2,0.2363806515932083
ses-20120928,2012-09-28,source_held_in,22,2,axis_3,0.06626158207654953
ses-20120928,2012-09-28,source_held_in,22,3,axis_4,0.11406503617763519
ses-20120928,2012-09-28,source_held_in,23,0,axis_1,-2.352320671081543
ses-20120928,2012-09-28,source_held_in,23,1,axis_2,0.03343387693166733
ses-20120928,2012-09-28,source_held_in,23,2,axis_3,-0.18882425129413605
ses-20120928,2012-09-28,source_held_in,23,3,axis_4,-0.1302117258310318
ses-20120928,2012-09-28,source_held_in,24,0,axis_1,1.9971096515655518
ses-20120928,2012-09-28,source_held_in,24,1,axis_2,-0.09255634248256683
ses-20120928,2012-09-28,source_held_in,24,2,axis_3,-0.4050695300102234
ses-20120928,2012-09-28,source_held_in,24,3,axis_4,0.31660106778144836
ses-20120928,2012-09-28,source_held_in,25,0,axis_1,1.989606261253357
ses-20120928,2012-09-28,source_held_in,25,1,axis_2,-0.2989759147167206
ses-20120928,2012-09-28,source_held_in,25,2,axis_3,-0.3163427710533142
ses-20120928,2012-09-28,source_held_in,25,3,axis_4,0.2287878841161728
ses-20120928,2012-09-28,source_held_in,26,0,axis_1,-0.8527918457984924
ses-20120928,2012-09-28,source_held_in,26,1,axis_2,-0.09118932485580444
ses-20120928,2012-09-28,source_held_in,26,2,axis_3,-0.0066610765643417835
ses-20120928,2012-09-28,source_held_in,26,3,axis_4,0.09384401887655258
ses-20120928,2012-09-28,source_held_in,27,0,axis_1,-0.31995612382888794
ses-20120928,2012-09-28,source_held_in,27,1,axis_2,-0.07277315109968185
ses-20120928,2012-09-28,source_held_in,27,2,axis_3,-0.06346803903579712
ses-20120928,2012-09-28,source_held_in,27,3,axis_4,0.08160287141799927
ses-20120928,2012-09-28,source_held_in,28,0,axis_1,-2.424778938293457
ses-20120928,2012-09-28,source_held_in,28,1,axis_2,0.07267497479915619
ses-20120928,2012-09-28,source_held_in,28,2,axis_3,-0.1760755479335785
ses-20120928,2012-09-28,source_held_in,28,3,axis_4,-0.1331067532300949
ses-20120928,2012-09-28,source_held_in,29,0,axis_1,-1.9618107080459595
ses-20120928,2012-09-28,source_held_in,29,1,axis_2,0.006344848778098822
ses-20120928,2012-09-28,source_held_in,29,2,axis_3,0.06465642899274826
ses-20120928,2012-09-28,source_held_in,29,3,axis_4,0.008147693239152431
ses-20120928,2012-09-28,source_held_in,30,0,axis_1,-0.5937665700912476
ses-20120928,2012-09-28,source_held_in,30,1,axis_2,-0.11285031586885452
ses-20120928,2012-09-28,source_held_in,30,2,axis_3,-0.6346077919006348
ses-20120928,2012-09-28,source_held_in,30,3,axis_4,0.299410343170166
ses-20120928,2012-09-28,source_held_in,31,0,axis_1,-0.42222243547439575
ses-20120928,2012-09-28,source_held_in,31,1,axis_2,-0.058070212602615356
ses-20120928,2012-09-28,source_held_in,31,2,axis_3,-0.35070106387138367
ses-20120928,2012-09-28,source_held_in,31,3,axis_4,0.11948918551206589
ses-20120928,2012-09-28,source_held_in,32,0,axis_1,-1.6780500411987305
ses-20120928,2012-09-28,source_held_in,32,1,axis_2,-0.09454850107431412
ses-20120928,2012-09-28,source_held_in,32,2,axis_3,0.04966234043240547
ses-20120928,2012-09-28,source_held_in,32,3,axis_4,0.027221735566854477
ses-20120928,2012-09-28,source_held_in,33,0,axis_1,-3.061037540435791
ses-20120928,2012-09-28,source_held_in,33,1,axis_2,0.49920713901519775
ses-20120928,2012-09-28,source_held_in,33,2,axis_3,-1.0264064073562622
ses-20120928,2012-09-28,source_held_in,33,3,axis_4,-0.22695648670196533
ses-20120928,2012-09-28,source_held_in,34,0,axis_1,-0.14559051394462585
ses-20120928,2012-09-28,source_held_in,34,1,axis_2,-0.46068599820137024
ses-20120928,2012-09-28,source_held_in,34,2,axis_3,0.1286330670118332
ses-20120928,2012-09-28,source_held_in,34,3,axis_4,0.16505153477191925
ses-20120928,2012-09-28,source_held_in,35,0,axis_1,-1.2460304498672485
ses-20120928,2012-09-28,source_held_in,35,1,axis_2,0.19433040916919708
ses-20120928,2012-09-28,source_held_in,35,2,axis_3,-0.28213948011398315
ses-20120928,2012-09-28,source_held_in,35,3,axis_4,0.15631850063800812
ses-20120928,2012-09-28,source_held_in,36,0,axis_1,0.5748943090438843
ses-20120928,2012-09-28,source_held_in,36,1,axis_2,-0.1965733915567398
ses-20120928,2012-09-28,source_held_in,36,2,axis_3,-0.18877972662448883
ses-20120928,2012-09-28,source_held_in,36,3,axis_4,0.22529923915863037
ses-20120928,2012-09-28,source_held_in,37,0,axis_1,-1.1642837524414062
ses-20120928,2012-09-28,source_held_in,37,1,axis_2,0.7577604055404663
ses-20120928,2012-09-28,source_held_in,37,2,axis_3,0.98648601770401
ses-20120928,2012-09-28,source_held_in,37,3,axis_4,0.15136933326721191
ses-20120928,2012-09-28,source_held_in,38,0,axis_1,-0.40055301785469055
ses-20120928,2012-09-28,source_held_in,38,1,axis_2,1.3178155422210693
ses-20120928,2012-09-28,source_held_in,38,2,axis_3,0.5400840044021606
ses-20120928,2012-09-28,source_held_in,38,3,axis_4,0.0999356210231781
ses-20120928,2012-09-28,source_held_in,39,0,axis_1,3.6728525161743164
ses-20120928,2012-09-28,source_held_in,39,1,axis_2,-1.3918143510818481
ses-20120928,2012-09-28,source_held_in,39,2,axis_3,-0.19823358952999115
ses-20120928,2012-09-28,source_held_in,39,3,axis_4,0.4324769377708435
ses-20120928,2012-09-28,source_held_in,40,0,axis_1,0.9691404700279236
ses-20120928,2012-09-28,source_held_in,40,1,axis_2,-0.4987931251525879
ses-20120928,2012-09-28,source_held_in,40,2,axis_3,-0.5159574151039124
ses-20120928,2012-09-28,source_held_in,40,3,axis_4,0.21123529970645905
ses-20120928,2012-09-28,source_held_in,41,0,axis_1,1.955435872077942
ses-20120928,2012-09-28,source_held_in,41,1,axis_2,-0.150679349899292
ses-20120928,2012-09-28,source_held_in,41,2,axis_3,-0.592496931552887
ses-20120928,2012-09-28,source_held_in,41,3,axis_4,0.2219332456588745
ses-20120928,2012-09-28,source_held_in,42,0,axis_1,0.6636876463890076
ses-20120928,2012-09-28,source_held_in,42,1,axis_2,-0.5331270694732666
ses-20120928,2012-09-28,source_held_in,42,2,axis_3,-0.2962013781070709
ses-20120928,2012-09-28,source_held_in,42,3,axis_4,0.11820049583911896
ses-20120928,2012-09-28,source_held_in,43,0,axis_1,0.35447001457214355
ses-20120928,2012-09-28,source_held_in,43,1,axis_2,-0.07563981413841248
ses-20120928,2012-09-28,source_held_in,43,2,axis_3,-0.22722740471363068
ses-20120928,2012-09-28,source_held_in,43,3,axis_4,0.25264498591423035
ses-20120928,2012-09-28,source_held_in,44,0,axis_1,-1.418036937713623
ses-20120928,2012-09-28,source_held_in,44,1,axis_2,0.13079600036144257
ses-20120928,2012-09-28,source_held_in,44,2,axis_3,-0.0018777049845084548
ses-20120928,2012-09-28,source_held_in,44,3,axis_4,0.07497366517782211
ses-20120928,2012-09-28,source_held_in,45,0,axis_1,-1.2994035482406616
ses-20120928,2012-09-28,source_held_in,45,1,axis_2,-0.13764609396457672
ses-20120928,2012-09-28,source_held_in,45,2,axis_3,0.057470958679914474
ses-20120928,2012-09-28,source_held_in,45,3,axis_4,0.0047308458015322685
ses-20120928,2012-09-28,source_held_in,46,0,axis_1,-1.1434688568115234
ses-20120928,2012-09-28,source_held_in,46,1,axis_2,-0.07925471663475037
ses-20120928,2012-09-28,source_held_in,46,2,axis_3,-0.01837601326406002
ses-20120928,2012-09-28,source_held_in,46,3,axis_4,-0.007098720408976078
ses-20120928,2012-09-28,source_held_in,47,0,axis_1,-1.7882866859436035
ses-20120928,2012-09-28,source_held_in,47,1,axis_2,-0.02294609509408474
ses-20120928,2012-09-28,source_held_in,47,2,axis_3,0.052031222730875015
ses-20120928,2012-09-28,source_held_in,47,3,axis_4,8.551887731300667e-05
ses-20120928,2012-09-28,source_held_in,48,0,axis_1,0.03391628712415695
ses-20120928,2012-09-28,source_held_in,48,1,axis_2,-0.6525598168373108
ses-20120928,2012-09-28,source_held_in,48,2,axis_3,0.032718826085329056
ses-20120928,2012-09-28,source_held_in,48,3,axis_4,0.036925993859767914
ses-20120928,2012-09-28,source_held_in,49,0,axis_1,5.149866580963135
ses-20120928,2012-09-28,source_held_in,49,1,axis_2,-2.596400499343872
ses-20120928,2012-09-28,source_held_in,49,2,axis_3,1.0083585977554321
ses-20120928,2012-09-28,source_held_in,49,3,axis_4,0.43786782026290894
ses-20120928,2012-09-28,source_held_in,50,0,axis_1,-1.779597520828247
ses-20120928,2012-09-28,source_held_in,50,1,axis_2,-0.822170615196228
ses-20120928,2012-09-28,source_held_in,50,2,axis_3,-0.66001296043396
ses-20120928,2012-09-28,source_held_in,50,3,axis_4,0.2483416497707367
ses-20120928,2012-09-28,source_held_in,51,0,axis_1,0.04957234486937523
ses-20120928,2012-09-28,source_held_in,51,1,axis_2,0.11099836230278015
ses-20120928,2012-09-28,source_held_in,51,2,axis_3,0.06228244677186012
ses-20120928,2012-09-28,source_held_in,51,3,axis_4,0.22937771677970886
ses-20120928,2012-09-28,source_held_in,52,0,axis_1,-1.656367540359497
ses-20120928,2012-09-28,source_held_in,52,1,axis_2,-0.06581666320562363
ses-20120928,2012-09-28,source_held_in,52,2,axis_3,0.0052800229750573635
ses-20120928,2012-09-28,source_held_in,52,3,axis_4,0.035212211310863495
ses-20120928,2012-09-28,source_held_in,53,0,axis_1,-1.5677177906036377
ses-20120928,2012-09-28,source_held_in,53,1,axis_2,-0.024967839941382408
ses-20120928,2012-09-28,source_held_in,53,2,axis_3,-0.017668556421995163
ses-20120928,2012-09-28,source_held_in,53,3,axis_4,-0.057595144957304
ses-20120928,2012-09-28,source_held_in,54,0,axis_1,-1.4381747245788574
ses-20120928,2012-09-28,source_held_in,54,1,axis_2,-0.13511890172958374
ses-20120928,2012-09-28,source_held_in,54,2,axis_3,-0.037253379821777344
ses-20120928,2012-09-28,source_held_in,54,3,axis_4,0.05073123052716255
ses-20120928,2012-09-28,source_held_in,55,0,axis_1,0.33776047825813293
ses-20120928,2012-09-28,source_held_in,55,1,axis_2,-0.12946747243404388
ses-20120928,2012-09-28,source_held_in,55,2,axis_3,-0.4659997224807739
ses-20120928,2012-09-28,source_held_in,55,3,axis_4,0.07090182602405548
ses-20120928,2012-09-28,source_held_in,56,0,axis_1,-1.237980604171753
ses-20120928,2012-09-28,source_held_in,56,1,axis_2,-0.08720654994249344
ses-20120928,2012-09-28,source_held_in,56,2,axis_3,0.014232982881367207
ses-20120928,2012-09-28,source_held_in,56,3,axis_4,0.024071745574474335
ses-20120928,2012-09-28,source_held_in,57,0,axis_1,-1.1059926748275757
ses-20120928,2012-09-28,source_held_in,57,1,axis_2,-0.07584097236394882
ses-20120928,2012-09-28,source_held_in,57,2,axis_3,0.00645818654447794
ses-20120928,2012-09-28,source_held_in,57,3,axis_4,0.03404625877737999
ses-20120928,2012-09-28,source_held_in,58,0,axis_1,-0.339643269777298
ses-20120928,2012-09-28,source_held_in,58,1,axis_2,-0.3553854823112488
ses-20120928,2012-09-28,source_held_in,58,2,axis_3,-0.11232079565525055
ses-20120928,2012-09-28,source_held_in,58,3,axis_4,0.14591939747333527
ses-20120928,2012-09-28,source_held_in,59,0,axis_1,-1.7627328634262085
ses-20120928,2012-09-28,source_held_in,59,1,axis_2,-0.033200230449438095
ses-20120928,2012-09-28,source_held_in,59,2,axis_3,0.0402522049844265
ses-20120928,2012-09-28,source_held_in,59,3,axis_4,0.03081243485212326
ses-20120928,2012-09-28,source_held_in,60,0,axis_1,0.9298190474510193
ses-20120928,2012-09-28,source_held_in,60,1,axis_2,-0.6102176904678345
ses-20120928,2012-09-28,source_held_in,60,2,axis_3,-0.4734792113304138
ses-20120928,2012-09-28,source_held_in,60,3,axis_4,0.03802391514182091
ses-20120928,2012-09-28,source_held_in,61,0,axis_1,-1.1584233045578003
ses-20120928,2012-09-28,source_held_in,61,1,axis_2,-0.251373291015625
ses-20120928,2012-09-28,source_held_in,61,2,axis_3,0.01602315716445446
ses-20120928,2012-09-28,source_held_in,61,3,axis_4,0.09748851507902145
ses-20120928,2012-09-28,source_held_in,62,0,axis_1,-2.0457968711853027
ses-20120928,2012-09-28,source_held_in,62,1,axis_2,-0.05444517731666565
ses-20120928,2012-09-28,source_held_in,62,2,axis_3,0.06342178583145142
ses-20120928,2012-09-28,source_held_in,62,3,axis_4,0.034712519496679306
ses-20120928,2012-09-28,source_held_in,63,0,axis_1,-2.047771692276001
ses-20120928,2012-09-28,source_held_in,63,1,axis_2,-0.08759721368551254
ses-20120928,2012-09-28,source_held_in,63,2,axis_3,0.057923827320337296
ses-20120928,2012-09-28,source_held_in,63,3,axis_4,-0.014590165577828884
20121004,2012-10-04,held_out,0,0,axis_1,-0.4768921732902527
20121004,2012-10-04,held_out,0,1,axis_2,0.12107373774051666
20121004,2012-10-04,held_out,0,2,axis_3,0.06926722079515457
20121004,2012-10-04,held_out,0,3,axis_4,-0.02210935205221176
20121004,2012-10-04,held_out,1,0,axis_1,-1.5570847988128662
20121004,2012-10-04,held_out,1,1,axis_2,-0.03260704129934311
20121004,2012-10-04,held_out,1,2,axis_3,0.1854049265384674
20121004,2012-10-04,held_out,1,3,axis_4,0.09398870915174484
20121004,2012-10-04,held_out,2,0,axis_1,-1.2397390604019165
20121004,2012-10-04,held_out,2,1,axis_2,-0.009299811907112598
20121004,2012-10-04,held_out,2,2,axis_3,0.09427301585674286
20121004,2012-10-04,held_out,2,3,axis_4,-0.11168099194765091
20121004,2012-10-04,held_out,3,0,axis_1,1.6302037239074707
20121004,2012-10-04,held_out,3,1,axis_2,0.6138589382171631
20121004,2012-10-04,held_out,3,2,axis_3,0.8434044718742371
20121004,2012-10-04,held_out,3,3,axis_4,-0.1030270904302597
20121004,2012-10-04,held_out,4,0,axis_1,-1.7801475524902344
20121004,2012-10-04,held_out,4,1,axis_2,-0.08851269632577896
20121004,2012-10-04,held_out,4,2,axis_3,0.14267708361148834
20121004,2012-10-04,held_out,4,3,axis_4,-0.028549207374453545
20121004,2012-10-04,held_out,5,0,axis_1,-1.7986406087875366
20121004,2012-10-04,held_out,5,1,axis_2,-0.2488410919904709
20121004,2012-10-04,held_out,5,2,axis_3,0.06501050293445587
20121004,2012-10-04,held_out,5,3,axis_4,0.0021859980188310146
20121004,2012-10-04,held_out,6,0,axis_1,0.9783366322517395
20121004,2012-10-04,held_out,6,1,axis_2,1.671699047088623
20121004,2012-10-04,held_out,6,2,axis_3,0.9469590187072754
20121004,2012-10-04,held_out,6,3,axis_4,0.21432340145111084
20121004,2012-10-04,held_out,7,0,axis_1,5.172750949859619
20121004,2012-10-04,held_out,7,1,axis_2,1.8644903898239136
20121004,2012-10-04,held_out,7,2,axis_3,1.2401107549667358
20121004,2012-10-04,held_out,7,3,axis_4,0.20832747220993042
20121004,2012-10-04,held_out,8,0,axis_1,1.9723851680755615
20121004,2012-10-04,held_out,8,1,axis_2,0.43950316309928894
20121004,2012-10-04,held_out,8,2,axis_3,0.4360755980014801
20121004,2012-10-04,held_out,8,3,axis_4,-0.14459602534770966
20121004,2012-10-04,held_out,9,0,axis_1,1.463372826576233
20121004,2012-10-04,held_out,9,1,axis_2,0.3410604000091553
20121004,2012-10-04,held_out,9,2,axis_3,0.30792438983917236
20121004,2012-10-04,held_out,9,3,axis_4,-0.024867234751582146
20121004,2012-10-04,held_out,10,0,axis_1,2.6652238368988037
20121004,2012-10-04,held_out,10,1,axis_2,-0.13839849829673767
20121004,2012-10-04,held_out,10,2,axis_3,0.12977512180805206
20121004,2012-10-04,held_out,10,3,axis_4,-0.06727542728185654
20121004,2012-10-04,held_out,11,0,axis_1,1.2979726791381836
20121004,2012-10-04,held_out,11,1,axis_2,0.29130861163139343
20121004,2012-10-04,held_out,11,2,axis_3,0.3280549943447113
20121004,2012-10-04,held_out,11,3,axis_4,-0.0745229721069336
20121004,2012-10-04,held_out,12,0,axis_1,0.4656439423561096
20121004,2012-10-04,held_out,12,1,axis_2,-0.2707616984844208
20121004,2012-10-04,held_out,12,2,axis_3,0.349163681268692
20121004,2012-10-04,held_out,12,3,axis_4,0.1598769873380661
20121004,2012-10-04,held_out,13,0,axis_1,0.19594374299049377
20121004,2012-10-04,held_out,13,1,axis_2,-0.07938869297504425
20121004,2012-10-04,held_out,13,2,axis_3,0.023684056475758553
20121004,2012-10-04,held_out,13,3,axis_4,-0.08819368481636047
20121004,2012-10-04,held_out,14,0,axis_1,0.2269686907529831
20121004,2012-10-04,held_out,14,1,axis_2,0.39507797360420227
20121004,2012-10-04,held_out,14,2,axis_3,0.3004448115825653
20121004,2012-10-04,held_out,14,3,axis_4,-0.004243357572704554
20121004,2012-10-04,held_out,15,0,axis_1,-1.881449580192566
20121004,2012-10-04,held_out,15,1,axis_2,-0.09422902017831802
20121004,2012-10-04,held_out,15,2,axis_3,0.11174511909484863
20121004,2012-10-04,held_out,15,3,axis_4,-0.04420042783021927
20121004,2012-10-04,held_out,16,0,axis_1,-1.8034312725067139
20121004,2012-10-04,held_out,16,1,axis_2,-0.04153142496943474
20121004,2012-10-04,held_out,16,2,axis_3,0.10956090688705444
20121004,2012-10-04,held_out,16,3,axis_4,-0.04004104435443878
20121004,2012-10-04,held_out,17,0,axis_1,0.1242300495505333
20121004,2012-10-04,held_out,17,1,axis_2,1.1873574256896973
20121004,2012-10-04,held_out,17,2,axis_3,-0.05537879839539528
20121004,2012-10-04,held_out,17,3,axis_4,-0.327788770198822
20121004,2012-10-04,held_out,18,0,axis_1,0.5222436785697937
20121004,2012-10-04,held_out,18,1,axis_2,0.23361070454120636
20121004,2012-10-04,held_out,18,2,axis_3,0.2669123411178589
20121004,2012-10-04,held_out,18,3,axis_4,0.10983413457870483
20121004,2012-10-04,held_out,19,0,axis_1,-0.9160950183868408
20121004,2012-10-04,held_out,19,1,axis_2,0.14647702872753143
20121004,2012-10-04,held_out,19,2,axis_3,0.3705243468284607
20121004,2012-10-04,held_out,19,3,axis_4,-0.025761043652892113
20121004,2012-10-04,held_out,20,0,axis_1,0.507625162601471
20121004,2012-10-04,held_out,20,1,axis_2,0.25198593735694885
20121004,2012-10-04,held_out,20,2,axis_3,0.4143694043159485
20121004,2012-10-04,held_out,20,3,axis_4,-0.015598534606397152
20121004,2012-10-04,held_out,21,0,axis_1,-0.3825322389602661
20121004,2012-10-04,held_out,21,1,axis_2,-0.2576357424259186
20121004,2012-10-04,held_out,21,2,axis_3,-0.03184352442622185
20121004,2012-10-04,held_out,21,3,axis_4,0.11647538095712662
20121004,2012-10-04,held_out,22,0,axis_1,0.06277593225240707
20121004,2012-10-04,held_out,22,1,axis_2,0.24621985852718353
20121004,2012-10-04,held_out,22,2,axis_3,0.5003417134284973
20121004,2012-10-04,held_out,22,3,axis_4,0.11523879319429398
20121004,2012-10-04,held_out,23,0,axis_1,-1.316988468170166
20121004,2012-10-04,held_out,23,1,axis_2,0.3540668487548828
20121004,2012-10-04,held_out,23,2,axis_3,0.4404991865158081
20121004,2012-10-04,held_out,23,3,axis_4,-0.020082876086235046
20121004,2012-10-04,held_out,24,0,axis_1,2.866464614868164
20121004,2012-10-04,held_out,24,1,axis_2,0.5163782238960266
20121004,2012-10-04,held_out,24,2,axis_3,0.320787250995636
20121004,2012-10-04,held_out,24,3,axis_4,0.02539762109518051
20121004,2012-10-04,held_out,25,0,axis_1,4.7320780754089355
20121004,2012-10-04,held_out,25,1,axis_2,0.5747293829917908
20121004,2012-10-04,held_out,25,2,axis_3,0.4675435721874237
20121004,2012-10-04,held_out,25,3,axis_4,-0.06959402561187744
20121004,2012-10-04,held_out,26,0,axis_1,1.9748064279556274
20121004,2012-10-04,held_out,26,1,axis_2,0.3487772047519684
20121004,2012-10-04,held_out,26,2,axis_3,0.19094517827033997
20121004,2012-10-04,held_out,26,3,axis_4,-0.12250236421823502
20121004,2012-10-04,held_out,27,0,axis_1,1.2136374711990356
20121004,2012-10-04,held_out,27,1,axis_2,0.5238972902297974
20121004,2012-10-04,held_out,27,2,axis_3,0.27571791410446167
20121004,2012-10-04,held_out,27,3,axis_4,0.025953495875000954
20121004,2012-10-04,held_out,28,0,axis_1,1.3498948812484741
20121004,2012-10-04,held_out,28,1,axis_2,1.3575717210769653
20121004,2012-10-04,held_out,28,2,axis_3,1.4792546033859253
20121004,2012-10-04,held_out,28,3,axis_4,-0.12864767014980316
20121004,2012-10-04,held_out,29,0,axis_1,-0.7652312517166138
20121004,2012-10-04,held_out,29,1,axis_2,0.0806657001376152
20121004,2012-10-04,held_out,29,2,axis_3,0.0788942202925682
20121004,2012-10-04,held_out,29,3,axis_4,0.16512614488601685
20121004,2012-10-04,held_out,30,0,axis_1,-1.772243618965149
20121004,2012-10-04,held_out,30,1,axis_2,0.22028104960918427
20121004,2012-10-04,held_out,30,2,axis_3,0.3458416759967804
20121004,2012-10-04,held_out,30,3,axis_4,-0.06856461614370346
20121004,2012-10-04,held_out,31,0,axis_1,-0.7358481287956238
20121004,2012-10-04,held_out,31,1,axis_2,0.3310813903808594
20121004,2012-10-04,held_out,31,2,axis_3,0.27731388807296753
20121004,2012-10-04,held_out,31,3,axis_4,-0.030792294070124626
20121004,2012-10-04,held_out,32,0,axis_1,-1.5078611373901367
20121004,2012-10-04,held_out,32,1,axis_2,-0.1843976229429245
20121004,2012-10-04,held_out,32,2,axis_3,-0.4662337899208069
20121004,2012-10-04,held_out,32,3,axis_4,0.19881825149059296
20121004,2012-10-04,held_out,33,0,axis_1,-0.6144784092903137
20121004,2012-10-04,held_out,33,1,axis_2,1.25204336643219
20121004,2012-10-04,held_out,33,2,axis_3,-0.03904154896736145
20121004,2012-10-04,held_out,33,3,axis_4,-0.1955765187740326
20121004,2012-10-04,held_out,34,0,axis_1,-0.6504119634628296
20121004,2012-10-04,held_out,34,1,axis_2,-0.3565169870853424
20121004,2012-10-04,held_out,34,2,axis_3,0.06987271457910538
20121004,2012-10-04,held_out,34,3,axis_4,-0.09190813452005386
20121004,2012-10-04,held_out,35,0,axis_1,-2.1403212547302246
20121004,2012-10-04,held_out,35,1,axis_2,0.39150765538215637
20121004,2012-10-04,held_out,35,2,axis_3,0.09848460555076599
20121004,2012-10-04,held_out,35,3,axis_4,0.008128657937049866
20121004,2012-10-04,held_out,36,0,axis_1,1.2871779203414917
20121004,2012-10-04,held_out,36,1,axis_2,0.24067626893520355
20121004,2012-10-04,held_out,36,2,axis_3,0.4909227192401886
20121004,2012-10-04,held_out,36,3,axis_4,0.13929109275341034
20121004,2012-10-04,held_out,37,0,axis_1,-1.4017398357391357
20121004,2012-10-04,held_out,37,1,axis_2,1.066524624824524
20121004,2012-10-04,held_out,37,2,axis_3,0.9424448013305664
20121004,2012-10-04,held_out,37,3,axis_4,0.05009225755929947
20121004,2012-10-04,held_out,38,0,axis_1,4.440321445465088
20121004,2012-10-04,held_out,38,1,axis_2,2.012768268585205
20121004,2012-10-04,held_out,38,2,axis_3,1.2014667987823486
20121004,2012-10-04,held_out,38,3,axis_4,-0.5959882736206055
20121004,2012-10-04,held_out,39,0,axis_1,8.279226303100586
20121004,2012-10-04,held_out,39,1,axis_2,-1.7627209424972534
20121004,2012-10-04,held_out,39,2,axis_3,0.99983811378479
20121004,2012-10-04,held_out,39,3,axis_4,-0.10040917992591858
20121004,2012-10-04,held_out,40,0,axis_1,2.5020570755004883
20121004,2012-10-04,held_out,40,1,axis_2,-0.30886563658714294
20121004,2012-10-04,held_out,40,2,axis_3,-0.3264055550098419
20121004,2012-10-04,held_out,40,3,axis_4,0.2949095666408539
20121004,2012-10-04,held_out,41,0,axis_1,2.501627206802368
20121004,2012-10-04,held_out,41,1,axis_2,-0.030615096911787987
20121004,2012-10-04,held_out,41,2,axis_3,0.10697903484106064
20121004,2012-10-04,held_out,41,3,axis_4,0.0896417424082756
20121004,2012-10-04,held_out,42,0,axis_1,1.2796334028244019
20121004,2012-10-04,held_out,42,1,axis_2,0.031004829332232475
20121004,2012-10-04,held_out,42,2,axis_3,0.1929142326116562
20121004,2012-10-04,held_out,42,3,axis_4,-0.005805611610412598
20121004,2012-10-04,held_out,43,0,axis_1,1.707464575767517
20121004,2012-10-04,held_out,43,1,axis_2,0.6031444668769836
20121004,2012-10-04,held_out,43,2,axis_3,-0.16414907574653625
20121004,2012-10-04,held_out,43,3,axis_4,-0.029644163325428963
20121004,2012-10-04,held_out,44,0,axis_1,1.9667176008224487
20121004,2012-10-04,held_out,44,1,axis_2,0.865241527557373
20121004,2012-10-04,held_out,44,2,axis_3,0.5109283328056335
20121004,2012-10-04,held_out,44,3,axis_4,-0.05080205202102661
20121004,2012-10-04,held_out,45,0,axis_1,-0.09702722728252411
20121004,2012-10-04,held_out,45,1,axis_2,0.0836884006857872
20121004,2012-10-04,held_out,45,2,axis_3,0.3638591766357422
20121004,2012-10-04,held_out,45,3,axis_4,-0.011229838244616985
20121004,2012-10-04,held_out,46,0,axis_1,-1.305402398109436
20121004,2012-10-04,held_out,46,1,axis_2,0.23836801946163177
20121004,2012-10-04,held_out,46,2,axis_3,0.11712481081485748
20121004,2012-10-04,held_out,46,3,axis_4,-0.053756628185510635
20121004,2012-10-04,held_out,47,0,axis_1,-0.12693585455417633
20121004,2012-10-04,held_out,47,1,axis_2,-0.14941494166851044
20121004,2012-10-04,held_out,47,2,axis_3,0.18141883611679077
20121004,2012-10-04,held_out,47,3,axis_4,0.0842711329460144
20121004,2012-10-04,held_out,48,0,axis_1,-0.6577692031860352
20121004,2012-10-04,held_out,48,1,axis_2,-0.14536644518375397
20121004,2012-10-04,held_out,48,2,axis_3,0.010276510380208492
20121004,2012-10-04,held_out,48,3,axis_4,0.05207730457186699
20121004,2012-10-04,held_out,49,0,axis_1,4.075830936431885
20121004,2012-10-04,held_out,49,1,axis_2,-1.1093127727508545
20121004,2012-10-04,held_out,49,2,axis_3,1.626731276512146
20121004,2012-10-04,held_out,49,3,axis_4,-0.12173262238502502
20121004,2012-10-04,held_out,50,0,axis_1,-1.7860374450683594
20121004,2012-10-04,held_out,50,1,axis_2,0.5639162659645081
20121004,2012-10-04,held_out,50,2,axis_3,-0.24062524735927582
20121004,2012-10-04,held_out,50,3,axis_4,0.3955961763858795
20121004,2012-10-04,held_out,51,0,axis_1,1.7725220918655396
20121004,2012-10-04,held_out,51,1,axis_2,0.6367200613021851
20121004,2012-10-04,held_out,51,2,axis_3,0.9412392973899841
20121004,2012-10-04,held_out,51,3,axis_4,-0.11971059441566467
20121004,2012-10-04,held_out,52,0,axis_1,-0.7411600947380066
20121004,2012-10-04,held_out,52,1,axis_2,-0.02137506753206253
20121004,2012-10-04,held_out,52,2,axis_3,0.03024689480662346
20121004,2012-10-04,held_out,52,3,axis_4,-0.11396490782499313
20121004,2012-10-04,held_out,53,0,axis_1,0.1810726672410965
20121004,2012-10-04,held_out,53,1,axis_2,0.32640594244003296
20121004,2012-10-04,held_out,53,2,axis_3,0.017865844070911407
20121004,2012-10-04,held_out,53,3,axis_4,-0.16468708217144012
20121004,2012-10-04,held_out,54,0,axis_1,1.7420297861099243
20121004,2012-10-04,held_out,54,1,axis_2,0.2973211109638214
20121004,2012-10-04,held_out,54,2,axis_3,0.2930772304534912
20121004,2012-10-04,held_out,54,3,axis_4,0.02235645242035389
20121004,2012-10-04,held_out,55,0,axis_1,0.13010266423225403
20121004,2012-10-04,held_out,55,1,axis_2,-0.04545207321643829
20121004,2012-10-04,held_out,55,2,axis_3,0.10953180491924286
20121004,2012-10-04,held_out,55,3,axis_4,-0.0016887298552319407
20121004,2012-10-04,held_out,56,0,axis_1,-0.8825064301490784
20121004,2012-10-04,held_out,56,1,axis_2,-0.23649397492408752
20121004,2012-10-04,held_out,56,2,axis_3,0.12210915982723236
20121004,2012-10-04,held_out,56,3,axis_4,0.0012368792667984962
20121004,2012-10-04,held_out,57,0,axis_1,-0.7814093232154846
20121004,2012-10-04,held_out,57,1,axis_2,-0.02849024347960949
20121004,2012-10-04,held_out,57,2,axis_3,0.01861446537077427
20121004,2012-10-04,held_out,57,3,axis_4,-0.02958679012954235
20121004,2012-10-04,held_out,58,0,axis_1,-0.44376739859580994
20121004,2012-10-04,held_out,58,1,axis_2,-0.2641499638557434
20121004,2012-10-04,held_out,58,2,axis_3,0.09638259559869766
20121004,2012-10-04,held_out,58,3,axis_4,0.029771680012345314
20121004,2012-10-04,held_out,59,0,axis_1,-1.4772002696990967
20121004,2012-10-04,held_out,59,1,axis_2,-0.07205566763877869
20121004,2012-10-04,held_out,59,2,axis_3,0.02682225964963436
20121004,2012-10-04,held_out,59,3,axis_4,-0.0021827861201018095
20121004,2012-10-04,held_out,60,0,axis_1,1.8017910718917847
20121004,2012-10-04,held_out,60,1,axis_2,-0.47782251238822937
20121004,2012-10-04,held_out,60,2,axis_3,-0.133876234292984
20121004,2012-10-04,held_out,60,3,axis_4,-0.0571763813495636
20121004,2012-10-04,held_out,61,0,axis_1,-0.49432483315467834
20121004,2012-10-04,held_out,61,1,axis_2,-0.012645784765481949
20121004,2012-10-04,held_out,61,2,axis_3,0.07266666740179062
20121004,2012-10-04,held_out,61,3,axis_4,-0.07888181507587433
20121004,2012-10-04,held_out,62,0,axis_1,-0.4691426753997803
20121004,2012-10-04,held_out,62,1,axis_2,0.3030336797237396
20121004,2012-10-04,held_out,62,2,axis_3,0.2086433470249176
20121004,2012-10-04,held_out,62,3,axis_4,-0.02374410815536976
20121004,2012-10-04,held_out,63,0,axis_1,0.37726283073425293
20121004,2012-10-04,held_out,63,1,axis_2,0.2380690723657608
20121004,2012-10-04,held_out,63,2,axis_3,-0.00498490734025836
20121004,2012-10-04,held_out,63,3,axis_4,-0.04281112179160118
20121017,2012-10-17,held_out,0,0,axis_1,-0.10654741525650024
20121017,2012-10-17,held_out,0,1,axis_2,-0.06942824274301529
20121017,2012-10-17,held_out,0,2,axis_3,-0.06290426850318909
20121017,2012-10-17,held_out,0,3,axis_4,0.353078156709671
20121017,2012-10-17,held_out,1,0,axis_1,-0.5379241704940796
20121017,2012-10-17,held_out,1,1,axis_2,-0.17564736306667328
20121017,2012-10-17,held_out,1,2,axis_3,0.14154738187789917
20121017,2012-10-17,held_out,1,3,axis_4,0.19856400787830353
20121017,2012-10-17,held_out,2,0,axis_1,-2.2116870880126953
20121017,2012-10-17,held_out,2,1,axis_2,-0.2569810450077057
20121017,2012-10-17,held_out,2,2,axis_3,-0.04875990003347397
20121017,2012-10-17,held_out,2,3,axis_4,0.03173108398914337
20121017,2012-10-17,held_out,3,0,axis_1,-0.645778477191925
20121017,2012-10-17,held_out,3,1,axis_2,0.14101029932498932
20121017,2012-10-17,held_out,3,2,axis_3,0.310310959815979
20121017,2012-10-17,held_out,3,3,axis_4,0.053022921085357666
20121017,2012-10-17,held_out,4,0,axis_1,-1.633918046951294
20121017,2012-10-17,held_out,4,1,axis_2,-0.0794747844338417
20121017,2012-10-17,held_out,4,2,axis_3,0.07575509697198868
20121017,2012-10-17,held_out,4,3,axis_4,0.041886504739522934
20121017,2012-10-17,held_out,5,0,axis_1,-1.4181387424468994
20121017,2012-10-17,held_out,5,1,axis_2,-0.31614020466804504
20121017,2012-10-17,held_out,5,2,axis_3,0.06598487496376038
20121017,2012-10-17,held_out,5,3,axis_4,0.1098908856511116
20121017,2012-10-17,held_out,6,0,axis_1,-0.7926751375198364
20121017,2012-10-17,held_out,6,1,axis_2,0.7821786403656006
20121017,2012-10-17,held_out,6,2,axis_3,0.24785520136356354
20121017,2012-10-17,held_out,6,3,axis_4,0.3209797739982605
20121017,2012-10-17,held_out,7,0,axis_1,3.4981143474578857
20121017,2012-10-17,held_out,7,1,axis_2,1.4767855405807495
20121017,2012-10-17,held_out,7,2,axis_3,0.8191826939582825
20121017,2012-10-17,held_out,7,3,axis_4,0.8968615531921387
20121017,2012-10-17,held_out,8,0,axis_1,2.2065913677215576
20121017,2012-10-17,held_out,8,1,axis_2,0.33898815512657166
20121017,2012-10-17,held_out,8,2,axis_3,0.47001218795776367
20121017,2012-10-17,held_out,8,3,axis_4,0.18369726836681366
20121017,2012-10-17,held_out,9,0,axis_1,1.1438206434249878
20121017,2012-10-17,held_out,9,1,axis_2,0.37792328000068665
20121017,2012-10-17,held_out,9,2,axis_3,0.1326807588338852
20121017,2012-10-17,held_out,9,3,axis_4,0.5318010449409485
20121017,2012-10-17,held_out,10,0,axis_1,1.5574721097946167
20121017,2012-10-17,held_out,10,1,axis_2,0.2535022795200348
20121017,2012-10-17,held_out,10,2,axis_3,0.10752937197685242
20121017,2012-10-17,held_out,10,3,axis_4,0.24495576322078705
20121017,2012-10-17,held_out,11,0,axis_1,0.7371633648872375
20121017,2012-10-17,held_out,11,1,axis_2,0.0849335640668869
20121017,2012-10-17,held_out,11,2,axis_3,0.1587541401386261
20121017,2012-10-17,held_out,11,3,axis_4,0.3014930784702301
20121017,2012-10-17,held_out,12,0,axis_1,-1.7088195085525513
20121017,2012-10-17,held_out,12,1,axis_2,-0.28706997632980347
20121017,2012-10-17,held_out,12,2,axis_3,0.04259702190756798
20121017,2012-10-17,held_out,12,3,axis_4,0.08551547676324844
20121017,2012-10-17,held_out,13,0,axis_1,-0.5356902480125427
20121017,2012-10-17,held_out,13,1,axis_2,-0.08544620126485825
20121017,2012-10-17,held_out,13,2,axis_3,0.18378882110118866
20121017,2012-10-17,held_out,13,3,axis_4,0.022517556324601173
20121017,2012-10-17,held_out,14,0,axis_1,0.6986035108566284
20121017,2012-10-17,held_out,14,1,axis_2,-0.11276847869157791
20121017,2012-10-17,held_out,14,2,axis_3,0.17384016513824463
20121017,2012-10-17,held_out,14,3,axis_4,0.31652605533599854
20121017,2012-10-17,held_out,15,0,axis_1,-1.8171299695968628
20121017,2012-10-17,held_out,15,1,axis_2,-0.2098340392112732
20121017,2012-10-17,held_out,15,2,axis_3,0.04665334150195122
20121017,2012-10-17,held_out,15,3,axis_4,0.012044199742376804
20121017,2012-10-17,held_out,16,0,axis_1,-1.325042724609375
20121017,2012-10-17,held_out,16,1,axis_2,-0.11722780764102936
20121017,2012-10-17,held_out,16,2,axis_3,-0.02816658280789852
20121017,2012-10-17,held_out,16,3,axis_4,0.05895401909947395
20121017,2012-10-17,held_out,17,0,axis_1,-0.8614794611930847
20121017,2012-10-17,held_out,17,1,axis_2,0.804089367389679
20121017,2012-10-17,held_out,17,2,axis_3,-0.02921331487596035
20121017,2012-10-17,held_out,17,3,axis_4,0.2994089424610138
20121017,2012-10-17,held_out,18,0,axis_1,0.525453507900238
20121017,2012-10-17,held_out,18,1,axis_2,-0.5285411477088928
20121017,2012-10-17,held_out,18,2,axis_3,0.28922295570373535
20121017,2012-10-17,held_out,18,3,axis_4,0.39416491985321045
20121017,2012-10-17,held_out,19,0,axis_1,-0.3606114685535431
20121017,2012-10-17,held_out,19,1,axis_2,-0.04754554107785225
20121017,2012-10-17,held_out,19,2,axis_3,0.06648575514554977
20121017,2012-10-17,held_out,19,3,axis_4,0.18166419863700867
20121017,2012-10-17,held_out,20,0,axis_1,0.3220427334308624
20121017,2012-10-17,held_out,20,1,axis_2,0.05360009893774986
20121017,2012-10-17,held_out,20,2,axis_3,0.07134938985109329
20121017,2012-10-17,held_out,20,3,axis_4,0.24437713623046875
20121017,2012-10-17,held_out,21,0,axis_1,-2.4003188610076904
20121017,2012-10-17,held_out,21,1,axis_2,0.17622214555740356
20121017,2012-10-17,held_out,21,2,axis_3,0.19955626130104065
20121017,2012-10-17,held_out,21,3,axis_4,-0.005776511039584875
20121017,2012-10-17,held_out,22,0,axis_1,-0.8356025815010071
20121017,2012-10-17,held_out,22,1,axis_2,-0.1138298362493515
20121017,2012-10-17,held_out,22,2,axis_3,0.04154480621218681
20121017,2012-10-17,held_out,22,3,axis_4,0.04133670777082443
20121017,2012-10-17,held_out,23,0,axis_1,-0.5005207061767578
20121017,2012-10-17,held_out,23,1,axis_2,-0.1517356038093567
20121017,2012-10-17,held_out,23,2,axis_3,0.02180587500333786
20121017,2012-10-17,held_out,23,3,axis_4,0.07014825195074081
20121017,2012-10-17,held_out,24,0,axis_1,1.450140118598938
20121017,2012-10-17,held_out,24,1,axis_2,-0.00776226632297039
20121017,2012-10-17,held_out,24,2,axis_3,0.15227827429771423
20121017,2012-10-17,held_out,24,3,axis_4,0.39910709857940674
20121017,2012-10-17,held_out,25,0,axis_1,3.0925333499908447
20121017,2012-10-17,held_out,25,1,axis_2,-0.07772297412157059
20121017,2012-10-17,held_out,25,2,axis_3,0.11487191170454025
20121017,2012-10-17,held_out,25,3,axis_4,0.554229199886322
20121017,2012-10-17,held_out,26,0,axis_1,1.2695257663726807
20121017,2012-10-17,held_out,26,1,axis_2,0.09418102353811264
20121017,2012-10-17,held_out,26,2,axis_3,-0.14798195660114288
20121017,2012-10-17,held_out,26,3,axis_4,0.3696366250514984
20121017,2012-10-17,held_out,27,0,axis_1,0.8660409450531006
20121017,2012-10-17,held_out,27,1,axis_2,0.15839724242687225
20121017,2012-10-17,held_out,27,2,axis_3,-0.003735726699233055
20121017,2012-10-17,held_out,27,3,axis_4,0.2034292370080948
20121017,2012-10-17,held_out,28,0,axis_1,-0.6872475743293762
20121017,2012-10-17,held_out,28,1,axis_2,0.313211053609848
20121017,2012-10-17,held_out,28,2,axis_3,-0.13547340035438538
20121017,2012-10-17,held_out,28,3,axis_4,0.3126694858074188
20121017,2012-10-17,held_out,29,0,axis_1,-0.3038198947906494
20121017,2012-10-17,held_out,29,1,axis_2,-0.14958441257476807
20121017,2012-10-17,held_out,29,2,axis_3,0.13597312569618225
20121017,2012-10-17,held_out,29,3,axis_4,0.07277501374483109
20121017,2012-10-17,held_out,30,0,axis_1,-1.6041465997695923
20121017,2012-10-17,held_out,30,1,axis_2,-0.0008982522413134575
20121017,2012-10-17,held_out,30,2,axis_3,0.09388698637485504
20121017,2012-10-17,held_out,30,3,axis_4,-0.020119164139032364
20121017,2012-10-17,held_out,31,0,axis_1,-0.3148801624774933
20121017,2012-10-17,held_out,31,1,axis_2,-0.2938934564590454
20121017,2012-10-17,held_out,31,2,axis_3,0.008387585170567036
20121017,2012-10-17,held_out,31,3,axis_4,0.1432947814464569
20121017,2012-10-17,held_out,32,0,axis_1,-1.7742806673049927
20121017,2012-10-17,held_out,32,1,axis_2,0.036723822355270386
20121017,2012-10-17,held_out,32,2,axis_3,0.059133004397153854
20121017,2012-10-17,held_out,32,3,axis_4,-0.02345898002386093
20121017,2012-10-17,held_out,33,0,axis_1,-2.3747074604034424
20121017,2012-10-17,held_out,33,1,axis_2,0.11991608142852783
20121017,2012-10-17,held_out,33,2,axis_3,0.01267219241708517
20121017,2012-10-17,held_out,33,3,axis_4,-0.03705707564949989
20121017,2012-10-17,held_out,34,0,axis_1,-0.6920549273490906
20121017,2012-10-17,held_out,34,1,axis_2,-0.3222523331642151
20121017,2012-10-17,held_out,34,2,axis_3,0.07311589270830154
20121017,2012-10-17,held_out,34,3,axis_4,0.15574729442596436
20121017,2012-10-17,held_out,35,0,axis_1,-0.34399381279945374
20121017,2012-10-17,held_out,35,1,axis_2,0.029897592961788177
20121017,2012-10-17,held_out,35,2,axis_3,0.05874615162611008
20121017,2012-10-17,held_out,35,3,axis_4,0.18623599410057068
20121017,2012-10-17,held_out,36,0,axis_1,1.285991907119751
20121017,2012-10-17,held_out,36,1,axis_2,-0.25273823738098145
20121017,2012-10-17,held_out,36,2,axis_3,0.20239870250225067
20121017,2012-10-17,held_out,36,3,axis_4,0.4649747610092163
20121017,2012-10-17,held_out,37,0,axis_1,-0.9120529294013977
20121017,2012-10-17,held_out,37,1,axis_2,0.9433097243309021
20121017,2012-10-17,held_out,37,2,axis_3,0.7500025033950806
20121017,2012-10-17,held_out,37,3,axis_4,-0.13829103112220764
20121017,2012-10-17,held_out,38,0,axis_1,0.619616687297821
20121017,2012-10-17,held_out,38,1,axis_2,0.8347644209861755
20121017,2012-10-17,held_out,38,2,axis_3,0.7375175952911377
20121017,2012-10-17,held_out,38,3,axis_4,-0.10318315774202347
20121017,2012-10-17,held_out,39,0,axis_1,5.096551418304443
20121017,2012-10-17,held_out,39,1,axis_2,-1.0970133543014526
20121017,2012-10-17,held_out,39,2,axis_3,0.35037702322006226
20121017,2012-10-17,held_out,39,3,axis_4,1.0533114671707153
20121017,2012-10-17,held_out,40,0,axis_1,2.428757429122925
20121017,2012-10-17,held_out,40,1,axis_2,-0.3060072660446167
20121017,2012-10-17,held_out,40,2,axis_3,0.007913592271506786
20121017,2012-10-17,held_out,40,3,axis_4,0.6480222344398499
20121017,2012-10-17,held_out,41,0,axis_1,1.9362187385559082
20121017,2012-10-17,held_out,41,1,axis_2,0.028077317401766777
20121017,2012-10-17,held_out,41,2,axis_3,0.2922728955745697
20121017,2012-10-17,held_out,41,3,axis_4,0.3343972861766815
20121017,2012-10-17,held_out,42,0,axis_1,1.395148754119873
20121017,2012-10-17,held_out,42,1,axis_2,-0.18821606040000916
20121017,2012-10-17,held_out,42,2,axis_3,0.37889108061790466
20121017,2012-10-17,held_out,42,3,axis_4,0.12160170823335648
20121017,2012-10-17,held_out,43,0,axis_1,0.1752096712589264
20121017,2012-10-17,held_out,43,1,axis_2,0.32721957564353943
20121017,2012-10-17,held_out,43,2,axis_3,0.04643440619111061
20121017,2012-10-17,held_out,43,3,axis_4,0.24465616047382355
20121017,2012-10-17,held_out,44,0,axis_1,2.0281734466552734
20121017,2012-10-17,held_out,44,1,axis_2,0.2006652057170868
20121017,2012-10-17,held_out,44,2,axis_3,0.42541202902793884
20121017,2012-10-17,held_out,44,3,axis_4,0.3057212829589844
20121017,2012-10-17,held_out,45,0,axis_1,-0.8475293517112732
20121017,2012-10-17,held_out,45,1,axis_2,-0.1743471771478653
20121017,2012-10-17,held_out,45,2,axis_3,0.020404798910021782
20121017,2012-10-17,held_out,45,3,axis_4,-0.017047137022018433
20121017,2012-10-17,held_out,46,0,axis_1,-1.3072609901428223
20121017,2012-10-17,held_out,46,1,axis_2,-0.05591857060790062
20121017,2012-10-17,held_out,46,2,axis_3,0.07310251146554947
20121017,2012-10-17,held_out,46,3,axis_4,-0.08181403577327728
20121017,2012-10-17,held_out,47,0,axis_1,-0.5395218729972839
20121017,2012-10-17,held_out,47,1,axis_2,-0.07439243793487549
20121017,2012-10-17,held_out,47,2,axis_3,0.2131897211074829
20121017,2012-10-17,held_out,47,3,axis_4,-0.028711659833788872
20121017,2012-10-17,held_out,48,0,axis_1,-0.5595563054084778
20121017,2012-10-17,held_out,48,1,axis_2,-0.26426103711128235
20121017,2012-10-17,held_out,48,2,axis_3,-0.008639543317258358
20121017,2012-10-17,held_out,48,3,axis_4,0.04116816446185112
20121017,2012-10-17,held_out,49,0,axis_1,1.8831567764282227
20121017,2012-10-17,held_out,49,1,axis_2,-0.5228549838066101
20121017,2012-10-17,held_out,49,2,axis_3,1.2321051359176636
20121017,2012-10-17,held_out,49,3,axis_4,-0.25126320123672485
20121017,2012-10-17,held_out,50,0,axis_1,-1.3296740055084229
20121017,2012-10-17,held_out,50,1,axis_2,0.9334897994995117
20121017,2012-10-17,held_out,50,2,axis_3,0.3608987033367157
20121017,2012-10-17,held_out,50,3,axis_4,0.2811499536037445
20121017,2012-10-17,held_out,51,0,axis_1,2.266695737838745
20121017,2012-10-17,held_out,51,1,axis_2,0.42520156502723694
20121017,2012-10-17,held_out,51,2,axis_3,0.42284369468688965
20121017,2012-10-17,held_out,51,3,axis_4,0.23474079370498657
20121017,2012-10-17,held_out,52,0,axis_1,-0.6156002283096313
20121017,2012-10-17,held_out,52,1,axis_2,-0.2596260607242584
20121017,2012-10-17,held_out,52,2,axis_3,-0.03902247175574303
20121017,2012-10-17,held_out,52,3,axis_4,0.16069290041923523
20121017,2012-10-17,held_out,53,0,axis_1,0.7001653909683228
20121017,2012-10-17,held_out,53,1,axis_2,0.013864735141396523
20121017,2012-10-17,held_out,53,2,axis_3,0.09491103142499924
20121017,2012-10-17,held_out,53,3,axis_4,0.29953649640083313
20121017,2012-10-17,held_out,54,0,axis_1,0.847752034664154
20121017,2012-10-17,held_out,54,1,axis_2,0.004026681184768677
20121017,2012-10-17,held_out,54,2,axis_3,0.5293725728988647
20121017,2012-10-17,held_out,54,3,axis_4,0.07149031013250351
20121017,2012-10-17,held_out,55,0,axis_1,-0.17569676041603088
20121017,2012-10-17,held_out,55,1,axis_2,-0.08773518353700638
20121017,2012-10-17,held_out,55,2,axis_3,0.31929445266723633
20121017,2012-10-17,held_out,55,3,axis_4,-0.016342192888259888
20121017,2012-10-17,held_out,56,0,axis_1,0.955266535282135
20121017,2012-10-17,held_out,56,1,axis_2,-0.28211626410484314
20121017,2012-10-17,held_out,56,2,axis_3,0.053632721304893494
20121017,2012-10-17,held_out,56,3,axis_4,0.23351985216140747
20121017,2012-10-17,held_out,57,0,axis_1,-1.4146798849105835
20121017,2012-10-17,held_out,57,1,axis_2,0.23580467700958252
20121017,2012-10-17,held_out,57,2,axis_3,-0.03667242079973221
20121017,2012-10-17,held_out,57,3,axis_4,0.08994676917791367
20121017,2012-10-17,held_out,58,0,axis_1,-0.023377342149615288
20121017,2012-10-17,held_out,58,1,axis_2,-0.05344623699784279
20121017,2012-10-17,held_out,58,2,axis_3,0.07591933012008667
20121017,2012-10-17,held_out,58,3,axis_4,0.11303240805864334
20121017,2012-10-17,held_out,59,0,axis_1,-1.4407066106796265
20121017,2012-10-17,held_out,59,1,axis_2,-0.15425021946430206
20121017,2012-10-17,held_out,59,2,axis_3,0.03786461800336838
20121017,2012-10-17,held_out,59,3,axis_4,0.05220748111605644
20121017,2012-10-17,held_out,60,0,axis_1,-0.6318944096565247
20121017,2012-10-17,held_out,60,1,axis_2,-0.6972256302833557
20121017,2012-10-17,held_out,60,2,axis_3,-0.10916054248809814
20121017,2012-10-17,held_out,60,3,axis_4,0.06023292616009712
20121017,2012-10-17,held_out,61,0,axis_1,-1.4167588949203491
20121017,2012-10-17,held_out,61,1,axis_2,-0.4064961373806
20121017,2012-10-17,held_out,61,2,axis_3,-0.020502667874097824
20121017,2012-10-17,held_out,61,3,axis_4,0.04291851818561554
20121017,2012-10-17,held_out,62,0,axis_1,-1.0786322355270386
20121017,2012-10-17,held_out,62,1,axis_2,-0.18726012110710144
20121017,2012-10-17,held_out,62,2,axis_3,0.08973696082830429
20121017,2012-10-17,held_out,62,3,axis_4,0.037191782146692276
20121017,2012-10-17,held_out,63,0,axis_1,0.4242877662181854
20121017,2012-10-17,held_out,63,1,axis_2,-0.3532197177410126
20121017,2012-10-17,held_out,63,2,axis_3,0.1586892455816269
20121017,2012-10-17,held_out,63,3,axis_4,0.13299375772476196
20121024,2012-10-24,held_out,0,0,axis_1,-0.26679727435112
20121024,2012-10-24,held_out,0,1,axis_2,0.1568620651960373
20121024,2012-10-24,held_out,0,2,axis_3,-0.12608426809310913
20121024,2012-10-24,held_out,0,3,axis_4,0.15259817242622375
20121024,2012-10-24,held_out,1,0,axis_1,-0.05517397075891495
20121024,2012-10-24,held_out,1,1,axis_2,0.10915056616067886
20121024,2012-10-24,held_out,1,2,axis_3,-0.022657401859760284
20121024,2012-10-24,held_out,1,3,axis_4,0.33733826875686646
20121024,2012-10-24,held_out,2,0,axis_1,-1.4043536186218262
20121024,2012-10-24,held_out,2,1,axis_2,-0.044462841004133224
20121024,2012-10-24,held_out,2,2,axis_3,0.065013088285923
20121024,2012-10-24,held_out,2,3,axis_4,-0.025877967476844788
20121024,2012-10-24,held_out,3,0,axis_1,-1.3589751720428467
20121024,2012-10-24,held_out,3,1,axis_2,0.06683867424726486
20121024,2012-10-24,held_out,3,2,axis_3,0.13486188650131226
20121024,2012-10-24,held_out,3,3,axis_4,-0.02091142162680626
20121024,2012-10-24,held_out,4,0,axis_1,-1.2797200679779053
20121024,2012-10-24,held_out,4,1,axis_2,-0.00298821902833879
20121024,2012-10-24,held_out,4,2,axis_3,0.05830949917435646
20121024,2012-10-24,held_out,4,3,axis_4,0.08710308372974396
20121024,2012-10-24,held_out,5,0,axis_1,-0.4514254033565521
20121024,2012-10-24,held_out,5,1,axis_2,0.3317425549030304
20121024,2012-10-24,held_out,5,2,axis_3,0.05666479468345642
20121024,2012-10-24,held_out,5,3,axis_4,-0.005846844986081123
20121024,2012-10-24,held_out,6,0,axis_1,2.018155813217163
20121024,2012-10-24,held_out,6,1,axis_2,0.8601633310317993
20121024,2012-10-24,held_out,6,2,axis_3,0.8409781455993652
20121024,2012-10-24,held_out,6,3,axis_4,0.6124128699302673
20121024,2012-10-24,held_out,7,0,axis_1,0.6794509887695312
20121024,2012-10-24,held_out,7,1,axis_2,0.7556805610656738
20121024,2012-10-24,held_out,7,2,axis_3,0.3976823389530182
20121024,2012-10-24,held_out,7,3,axis_4,0.6035681366920471
20121024,2012-10-24,held_out,8,0,axis_1,1.7104793787002563
20121024,2012-10-24,held_out,8,1,axis_2,0.6715903878211975
20121024,2012-10-24,held_out,8,2,axis_3,0.253197580575943
20121024,2012-10-24,held_out,8,3,axis_4,0.1872749626636505
20121024,2012-10-24,held_out,9,0,axis_1,-0.8555637001991272
20121024,2012-10-24,held_out,9,1,axis_2,0.05962849035859108
20121024,2012-10-24,held_out,9,2,axis_3,0.12823553383350372
20121024,2012-10-24,held_out,9,3,axis_4,0.12855549156665802
20121024,2012-10-24,held_out,10,0,axis_1,0.9537115693092346
20121024,2012-10-24,held_out,10,1,axis_2,0.7979282736778259
20121024,2012-10-24,held_out,10,2,axis_3,0.28923147916793823
20121024,2012-10-24,held_out,10,3,axis_4,0.020361514762043953
20121024,2012-10-24,held_out,11,0,axis_1,1.3035234212875366
20121024,2012-10-24,held_out,11,1,axis_2,0.7677328586578369
20121024,2012-10-24,held_out,11,2,axis_3,0.3586966395378113
20121024,2012-10-24,held_out,11,3,axis_4,0.25321316719055176
20121024,2012-10-24,held_out,12,0,axis_1,3.430840015411377
20121024,2012-10-24,held_out,12,1,axis_2,0.11697585880756378
20121024,2012-10-24,held_out,12,2,axis_3,0.9129641652107239
20121024,2012-10-24,held_out,12,3,axis_4,0.3689155578613281
20121024,2012-10-24,held_out,13,0,axis_1,-0.5752855539321899
20121024,2012-10-24,held_out,13,1,axis_2,0.009932193905115128
20121024,2012-10-24,held_out,13,2,axis_3,0.09748560935258865
20121024,2012-10-24,held_out,13,3,axis_4,0.060753073543310165
20121024,2012-10-24,held_out,14,0,axis_1,0.6794456839561462
20121024,2012-10-24,held_out,14,1,axis_2,0.13520827889442444
20121024,2012-10-24,held_out,14,2,axis_3,-0.09593070298433304
20121024,2012-10-24,held_out,14,3,axis_4,0.23560252785682678
20121024,2012-10-24,held_out,15,0,axis_1,-0.8864611387252808
20121024,2012-10-24,held_out,15,1,axis_2,0.2915589511394501
20121024,2012-10-24,held_out,15,2,axis_3,0.11660029739141464
20121024,2012-10-24,held_out,15,3,axis_4,0.16491428017616272
20121024,2012-10-24,held_out,16,0,axis_1,-1.787545919418335
20121024,2012-10-24,held_out,16,1,axis_2,0.09001689404249191
20121024,2012-10-24,held_out,16,2,axis_3,-0.11544976383447647
20121024,2012-10-24,held_out,16,3,axis_4,-0.021541781723499298
20121024,2012-10-24,held_out,17,0,axis_1,0.5915948748588562
20121024,2012-10-24,held_out,17,1,axis_2,-0.04315019026398659
20121024,2012-10-24,held_out,17,2,axis_3,0.03560533747076988
20121024,2012-10-24,held_out,17,3,axis_4,0.4384021759033203
20121024,2012-10-24,held_out,18,0,axis_1,-1.8250412940979004
20121024,2012-10-24,held_out,18,1,axis_2,0.14925448596477509
20121024,2012-10-24,held_out,18,2,axis_3,-0.018543744459748268
20121024,2012-10-24,held_out,18,3,axis_4,0.009601525962352753
20121024,2012-10-24,held_out,19,0,axis_1,-1.424642562866211
20121024,2012-10-24,held_out,19,1,axis_2,-0.029048068448901176
20121024,2012-10-24,held_out,19,2,axis_3,0.12745356559753418
20121024,2012-10-24,held_out,19,3,axis_4,-0.04582918435335159
20121024,2012-10-24,held_out,20,0,axis_1,1.0886509418487549
20121024,2012-10-24,held_out,20,1,axis_2,0.2843914031982422
20121024,2012-10-24,held_out,20,2,axis_3,0.059691209346055984
20121024,2012-10-24,held_out,20,3,axis_4,0.1815832257270813
20121024,2012-10-24,held_out,21,0,axis_1,-1.620673656463623
20121024,2012-10-24,held_out,21,1,axis_2,0.19815188646316528
20121024,2012-10-24,held_out,21,2,axis_3,0.025944767519831657
20121024,2012-10-24,held_out,21,3,axis_4,0.11207038164138794
20121024,2012-10-24,held_out,22,0,axis_1,-1.0492403507232666
20121024,2012-10-24,held_out,22,1,axis_2,-0.1273144632577896
20121024,2012-10-24,held_out,22,2,axis_3,0.0313035286962986
20121024,2012-10-24,held_out,22,3,axis_4,0.11517257988452911
20121024,2012-10-24,held_out,23,0,axis_1,-1.7313814163208008
20121024,2012-10-24,held_out,23,1,axis_2,-0.17295482754707336
20121024,2012-10-24,held_out,23,2,axis_3,0.042314715683460236
20121024,2012-10-24,held_out,23,3,axis_4,-0.014023585245013237
20121024,2012-10-24,held_out,24,0,axis_1,1.5046650171279907
20121024,2012-10-24,held_out,24,1,axis_2,0.24859459698200226
20121024,2012-10-24,held_out,24,2,axis_3,0.007727639749646187
20121024,2012-10-24,held_out,24,3,axis_4,0.24901802837848663
20121024,2012-10-24,held_out,25,0,axis_1,2.141965866088867
20121024,2012-10-24,held_out,25,1,axis_2,0.47567108273506165
20121024,2012-10-24,held_out,25,2,axis_3,-0.11738891899585724
20121024,2012-10-24,held_out,25,3,axis_4,0.5444480776786804
20121024,2012-10-24,held_out,26,0,axis_1,-0.3511265814304352
20121024,2012-10-24,held_out,26,1,axis_2,0.27923962473869324
20121024,2012-10-24,held_out,26,2,axis_3,-0.18824385106563568
20121024,2012-10-24,held_out,26,3,axis_4,0.08685976266860962
20121024,2012-10-24,held_out,27,0,axis_1,0.8870890140533447
20121024,2012-10-24,held_out,27,1,axis_2,0.7371051907539368
20121024,2012-10-24,held_out,27,2,axis_3,0.08011030405759811
20121024,2012-10-24,held_out,27,3,axis_4,0.21830366551876068
20121024,2012-10-24,held_out,28,0,axis_1,-2.062157392501831
20121024,2012-10-24,held_out,28,1,axis_2,-0.08082198351621628
20121024,2012-10-24,held_out,28,2,axis_3,0.04490482807159424
20121024,2012-10-24,held_out,28,3,axis_4,-0.03148480877280235
20121024,2012-10-24,held_out,29,0,axis_1,-1.751389503479004
20121024,2012-10-24,held_out,29,1,axis_2,-0.03400511294603348
20121024,2012-10-24,held_out,29,2,axis_3,0.11840109527111053
20121024,2012-10-24,held_out,29,3,axis_4,-0.05322319641709328
20121024,2012-10-24,held_out,30,0,axis_1,1.7419013977050781
20121024,2012-10-24,held_out,30,1,axis_2,-0.15539142489433289
20121024,2012-10-24,held_out,30,2,axis_3,0.5097880363464355
20121024,2012-10-24,held_out,30,3,axis_4,0.5162873864173889
20121024,2012-10-24,held_out,31,0,axis_1,-1.5350666046142578
20121024,2012-10-24,held_out,31,1,axis_2,-0.06399280577898026
20121024,2012-10-24,held_out,31,2,axis_3,0.012402989901602268
20121024,2012-10-24,held_out,31,3,axis_4,0.019238805398344994
20121024,2012-10-24,held_out,32,0,axis_1,-1.7105027437210083
20121024,2012-10-24,held_out,32,1,axis_2,-0.09863423556089401
20121024,2012-10-24,held_out,32,2,axis_3,0.05488310009241104
20121024,2012-10-24,held_out,32,3,axis_4,-0.06035201996564865
20121024,2012-10-24,held_out,33,0,axis_1,-1.9966942071914673
20121024,2012-10-24,held_out,33,1,axis_2,-0.011517115868628025
20121024,2012-10-24,held_out,33,2,axis_3,-0.08414410799741745
20121024,2012-10-24,held_out,33,3,axis_4,0.017621219158172607
20121024,2012-10-24,held_out,34,0,axis_1,-1.3837347030639648
20121024,2012-10-24,held_out,34,1,axis_2,-0.14196985960006714
20121024,2012-10-24,held_out,34,2,axis_3,-0.04913539066910744
20121024,2012-10-24,held_out,34,3,axis_4,0.09620094299316406
20121024,2012-10-24,held_out,35,0,axis_1,0.20791111886501312
20121024,2012-10-24,held_out,35,1,axis_2,-0.35361093282699585
20121024,2012-10-24,held_out,35,2,axis_3,0.24193811416625977
20121024,2012-10-24,held_out,35,3,axis_4,0.07270827144384384
20121024,2012-10-24,held_out,36,0,axis_1,-0.0649760290980339
20121024,2012-10-24,held_out,36,1,axis_2,0.19977085292339325
20121024,2012-10-24,held_out,36,2,axis_3,-0.025227708742022514
20121024,2012-10-24,held_out,36,3,axis_4,-0.007873031310737133
20121024,2012-10-24,held_out,37,0,axis_1,1.1784346103668213
20121024,2012-10-24,held_out,37,1,axis_2,0.2816898822784424
20121024,2012-10-24,held_out,37,2,axis_3,0.6565901637077332
20121024,2012-10-24,held_out,37,3,axis_4,0.5080549716949463
20121024,2012-10-24,held_out,38,0,axis_1,4.029018402099609
20121024,2012-10-24,held_out,38,1,axis_2,-1.3588329553604126
20121024,2012-10-24,held_out,38,2,axis_3,0.6656070351600647
20121024,2012-10-24,held_out,38,3,axis_4,0.6870712637901306
20121024,2012-10-24,held_out,39,0,axis_1,5.197612285614014
20121024,2012-10-24,held_out,39,1,axis_2,-0.9605905413627625
20121024,2012-10-24,held_out,39,2,axis_3,0.7890481948852539
20121024,2012-10-24,held_out,39,3,axis_4,0.8767621517181396
20121024,2012-10-24,held_out,40,0,axis_1,1.8308907747268677
20121024,2012-10-24,held_out,40,1,axis_2,0.6157573461532593
20121024,2012-10-24,held_out,40,2,axis_3,-0.06430397927761078
20121024,2012-10-24,held_out,40,3,axis_4,0.38392922282218933
20121024,2012-10-24,held_out,41,0,axis_1,0.7185581922531128
20121024,2012-10-24,held_out,41,1,axis_2,0.4093616306781769
20121024,2012-10-24,held_out,41,2,axis_3,0.026114447042346
20121024,2012-10-24,held_out,41,3,axis_4,0.16193787753582
20121024,2012-10-24,held_out,42,0,axis_1,0.5680832266807556
20121024,2012-10-24,held_out,42,1,axis_2,0.6452897787094116
20121024,2012-10-24,held_out,42,2,axis_3,-0.07779739052057266
20121024,2012-10-24,held_out,42,3,axis_4,0.13934198021888733
20121024,2012-10-24,held_out,43,0,axis_1,-0.7644035816192627
20121024,2012-10-24,held_out,43,1,axis_2,0.2410431206226349
20121024,2012-10-24,held_out,43,2,axis_3,0.03662925213575363
20121024,2012-10-24,held_out,43,3,axis_4,0.10511565953493118
20121024,2012-10-24,held_out,44,0,axis_1,1.6103606224060059
20121024,2012-10-24,held_out,44,1,axis_2,0.3344690203666687
20121024,2012-10-24,held_out,44,2,axis_3,0.8574745655059814
20121024,2012-10-24,held_out,44,3,axis_4,0.39282968640327454
20121024,2012-10-24,held_out,45,0,axis_1,-1.5795449018478394
20121024,2012-10-24,held_out,45,1,axis_2,-0.12410938739776611
20121024,2012-10-24,held_out,45,2,axis_3,-0.010846053250133991
20121024,2012-10-24,held_out,45,3,axis_4,-0.01537537295371294
20121024,2012-10-24,held_out,46,0,axis_1,-1.6158900260925293
20121024,2012-10-24,held_out,46,1,axis_2,-0.13296052813529968
20121024,2012-10-24,held_out,46,2,axis_3,0.06595674902200699
20121024,2012-10-24,held_out,46,3,axis_4,-0.04579995572566986
20121024,2012-10-24,held_out,47,0,axis_1,-1.385701298713684
20121024,2012-10-24,held_out,47,1,axis_2,-0.1109149307012558
20121024,2012-10-24,held_out,47,2,axis_3,-0.01888304390013218
20121024,2012-10-24,held_out,47,3,axis_4,0.11526065319776535
20121024,2012-10-24,held_out,48,0,axis_1,-1.4850611686706543
20121024,2012-10-24,held_out,48,1,axis_2,0.036752741783857346
20121024,2012-10-24,held_out,48,2,axis_3,-0.0032767041120678186
20121024,2012-10-24,held_out,48,3,axis_4,0.0399235300719738
20121024,2012-10-24,held_out,49,0,axis_1,-0.6880564093589783
20121024,2012-10-24,held_out,49,1,axis_2,-0.46916359663009644
20121024,2012-10-24,held_out,49,2,axis_3,0.09786892682313919
20121024,2012-10-24,held_out,49,3,axis_4,0.12218137085437775
20121024,2012-10-24,held_out,50,0,axis_1,1.5012507438659668
20121024,2012-10-24,held_out,50,1,axis_2,1.8974592685699463
20121024,2012-10-24,held_out,50,2,axis_3,0.8634346127510071
20121024,2012-10-24,held_out,50,3,axis_4,0.4424190819263458
20121024,2012-10-24,held_out,51,0,axis_1,0.6713058948516846
20121024,2012-10-24,held_out,51,1,axis_2,0.32210201025009155
20121024,2012-10-24,held_out,51,2,axis_3,0.2640846073627472
20121024,2012-10-24,held_out,51,3,axis_4,0.3498900532722473
20121024,2012-10-24,held_out,52,0,axis_1,-0.2794187068939209
20121024,2012-10-24,held_out,52,1,axis_2,0.27485907077789307
20121024,2012-10-24,held_out,52,2,axis_3,-0.023204457014799118
20121024,2012-10-24,held_out,52,3,axis_4,0.21509598195552826
20121024,2012-10-24,held_out,53,0,axis_1,0.47574710845947266
20121024,2012-10-24,held_out,53,1,axis_2,0.5301077961921692
20121024,2012-10-24,held_out,53,2,axis_3,-0.0982489362359047
20121024,2012-10-24,held_out,53,3,axis_4,0.05747184157371521
20121024,2012-10-24,held_out,54,0,axis_1,-0.6255748867988586
20121024,2012-10-24,held_out,54,1,axis_2,0.3259740471839905
20121024,2012-10-24,held_out,54,2,axis_3,0.13031764328479767
20121024,2012-10-24,held_out,54,3,axis_4,0.11167459189891815
20121024,2012-10-24,held_out,55,0,axis_1,-0.8550037741661072
20121024,2012-10-24,held_out,55,1,axis_2,0.15477964282035828
20121024,2012-10-24,held_out,55,2,axis_3,0.026463735848665237
20121024,2012-10-24,held_out,55,3,axis_4,0.05802189186215401
20121024,2012-10-24,held_out,56,0,axis_1,-1.3824948072433472
20121024,2012-10-24,held_out,56,1,axis_2,0.17252716422080994
20121024,2012-10-24,held_out,56,2,axis_3,-0.030268928036093712
20121024,2012-10-24,held_out,56,3,axis_4,0.01857161894440651
20121024,2012-10-24,held_out,57,0,axis_1,-1.0889484882354736
20121024,2012-10-24,held_out,57,1,axis_2,-0.06369534134864807
20121024,2012-10-24,held_out,57,2,axis_3,0.23174846172332764
20121024,2012-10-24,held_out,57,3,axis_4,-0.043829578906297684
20121024,2012-10-24,held_out,58,0,axis_1,-0.753862202167511
20121024,2012-10-24,held_out,58,1,axis_2,0.2139807939529419
20121024,2012-10-24,held_out,58,2,axis_3,-0.019110914319753647
20121024,2012-10-24,held_out,58,3,axis_4,0.26166462898254395
20121024,2012-10-24,held_out,59,0,axis_1,-1.5880872011184692
20121024,2012-10-24,held_out,59,1,axis_2,0.05885906517505646
20121024,2012-10-24,held_out,59,2,axis_3,0.06879846751689911
20121024,2012-10-24,held_out,59,3,axis_4,-0.031020091846585274
20121024,2012-10-24,held_out,60,0,axis_1,0.6677516102790833
20121024,2012-10-24,held_out,60,1,axis_2,-0.4371550977230072
20121024,2012-10-24,held_out,60,2,axis_3,0.17065109312534332
20121024,2012-10-24,held_out,60,3,axis_4,0.2524234652519226
20121024,2012-10-24,held_out,61,0,axis_1,-1.821968913078308
20121024,2012-10-24,held_out,61,1,axis_2,-0.19652552902698517
20121024,2012-10-24,held_out,61,2,axis_3,0.08667575567960739
20121024,2012-10-24,held_out,61,3,axis_4,-0.014108740724623203
20121024,2012-10-24,held_out,62,0,axis_1,-1.4907258749008179
20121024,2012-10-24,held_out,62,1,axis_2,-0.07740366458892822
20121024,2012-10-24,held_out,62,2,axis_3,0.14339961111545563
20121024,2012-10-24,held_out,62,3,axis_4,-0.03539631515741348
20121024,2012-10-24,held_out,63,0,axis_1,-1.5601348876953125
20121024,2012-10-24,held_out,63,1,axis_2,-0.16262729465961456
20121024,2012-10-24,held_out,63,2,axis_3,0.1305888593196869
20121024,2012-10-24,held_out,63,3,axis_4,-0.04086757451295853
