left_tag,right_tag,replicate,r_fixed_column_row_shuffle
ses-20120924,ses-20120926,0,0.02317348932123191
ses-20120924,ses-20120926,1,0.0374900044112326
ses-20120924,ses-20120926,2,-0.16269984092505008
ses-20120924,ses-20120926,3,-0.010937123248387855
ses-20120924,ses-20120926,4,0.09824505074924972
ses-20120924,ses-20120926,5,0.053141838814934804
ses-20120924,ses-20120926,6,0.06538410540829058
ses-20120924,ses-20120926,7,0.06150232587903461
ses-20120924,ses-20120926,8,0.10832576773422718
ses-20120924,ses-20120926,9,-0.09080867304125745
ses-20120924,ses-20120926,10,0.486957575670105
ses-20120924,ses-20120926,11,-0.10569421935439932
ses-20120924,ses-20120926,12,0.10095434486628023
ses-20120924,ses-20120926,13,0.07311978585589676
ses-20120924,ses-20120926,14,0.08473646212063693
ses-20120924,ses-20120926,15,-0.007427532008824796
ses-20120924,ses-20120926,16,-0.06827742902957706
ses-20120924,ses-20120926,17,-0.17074706810901719
ses-20120924,ses-20120926,18,0.11888599027845832
ses-20120924,ses-20120926,19,-0.052622736038228826
ses-20120924,ses-20120926,20,-0.08321226993714385
ses-20120924,ses-20120926,21,-0.042349616119299216
ses-20120924,ses-20120926,22,-0.08363243786962521
ses-20120924,ses-20120926,23,0.01063515227838577
ses-20120924,ses-20120926,24,-0.10152632430190599
ses-20120924,ses-20120926,25,-0.0806488054271828
ses-20120924,ses-20120926,26,0.0037389103569929255
ses-20120924,ses-20120926,27,-0.005130366753711462
ses-20120924,ses-20120926,28,0.0544282729429154
ses-20120924,ses-20120926,29,0.034849523814691426
ses-20120924,ses-20120926,30,0.13454524004033666
ses-20120924,ses-20120926,31,-0.06271125925292036
ses-20120924,ses-20120926,32,-0.14497444413428598
ses-20120924,ses-20120926,33,0.022107286834667474
ses-20120924,ses-20120926,34,-0.24687613309211412
ses-20120924,ses-20120926,35,-0.11029320173267211
ses-20120924,ses-20120926,36,-0.03479727806580278
ses-20120924,ses-20120926,37,0.13270408897523223
ses-20120924,ses-20120926,38,0.030222184338818785
ses-20120924,ses-20120926,39,0.08660765221780803
ses-20120924,ses-20120926,40,-0.058579191199614175
ses-20120924,ses-20120926,41,0.116970668198676
ses-20120924,ses-20120926,42,-0.08435201996205505
ses-20120924,ses-20120926,43,0.011914860865061924
ses-20120924,ses-20120926,44,0.16411918276613346
ses-20120924,ses-20120926,45,0.284183754878663
ses-20120924,ses-20120926,46,-0.05241144348758223
ses-20120924,ses-20120926,47,0.2599966698804771
ses-20120924,ses-20120926,48,-0.1201458018782522
ses-20120924,ses-20120926,49,0.038261769009249304
ses-20120924,ses-20120926,50,0.13224770382386933
ses-20120924,ses-20120926,51,-0.007699461535756603
ses-20120924,ses-20120926,52,-0.07248535774524985
ses-20120924,ses-20120926,53,-0.08093406328374105
ses-20120924,ses-20120926,54,-0.09427065044992686
ses-20120924,ses-20120926,55,-0.09792897851513631
ses-20120924,ses-20120926,56,0.1759866178964095
ses-20120924,ses-20120926,57,-0.08268265123122955
ses-20120924,ses-20120926,58,0.14670380503114325
ses-20120924,ses-20120926,59,0.02116666772546726
ses-20120924,ses-20120926,60,0.11885888129076044
ses-20120924,ses-20120926,61,-0.17016532894511488
ses-20120924,ses-20120926,62,0.1681143584856244
ses-20120924,ses-20120926,63,0.12248469393287532
ses-20120924,ses-20120926,64,-0.029388168522983923
ses-20120924,ses-20120926,65,0.10695894228923229
ses-20120924,ses-20120926,66,-0.08273174574514634
ses-20120924,ses-20120926,67,-0.1508952816920895
ses-20120924,ses-20120926,68,0.2031132833471696
ses-20120924,ses-20120926,69,0.15468819641957998
ses-20120924,ses-20120926,70,0.08389204411828985
ses-20120924,ses-20120926,71,-0.0228770357925089
ses-20120924,ses-20120926,72,0.016721063769880605
ses-20120924,ses-20120926,73,0.05754482220854596
ses-20120924,ses-20120926,74,-0.0455490647825284
ses-20120924,ses-20120926,75,0.2329404790085761
ses-20120924,ses-20120926,76,-0.0205103534793841
ses-20120924,ses-20120926,77,-0.2480922519482828
ses-20120924,ses-20120926,78,0.10646010177880796
ses-20120924,ses-20120926,79,-0.04796384285332014
ses-20120924,ses-20120926,80,0.013528049416174867
ses-20120924,ses-20120926,81,0.07515599004891547
ses-20120924,ses-20120926,82,-0.08608980846029088
ses-20120924,ses-20120926,83,0.2871569117789161
ses-20120924,ses-20120926,84,-0.15443080013527344
ses-20120924,ses-20120926,85,0.0380050480615658
ses-20120924,ses-20120926,86,0.004067180781359747
ses-20120924,ses-20120926,87,0.026620515013200525
ses-20120924,ses-20120926,88,0.08128678344690242
ses-20120924,ses-20120926,89,0.0018579577049758983
ses-20120924,ses-20120926,90,-0.0015464292156447115
ses-20120924,ses-20120926,91,-0.0924592496558716
ses-20120924,ses-20120926,92,0.1973322992575704
ses-20120924,ses-20120926,93,0.14484068175684292
ses-20120924,ses-20120926,94,0.3165674125704731
ses-20120924,ses-20120926,95,-0.05392151808475376
ses-20120924,ses-20120926,96,-0.03784893519766124
ses-20120924,ses-20120926,97,0.2552429597957936
ses-20120924,ses-20120926,98,-0.18254016943629273
ses-20120924,ses-20120926,99,-0.09809880388219198
ses-20120924,ses-20120926,100,-0.07632746015451412
ses-20120924,ses-20120926,101,-0.16027069063996807
ses-20120924,ses-20120926,102,-0.05049175035030231
ses-20120924,ses-20120926,103,0.3772721436166513
ses-20120924,ses-20120926,104,-0.1427718914616622
ses-20120924,ses-20120926,105,-0.11132895928554547
ses-20120924,ses-20120926,106,0.12188834016487497
ses-20120924,ses-20120926,107,0.15134797933206995
ses-20120924,ses-20120926,108,0.09811509670111485
ses-20120924,ses-20120926,109,-0.0680840351585268
ses-20120924,ses-20120926,110,0.10572005993662785
ses-20120924,ses-20120926,111,0.20455686378974478
ses-20120924,ses-20120926,112,-0.23932424203480876
ses-20120924,ses-20120926,113,0.20470649321948411
ses-20120924,ses-20120926,114,0.15946640867355413
ses-20120924,ses-20120926,115,0.11048123627200995
ses-20120924,ses-20120926,116,0.09312561763402939
ses-20120924,ses-20120926,117,-0.09844583051386052
ses-20120924,ses-20120926,118,0.2527065338882868
ses-20120924,ses-20120926,119,-0.07182092456848821
ses-20120924,ses-20120926,120,0.06389561791768053
ses-20120924,ses-20120926,121,0.05948893855068508
ses-20120924,ses-20120926,122,-0.03153330231410043
ses-20120924,ses-20120926,123,-0.1182515178944856
ses-20120924,ses-20120926,124,0.010378754787424116
ses-20120924,ses-20120926,125,-0.003984805656514096
ses-20120924,ses-20120926,126,-0.009176282082281316
ses-20120924,ses-20120926,127,-0.014079153156258505
ses-20120924,ses-20120926,128,0.011414942273346051
ses-20120924,ses-20120926,129,-0.08190214274570258
ses-20120924,ses-20120926,130,0.13469444768931055
ses-20120924,ses-20120926,131,0.1337398986143267
ses-20120924,ses-20120926,132,-0.0827677482328416
ses-20120924,ses-20120926,133,-0.039100927569796946
ses-20120924,ses-20120926,134,-0.1783565992161436
ses-20120924,ses-20120926,135,0.03653905617462861
ses-20120924,ses-20120926,136,-0.053517903987760164
ses-20120924,ses-20120926,137,-0.07624175602839701
ses-20120924,ses-20120926,138,0.03427729130762058
ses-20120924,ses-20120926,139,-0.21042815338582477
ses-20120924,ses-20120926,140,-0.10889386763014537
ses-20120924,ses-20120926,141,0.0020870519453135917
ses-20120924,ses-20120926,142,-0.05672839496065029
ses-20120924,ses-20120926,143,0.0519463957462861
ses-20120924,ses-20120926,144,-0.05635947272563739
ses-20120924,ses-20120926,145,-0.15920044805119116
ses-20120924,ses-20120926,146,0.04766977646069065
ses-20120924,ses-20120926,147,0.21924954511679068
ses-20120924,ses-20120926,148,-0.025933340478512364
ses-20120924,ses-20120926,149,-0.026427739713604716
ses-20120924,ses-20120926,150,-0.12929712924700787
ses-20120924,ses-20120926,151,0.12584126783964594
ses-20120924,ses-20120926,152,-0.1264007741365718
ses-20120924,ses-20120926,153,-0.014637351730306782
ses-20120924,ses-20120926,154,-0.10128176242760983
ses-20120924,ses-20120926,155,0.091568906029988
ses-20120924,ses-20120926,156,0.155464236235248
ses-20120924,ses-20120926,157,0.029777143574708405
ses-20120924,ses-20120926,158,0.19310364401785055
ses-20120924,ses-20120926,159,-0.1297675616514179
ses-20120924,ses-20120926,160,0.005530901335470879
ses-20120924,ses-20120926,161,-0.00011911652779572052
ses-20120924,ses-20120926,162,-0.05094265860585504
ses-20120924,ses-20120926,163,0.2259386368599238
ses-20120924,ses-20120926,164,0.18271366938388092
ses-20120924,ses-20120926,165,-0.03402145893417683
ses-20120924,ses-20120926,166,-0.036723346948360165
ses-20120924,ses-20120926,167,0.053609636994662035
ses-20120924,ses-20120926,168,-0.11045286804638779
ses-20120924,ses-20120926,169,0.055151657144225034
ses-20120924,ses-20120926,170,0.32515951331457077
ses-20120924,ses-20120926,171,0.2791598238471829
ses-20120924,ses-20120926,172,0.11246436822036783
ses-20120924,ses-20120926,173,-0.13989423442389246
ses-20120924,ses-20120926,174,-0.0012492837789367722
ses-20120924,ses-20120926,175,0.15030122076696387
ses-20120924,ses-20120926,176,0.16317478602637236
ses-20120924,ses-20120926,177,0.04876887652220377
ses-20120924,ses-20120926,178,0.08025814565930003
ses-20120924,ses-20120926,179,-0.04947607195675906
ses-20120924,ses-20120926,180,0.024739812102467135
ses-20120924,ses-20120926,181,0.14939559639073247
ses-20120924,ses-20120926,182,-0.042856872812378564
ses-20120924,ses-20120926,183,0.11225429228822457
ses-20120924,ses-20120926,184,-0.04372564504318373
ses-20120924,ses-20120926,185,0.1845121893679678
ses-20120924,ses-20120926,186,-0.04570022482154319
ses-20120924,ses-20120926,187,-0.08478661003539176
ses-20120924,ses-20120926,188,0.03716733941693229
ses-20120924,ses-20120926,189,-0.06308641555070497
ses-20120924,ses-20120926,190,-0.07424905846616246
ses-20120924,ses-20120926,191,-0.00210182613477556
ses-20120924,ses-20120926,192,0.22372935383513207
ses-20120924,ses-20120926,193,-0.09823644070142128
ses-20120924,ses-20120926,194,0.009700302525947856
ses-20120924,ses-20120926,195,-0.13778272740643593
ses-20120924,ses-20120926,196,-0.06652203470916829
ses-20120924,ses-20120926,197,-0.1702580382398391
ses-20120924,ses-20120926,198,-0.09872528639547236
ses-20120924,ses-20120926,199,-0.04047271100130842
ses-20120924,ses-20120927,0,0.02697283305577999
ses-20120924,ses-20120927,1,0.2453516869289694
ses-20120924,ses-20120927,2,-0.009418525262294697
ses-20120924,ses-20120927,3,0.25754200734351756
ses-20120924,ses-20120927,4,-0.04682519199876986
ses-20120924,ses-20120927,5,0.24288964312190683
ses-20120924,ses-20120927,6,0.19300479274107732
ses-20120924,ses-20120927,7,0.2798264810253291
ses-20120924,ses-20120927,8,-0.019348545862500767
ses-20120924,ses-20120927,9,0.00033516838072192756
ses-20120924,ses-20120927,10,0.05785583378972367
ses-20120924,ses-20120927,11,0.2062947412745372
ses-20120924,ses-20120927,12,-0.0225268763222878
ses-20120924,ses-20120927,13,0.15367651308959843
ses-20120924,ses-20120927,14,-0.1543639052106949
ses-20120924,ses-20120927,15,-0.19130446600688952
ses-20120924,ses-20120927,16,0.03354274138851025
ses-20120924,ses-20120927,17,-0.0643782476921693
ses-20120924,ses-20120927,18,-0.05492076088002517
ses-20120924,ses-20120927,19,-0.27999049227513606
ses-20120924,ses-20120927,20,-0.02238447009357399
ses-20120924,ses-20120927,21,-0.10518937357948874
ses-20120924,ses-20120927,22,-0.16794105691186195
ses-20120924,ses-20120927,23,0.183233330516802
ses-20120924,ses-20120927,24,-0.16449818399445942
ses-20120924,ses-20120927,25,-0.13185480781554826
ses-20120924,ses-20120927,26,0.042400954323223536
ses-20120924,ses-20120927,27,0.012158628266598498
ses-20120924,ses-20120927,28,0.03507637922452051
ses-20120924,ses-20120927,29,-0.10834369269941707
ses-20120924,ses-20120927,30,0.05571218786052033
ses-20120924,ses-20120927,31,0.16193615962841493
ses-20120924,ses-20120927,32,-0.08977380922016218
ses-20120924,ses-20120927,33,0.005028471683466195
ses-20120924,ses-20120927,34,-0.12252213067795095
ses-20120924,ses-20120927,35,-0.21090005197289952
ses-20120924,ses-20120927,36,-0.02475627456183941
ses-20120924,ses-20120927,37,0.07193859090378887
ses-20120924,ses-20120927,38,-0.03806947657103715
ses-20120924,ses-20120927,39,0.008585385064915555
ses-20120924,ses-20120927,40,0.022728322962961043
ses-20120924,ses-20120927,41,-0.28399661045064567
ses-20120924,ses-20120927,42,-0.289175018805686
ses-20120924,ses-20120927,43,-0.12316983237953444
ses-20120924,ses-20120927,44,-0.103410432171126
ses-20120924,ses-20120927,45,-0.12087617936224537
ses-20120924,ses-20120927,46,0.027501000525476542
ses-20120924,ses-20120927,47,0.02076772183205984
ses-20120924,ses-20120927,48,0.02940697859820346
ses-20120924,ses-20120927,49,0.02772597863909102
ses-20120924,ses-20120927,50,0.007602562226991239
ses-20120924,ses-20120927,51,-0.09404554796363826
ses-20120924,ses-20120927,52,-0.03558141477176895
ses-20120924,ses-20120927,53,-0.1776833597925408
ses-20120924,ses-20120927,54,-0.18706549997397012
ses-20120924,ses-20120927,55,-0.10518678955334748
ses-20120924,ses-20120927,56,-0.011977855118694085
ses-20120924,ses-20120927,57,-0.15683430739702953
ses-20120924,ses-20120927,58,-0.2667118369156638
ses-20120924,ses-20120927,59,0.12036698509259076
ses-20120924,ses-20120927,60,-0.027128494888467036
ses-20120924,ses-20120927,61,-0.12854189524516157
ses-20120924,ses-20120927,62,0.17744179426122245
ses-20120924,ses-20120927,63,-0.0682925722433199
ses-20120924,ses-20120927,64,-0.06116073894784705
ses-20120924,ses-20120927,65,-0.055486085938666455
ses-20120924,ses-20120927,66,0.05195091237338206
ses-20120924,ses-20120927,67,0.09957206876563435
ses-20120924,ses-20120927,68,0.15832164472594248
ses-20120924,ses-20120927,69,-0.09478476636227183
ses-20120924,ses-20120927,70,-0.01633570039349557
ses-20120924,ses-20120927,71,-0.0225137614287717
ses-20120924,ses-20120927,72,0.09023469479035381
ses-20120924,ses-20120927,73,-0.03613466269219006
ses-20120924,ses-20120927,74,0.14758985001531935
ses-20120924,ses-20120927,75,-0.01813937032395722
ses-20120924,ses-20120927,76,0.025996406921427264
ses-20120924,ses-20120927,77,0.15051363330285547
ses-20120924,ses-20120927,78,-0.044505295822668156
ses-20120924,ses-20120927,79,0.00730435491497757
ses-20120924,ses-20120927,80,-0.017932752381709532
ses-20120924,ses-20120927,81,-0.12598858443081162
ses-20120924,ses-20120927,82,-0.04471428861818149
ses-20120924,ses-20120927,83,0.14808553975313096
ses-20120924,ses-20120927,84,-0.019908668197193016
ses-20120924,ses-20120927,85,-0.008880980328297122
ses-20120924,ses-20120927,86,0.060992006456195916
ses-20120924,ses-20120927,87,0.14887251241780675
ses-20120924,ses-20120927,88,-0.13580931450274766
ses-20120924,ses-20120927,89,-0.13242012716293575
ses-20120924,ses-20120927,90,-0.05360302779562363
ses-20120924,ses-20120927,91,-0.13339644790449132
ses-20120924,ses-20120927,92,-0.07224150837284657
ses-20120924,ses-20120927,93,0.10972261370232396
ses-20120924,ses-20120927,94,-0.06723138597104397
ses-20120924,ses-20120927,95,-0.1876656824668165
ses-20120924,ses-20120927,96,0.002261387779979626
ses-20120924,ses-20120927,97,-0.025812151801940676
ses-20120924,ses-20120927,98,0.05204433594207816
ses-20120924,ses-20120927,99,0.12595028621056
ses-20120924,ses-20120927,100,-0.02433265368602352
ses-20120924,ses-20120927,101,0.08750412637264911
ses-20120924,ses-20120927,102,0.28589313298625185
ses-20120924,ses-20120927,103,-0.1256775309789255
ses-20120924,ses-20120927,104,0.1099837373254287
ses-20120924,ses-20120927,105,0.02464917399747374
ses-20120924,ses-20120927,106,-0.11682289897120172
ses-20120924,ses-20120927,107,0.09072266734190204
ses-20120924,ses-20120927,108,0.17711322053715495
ses-20120924,ses-20120927,109,0.15549939037583033
ses-20120924,ses-20120927,110,0.09188343939959308
ses-20120924,ses-20120927,111,-0.1631321892620031
ses-20120924,ses-20120927,112,0.0781540989063681
ses-20120924,ses-20120927,113,-0.05190199341558479
ses-20120924,ses-20120927,114,0.08639425976142057
ses-20120924,ses-20120927,115,-0.12625397292105894
ses-20120924,ses-20120927,116,-0.03305466372307812
ses-20120924,ses-20120927,117,0.1004866508660095
ses-20120924,ses-20120927,118,-0.09695817076247563
ses-20120924,ses-20120927,119,-0.08011731485282528
ses-20120924,ses-20120927,120,0.06757371017309775
ses-20120924,ses-20120927,121,-0.0081636429619003
ses-20120924,ses-20120927,122,0.054524413473502086
ses-20120924,ses-20120927,123,0.00572848279619543
ses-20120924,ses-20120927,124,0.055192207030913966
ses-20120924,ses-20120927,125,-0.09050024619161377
ses-20120924,ses-20120927,126,0.029265143771146713
ses-20120924,ses-20120927,127,-0.050468175217960876
ses-20120924,ses-20120927,128,-0.01863927760063283
ses-20120924,ses-20120927,129,-0.0561146527398964
ses-20120924,ses-20120927,130,0.028660789167814768
ses-20120924,ses-20120927,131,0.07321903217410569
ses-20120924,ses-20120927,132,0.10571673736540538
ses-20120924,ses-20120927,133,-0.1308706847888637
ses-20120924,ses-20120927,134,-0.005210534904146346
ses-20120924,ses-20120927,135,-0.05522553218558967
ses-20120924,ses-20120927,136,-0.07268462739679768
ses-20120924,ses-20120927,137,-0.009076196251765397
ses-20120924,ses-20120927,138,-0.02127651041080014
ses-20120924,ses-20120927,139,-0.0223579434146944
ses-20120924,ses-20120927,140,-0.04394513398468879
ses-20120924,ses-20120927,141,0.06597540264105839
ses-20120924,ses-20120927,142,-0.12484579984065543
ses-20120924,ses-20120927,143,0.047022176554974024
ses-20120924,ses-20120927,144,-0.03484255975156445
ses-20120924,ses-20120927,145,0.07585138396175754
ses-20120924,ses-20120927,146,-0.1094458195111583
ses-20120924,ses-20120927,147,-0.02591570797550506
ses-20120924,ses-20120927,148,0.15511598319628958
ses-20120924,ses-20120927,149,0.017362787810632312
ses-20120924,ses-20120927,150,0.04115862448870714
ses-20120924,ses-20120927,151,-0.08585850526595618
ses-20120924,ses-20120927,152,0.2254720587216127
ses-20120924,ses-20120927,153,-0.02531692998196722
ses-20120924,ses-20120927,154,-0.13837213480231986
ses-20120924,ses-20120927,155,0.18618561373266693
ses-20120924,ses-20120927,156,-0.029875860629621664
ses-20120924,ses-20120927,157,0.05486111300366783
ses-20120924,ses-20120927,158,0.018795422394776037
ses-20120924,ses-20120927,159,-0.116089854447834
ses-20120924,ses-20120927,160,0.07096122835990651
ses-20120924,ses-20120927,161,-0.18350905726816313
ses-20120924,ses-20120927,162,-0.13260059956582734
ses-20120924,ses-20120927,163,-0.101801014213511
ses-20120924,ses-20120927,164,0.06824400802938298
ses-20120924,ses-20120927,165,-0.13239848739457533
ses-20120924,ses-20120927,166,0.2651428732480688
ses-20120924,ses-20120927,167,0.07663471081549945
ses-20120924,ses-20120927,168,-0.15797870560996546
ses-20120924,ses-20120927,169,0.05767370376653757
ses-20120924,ses-20120927,170,0.07331248845359119
ses-20120924,ses-20120927,171,0.12861291303330352
ses-20120924,ses-20120927,172,0.13086832113106395
ses-20120924,ses-20120927,173,-0.07236174992457421
ses-20120924,ses-20120927,174,0.0775944815337358
ses-20120924,ses-20120927,175,-0.010312431726699574
ses-20120924,ses-20120927,176,0.03417302058147908
ses-20120924,ses-20120927,177,0.026141984314301498
ses-20120924,ses-20120927,178,-0.11340312388594331
ses-20120924,ses-20120927,179,0.04077961371540216
ses-20120924,ses-20120927,180,0.08371197448202107
ses-20120924,ses-20120927,181,0.0063603664847296645
ses-20120924,ses-20120927,182,-0.0605865066623181
ses-20120924,ses-20120927,183,-0.018420816506550825
ses-20120924,ses-20120927,184,0.06412558725816754
ses-20120924,ses-20120927,185,-0.09724857376562629
ses-20120924,ses-20120927,186,-0.21116405299494476
ses-20120924,ses-20120927,187,0.14730289865127003
ses-20120924,ses-20120927,188,0.11397887658961182
ses-20120924,ses-20120927,189,-0.1665044300496155
ses-20120924,ses-20120927,190,0.06397540535912592
ses-20120924,ses-20120927,191,-0.16862059785082403
ses-20120924,ses-20120927,192,-0.11495288475860031
ses-20120924,ses-20120927,193,-0.027150018809779273
ses-20120924,ses-20120927,194,0.17027346145337294
ses-20120924,ses-20120927,195,-0.0697741794490811
ses-20120924,ses-20120927,196,-0.042195274073265066
ses-20120924,ses-20120927,197,0.09286187412457275
ses-20120924,ses-20120927,198,-0.09735920027082069
ses-20120924,ses-20120927,199,0.08691341356049817
ses-20120924,ses-20120928,0,-0.0354034631981824
ses-20120924,ses-20120928,1,-0.031167725474025354
ses-20120924,ses-20120928,2,0.037298746366835785
ses-20120924,ses-20120928,3,-0.0929660716114613
ses-20120924,ses-20120928,4,-0.16062645621272686
ses-20120924,ses-20120928,5,0.21957555253901748
ses-20120924,ses-20120928,6,-0.035393936856830115
ses-20120924,ses-20120928,7,0.18629264992838707
ses-20120924,ses-20120928,8,0.026424590427969356
ses-20120924,ses-20120928,9,0.033336145162187705
ses-20120924,ses-20120928,10,0.06208932070915129
ses-20120924,ses-20120928,11,-0.16685324243796526
ses-20120924,ses-20120928,12,0.1978102709989109
ses-20120924,ses-20120928,13,-0.09086941478803255
ses-20120924,ses-20120928,14,0.1127094287011681
ses-20120924,ses-20120928,15,-0.06620329764527821
ses-20120924,ses-20120928,16,-0.08738853778566819
ses-20120924,ses-20120928,17,0.0009473017366595129
ses-20120924,ses-20120928,18,-0.023194232579613557
ses-20120924,ses-20120928,19,-0.11478494971573572
ses-20120924,ses-20120928,20,0.1776043389347957
ses-20120924,ses-20120928,21,-0.10764144356667082
ses-20120924,ses-20120928,22,-0.08561643768286781
ses-20120924,ses-20120928,23,-0.06298605572154746
ses-20120924,ses-20120928,24,-0.1276464885064263
ses-20120924,ses-20120928,25,-0.04873161151775968
ses-20120924,ses-20120928,26,-0.0222650577451102
ses-20120924,ses-20120928,27,-0.08279338717868381
ses-20120924,ses-20120928,28,-0.01990348660550472
ses-20120924,ses-20120928,29,0.19406901865795562
ses-20120924,ses-20120928,30,-0.11496752339859845
ses-20120924,ses-20120928,31,0.09290301441331843
ses-20120924,ses-20120928,32,-0.04619837614055528
ses-20120924,ses-20120928,33,-0.031390983835412486
ses-20120924,ses-20120928,34,0.10653299185643146
ses-20120924,ses-20120928,35,-0.0020617589875507594
ses-20120924,ses-20120928,36,-0.06558596904164073
ses-20120924,ses-20120928,37,-0.013752910652714778
ses-20120924,ses-20120928,38,-0.006945447497345546
ses-20120924,ses-20120928,39,-0.02378643974168652
ses-20120924,ses-20120928,40,-0.037967811807073315
ses-20120924,ses-20120928,41,-0.14411482852547006
ses-20120924,ses-20120928,42,0.010336039371152997
ses-20120924,ses-20120928,43,0.008365351789613427
ses-20120924,ses-20120928,44,-0.0012939957106315385
ses-20120924,ses-20120928,45,-0.08364360573683387
ses-20120924,ses-20120928,46,0.11510455095432011
ses-20120924,ses-20120928,47,-0.008001863225588352
ses-20120924,ses-20120928,48,0.07997944275763874
ses-20120924,ses-20120928,49,0.23262013334429832
ses-20120924,ses-20120928,50,0.041308655863845765
ses-20120924,ses-20120928,51,-0.14462185717364995
ses-20120924,ses-20120928,52,-0.05124696423284486
ses-20120924,ses-20120928,53,-0.08899777921544466
ses-20120924,ses-20120928,54,-0.09336440943059544
ses-20120924,ses-20120928,55,-0.03916678818319606
ses-20120924,ses-20120928,56,-0.1771554584958045
ses-20120924,ses-20120928,57,-0.032585943094069994
ses-20120924,ses-20120928,58,-0.09166350533097747
ses-20120924,ses-20120928,59,-0.006828549351518671
ses-20120924,ses-20120928,60,-0.17649063751001542
ses-20120924,ses-20120928,61,-0.09321232145685304
ses-20120924,ses-20120928,62,0.16541419523092746
ses-20120924,ses-20120928,63,-0.12798170508133508
ses-20120924,ses-20120928,64,-0.21269599843669093
ses-20120924,ses-20120928,65,-0.002628657613398989
ses-20120924,ses-20120928,66,0.042406697524839
ses-20120924,ses-20120928,67,-0.13882701339248474
ses-20120924,ses-20120928,68,0.179907004587187
ses-20120924,ses-20120928,69,0.059847675890637296
ses-20120924,ses-20120928,70,0.323143200482576
ses-20120924,ses-20120928,71,-0.01683862472187756
ses-20120924,ses-20120928,72,0.2369240600204259
ses-20120924,ses-20120928,73,-0.09253550060294395
ses-20120924,ses-20120928,74,0.13632038931194318
ses-20120924,ses-20120928,75,-0.06567693898730374
ses-20120924,ses-20120928,76,0.06755620419003382
ses-20120924,ses-20120928,77,-0.005052925241790707
ses-20120924,ses-20120928,78,-0.06033531231109236
ses-20120924,ses-20120928,79,0.08664554743919681
ses-20120924,ses-20120928,80,0.2976134440345572
ses-20120924,ses-20120928,81,0.07566847557824323
ses-20120924,ses-20120928,82,-0.004876695246217307
ses-20120924,ses-20120928,83,0.15108667173941567
ses-20120924,ses-20120928,84,-0.15442163791363034
ses-20120924,ses-20120928,85,-0.12434293800446017
ses-20120924,ses-20120928,86,-0.09609056894571788
ses-20120924,ses-20120928,87,-0.09612223858384006
ses-20120924,ses-20120928,88,-0.14159479720298898
ses-20120924,ses-20120928,89,0.28136054764571494
ses-20120924,ses-20120928,90,-0.023510661404640764
ses-20120924,ses-20120928,91,-0.01309933309227618
ses-20120924,ses-20120928,92,-0.020983399877823918
ses-20120924,ses-20120928,93,0.11241575284193413
ses-20120924,ses-20120928,94,0.1699014243788438
ses-20120924,ses-20120928,95,-0.03321162132951013
ses-20120924,ses-20120928,96,0.1348933773563723
ses-20120924,ses-20120928,97,-0.14013120669496004
ses-20120924,ses-20120928,98,-0.031197185470179193
ses-20120924,ses-20120928,99,-0.14805851147960641
ses-20120924,ses-20120928,100,-0.14090716008996718
ses-20120924,ses-20120928,101,0.1972969707092852
ses-20120924,ses-20120928,102,-0.05143056963605493
ses-20120924,ses-20120928,103,0.09620743946547732
ses-20120924,ses-20120928,104,-0.09287291946766628
ses-20120924,ses-20120928,105,0.18918615949018408
ses-20120924,ses-20120928,106,-0.02739869863230342
ses-20120924,ses-20120928,107,0.24154075452111948
ses-20120924,ses-20120928,108,-0.10905721060566408
ses-20120924,ses-20120928,109,0.20823479093403224
ses-20120924,ses-20120928,110,0.03372585788833649
ses-20120924,ses-20120928,111,0.047078137630986464
ses-20120924,ses-20120928,112,-0.03686645212255523
ses-20120924,ses-20120928,113,0.04709759336814759
ses-20120924,ses-20120928,114,-0.01283283435225376
ses-20120924,ses-20120928,115,-0.0996460541290296
ses-20120924,ses-20120928,116,0.07391191225056346
ses-20120924,ses-20120928,117,0.1398918663615106
ses-20120924,ses-20120928,118,-0.14305402179509563
ses-20120924,ses-20120928,119,0.10324773499515935
ses-20120924,ses-20120928,120,-0.038181317188463015
ses-20120924,ses-20120928,121,0.06962107711476205
ses-20120924,ses-20120928,122,0.13459260561727526
ses-20120924,ses-20120928,123,0.06919372759004058
ses-20120924,ses-20120928,124,-0.01958412637397013
ses-20120924,ses-20120928,125,-0.10464482253510318
ses-20120924,ses-20120928,126,-0.11760704331380095
ses-20120924,ses-20120928,127,0.16334836024122593
ses-20120924,ses-20120928,128,-0.03929245247269461
ses-20120924,ses-20120928,129,0.08932983474047171
ses-20120924,ses-20120928,130,-0.016464214509699277
ses-20120924,ses-20120928,131,-0.13081528072840662
ses-20120924,ses-20120928,132,-0.1818345295759633
ses-20120924,ses-20120928,133,0.12257646533473858
ses-20120924,ses-20120928,134,0.07982787498766496
ses-20120924,ses-20120928,135,0.03479679132569442
ses-20120924,ses-20120928,136,0.11366030984193903
ses-20120924,ses-20120928,137,-0.004919397632827325
ses-20120924,ses-20120928,138,-0.010063173972335573
ses-20120924,ses-20120928,139,0.12247859602993422
ses-20120924,ses-20120928,140,0.02262668641611
ses-20120924,ses-20120928,141,-0.08014278255415758
ses-20120924,ses-20120928,142,-0.07570203057347108
ses-20120924,ses-20120928,143,-0.11233892917153587
ses-20120924,ses-20120928,144,-0.16310901306154324
ses-20120924,ses-20120928,145,0.02354369215939664
ses-20120924,ses-20120928,146,-0.0303920397393733
ses-20120924,ses-20120928,147,0.034378137179370785
ses-20120924,ses-20120928,148,0.1417164299530339
ses-20120924,ses-20120928,149,-0.03946049091028508
ses-20120924,ses-20120928,150,0.02654958933733408
ses-20120924,ses-20120928,151,-0.11083901633782066
ses-20120924,ses-20120928,152,-0.03738530229857553
ses-20120924,ses-20120928,153,-0.153986223743271
ses-20120924,ses-20120928,154,-0.11379831638904167
ses-20120924,ses-20120928,155,-0.05899467013927287
ses-20120924,ses-20120928,156,0.11357544024790654
ses-20120924,ses-20120928,157,-0.021897279036724275
ses-20120924,ses-20120928,158,0.011106011053807685
ses-20120924,ses-20120928,159,-0.10367017597927933
ses-20120924,ses-20120928,160,-0.15222776136119653
ses-20120924,ses-20120928,161,-0.0033674802798453747
ses-20120924,ses-20120928,162,-0.15685263323317325
ses-20120924,ses-20120928,163,-0.09992429762033209
ses-20120924,ses-20120928,164,0.039532949181362124
ses-20120924,ses-20120928,165,-0.09937960957771774
ses-20120924,ses-20120928,166,-0.11975385059208238
ses-20120924,ses-20120928,167,-0.19165573485304438
ses-20120924,ses-20120928,168,0.18150655941565988
ses-20120924,ses-20120928,169,-0.003181106985668487
ses-20120924,ses-20120928,170,-0.01090155189145965
ses-20120924,ses-20120928,171,0.05380100529521091
ses-20120924,ses-20120928,172,-0.04245975214875858
ses-20120924,ses-20120928,173,-0.04245200382928809
ses-20120924,ses-20120928,174,-0.1333591050602618
ses-20120924,ses-20120928,175,-0.192810681638399
ses-20120924,ses-20120928,176,0.1785758239270757
ses-20120924,ses-20120928,177,0.005079683777027201
ses-20120924,ses-20120928,178,0.246947042658539
ses-20120924,ses-20120928,179,-0.10243977690235648
ses-20120924,ses-20120928,180,-0.06037991941636418
ses-20120924,ses-20120928,181,-0.025108611719137527
ses-20120924,ses-20120928,182,-0.09698595792641325
ses-20120924,ses-20120928,183,0.01820917700138961
ses-20120924,ses-20120928,184,0.09165498786886071
ses-20120924,ses-20120928,185,-0.017533606242102973
ses-20120924,ses-20120928,186,-0.10900939864927454
ses-20120924,ses-20120928,187,0.055015928572849704
ses-20120924,ses-20120928,188,-0.18979263794737525
ses-20120924,ses-20120928,189,0.013066171080365643
ses-20120924,ses-20120928,190,-0.11457635537039391
ses-20120924,ses-20120928,191,0.02793992815989553
ses-20120924,ses-20120928,192,0.0638143216934009
ses-20120924,ses-20120928,193,-0.14431184779285458
ses-20120924,ses-20120928,194,-0.04812177559740791
ses-20120924,ses-20120928,195,-0.09655574659442967
ses-20120924,ses-20120928,196,0.08256048127679343
ses-20120924,ses-20120928,197,0.05778254064270685
ses-20120924,ses-20120928,198,-0.06949299563102046
ses-20120924,ses-20120928,199,-0.08323282526183214
ses-20120924,20121004,0,-0.18580031504268407
ses-20120924,20121004,1,-0.1244024991851041
ses-20120924,20121004,2,-0.005987659748759951
ses-20120924,20121004,3,-0.06588450052695417
ses-20120924,20121004,4,0.14343443698640632
ses-20120924,20121004,5,-0.06503759044253926
ses-20120924,20121004,6,0.048417026300693757
ses-20120924,20121004,7,0.040506031609036104
ses-20120924,20121004,8,0.04474194150501992
ses-20120924,20121004,9,-0.03908876277364511
ses-20120924,20121004,10,0.08177147640772765
ses-20120924,20121004,11,-0.09789299349401462
ses-20120924,20121004,12,0.010888267045254123
ses-20120924,20121004,13,0.13295253945562632
ses-20120924,20121004,14,-0.057927370711079104
ses-20120924,20121004,15,-0.009052496032260708
ses-20120924,20121004,16,0.041791697887022784
ses-20120924,20121004,17,0.10345410175571632
ses-20120924,20121004,18,0.022816810532672115
ses-20120924,20121004,19,-0.13028150645541484
ses-20120924,20121004,20,0.15655297453542294
ses-20120924,20121004,21,-0.0611391380737865
ses-20120924,20121004,22,-0.12247240821892277
ses-20120924,20121004,23,0.3822925929128284
ses-20120924,20121004,24,0.212940767077585
ses-20120924,20121004,25,0.10631368856912617
ses-20120924,20121004,26,-0.03994528259997975
ses-20120924,20121004,27,0.09884717155590009
ses-20120924,20121004,28,-0.019915476745117913
ses-20120924,20121004,29,-0.055817761382566666
ses-20120924,20121004,30,0.0758624131260394
ses-20120924,20121004,31,-0.055831936422164774
ses-20120924,20121004,32,0.12218489114902004
ses-20120924,20121004,33,0.22372442241164273
ses-20120924,20121004,34,-0.11663911403957064
ses-20120924,20121004,35,-0.07593454328928269
ses-20120924,20121004,36,0.07343218735177684
ses-20120924,20121004,37,0.09416401754851822
ses-20120924,20121004,38,0.04110076087483339
ses-20120924,20121004,39,0.0868804899512171
ses-20120924,20121004,40,-0.031819193752603225
ses-20120924,20121004,41,-0.014181577638110928
ses-20120924,20121004,42,-0.08801720527212172
ses-20120924,20121004,43,-0.18126658223684547
ses-20120924,20121004,44,-0.0869562046459537
ses-20120924,20121004,45,-0.04115891149909101
ses-20120924,20121004,46,0.03556938514984177
ses-20120924,20121004,47,-0.1911488165453065
ses-20120924,20121004,48,-0.08635308589705894
ses-20120924,20121004,49,-0.0638268099123976
ses-20120924,20121004,50,0.037284548427103166
ses-20120924,20121004,51,-0.03521044398989433
ses-20120924,20121004,52,0.09043959654509497
ses-20120924,20121004,53,-0.102830003428067
ses-20120924,20121004,54,0.17442541732230507
ses-20120924,20121004,55,0.0362772132846798
ses-20120924,20121004,56,-0.21104776198127673
ses-20120924,20121004,57,-0.19178858300258084
ses-20120924,20121004,58,-0.16095403236729508
ses-20120924,20121004,59,-0.06873851236465943
ses-20120924,20121004,60,0.2194214594328887
ses-20120924,20121004,61,-0.040733397797507405
ses-20120924,20121004,62,0.08202645435924355
ses-20120924,20121004,63,-0.056537635809613386
ses-20120924,20121004,64,-0.09885629021805675
ses-20120924,20121004,65,-0.06673603082083751
ses-20120924,20121004,66,-0.14734023038967847
ses-20120924,20121004,67,0.039853459477398184
ses-20120924,20121004,68,0.14645857178942656
ses-20120924,20121004,69,-0.21143884863114165
ses-20120924,20121004,70,0.06867867436695488
ses-20120924,20121004,71,-0.18959502849417226
ses-20120924,20121004,72,-0.024596319700740117
ses-20120924,20121004,73,-4.254766143656841e-05
ses-20120924,20121004,74,0.001181596435855865
ses-20120924,20121004,75,-0.0024858116791328035
ses-20120924,20121004,76,0.03799201995627648
ses-20120924,20121004,77,0.09811709819290307
ses-20120924,20121004,78,-0.14774579039547958
ses-20120924,20121004,79,0.05061440099822511
ses-20120924,20121004,80,0.04757427044663963
ses-20120924,20121004,81,-0.059505048123592454
ses-20120924,20121004,82,0.04688375213344031
ses-20120924,20121004,83,-0.11065993017555793
ses-20120924,20121004,84,-0.049644840209523505
ses-20120924,20121004,85,-0.009252862514934306
ses-20120924,20121004,86,0.05183772656076657
ses-20120924,20121004,87,0.1760749293722767
ses-20120924,20121004,88,0.28400440760452933
ses-20120924,20121004,89,-0.13835961417045414
ses-20120924,20121004,90,0.07261171961046167
ses-20120924,20121004,91,0.00657148914236917
ses-20120924,20121004,92,0.05085185207606396
ses-20120924,20121004,93,-0.04951879757790399
ses-20120924,20121004,94,-0.05746328731062563
ses-20120924,20121004,95,0.02509798802902592
ses-20120924,20121004,96,-0.08928953842121196
ses-20120924,20121004,97,-0.07472810867999913
ses-20120924,20121004,98,-0.06316770181243503
ses-20120924,20121004,99,-0.0937103702594281
ses-20120924,20121004,100,0.3298061878087509
ses-20120924,20121004,101,0.09036309143521284
ses-20120924,20121004,102,0.03910254509381244
ses-20120924,20121004,103,0.08873588171232452
ses-20120924,20121004,104,0.017007621278432018
ses-20120924,20121004,105,0.07372003687114384
ses-20120924,20121004,106,0.13621837028648487
ses-20120924,20121004,107,0.08643316693544179
ses-20120924,20121004,108,0.08576711279145831
ses-20120924,20121004,109,-0.1952399369415076
ses-20120924,20121004,110,-0.06551949144985729
ses-20120924,20121004,111,-0.08003830447443026
ses-20120924,20121004,112,-0.2209915666092515
ses-20120924,20121004,113,-0.1267362488023693
ses-20120924,20121004,114,-0.0253560595970844
ses-20120924,20121004,115,0.1746696266343568
ses-20120924,20121004,116,-0.023907054820046153
ses-20120924,20121004,117,0.044915277052555665
ses-20120924,20121004,118,-0.13487913341240582
ses-20120924,20121004,119,0.11566890047204696
ses-20120924,20121004,120,-0.05400588858628376
ses-20120924,20121004,121,-0.000645516013057689
ses-20120924,20121004,122,-0.03562274715998464
ses-20120924,20121004,123,-0.029469674057059855
ses-20120924,20121004,124,-0.0843005186333178
ses-20120924,20121004,125,0.12632142051801495
ses-20120924,20121004,126,0.04506807520563763
ses-20120924,20121004,127,0.0007503323915867946
ses-20120924,20121004,128,0.007034284597358017
ses-20120924,20121004,129,-0.03094365448586862
ses-20120924,20121004,130,0.19733094865776887
ses-20120924,20121004,131,-0.1214691921271853
ses-20120924,20121004,132,0.025589224035803403
ses-20120924,20121004,133,0.12864296432710923
ses-20120924,20121004,134,-0.10149260136283672
ses-20120924,20121004,135,-0.16737841891440763
ses-20120924,20121004,136,-0.018950244567993355
ses-20120924,20121004,137,0.07687903496923514
ses-20120924,20121004,138,0.13604832848723422
ses-20120924,20121004,139,-0.1148264337084508
ses-20120924,20121004,140,-0.030565137017490755
ses-20120924,20121004,141,0.026304038784608477
ses-20120924,20121004,142,-0.07562067537397103
ses-20120924,20121004,143,-0.037798400912647814
ses-20120924,20121004,144,0.01448790204583491
ses-20120924,20121004,145,-0.10025434344700931
ses-20120924,20121004,146,-0.0565458192023076
ses-20120924,20121004,147,0.013181054214046204
ses-20120924,20121004,148,0.09377143383847616
ses-20120924,20121004,149,-0.19638602853173392
ses-20120924,20121004,150,0.03411404805649672
ses-20120924,20121004,151,0.0898171921131504
ses-20120924,20121004,152,0.09548285072889112
ses-20120924,20121004,153,-0.08041601001611023
ses-20120924,20121004,154,0.11473246692797712
ses-20120924,20121004,155,-0.00863750636123811
ses-20120924,20121004,156,0.13796982936778945
ses-20120924,20121004,157,-0.030319211445809534
ses-20120924,20121004,158,0.08122038159937468
ses-20120924,20121004,159,-0.1920386312014592
ses-20120924,20121004,160,0.11954451702896265
ses-20120924,20121004,161,0.21542157162734335
ses-20120924,20121004,162,-0.1152931376573654
ses-20120924,20121004,163,0.05994386226173174
ses-20120924,20121004,164,0.07287274271753269
ses-20120924,20121004,165,0.11530845003335256
ses-20120924,20121004,166,0.05174231997815271
ses-20120924,20121004,167,-0.02206604892494029
ses-20120924,20121004,168,0.001107085583757318
ses-20120924,20121004,169,-0.14290951965001775
ses-20120924,20121004,170,-0.06008357680876868
ses-20120924,20121004,171,-0.025197391012126247
ses-20120924,20121004,172,0.04635744200429558
ses-20120924,20121004,173,-0.00472912656116091
ses-20120924,20121004,174,0.19170974974537358
ses-20120924,20121004,175,-0.04048331957939333
ses-20120924,20121004,176,-0.09725126340493911
ses-20120924,20121004,177,-0.07419588137979567
ses-20120924,20121004,178,0.002757125102515883
ses-20120924,20121004,179,-0.1282425610966442
ses-20120924,20121004,180,-0.07430580827017601
ses-20120924,20121004,181,-0.008034269490657222
ses-20120924,20121004,182,0.1574249314873004
ses-20120924,20121004,183,0.22860127098704316
ses-20120924,20121004,184,-0.020830059167087283
ses-20120924,20121004,185,-0.042598311546225454
ses-20120924,20121004,186,-0.09523926378965308
ses-20120924,20121004,187,-0.1036237687514849
ses-20120924,20121004,188,-0.07659759199770716
ses-20120924,20121004,189,0.03701982968341816
ses-20120924,20121004,190,0.022758855448134677
ses-20120924,20121004,191,-0.0368186307933276
ses-20120924,20121004,192,-0.12684683333875507
ses-20120924,20121004,193,-0.02508985213709758
ses-20120924,20121004,194,0.0686530199006443
ses-20120924,20121004,195,-0.16280381600160873
ses-20120924,20121004,196,-0.18679993620522062
ses-20120924,20121004,197,0.05803921809271556
ses-20120924,20121004,198,0.039839701713924064
ses-20120924,20121004,199,0.007379380969990636
ses-20120924,20121017,0,0.09614907495684967
ses-20120924,20121017,1,0.10257311444385996
ses-20120924,20121017,2,0.07377105804470994
ses-20120924,20121017,3,-0.17442072079106485
ses-20120924,20121017,4,0.26735432511210533
ses-20120924,20121017,5,0.07671165904803244
ses-20120924,20121017,6,0.06924247540698995
ses-20120924,20121017,7,-0.06915825498697262
ses-20120924,20121017,8,0.08290413465197594
ses-20120924,20121017,9,-0.06218970944805852
ses-20120924,20121017,10,-0.033090716897448524
ses-20120924,20121017,11,-0.03861045987640639
ses-20120924,20121017,12,0.17118637389917019
ses-20120924,20121017,13,0.1297106427105137
ses-20120924,20121017,14,-0.17653760781341804
ses-20120924,20121017,15,0.19991939109582826
ses-20120924,20121017,16,0.10934814506331123
ses-20120924,20121017,17,0.01561702805029611
ses-20120924,20121017,18,-0.08254050871997215
ses-20120924,20121017,19,0.11857275995558265
ses-20120924,20121017,20,-0.062493308122450256
ses-20120924,20121017,21,-0.09023285311178181
ses-20120924,20121017,22,-0.12319936116228908
ses-20120924,20121017,23,-0.011251176033152921
ses-20120924,20121017,24,0.065442705630106
ses-20120924,20121017,25,-0.08244470033093244
ses-20120924,20121017,26,-0.08523477776226915
ses-20120924,20121017,27,0.008189977339854965
ses-20120924,20121017,28,0.01574918306351952
ses-20120924,20121017,29,0.1112917331457837
ses-20120924,20121017,30,0.018315506623425633
ses-20120924,20121017,31,0.15975714300817098
ses-20120924,20121017,32,0.10216480608508662
ses-20120924,20121017,33,-0.059130224036330496
ses-20120924,20121017,34,-0.06254502349608246
ses-20120924,20121017,35,-0.10430469847616529
ses-20120924,20121017,36,-0.32390744596769555
ses-20120924,20121017,37,0.1645743025071112
ses-20120924,20121017,38,0.04610151490479872
ses-20120924,20121017,39,0.05717223188264866
ses-20120924,20121017,40,0.05446537180293507
ses-20120924,20121017,41,-0.04718786529190863
ses-20120924,20121017,42,0.15343195888334482
ses-20120924,20121017,43,-0.1764047980712856
ses-20120924,20121017,44,0.008570561596669647
ses-20120924,20121017,45,0.02648306214129297
ses-20120924,20121017,46,0.05026144955526451
ses-20120924,20121017,47,0.04892348686168355
ses-20120924,20121017,48,0.03982112472801869
ses-20120924,20121017,49,0.0948644908023669
ses-20120924,20121017,50,0.19593670924326156
ses-20120924,20121017,51,-0.07089787077144054
ses-20120924,20121017,52,-0.11130070342964815
ses-20120924,20121017,53,-0.05106734624044108
ses-20120924,20121017,54,-0.05732132194925808
ses-20120924,20121017,55,0.09773263808175522
ses-20120924,20121017,56,0.11177959415699647
ses-20120924,20121017,57,0.030145780736330664
ses-20120924,20121017,58,0.011997745352185145
ses-20120924,20121017,59,-0.010188968929583384
ses-20120924,20121017,60,0.10239664512851177
ses-20120924,20121017,61,0.09253795814567355
ses-20120924,20121017,62,0.1109827001006611
ses-20120924,20121017,63,0.05341528065479702
ses-20120924,20121017,64,-0.05361375852218004
ses-20120924,20121017,65,0.06991574039283285
ses-20120924,20121017,66,-0.07365158823016998
ses-20120924,20121017,67,-0.132439575550623
ses-20120924,20121017,68,0.02071861963924179
ses-20120924,20121017,69,-0.09786702540166566
ses-20120924,20121017,70,-0.0072321359100557155
ses-20120924,20121017,71,0.13586270071368628
ses-20120924,20121017,72,-0.2306002283124881
ses-20120924,20121017,73,0.14724136761416437
ses-20120924,20121017,74,0.19858227133001224
ses-20120924,20121017,75,0.048187887687909076
ses-20120924,20121017,76,-0.09025083578961729
ses-20120924,20121017,77,-0.08602548762044428
ses-20120924,20121017,78,0.17417261982806037
ses-20120924,20121017,79,0.09031028275376954
ses-20120924,20121017,80,-0.007850761762207439
ses-20120924,20121017,81,-0.06500509718685953
ses-20120924,20121017,82,0.07414031899541547
ses-20120924,20121017,83,-0.12628444666474203
ses-20120924,20121017,84,0.22492203702150637
ses-20120924,20121017,85,-0.05047557719917754
ses-20120924,20121017,86,-0.11642264690646831
ses-20120924,20121017,87,-0.03188583967091682
ses-20120924,20121017,88,-0.13403932349602876
ses-20120924,20121017,89,0.19462650114531074
ses-20120924,20121017,90,-0.1853699945520098
ses-20120924,20121017,91,-0.1113803799113126
ses-20120924,20121017,92,0.20002667617231046
ses-20120924,20121017,93,-0.11406607530195495
ses-20120924,20121017,94,-0.0027967046648691364
ses-20120924,20121017,95,-0.11231821173951415
ses-20120924,20121017,96,-0.05187702981914274
ses-20120924,20121017,97,0.12393372920303325
ses-20120924,20121017,98,-0.14396908252831106
ses-20120924,20121017,99,0.06691868513986442
ses-20120924,20121017,100,-0.0003646710554355399
ses-20120924,20121017,101,-0.041229510882666756
ses-20120924,20121017,102,0.060876956791470475
ses-20120924,20121017,103,-0.22679757953076304
ses-20120924,20121017,104,-0.02303590428329186
ses-20120924,20121017,105,-0.07455987325668155
ses-20120924,20121017,106,0.1742571314906857
ses-20120924,20121017,107,-0.19927475880290949
ses-20120924,20121017,108,-0.06326247255865933
ses-20120924,20121017,109,0.05280639759560029
ses-20120924,20121017,110,0.11514627698182146
ses-20120924,20121017,111,-0.04915840523213021
ses-20120924,20121017,112,-0.19078936460111218
ses-20120924,20121017,113,-0.11452340920488256
ses-20120924,20121017,114,-0.09390852869503037
ses-20120924,20121017,115,0.22436833013553698
ses-20120924,20121017,116,0.2929535102470115
ses-20120924,20121017,117,0.026490501191249904
ses-20120924,20121017,118,-0.043279670988825895
ses-20120924,20121017,119,0.0908724339888444
ses-20120924,20121017,120,-0.03178018397466275
ses-20120924,20121017,121,0.12517659973200188
ses-20120924,20121017,122,-0.043886441448924444
ses-20120924,20121017,123,-0.016824354327998413
ses-20120924,20121017,124,0.21267136531358544
ses-20120924,20121017,125,-0.0917377409709813
ses-20120924,20121017,126,0.056610874620339584
ses-20120924,20121017,127,-0.14664814141782864
ses-20120924,20121017,128,0.37271675145648
ses-20120924,20121017,129,0.02705044729805284
ses-20120924,20121017,130,-0.04130952267287087
ses-20120924,20121017,131,0.00213126327247541
ses-20120924,20121017,132,-0.09314762369962927
ses-20120924,20121017,133,-0.10497532834023328
ses-20120924,20121017,134,0.08311177167115748
ses-20120924,20121017,135,-0.08079281378172694
ses-20120924,20121017,136,-0.048305215993444374
ses-20120924,20121017,137,0.094135098485119
ses-20120924,20121017,138,0.1569990577335578
ses-20120924,20121017,139,-0.09633260768176231
ses-20120924,20121017,140,-0.08825591812365982
ses-20120924,20121017,141,0.23495500553762788
ses-20120924,20121017,142,0.1454407556405777
ses-20120924,20121017,143,-0.16123711037323088
ses-20120924,20121017,144,-0.01045437592260593
ses-20120924,20121017,145,-0.014615462539393463
ses-20120924,20121017,146,0.12421270590331923
ses-20120924,20121017,147,0.0074421570984036746
ses-20120924,20121017,148,0.13446841383184802
ses-20120924,20121017,149,0.0019798670011043733
ses-20120924,20121017,150,0.010439989805983707
ses-20120924,20121017,151,0.09240960137629224
ses-20120924,20121017,152,0.03603519740743211
ses-20120924,20121017,153,0.14243057211236548
ses-20120924,20121017,154,-0.10351675118610758
ses-20120924,20121017,155,-0.031797071432498006
ses-20120924,20121017,156,0.0710601619210703
ses-20120924,20121017,157,-0.2292217724471725
ses-20120924,20121017,158,-0.017008455074808523
ses-20120924,20121017,159,-0.027371713914371973
ses-20120924,20121017,160,-0.013396954377963564
ses-20120924,20121017,161,-0.03902646830694776
ses-20120924,20121017,162,-0.08046358448723263
ses-20120924,20121017,163,0.03815761045151702
ses-20120924,20121017,164,-0.14526182201995808
ses-20120924,20121017,165,0.06671509314948491
ses-20120924,20121017,166,0.020584573066949847
ses-20120924,20121017,167,0.13907090012580117
ses-20120924,20121017,168,-0.05761042869616874
ses-20120924,20121017,169,0.085083663438317
ses-20120924,20121017,170,-0.018540642435908368
ses-20120924,20121017,171,0.02330676053708908
ses-20120924,20121017,172,-0.1177243217667594
ses-20120924,20121017,173,0.17530827217630493
ses-20120924,20121017,174,-0.17901575702200195
ses-20120924,20121017,175,0.02359757344968402
ses-20120924,20121017,176,-0.03352562038480612
ses-20120924,20121017,177,0.014047982979156262
ses-20120924,20121017,178,-0.11169655675353717
ses-20120924,20121017,179,0.12843386589332287
ses-20120924,20121017,180,-0.08008050514268933
ses-20120924,20121017,181,0.18750993740798053
ses-20120924,20121017,182,0.07284071043044593
ses-20120924,20121017,183,0.14671002410404949
ses-20120924,20121017,184,-0.0021758396539335897
ses-20120924,20121017,185,-0.08268794846374876
ses-20120924,20121017,186,-0.03676525915451802
ses-20120924,20121017,187,-0.04204394712311542
ses-20120924,20121017,188,0.03383060041887308
ses-20120924,20121017,189,-0.14338355469940156
ses-20120924,20121017,190,0.030166004281798667
ses-20120924,20121017,191,0.049313426835047414
ses-20120924,20121017,192,0.028806075029726614
ses-20120924,20121017,193,-0.06273852957351424
ses-20120924,20121017,194,-0.006231075784929851
ses-20120924,20121017,195,0.1641971232097753
ses-20120924,20121017,196,-0.03402393096112282
ses-20120924,20121017,197,-0.18546497183781407
ses-20120924,20121017,198,-0.10051639597905335
ses-20120924,20121017,199,0.09067158640899635
ses-20120924,20121024,0,-0.16962588534803344
ses-20120924,20121024,1,-0.06624393090886327
ses-20120924,20121024,2,0.0881227351746132
ses-20120924,20121024,3,-0.163265783449238
ses-20120924,20121024,4,-0.10249548560980919
ses-20120924,20121024,5,0.060955943096133794
ses-20120924,20121024,6,-0.028527354158266054
ses-20120924,20121024,7,-0.020858138003835094
ses-20120924,20121024,8,-0.02781715615128758
ses-20120924,20121024,9,-0.06952643945778225
ses-20120924,20121024,10,0.10521170268809639
ses-20120924,20121024,11,-0.14433035958434573
ses-20120924,20121024,12,-0.02018745449645867
ses-20120924,20121024,13,0.1563249016784097
ses-20120924,20121024,14,0.11498434914209946
ses-20120924,20121024,15,0.15156278194633382
ses-20120924,20121024,16,-0.19434453658825207
ses-20120924,20121024,17,0.07535006522464734
ses-20120924,20121024,18,-0.06703730918590181
ses-20120924,20121024,19,0.01281630250753794
ses-20120924,20121024,20,-0.1121229024410971
ses-20120924,20121024,21,0.07829695745159856
ses-20120924,20121024,22,0.05504699872556885
ses-20120924,20121024,23,0.06010362207263985
ses-20120924,20121024,24,0.045211675939262765
ses-20120924,20121024,25,-0.09636410686574977
ses-20120924,20121024,26,-0.023304526970319768
ses-20120924,20121024,27,0.017148709929696224
ses-20120924,20121024,28,-0.0774178270587709
ses-20120924,20121024,29,0.13140653982373574
ses-20120924,20121024,30,0.08069867296696642
ses-20120924,20121024,31,0.05684214840701362
ses-20120924,20121024,32,-0.12758405532111605
ses-20120924,20121024,33,0.0390091632518054
ses-20120924,20121024,34,-0.0417381517147664
ses-20120924,20121024,35,0.048106768250713285
ses-20120924,20121024,36,-0.12140821451801928
ses-20120924,20121024,37,-0.19135047954322384
ses-20120924,20121024,38,0.01935862360093226
ses-20120924,20121024,39,-0.1524064235484391
ses-20120924,20121024,40,-0.11623145517087129
ses-20120924,20121024,41,0.05945725621885096
ses-20120924,20121024,42,0.16653318776373904
ses-20120924,20121024,43,0.15241812955791598
ses-20120924,20121024,44,0.02286755081650104
ses-20120924,20121024,45,0.05489305416407907
ses-20120924,20121024,46,-0.1394192617916333
ses-20120924,20121024,47,0.12435573052126069
ses-20120924,20121024,48,0.07500808785737464
ses-20120924,20121024,49,0.2735641511236799
ses-20120924,20121024,50,0.07964716233642624
ses-20120924,20121024,51,-0.051655591106341124
ses-20120924,20121024,52,0.022121396268878435
ses-20120924,20121024,53,0.16640098877248413
ses-20120924,20121024,54,-0.02427273248319694
ses-20120924,20121024,55,-0.1580134679927973
ses-20120924,20121024,56,0.024574834628503673
ses-20120924,20121024,57,-0.08479727548281338
ses-20120924,20121024,58,-0.150152511219885
ses-20120924,20121024,59,-0.05894314138348236
ses-20120924,20121024,60,-0.09254144665719333
ses-20120924,20121024,61,-0.02019812351234663
ses-20120924,20121024,62,0.05341600009798887
ses-20120924,20121024,63,0.09476142978026542
ses-20120924,20121024,64,-0.04885659539857848
ses-20120924,20121024,65,0.007898367297367374
ses-20120924,20121024,66,-0.06675832142083263
ses-20120924,20121024,67,-0.006658981614779661
ses-20120924,20121024,68,0.19021176120966954
ses-20120924,20121024,69,0.10961616680868952
ses-20120924,20121024,70,-0.023456849044169354
ses-20120924,20121024,71,0.07133904685711967
ses-20120924,20121024,72,-0.056731763545982264
ses-20120924,20121024,73,-0.07038904099221997
ses-20120924,20121024,74,0.046936845844294105
ses-20120924,20121024,75,0.04497977074942351
ses-20120924,20121024,76,0.1892423079503571
ses-20120924,20121024,77,0.09488827798725971
ses-20120924,20121024,78,0.012466579296936398
ses-20120924,20121024,79,-0.036517726000664295
ses-20120924,20121024,80,0.1770275883864021
ses-20120924,20121024,81,-0.06520332317539058
ses-20120924,20121024,82,-0.05768592283871783
ses-20120924,20121024,83,0.005240605396117558
ses-20120924,20121024,84,-0.011419881907487337
ses-20120924,20121024,85,0.3368873000124832
ses-20120924,20121024,86,-0.0781002150438186
ses-20120924,20121024,87,0.11287712384462247
ses-20120924,20121024,88,-0.005483466493434702
ses-20120924,20121024,89,-0.036444600623616805
ses-20120924,20121024,90,-0.15966889969923162
ses-20120924,20121024,91,-0.03344245052369354
ses-20120924,20121024,92,0.021062487298071513
ses-20120924,20121024,93,0.030634229164960225
ses-20120924,20121024,94,-0.08559136507851932
ses-20120924,20121024,95,-0.06452493975182252
ses-20120924,20121024,96,0.05412471763524089
ses-20120924,20121024,97,-0.2500292007122268
ses-20120924,20121024,98,0.04029167394874801
ses-20120924,20121024,99,0.06473061089645354
ses-20120924,20121024,100,-0.020677837700534676
ses-20120924,20121024,101,-0.00033319947480177966
ses-20120924,20121024,102,0.05711385725171505
ses-20120924,20121024,103,0.012602198987132267
ses-20120924,20121024,104,0.012891381653114257
ses-20120924,20121024,105,-0.14486150234310544
ses-20120924,20121024,106,0.06654913434081869
ses-20120924,20121024,107,-0.015081246495498142
ses-20120924,20121024,108,-0.13347263453560015
ses-20120924,20121024,109,-0.06020699197802238
ses-20120924,20121024,110,0.0334261194507438
ses-20120924,20121024,111,0.12651598335014103
ses-20120924,20121024,112,0.24853829748994855
ses-20120924,20121024,113,-0.0365594186221329
ses-20120924,20121024,114,0.07321344031649037
ses-20120924,20121024,115,-0.03115211272177102
ses-20120924,20121024,116,0.0038028704054144384
ses-20120924,20121024,117,-0.026029315206176233
ses-20120924,20121024,118,0.05469100477271558
ses-20120924,20121024,119,0.07671072486726699
ses-20120924,20121024,120,-0.11454812455857007
ses-20120924,20121024,121,-0.040308420268212845
ses-20120924,20121024,122,0.029495135668666465
ses-20120924,20121024,123,-0.02204687887455056
ses-20120924,20121024,124,-0.009141311870020829
ses-20120924,20121024,125,0.15722305533154268
ses-20120924,20121024,126,-0.12183123327708992
ses-20120924,20121024,127,0.0053790991309684375
ses-20120924,20121024,128,0.1162091326810003
ses-20120924,20121024,129,-0.11970905600846814
ses-20120924,20121024,130,-0.09110841024209068
ses-20120924,20121024,131,0.18957494746623535
ses-20120924,20121024,132,0.02527946152164092
ses-20120924,20121024,133,-0.10684640065311331
ses-20120924,20121024,134,-0.05456451047668871
ses-20120924,20121024,135,0.07240313835051114
ses-20120924,20121024,136,-0.04525554586816264
ses-20120924,20121024,137,-0.15207793729139274
ses-20120924,20121024,138,0.008897133144372635
ses-20120924,20121024,139,-0.028547317659245248
ses-20120924,20121024,140,-0.2253908272610548
ses-20120924,20121024,141,-0.02281409150736754
ses-20120924,20121024,142,-0.13173842879488815
ses-20120924,20121024,143,-0.15886079490226013
ses-20120924,20121024,144,-0.16909984069007347
ses-20120924,20121024,145,0.09241745010695937
ses-20120924,20121024,146,-0.0884850078873404
ses-20120924,20121024,147,0.08316555230293267
ses-20120924,20121024,148,-0.23055089880079072
ses-20120924,20121024,149,-0.13954804300522164
ses-20120924,20121024,150,-0.19756303160704547
ses-20120924,20121024,151,-0.11076872629977885
ses-20120924,20121024,152,-0.0004682758808250684
ses-20120924,20121024,153,0.033942262192501876
ses-20120924,20121024,154,-0.001418558794671318
ses-20120924,20121024,155,0.057863463719948445
ses-20120924,20121024,156,0.001598729783884553
ses-20120924,20121024,157,0.01117227205056491
ses-20120924,20121024,158,0.0040408896971042664
ses-20120924,20121024,159,-0.18012432146047241
ses-20120924,20121024,160,0.19738894914857816
ses-20120924,20121024,161,-0.09888241371146246
ses-20120924,20121024,162,0.10797614827403094
ses-20120924,20121024,163,-0.13088224562184725
ses-20120924,20121024,164,-0.06215955690119331
ses-20120924,20121024,165,0.057797326389593916
ses-20120924,20121024,166,0.04513737074054664
ses-20120924,20121024,167,0.03493151678240007
ses-20120924,20121024,168,-0.13530873970228607
ses-20120924,20121024,169,0.21893511466653215
ses-20120924,20121024,170,0.032033384167900976
ses-20120924,20121024,171,-0.1389481677024197
ses-20120924,20121024,172,0.048970095867917465
ses-20120924,20121024,173,-0.07645959203351539
ses-20120924,20121024,174,-0.018610785705544402
ses-20120924,20121024,175,-0.05234375855208942
ses-20120924,20121024,176,-0.03688341269127689
ses-20120924,20121024,177,-0.1705027975811573
ses-20120924,20121024,178,-0.2773496275601926
ses-20120924,20121024,179,0.03291962121020713
ses-20120924,20121024,180,-0.1677475482276609
ses-20120924,20121024,181,0.25060117991837577
ses-20120924,20121024,182,-0.17633284974443975
ses-20120924,20121024,183,-0.0935572110458634
ses-20120924,20121024,184,0.06440458509533466
ses-20120924,20121024,185,0.23006147283400877
ses-20120924,20121024,186,0.05274553888017303
ses-20120924,20121024,187,0.00665163635169861
ses-20120924,20121024,188,-0.07855415816207902
ses-20120924,20121024,189,0.08267896234362973
ses-20120924,20121024,190,-0.035582936379989744
ses-20120924,20121024,191,-0.20335174500697895
ses-20120924,20121024,192,-0.12431443352694863
ses-20120924,20121024,193,-0.0022027637317268245
ses-20120924,20121024,194,0.057541672339263605
ses-20120924,20121024,195,-0.006787877176897528
ses-20120924,20121024,196,-0.12984949212728186
ses-20120924,20121024,197,-0.02396122455390149
ses-20120924,20121024,198,-0.009907039440845908
ses-20120924,20121024,199,-0.009838896067879395
ses-20120926,ses-20120927,0,0.04952768222068455
ses-20120926,ses-20120927,1,0.0903238230517277
ses-20120926,ses-20120927,2,-0.04726414500967164
ses-20120926,ses-20120927,3,-0.1646599453195413
ses-20120926,ses-20120927,4,-0.012734832607282599
ses-20120926,ses-20120927,5,0.09271111213631758
ses-20120926,ses-20120927,6,0.007224382537083227
ses-20120926,ses-20120927,7,0.1651393804192208
ses-20120926,ses-20120927,8,-0.022495677732121265
ses-20120926,ses-20120927,9,-0.04124733421325178
ses-20120926,ses-20120927,10,0.009854719333595415
ses-20120926,ses-20120927,11,-0.1656948339560531
ses-20120926,ses-20120927,12,-0.078860738593976
ses-20120926,ses-20120927,13,-0.10188328697588062
ses-20120926,ses-20120927,14,-0.10011559322041622
ses-20120926,ses-20120927,15,0.0016192985305228261
ses-20120926,ses-20120927,16,0.10425842736750376
ses-20120926,ses-20120927,17,-0.007226225049099848
ses-20120926,ses-20120927,18,0.022184418170332038
ses-20120926,ses-20120927,19,-0.010938090283715106
ses-20120926,ses-20120927,20,-0.144421963180541
ses-20120926,ses-20120927,21,0.04139240881620844
ses-20120926,ses-20120927,22,-0.11732496437683278
ses-20120926,ses-20120927,23,-0.03172833486550461
ses-20120926,ses-20120927,24,-0.1079434800939451
ses-20120926,ses-20120927,25,-0.03757494120937568
ses-20120926,ses-20120927,26,-0.10126489347856427
ses-20120926,ses-20120927,27,-0.0022488283576629978
ses-20120926,ses-20120927,28,0.06785763436749154
ses-20120926,ses-20120927,29,0.006832975291104763
ses-20120926,ses-20120927,30,0.0639792360973004
ses-20120926,ses-20120927,31,-0.05407329118001004
ses-20120926,ses-20120927,32,0.1622928156360799
ses-20120926,ses-20120927,33,-0.08687821015582838
ses-20120926,ses-20120927,34,-0.06454854883929244
ses-20120926,ses-20120927,35,0.14024849680684287
ses-20120926,ses-20120927,36,-0.28717219593557924
ses-20120926,ses-20120927,37,-0.13047853229432058
ses-20120926,ses-20120927,38,-0.014911932849101896
ses-20120926,ses-20120927,39,0.048793113178868246
ses-20120926,ses-20120927,40,-0.04879224202578904
ses-20120926,ses-20120927,41,0.01369994398201009
ses-20120926,ses-20120927,42,-0.07651806971087098
ses-20120926,ses-20120927,43,0.04707470617041191
ses-20120926,ses-20120927,44,-0.006692598764674139
ses-20120926,ses-20120927,45,-0.05862365560730874
ses-20120926,ses-20120927,46,0.2047599902097872
ses-20120926,ses-20120927,47,0.34756505691379697
ses-20120926,ses-20120927,48,-0.049492747431347434
ses-20120926,ses-20120927,49,-0.12023932950935644
ses-20120926,ses-20120927,50,0.22198084360496287
ses-20120926,ses-20120927,51,-0.04410282425678143
ses-20120926,ses-20120927,52,-0.09002639405820873
ses-20120926,ses-20120927,53,-0.005879157346634282
ses-20120926,ses-20120927,54,-0.03367628138725814
ses-20120926,ses-20120927,55,0.06021169507984223
ses-20120926,ses-20120927,56,0.07451002432262052
ses-20120926,ses-20120927,57,0.12586650996861282
ses-20120926,ses-20120927,58,0.04880981863362579
ses-20120926,ses-20120927,59,0.032252384042767805
ses-20120926,ses-20120927,60,-0.1496121841906981
ses-20120926,ses-20120927,61,0.04479166751792104
ses-20120926,ses-20120927,62,0.014155669758421809
ses-20120926,ses-20120927,63,0.15947710036176913
ses-20120926,ses-20120927,64,-0.2506131890675351
ses-20120926,ses-20120927,65,-0.005811690347801889
ses-20120926,ses-20120927,66,-0.14536437209471695
ses-20120926,ses-20120927,67,0.09600126756177242
ses-20120926,ses-20120927,68,0.030198016097744897
ses-20120926,ses-20120927,69,-0.05002036641287899
ses-20120926,ses-20120927,70,-0.18416884240768014
ses-20120926,ses-20120927,71,0.017924322537412423
ses-20120926,ses-20120927,72,-0.009786887071403964
ses-20120926,ses-20120927,73,-0.01837792582071054
ses-20120926,ses-20120927,74,0.007871419950441902
ses-20120926,ses-20120927,75,0.0964917747677724
ses-20120926,ses-20120927,76,-0.17493520302702614
ses-20120926,ses-20120927,77,0.1375409924632324
ses-20120926,ses-20120927,78,-0.2091992013790962
ses-20120926,ses-20120927,79,0.05570884065809919
ses-20120926,ses-20120927,80,-0.17116379399590254
ses-20120926,ses-20120927,81,-0.05207687979334203
ses-20120926,ses-20120927,82,-0.06661580468042452
ses-20120926,ses-20120927,83,0.0748149439283609
ses-20120926,ses-20120927,84,-0.07300038733898512
ses-20120926,ses-20120927,85,0.006615919849935901
ses-20120926,ses-20120927,86,-0.0125560815399349
ses-20120926,ses-20120927,87,0.31815396021111314
ses-20120926,ses-20120927,88,-0.053109356059505355
ses-20120926,ses-20120927,89,0.08799148471316008
ses-20120926,ses-20120927,90,-0.10166791302733452
ses-20120926,ses-20120927,91,0.24185547703360916
ses-20120926,ses-20120927,92,0.03990589844153482
ses-20120926,ses-20120927,93,-0.08783857107735327
ses-20120926,ses-20120927,94,-0.0967792049738724
ses-20120926,ses-20120927,95,0.28267610808585975
ses-20120926,ses-20120927,96,-0.0016296429949148332
ses-20120926,ses-20120927,97,-0.040806678432792384
ses-20120926,ses-20120927,98,-0.02059903693076123
ses-20120926,ses-20120927,99,0.15149282330523084
ses-20120926,ses-20120927,100,0.2973090773318388
ses-20120926,ses-20120927,101,-0.0379131278873658
ses-20120926,ses-20120927,102,-0.12562417858123268
ses-20120926,ses-20120927,103,-0.11552041931750925
ses-20120926,ses-20120927,104,0.06356265990768478
ses-20120926,ses-20120927,105,0.05087771943490775
ses-20120926,ses-20120927,106,-0.1327571668892488
ses-20120926,ses-20120927,107,0.010642452152341076
ses-20120926,ses-20120927,108,-0.1660477572876886
ses-20120926,ses-20120927,109,-0.11778893137935167
ses-20120926,ses-20120927,110,0.01154218511022403
ses-20120926,ses-20120927,111,-0.048621084730167984
ses-20120926,ses-20120927,112,-0.03828549952533766
ses-20120926,ses-20120927,113,0.14507446932000093
ses-20120926,ses-20120927,114,-0.027251994135171816
ses-20120926,ses-20120927,115,0.010812262842574203
ses-20120926,ses-20120927,116,-0.08290233469361001
ses-20120926,ses-20120927,117,0.13758913085042532
ses-20120926,ses-20120927,118,-0.006435752446560718
ses-20120926,ses-20120927,119,0.02291613185012438
ses-20120926,ses-20120927,120,-0.016924748735556033
ses-20120926,ses-20120927,121,0.24650376812731914
ses-20120926,ses-20120927,122,-0.11258742423946756
ses-20120926,ses-20120927,123,0.06556692366842083
ses-20120926,ses-20120927,124,-0.0808582727970593
ses-20120926,ses-20120927,125,-0.0323430161189105
ses-20120926,ses-20120927,126,-0.17180354295802933
ses-20120926,ses-20120927,127,0.18031275642703193
ses-20120926,ses-20120927,128,0.16901310924783983
ses-20120926,ses-20120927,129,0.12217239024460676
ses-20120926,ses-20120927,130,0.18398184609956134
ses-20120926,ses-20120927,131,-0.10841766090808266
ses-20120926,ses-20120927,132,-0.026003430680908622
ses-20120926,ses-20120927,133,-0.10977304705996603
ses-20120926,ses-20120927,134,0.04693106242860397
ses-20120926,ses-20120927,135,0.1362966948383114
ses-20120926,ses-20120927,136,0.1297550335494961
ses-20120926,ses-20120927,137,-0.059229692137166286
ses-20120926,ses-20120927,138,-0.10206018597533088
ses-20120926,ses-20120927,139,0.16260465267516297
ses-20120926,ses-20120927,140,0.05942727123305743
ses-20120926,ses-20120927,141,0.06604786628360575
ses-20120926,ses-20120927,142,-0.08477403531127264
ses-20120926,ses-20120927,143,-0.12947408436822072
ses-20120926,ses-20120927,144,-0.0930677099609539
ses-20120926,ses-20120927,145,-0.1387716095465364
ses-20120926,ses-20120927,146,-0.02498060921687575
ses-20120926,ses-20120927,147,-0.19763978308738409
ses-20120926,ses-20120927,148,-0.20164485730069812
ses-20120926,ses-20120927,149,0.15261413812812824
ses-20120926,ses-20120927,150,-0.07115309136987055
ses-20120926,ses-20120927,151,0.13239427609120244
ses-20120926,ses-20120927,152,-0.0219598729817141
ses-20120926,ses-20120927,153,0.08046016027733387
ses-20120926,ses-20120927,154,-0.04507066193462436
ses-20120926,ses-20120927,155,0.08401775679828898
ses-20120926,ses-20120927,156,0.10828982148757436
ses-20120926,ses-20120927,157,0.027728897151775136
ses-20120926,ses-20120927,158,-0.02765529402922726
ses-20120926,ses-20120927,159,0.07888380743255996
ses-20120926,ses-20120927,160,-0.03288386238297294
ses-20120926,ses-20120927,161,-0.2785708202330402
ses-20120926,ses-20120927,162,0.05430370954656053
ses-20120926,ses-20120927,163,-0.0527266316941395
ses-20120926,ses-20120927,164,-0.20957544832044078
ses-20120926,ses-20120927,165,-0.05571452661915036
ses-20120926,ses-20120927,166,-0.12124922821544812
ses-20120926,ses-20120927,167,0.21757266102255932
ses-20120926,ses-20120927,168,0.10178529628418215
ses-20120926,ses-20120927,169,0.04586654864387342
ses-20120926,ses-20120927,170,0.2912534311819464
ses-20120926,ses-20120927,171,-0.08559385489213026
ses-20120926,ses-20120927,172,0.16703931584484757
ses-20120926,ses-20120927,173,0.09035845171364623
ses-20120926,ses-20120927,174,-0.07606218756034809
ses-20120926,ses-20120927,175,-0.051989491308437816
ses-20120926,ses-20120927,176,0.05133824519177522
ses-20120926,ses-20120927,177,0.09391445368728567
ses-20120926,ses-20120927,178,-0.02119728542621798
ses-20120926,ses-20120927,179,0.17324274029131911
ses-20120926,ses-20120927,180,0.029854734162344004
ses-20120926,ses-20120927,181,-0.008064184307881587
ses-20120926,ses-20120927,182,-0.14675847319002902
ses-20120926,ses-20120927,183,-0.09858260002629321
ses-20120926,ses-20120927,184,-0.08834491408658711
ses-20120926,ses-20120927,185,-0.04194961858062908
ses-20120926,ses-20120927,186,0.19114354969718916
ses-20120926,ses-20120927,187,-0.05537788519963034
ses-20120926,ses-20120927,188,-0.10323150326921834
ses-20120926,ses-20120927,189,-0.007789297271425163
ses-20120926,ses-20120927,190,-0.018805218890843484
ses-20120926,ses-20120927,191,-0.13832650854644674
ses-20120926,ses-20120927,192,0.05238462255442864
ses-20120926,ses-20120927,193,-0.04220222139186256
ses-20120926,ses-20120927,194,0.026589590386344036
ses-20120926,ses-20120927,195,-0.1489244042033976
ses-20120926,ses-20120927,196,-0.11737427583675059
ses-20120926,ses-20120927,197,-0.006590163631726374
ses-20120926,ses-20120927,198,0.07824679096690541
ses-20120926,ses-20120927,199,0.052549334936846416
ses-20120926,ses-20120928,0,-0.22560207507202168
ses-20120926,ses-20120928,1,0.002910758546169272
ses-20120926,ses-20120928,2,0.1071799369836251
ses-20120926,ses-20120928,3,-0.11938055354425742
ses-20120926,ses-20120928,4,0.22220899793267265
ses-20120926,ses-20120928,5,-0.11564347704331861
ses-20120926,ses-20120928,6,-0.004256401566181451
ses-20120926,ses-20120928,7,-0.12727365665061927
ses-20120926,ses-20120928,8,0.03424699880902664
ses-20120926,ses-20120928,9,-0.05227716566142649
ses-20120926,ses-20120928,10,-0.1579455357263426
ses-20120926,ses-20120928,11,0.0155808118259777
ses-20120926,ses-20120928,12,-0.08815349385513452
ses-20120926,ses-20120928,13,-0.09494309252862354
ses-20120926,ses-20120928,14,-0.14228312728417636
ses-20120926,ses-20120928,15,0.056483151451180935
ses-20120926,ses-20120928,16,0.003608427735426821
ses-20120926,ses-20120928,17,-0.18196346407609712
ses-20120926,ses-20120928,18,-0.04843346902263347
ses-20120926,ses-20120928,19,-0.07757205285734299
ses-20120926,ses-20120928,20,0.16366280801662772
ses-20120926,ses-20120928,21,0.11970818173882775
ses-20120926,ses-20120928,22,-0.03414724803899481
ses-20120926,ses-20120928,23,0.050191463026196474
ses-20120926,ses-20120928,24,-0.15520001642744394
ses-20120926,ses-20120928,25,-0.047003515177939645
ses-20120926,ses-20120928,26,-0.09309547757910089
ses-20120926,ses-20120928,27,-0.0853059294921563
ses-20120926,ses-20120928,28,-0.046165393488193186
ses-20120926,ses-20120928,29,-0.20986292002133097
ses-20120926,ses-20120928,30,0.09732643226397542
ses-20120926,ses-20120928,31,-0.009475527816732587
ses-20120926,ses-20120928,32,-0.06506377815100908
ses-20120926,ses-20120928,33,0.23358725160050792
ses-20120926,ses-20120928,34,0.13492573645584388
ses-20120926,ses-20120928,35,-0.20331504473655537
ses-20120926,ses-20120928,36,0.08810954822990748
ses-20120926,ses-20120928,37,-0.18816499675994705
ses-20120926,ses-20120928,38,-0.017053093626968985
ses-20120926,ses-20120928,39,-0.16033374260177266
ses-20120926,ses-20120928,40,0.040562875726738445
ses-20120926,ses-20120928,41,0.14308987044640364
ses-20120926,ses-20120928,42,0.014999333667322893
ses-20120926,ses-20120928,43,-0.09868115116919769
ses-20120926,ses-20120928,44,-0.040960180609749375
ses-20120926,ses-20120928,45,-0.10986138011401907
ses-20120926,ses-20120928,46,-0.0851768684185266
ses-20120926,ses-20120928,47,-0.07748609904578721
ses-20120926,ses-20120928,48,-0.10992460731757751
ses-20120926,ses-20120928,49,-0.1167853325451759
ses-20120926,ses-20120928,50,-0.005883194656522439
ses-20120926,ses-20120928,51,-0.04823653712350509
ses-20120926,ses-20120928,52,-0.14567945536065033
ses-20120926,ses-20120928,53,-0.031035391667787994
ses-20120926,ses-20120928,54,-0.03827395204454284
ses-20120926,ses-20120928,55,-0.10919603405049602
ses-20120926,ses-20120928,56,0.023029191453549654
ses-20120926,ses-20120928,57,-0.09143540984340774
ses-20120926,ses-20120928,58,-0.1045537316924282
ses-20120926,ses-20120928,59,-0.07791728508459361
ses-20120926,ses-20120928,60,-0.18124358223595113
ses-20120926,ses-20120928,61,-0.1647075635086458
ses-20120926,ses-20120928,62,-0.05573095936698976
ses-20120926,ses-20120928,63,-0.17519111293038517
ses-20120926,ses-20120928,64,-0.15607562267841849
ses-20120926,ses-20120928,65,-0.20882635382696368
ses-20120926,ses-20120928,66,-0.04676825478898815
ses-20120926,ses-20120928,67,0.06297739211874818
ses-20120926,ses-20120928,68,-0.18636278802147316
ses-20120926,ses-20120928,69,-0.018409686597038604
ses-20120926,ses-20120928,70,-0.13877619450717735
ses-20120926,ses-20120928,71,-0.10735248227968254
ses-20120926,ses-20120928,72,-0.18180625142413215
ses-20120926,ses-20120928,73,-0.07945756332004919
ses-20120926,ses-20120928,74,0.0029339582928121512
ses-20120926,ses-20120928,75,-0.15659524423979954
ses-20120926,ses-20120928,76,-0.07205934282579295
ses-20120926,ses-20120928,77,-0.087408247229418
ses-20120926,ses-20120928,78,-0.12795792801292633
ses-20120926,ses-20120928,79,-0.029811442070905556
ses-20120926,ses-20120928,80,-0.14163421816730956
ses-20120926,ses-20120928,81,-0.19223103254179483
ses-20120926,ses-20120928,82,-0.19674223580988537
ses-20120926,ses-20120928,83,-0.14087719092176518
ses-20120926,ses-20120928,84,-0.08302494786043546
ses-20120926,ses-20120928,85,0.3733132804248538
ses-20120926,ses-20120928,86,-0.197893289938233
ses-20120926,ses-20120928,87,-0.0005424646425911138
ses-20120926,ses-20120928,88,-0.11590844762085487
ses-20120926,ses-20120928,89,-0.06134264290492726
ses-20120926,ses-20120928,90,-0.08998241779103186
ses-20120926,ses-20120928,91,-0.042670225534279065
ses-20120926,ses-20120928,92,-0.13327124224673478
ses-20120926,ses-20120928,93,0.026671511083178317
ses-20120926,ses-20120928,94,-0.23084824760806508
ses-20120926,ses-20120928,95,-0.18489846766621462
ses-20120926,ses-20120928,96,-0.0023410024227938308
ses-20120926,ses-20120928,97,-0.10208948882406713
ses-20120926,ses-20120928,98,-0.01476790696583429
ses-20120926,ses-20120928,99,-0.22465075214016694
ses-20120926,ses-20120928,100,-0.013077787282055687
ses-20120926,ses-20120928,101,-0.1411897421472868
ses-20120926,ses-20120928,102,-0.046611600698932755
ses-20120926,ses-20120928,103,0.05023331198145426
ses-20120926,ses-20120928,104,-0.06597950383199822
ses-20120926,ses-20120928,105,-0.1575984168195199
ses-20120926,ses-20120928,106,-0.03771577624181485
ses-20120926,ses-20120928,107,-0.05122067841239511
ses-20120926,ses-20120928,108,-0.19436882513853201
ses-20120926,ses-20120928,109,-0.20881724146162378
ses-20120926,ses-20120928,110,0.03746584410668472
ses-20120926,ses-20120928,111,-0.19058821650657842
ses-20120926,ses-20120928,112,-0.16362019772577785
ses-20120926,ses-20120928,113,-0.04520172697152075
ses-20120926,ses-20120928,114,-0.10327677644142366
ses-20120926,ses-20120928,115,-0.10533246115355138
ses-20120926,ses-20120928,116,-0.0832106834158073
ses-20120926,ses-20120928,117,-0.041512981174941774
ses-20120926,ses-20120928,118,-0.1119984918009562
ses-20120926,ses-20120928,119,-0.15681906130370069
ses-20120926,ses-20120928,120,-0.2406068926066679
ses-20120926,ses-20120928,121,-0.21120661922527537
ses-20120926,ses-20120928,122,-0.10870523364739304
ses-20120926,ses-20120928,123,0.026681733021948314
ses-20120926,ses-20120928,124,0.06790997500617348
ses-20120926,ses-20120928,125,-0.01840464024882868
ses-20120926,ses-20120928,126,0.014838034893659107
ses-20120926,ses-20120928,127,-0.1312064630007979
ses-20120926,ses-20120928,128,-0.10297081817948835
ses-20120926,ses-20120928,129,0.09678017321893527
ses-20120926,ses-20120928,130,0.05631002959171505
ses-20120926,ses-20120928,131,-0.21850875913399
ses-20120926,ses-20120928,132,-0.11652269467955581
ses-20120926,ses-20120928,133,-0.023932842066591763
ses-20120926,ses-20120928,134,0.0010966570973749742
ses-20120926,ses-20120928,135,-0.0036880357673218143
ses-20120926,ses-20120928,136,-0.01043862150421322
ses-20120926,ses-20120928,137,-0.035556761983846864
ses-20120926,ses-20120928,138,-0.12097132707803784
ses-20120926,ses-20120928,139,-0.007559291606613465
ses-20120926,ses-20120928,140,0.062391306382331924
ses-20120926,ses-20120928,141,-0.021932365734735282
ses-20120926,ses-20120928,142,0.04471582374989502
ses-20120926,ses-20120928,143,0.050401525067565095
ses-20120926,ses-20120928,144,0.1102150679591242
ses-20120926,ses-20120928,145,-0.19216279699439784
ses-20120926,ses-20120928,146,-0.24141326751975112
ses-20120926,ses-20120928,147,0.010966147201495408
ses-20120926,ses-20120928,148,0.08478412793243296
ses-20120926,ses-20120928,149,-0.12308773335536576
ses-20120926,ses-20120928,150,-0.1051748349770495
ses-20120926,ses-20120928,151,-0.10860518918505509
ses-20120926,ses-20120928,152,-0.1520391850765624
ses-20120926,ses-20120928,153,-0.02466822005819545
ses-20120926,ses-20120928,154,-0.18957863647363393
ses-20120926,ses-20120928,155,-0.040956255210452513
ses-20120926,ses-20120928,156,0.02793470642031683
ses-20120926,ses-20120928,157,0.01915161909210765
ses-20120926,ses-20120928,158,-0.1955626045363803
ses-20120926,ses-20120928,159,-0.1949440941113859
ses-20120926,ses-20120928,160,-0.020137227344952012
ses-20120926,ses-20120928,161,-0.17077076694452933
ses-20120926,ses-20120928,162,-0.11348930926901404
ses-20120926,ses-20120928,163,-0.09887500159239093
ses-20120926,ses-20120928,164,-0.07640546951593043
ses-20120926,ses-20120928,165,-0.04825053818321279
ses-20120926,ses-20120928,166,-0.09337461902540864
ses-20120926,ses-20120928,167,-0.1635984189055217
ses-20120926,ses-20120928,168,-0.22810524248141664
ses-20120926,ses-20120928,169,-0.16912293633813255
ses-20120926,ses-20120928,170,0.13119153569225436
ses-20120926,ses-20120928,171,0.15282264318752312
ses-20120926,ses-20120928,172,-0.20628698423793224
ses-20120926,ses-20120928,173,0.011788767610101945
ses-20120926,ses-20120928,174,0.021385627292969212
ses-20120926,ses-20120928,175,-0.07065958556778337
ses-20120926,ses-20120928,176,-0.10534203604157193
ses-20120926,ses-20120928,177,0.07762564462176982
ses-20120926,ses-20120928,178,0.05113565856206562
ses-20120926,ses-20120928,179,-0.18431500420470392
ses-20120926,ses-20120928,180,0.1244768466206704
ses-20120926,ses-20120928,181,0.06257691007413356
ses-20120926,ses-20120928,182,0.11915327133760385
ses-20120926,ses-20120928,183,-0.17403856815420946
ses-20120926,ses-20120928,184,0.09775851643447758
ses-20120926,ses-20120928,185,0.2121908499609986
ses-20120926,ses-20120928,186,0.21287919040634246
ses-20120926,ses-20120928,187,-0.06002661984316961
ses-20120926,ses-20120928,188,0.01557074899980228
ses-20120926,ses-20120928,189,-0.13260565587450857
ses-20120926,ses-20120928,190,-0.02039659815223714
ses-20120926,ses-20120928,191,0.12068314890797838
ses-20120926,ses-20120928,192,-0.15259464987177998
ses-20120926,ses-20120928,193,-0.05883356044959727
ses-20120926,ses-20120928,194,0.16156606050006184
ses-20120926,ses-20120928,195,-0.1072507372226123
ses-20120926,ses-20120928,196,0.10808863710817063
ses-20120926,ses-20120928,197,0.07505247651138562
ses-20120926,ses-20120928,198,-0.10646866927118777
ses-20120926,ses-20120928,199,-0.07169445143018517
ses-20120926,20121004,0,0.0489009456288058
ses-20120926,20121004,1,0.1713073420665562
ses-20120926,20121004,2,0.08670213570202506
ses-20120926,20121004,3,0.07580104308730017
ses-20120926,20121004,4,0.12162913775545306
ses-20120926,20121004,5,0.00905316748367454
ses-20120926,20121004,6,-0.10074508971846532
ses-20120926,20121004,7,0.030804583466158074
ses-20120926,20121004,8,-0.09102787409824294
ses-20120926,20121004,9,0.023872629974604525
ses-20120926,20121004,10,0.01432793670565337
ses-20120926,20121004,11,0.09121723592536367
ses-20120926,20121004,12,-0.11251809876254086
ses-20120926,20121004,13,-0.11602840240930634
ses-20120926,20121004,14,0.14996986067428658
ses-20120926,20121004,15,0.015630769191498414
ses-20120926,20121004,16,0.15830943107593776
ses-20120926,20121004,17,-0.06610446605119194
ses-20120926,20121004,18,0.06042023278030779
ses-20120926,20121004,19,-0.051332630447330635
ses-20120926,20121004,20,0.16645937551889814
ses-20120926,20121004,21,0.21638817329570983
ses-20120926,20121004,22,0.012646929197974784
ses-20120926,20121004,23,0.2031555998415686
ses-20120926,20121004,24,-0.09487833030433386
ses-20120926,20121004,25,-0.058856669159097534
ses-20120926,20121004,26,0.060906709389994824
ses-20120926,20121004,27,0.3174700128736206
ses-20120926,20121004,28,-0.08477959123096437
ses-20120926,20121004,29,0.009464101401081596
ses-20120926,20121004,30,-0.030783090707045026
ses-20120926,20121004,31,0.025966549678841162
ses-20120926,20121004,32,-0.03789599399012747
ses-20120926,20121004,33,0.15192032861686658
ses-20120926,20121004,34,0.019735995602377234
ses-20120926,20121004,35,0.00018250374909253609
ses-20120926,20121004,36,0.0074692685674262954
ses-20120926,20121004,37,0.14861687346693436
ses-20120926,20121004,38,0.06963907318348958
ses-20120926,20121004,39,0.04489520302404423
ses-20120926,20121004,40,0.14551019382089722
ses-20120926,20121004,41,0.052724000246899654
ses-20120926,20121004,42,-0.20056240379933243
ses-20120926,20121004,43,-0.11130192491869803
ses-20120926,20121004,44,0.07435595985144643
ses-20120926,20121004,45,0.17448285531422172
ses-20120926,20121004,46,0.10433557551123473
ses-20120926,20121004,47,-0.18933004520329663
ses-20120926,20121004,48,0.18766558821552604
ses-20120926,20121004,49,0.06610252111487828
ses-20120926,20121004,50,-0.08000677286951653
ses-20120926,20121004,51,0.06340905024861818
ses-20120926,20121004,52,-0.035963271997832065
ses-20120926,20121004,53,-0.00015463470823015178
ses-20120926,20121004,54,-0.0759546974392987
ses-20120926,20121004,55,0.1656933864920322
ses-20120926,20121004,56,0.11846349031002217
ses-20120926,20121004,57,0.10694902253322784
ses-20120926,20121004,58,-0.03750118537427862
ses-20120926,20121004,59,0.2633451604715623
ses-20120926,20121004,60,0.031978985569390786
ses-20120926,20121004,61,-0.01739262583578199
ses-20120926,20121004,62,0.18029170733596928
ses-20120926,20121004,63,0.15284444693746496
ses-20120926,20121004,64,0.024427140483008557
ses-20120926,20121004,65,0.134265563888944
ses-20120926,20121004,66,0.1384250833918499
ses-20120926,20121004,67,0.001236417354167752
ses-20120926,20121004,68,0.09029938422629062
ses-20120926,20121004,69,-0.07747011620229848
ses-20120926,20121004,70,-0.00496486449809166
ses-20120926,20121004,71,0.03686975187152972
ses-20120926,20121004,72,-0.08505235542034995
ses-20120926,20121004,73,0.10005646711171731
ses-20120926,20121004,74,-0.06178599406121732
ses-20120926,20121004,75,0.228556921828969
ses-20120926,20121004,76,-0.05837952529259926
ses-20120926,20121004,77,-0.063593627749099
ses-20120926,20121004,78,0.011922261442585938
ses-20120926,20121004,79,-0.009753728895905348
ses-20120926,20121004,80,-0.028178179133942192
ses-20120926,20121004,81,0.06601309055843288
ses-20120926,20121004,82,-0.14432213726723114
ses-20120926,20121004,83,0.07737426266683764
ses-20120926,20121004,84,-0.09661887727395531
ses-20120926,20121004,85,0.0825963132934736
ses-20120926,20121004,86,0.16590646773502596
ses-20120926,20121004,87,0.02466994241928654
ses-20120926,20121004,88,-0.13434909664366976
ses-20120926,20121004,89,-0.04190495233413514
ses-20120926,20121004,90,0.09163642873810574
ses-20120926,20121004,91,0.24262547392800368
ses-20120926,20121004,92,-0.08518737744715983
ses-20120926,20121004,93,-0.005367868579062936
ses-20120926,20121004,94,-0.030934145391183065
ses-20120926,20121004,95,-0.05123399424970689
ses-20120926,20121004,96,-0.06577336251196964
ses-20120926,20121004,97,0.22399893403650817
ses-20120926,20121004,98,-0.011315087454303133
ses-20120926,20121004,99,0.059901114292817435
ses-20120926,20121004,100,-0.004875422313993464
ses-20120926,20121004,101,0.04454394148810211
ses-20120926,20121004,102,0.037383420683067874
ses-20120926,20121004,103,0.05199482760946851
ses-20120926,20121004,104,0.005146878729387278
ses-20120926,20121004,105,0.030495766428950858
ses-20120926,20121004,106,0.07006070052010395
ses-20120926,20121004,107,-0.0826582348740276
ses-20120926,20121004,108,-0.012675107571255645
ses-20120926,20121004,109,0.06740348632903015
ses-20120926,20121004,110,0.08094712851057158
ses-20120926,20121004,111,0.16891189918251634
ses-20120926,20121004,112,0.0035958325171003384
ses-20120926,20121004,113,0.04871301094230544
ses-20120926,20121004,114,0.0036540339502968903
ses-20120926,20121004,115,-0.05473356670628033
ses-20120926,20121004,116,0.07794380905919607
ses-20120926,20121004,117,0.007519458141334921
ses-20120926,20121004,118,-0.13803850536694007
ses-20120926,20121004,119,-0.0650294938374484
ses-20120926,20121004,120,-0.06693909589759572
ses-20120926,20121004,121,0.026350961667726932
ses-20120926,20121004,122,-0.030156586997258993
ses-20120926,20121004,123,0.006649959416126282
ses-20120926,20121004,124,0.06500216568846455
ses-20120926,20121004,125,0.2318499017967472
ses-20120926,20121004,126,0.16916281747100262
ses-20120926,20121004,127,-0.08120980406791337
ses-20120926,20121004,128,-0.04673154541480909
ses-20120926,20121004,129,0.12170215204491559
ses-20120926,20121004,130,0.0346389341742269
ses-20120926,20121004,131,-0.008201312044510072
ses-20120926,20121004,132,-0.11046796285812441
ses-20120926,20121004,133,0.02831057906204989
ses-20120926,20121004,134,0.09822871526929103
ses-20120926,20121004,135,0.17670346155809907
ses-20120926,20121004,136,0.030415229642499098
ses-20120926,20121004,137,0.19820948127859508
ses-20120926,20121004,138,0.09684144126555998
ses-20120926,20121004,139,0.11579434979379194
ses-20120926,20121004,140,0.04363916283930955
ses-20120926,20121004,141,0.0548400502653198
ses-20120926,20121004,142,0.0619005523886488
ses-20120926,20121004,143,0.04584735752782788
ses-20120926,20121004,144,0.011249292618531392
ses-20120926,20121004,145,0.10571719930531241
ses-20120926,20121004,146,0.13920076586674401
ses-20120926,20121004,147,0.0484392695591679
ses-20120926,20121004,148,0.06245267871841716
ses-20120926,20121004,149,0.06797863332238586
ses-20120926,20121004,150,0.036221956473068015
ses-20120926,20121004,151,0.04578966929427839
ses-20120926,20121004,152,-0.13345543824140066
ses-20120926,20121004,153,0.22386691390947167
ses-20120926,20121004,154,0.14150429386921307
ses-20120926,20121004,155,0.14641576713330567
ses-20120926,20121004,156,0.15749756072251503
ses-20120926,20121004,157,-0.008460908980301884
ses-20120926,20121004,158,0.1245348636721161
ses-20120926,20121004,159,0.315915430253562
ses-20120926,20121004,160,0.21634246364837556
ses-20120926,20121004,161,0.17262931605363274
ses-20120926,20121004,162,-0.18910600405911693
ses-20120926,20121004,163,0.1066223789636581
ses-20120926,20121004,164,0.10984933114575339
ses-20120926,20121004,165,0.20268659134031677
ses-20120926,20121004,166,0.08610191023841658
ses-20120926,20121004,167,0.08622992681989876
ses-20120926,20121004,168,0.06946000573876689
ses-20120926,20121004,169,-0.09950074221810483
ses-20120926,20121004,170,-0.007166745111419134
ses-20120926,20121004,171,0.08327266171319143
ses-20120926,20121004,172,0.05996061199450116
ses-20120926,20121004,173,-0.03634369648926606
ses-20120926,20121004,174,-0.18919485862780935
ses-20120926,20121004,175,0.2835788645174935
ses-20120926,20121004,176,0.02921060142984096
ses-20120926,20121004,177,0.04400032659498661
ses-20120926,20121004,178,-0.0871582978796899
ses-20120926,20121004,179,0.36302090176572055
ses-20120926,20121004,180,0.004703856322593992
ses-20120926,20121004,181,-0.1293791608092507
ses-20120926,20121004,182,0.0011394707911751023
ses-20120926,20121004,183,0.04893176655323413
ses-20120926,20121004,184,0.02525081220749724
ses-20120926,20121004,185,0.01218023944373283
ses-20120926,20121004,186,0.27800230824881045
ses-20120926,20121004,187,0.3291620220959081
ses-20120926,20121004,188,0.012580199468498726
ses-20120926,20121004,189,0.014693197233208033
ses-20120926,20121004,190,0.046848272640121785
ses-20120926,20121004,191,0.1171885949193639
ses-20120926,20121004,192,0.060597597498697045
ses-20120926,20121004,193,0.2637320883277557
ses-20120926,20121004,194,0.20275488618537127
ses-20120926,20121004,195,0.4025125703075255
ses-20120926,20121004,196,0.02520297040799289
ses-20120926,20121004,197,0.12410206481478546
ses-20120926,20121004,198,0.05729232084198342
ses-20120926,20121004,199,0.1146538079000845
ses-20120926,20121017,0,0.09230011591354446
ses-20120926,20121017,1,-0.04536951656545373
ses-20120926,20121017,2,-0.035484486392090946
ses-20120926,20121017,3,-0.03543131313002519
ses-20120926,20121017,4,-0.11871032100654444
ses-20120926,20121017,5,-0.2935853597802518
ses-20120926,20121017,6,-0.007481908052716107
ses-20120926,20121017,7,-0.06239218207396127
ses-20120926,20121017,8,0.010427861650148803
ses-20120926,20121017,9,0.035704030375577595
ses-20120926,20121017,10,-0.03306025315856262
ses-20120926,20121017,11,0.07014765311949736
ses-20120926,20121017,12,-0.024987942912541885
ses-20120926,20121017,13,-0.001591750700746888
ses-20120926,20121017,14,0.026106174905267576
ses-20120926,20121017,15,-0.04105595323182148
ses-20120926,20121017,16,-0.03538953577451987
ses-20120926,20121017,17,-0.11281846842319275
ses-20120926,20121017,18,-0.035883550175116685
ses-20120926,20121017,19,0.06807288603486873
ses-20120926,20121017,20,-0.005523931931126348
ses-20120926,20121017,21,-0.20809433506334088
ses-20120926,20121017,22,0.09857628895430902
ses-20120926,20121017,23,-0.11256187700770039
ses-20120926,20121017,24,0.09193323655172604
ses-20120926,20121017,25,-0.03256674506854283
ses-20120926,20121017,26,0.059612165109858506
ses-20120926,20121017,27,-0.2260338226723304
ses-20120926,20121017,28,0.03182796727258092
ses-20120926,20121017,29,0.1466361409210325
ses-20120926,20121017,30,0.13554000636079777
ses-20120926,20121017,31,0.05823565692888592
ses-20120926,20121017,32,0.147401547185158
ses-20120926,20121017,33,-0.1105649583347794
ses-20120926,20121017,34,0.021071487902702583
ses-20120926,20121017,35,-0.05225170431618219
ses-20120926,20121017,36,0.11934171053434993
ses-20120926,20121017,37,0.06611880244518101
ses-20120926,20121017,38,0.11806992846592505
ses-20120926,20121017,39,0.041884395548807955
ses-20120926,20121017,40,0.12009183983928778
ses-20120926,20121017,41,0.0010728965121360216
ses-20120926,20121017,42,0.06367363502773184
ses-20120926,20121017,43,0.02213676871115462
ses-20120926,20121017,44,0.1279511233250284
ses-20120926,20121017,45,0.11238572659883687
ses-20120926,20121017,46,-0.05871330527002836
ses-20120926,20121017,47,-0.06778134336181767
ses-20120926,20121017,48,-0.06374020735011629
ses-20120926,20121017,49,-0.0669703846262943
ses-20120926,20121017,50,-0.22958167262730916
ses-20120926,20121017,51,0.02731468929553013
ses-20120926,20121017,52,0.055271851741149965
ses-20120926,20121017,53,-0.009934677190757095
ses-20120926,20121017,54,0.02510582038147282
ses-20120926,20121017,55,-0.08812929940852059
ses-20120926,20121017,56,0.10635025701557359
ses-20120926,20121017,57,0.11244385924753841
ses-20120926,20121017,58,-0.006614090109300999
ses-20120926,20121017,59,-0.029284231060797368
ses-20120926,20121017,60,-0.0680750114697474
ses-20120926,20121017,61,-0.07072053330247279
ses-20120926,20121017,62,-0.11158335298593029
ses-20120926,20121017,63,-0.09154044834673275
ses-20120926,20121017,64,-0.09985249208417718
ses-20120926,20121017,65,-0.0563886205012516
ses-20120926,20121017,66,-0.11684083751403174
ses-20120926,20121017,67,-0.0110316281041984
ses-20120926,20121017,68,0.22661939869375342
ses-20120926,20121017,69,-0.10410494057142786
ses-20120926,20121017,70,-0.08638368925366252
ses-20120926,20121017,71,-0.004669918470058881
ses-20120926,20121017,72,-0.1394256759480751
ses-20120926,20121017,73,-0.13613849824293647
ses-20120926,20121017,74,0.1200226852367803
ses-20120926,20121017,75,-0.09949296921585346
ses-20120926,20121017,76,0.11269506366510523
ses-20120926,20121017,77,0.02947365230141625
ses-20120926,20121017,78,0.2056458100016145
ses-20120926,20121017,79,0.10905306984314683
ses-20120926,20121017,80,-0.03240793109019916
ses-20120926,20121017,81,-0.10743734607806421
ses-20120926,20121017,82,-0.17608257275438513
ses-20120926,20121017,83,0.008281378836863348
ses-20120926,20121017,84,0.026677346710916983
ses-20120926,20121017,85,0.049498076479201555
ses-20120926,20121017,86,-0.10144339226345575
ses-20120926,20121017,87,0.07754306569474652
ses-20120926,20121017,88,0.0229524458983023
ses-20120926,20121017,89,-0.07866819652453748
ses-20120926,20121017,90,-0.05988588605459735
ses-20120926,20121017,91,0.10493514584871595
ses-20120926,20121017,92,-0.07735819425552032
ses-20120926,20121017,93,-0.16507314022315572
ses-20120926,20121017,94,-0.1671259355251496
ses-20120926,20121017,95,-0.03689676310553876
ses-20120926,20121017,96,-0.12547728716968254
ses-20120926,20121017,97,-0.1733779163367442
ses-20120926,20121017,98,0.017992899955360988
ses-20120926,20121017,99,-0.0743064384862634
ses-20120926,20121017,100,0.11123766923436083
ses-20120926,20121017,101,-0.017355659220735682
ses-20120926,20121017,102,0.22252799934201914
ses-20120926,20121017,103,0.06035203799229807
ses-20120926,20121017,104,-0.14716151623908147
ses-20120926,20121017,105,-0.0879054651012778
ses-20120926,20121017,106,0.04159160698304166
ses-20120926,20121017,107,0.03921931413892781
ses-20120926,20121017,108,-0.025113736132261148
ses-20120926,20121017,109,0.14150832685718479
ses-20120926,20121017,110,-0.01192211808126999
ses-20120926,20121017,111,-0.16398669880797473
ses-20120926,20121017,112,-0.035267209581003996
ses-20120926,20121017,113,0.04466495884863185
ses-20120926,20121017,114,-0.12777013895082884
ses-20120926,20121017,115,-0.06030104710900091
ses-20120926,20121017,116,-0.032048246574107514
ses-20120926,20121017,117,0.09150470474823244
ses-20120926,20121017,118,0.0641018781056856
ses-20120926,20121017,119,-0.20113968577965743
ses-20120926,20121017,120,0.025095844743423447
ses-20120926,20121017,121,0.21314188006290624
ses-20120926,20121017,122,-0.032282632544640415
ses-20120926,20121017,123,-0.044912424764170164
ses-20120926,20121017,124,-0.0016825304101728833
ses-20120926,20121017,125,-0.12080541397560998
ses-20120926,20121017,126,-0.0811415780454534
ses-20120926,20121017,127,0.033908335407626056
ses-20120926,20121017,128,-0.18250173921520862
ses-20120926,20121017,129,-0.09670017139277584
ses-20120926,20121017,130,-0.26677713139952325
ses-20120926,20121017,131,-0.17216089453253502
ses-20120926,20121017,132,0.05429025677690212
ses-20120926,20121017,133,-0.14719524465268494
ses-20120926,20121017,134,-0.058357084940588916
ses-20120926,20121017,135,-0.24791884114593843
ses-20120926,20121017,136,0.004908364905355799
ses-20120926,20121017,137,-0.15031376143976516
ses-20120926,20121017,138,-0.10541042055691345
ses-20120926,20121017,139,-0.0014290792245684849
ses-20120926,20121017,140,-0.14851175833921873
ses-20120926,20121017,141,-0.015159082386803675
ses-20120926,20121017,142,-0.130896966283676
ses-20120926,20121017,143,-0.1569725268024964
ses-20120926,20121017,144,0.12883477835014312
ses-20120926,20121017,145,0.014050949641292245
ses-20120926,20121017,146,-0.12208165405444107
ses-20120926,20121017,147,-0.007478066024429676
ses-20120926,20121017,148,-0.1100651794176503
ses-20120926,20121017,149,-0.09849208240978836
ses-20120926,20121017,150,-0.03787676964142211
ses-20120926,20121017,151,-0.0436627339673197
ses-20120926,20121017,152,0.08722287354929384
ses-20120926,20121017,153,0.08204860054054389
ses-20120926,20121017,154,0.0385939808165404
ses-20120926,20121017,155,0.03470482625566448
ses-20120926,20121017,156,-0.08188681748948476
ses-20120926,20121017,157,-0.06877518733479222
ses-20120926,20121017,158,0.11173001701806315
ses-20120926,20121017,159,-0.2158942141810671
ses-20120926,20121017,160,0.0750368365652447
ses-20120926,20121017,161,-0.07431014907175114
ses-20120926,20121017,162,-0.18736820842465665
ses-20120926,20121017,163,0.15981827250181613
ses-20120926,20121017,164,0.20220018944419954
ses-20120926,20121017,165,0.050988820381702396
ses-20120926,20121017,166,-0.17596838587336688
ses-20120926,20121017,167,-0.030527656677369515
ses-20120926,20121017,168,0.002447982167510214
ses-20120926,20121017,169,0.24126127679245124
ses-20120926,20121017,170,0.04387799709909903
ses-20120926,20121017,171,-0.056166380499357176
ses-20120926,20121017,172,-0.04189129528419287
ses-20120926,20121017,173,0.17332845490939947
ses-20120926,20121017,174,0.002565955121465549
ses-20120926,20121017,175,0.09488917576495987
ses-20120926,20121017,176,0.05230027468127819
ses-20120926,20121017,177,-0.019632073914969128
ses-20120926,20121017,178,0.0655973086511783
ses-20120926,20121017,179,-0.06495893759207133
ses-20120926,20121017,180,-0.01449756189181417
ses-20120926,20121017,181,0.0741356805229341
ses-20120926,20121017,182,-0.08764773459632057
ses-20120926,20121017,183,0.11678842463299047
ses-20120926,20121017,184,0.0975743804923196
ses-20120926,20121017,185,-0.06511008389045214
ses-20120926,20121017,186,0.007999800116912812
ses-20120926,20121017,187,0.025765370977014226
ses-20120926,20121017,188,-0.08957334752613393
ses-20120926,20121017,189,-0.1744034181513963
ses-20120926,20121017,190,-0.1650807282464175
ses-20120926,20121017,191,0.14385845561830274
ses-20120926,20121017,192,-0.029569504546327428
ses-20120926,20121017,193,-0.18542676337936168
ses-20120926,20121017,194,-0.07351544712932892
ses-20120926,20121017,195,0.12465911443794764
ses-20120926,20121017,196,0.12953793550710418
ses-20120926,20121017,197,-0.16052217620291762
ses-20120926,20121017,198,-0.11823837878031228
ses-20120926,20121017,199,0.030391439992222272
ses-20120926,20121024,0,-0.040302652610840616
ses-20120926,20121024,1,-0.06304846838302937
ses-20120926,20121024,2,-0.18760614709106
ses-20120926,20121024,3,-0.00025078027722055444
ses-20120926,20121024,4,0.014820053970248968
ses-20120926,20121024,5,-0.04649328661224684
ses-20120926,20121024,6,0.09588302822561715
ses-20120926,20121024,7,-0.1404627098897733
ses-20120926,20121024,8,0.008182806149944316
ses-20120926,20121024,9,-0.07954128171384384
ses-20120926,20121024,10,-0.23644518201790785
ses-20120926,20121024,11,-0.19112503795819907
ses-20120926,20121024,12,-0.02938122050429774
ses-20120926,20121024,13,-0.04198987390075354
ses-20120926,20121024,14,-0.1088830926915512
ses-20120926,20121024,15,0.07021691583923702
ses-20120926,20121024,16,-0.2744213999155673
ses-20120926,20121024,17,-0.011089802092437078
ses-20120926,20121024,18,-0.13534372019952698
ses-20120926,20121024,19,-0.05030389642498725
ses-20120926,20121024,20,-0.07183590381061357
ses-20120926,20121024,21,-0.034469294224285796
ses-20120926,20121024,22,-0.1849437447682174
ses-20120926,20121024,23,0.012624278561682398
ses-20120926,20121024,24,0.09449194733618638
ses-20120926,20121024,25,-0.22775353535337425
ses-20120926,20121024,26,-0.0897730659559251
ses-20120926,20121024,27,-0.10661582098095321
ses-20120926,20121024,28,-0.10055192716430923
ses-20120926,20121024,29,0.08000679453303362
ses-20120926,20121024,30,-0.08939851691800337
ses-20120926,20121024,31,0.002561128777353986
ses-20120926,20121024,32,0.2525500813811935
ses-20120926,20121024,33,-0.24837932742794935
ses-20120926,20121024,34,0.045147364369853435
ses-20120926,20121024,35,0.03551782436206502
ses-20120926,20121024,36,0.0046196124426492275
ses-20120926,20121024,37,0.11453836824863611
ses-20120926,20121024,38,-0.26412308340373886
ses-20120926,20121024,39,-0.048243540327856244
ses-20120926,20121024,40,0.11549546067131164
ses-20120926,20121024,41,-0.023329098672634045
ses-20120926,20121024,42,-0.028986287554144553
ses-20120926,20121024,43,0.21198243488792906
ses-20120926,20121024,44,-0.13556746092818953
ses-20120926,20121024,45,0.18601191744906329
ses-20120926,20121024,46,0.002516565381958492
ses-20120926,20121024,47,-0.03849650891872112
ses-20120926,20121024,48,0.04157899779623757
ses-20120926,20121024,49,-0.09558626737993699
ses-20120926,20121024,50,0.21076562496629608
ses-20120926,20121024,51,0.008030953373908252
ses-20120926,20121024,52,0.04095706480600393
ses-20120926,20121024,53,-0.07575821486703668
ses-20120926,20121024,54,0.04952839332720339
ses-20120926,20121024,55,-0.05163773711639436
ses-20120926,20121024,56,0.18094899603101114
ses-20120926,20121024,57,0.024719617505155642
ses-20120926,20121024,58,-0.16278129701464003
ses-20120926,20121024,59,-0.020790913485960245
ses-20120926,20121024,60,-0.021141063234632287
ses-20120926,20121024,61,0.14191683431386967
ses-20120926,20121024,62,-0.04702312818530126
ses-20120926,20121024,63,-0.26770855024093787
ses-20120926,20121024,64,-0.043893276130115774
ses-20120926,20121024,65,-0.1946916905360969
ses-20120926,20121024,66,0.02839712567576197
ses-20120926,20121024,67,-0.08319521357292714
ses-20120926,20121024,68,0.12043337394363046
ses-20120926,20121024,69,-0.06524924253166729
ses-20120926,20121024,70,0.007795279803641359
ses-20120926,20121024,71,-0.0914465919176507
ses-20120926,20121024,72,0.07959678296321095
ses-20120926,20121024,73,-0.05110445377860377
ses-20120926,20121024,74,0.058358784638551195
ses-20120926,20121024,75,-0.008237493123205226
ses-20120926,20121024,76,0.07324706166834996
ses-20120926,20121024,77,0.14345983716456562
ses-20120926,20121024,78,-0.029892444809573624
ses-20120926,20121024,79,-0.08918174151332452
ses-20120926,20121024,80,-0.11885961215505293
ses-20120926,20121024,81,0.1208499603031758
ses-20120926,20121024,82,-0.09992291300044462
ses-20120926,20121024,83,-0.11888310235352254
ses-20120926,20121024,84,-0.0924195112350952
ses-20120926,20121024,85,-0.19822756867547292
ses-20120926,20121024,86,-0.08162701770068605
ses-20120926,20121024,87,0.045169625159803356
ses-20120926,20121024,88,0.18342903918442713
ses-20120926,20121024,89,-0.10169828339854634
ses-20120926,20121024,90,0.10780131277589736
ses-20120926,20121024,91,0.017170512980642892
ses-20120926,20121024,92,0.06212546536989472
ses-20120926,20121024,93,-0.008408124437177289
ses-20120926,20121024,94,0.12003324633038404
ses-20120926,20121024,95,-0.18811874108908197
ses-20120926,20121024,96,-0.07671876841336775
ses-20120926,20121024,97,0.13187029161774713
ses-20120926,20121024,98,-0.17502117292314512
ses-20120926,20121024,99,0.028454791460157048
ses-20120926,20121024,100,0.026252549982291328
ses-20120926,20121024,101,-0.16964030268150487
ses-20120926,20121024,102,-0.041297107445289825
ses-20120926,20121024,103,0.06970099185970918
ses-20120926,20121024,104,-0.10854679770202816
ses-20120926,20121024,105,0.009767706385533563
ses-20120926,20121024,106,-0.039862196806106906
ses-20120926,20121024,107,-0.10601567883750097
ses-20120926,20121024,108,-0.10066371324665326
ses-20120926,20121024,109,-0.134086183226325
ses-20120926,20121024,110,0.017857338040944283
ses-20120926,20121024,111,-0.10853602460482269
ses-20120926,20121024,112,-0.030003148523160793
ses-20120926,20121024,113,0.17161202121829977
ses-20120926,20121024,114,0.10355574547306715
ses-20120926,20121024,115,0.07380420316184504
ses-20120926,20121024,116,0.1168217206041225
ses-20120926,20121024,117,-0.21410379831361406
ses-20120926,20121024,118,0.11114850561941358
ses-20120926,20121024,119,-0.010046443699809872
ses-20120926,20121024,120,-0.07988019025164925
ses-20120926,20121024,121,-0.07643003621586439
ses-20120926,20121024,122,-0.16686842163740692
ses-20120926,20121024,123,0.04307385658304572
ses-20120926,20121024,124,-0.09511415255105697
ses-20120926,20121024,125,-0.07254306447175306
ses-20120926,20121024,126,0.0487892737975536
ses-20120926,20121024,127,-0.14395128810925364
ses-20120926,20121024,128,-0.04146111528359747
ses-20120926,20121024,129,0.0874532758183251
ses-20120926,20121024,130,-0.19261269124825306
ses-20120926,20121024,131,-0.0028399512265998204
ses-20120926,20121024,132,-0.13168267485774235
ses-20120926,20121024,133,0.19768313583560926
ses-20120926,20121024,134,0.0029576438307096263
ses-20120926,20121024,135,0.03144948152368358
ses-20120926,20121024,136,-0.08251083157900241
ses-20120926,20121024,137,0.006588776187102578
ses-20120926,20121024,138,0.14349860761748526
ses-20120926,20121024,139,0.12895268858164255
ses-20120926,20121024,140,-0.17834721388003033
ses-20120926,20121024,141,0.1177094176306162
ses-20120926,20121024,142,-0.1082015713494424
ses-20120926,20121024,143,0.27626469134122467
ses-20120926,20121024,144,-0.010696671179026175
ses-20120926,20121024,145,-0.07918797056725875
ses-20120926,20121024,146,-0.08962158076440312
ses-20120926,20121024,147,-0.10083848590965332
ses-20120926,20121024,148,-0.16810363073667772
ses-20120926,20121024,149,-0.1323327484814703
ses-20120926,20121024,150,-0.16081180854184055
ses-20120926,20121024,151,-0.20646858984370242
ses-20120926,20121024,152,0.0011056929748474574
ses-20120926,20121024,153,-0.06536717579833654
ses-20120926,20121024,154,-0.03745170148385687
ses-20120926,20121024,155,0.08416720103031736
ses-20120926,20121024,156,0.015692082240802784
ses-20120926,20121024,157,-0.2079738038091282
ses-20120926,20121024,158,-0.11161138568723554
ses-20120926,20121024,159,-0.11440563277727714
ses-20120926,20121024,160,0.02323656340401137
ses-20120926,20121024,161,-0.0488779398238628
ses-20120926,20121024,162,-0.10461205762481192
ses-20120926,20121024,163,-0.14978372386298167
ses-20120926,20121024,164,-0.13315452204724634
ses-20120926,20121024,165,-0.005459743332646852
ses-20120926,20121024,166,0.14592064741318003
ses-20120926,20121024,167,0.10489070107089389
ses-20120926,20121024,168,-0.012683015719284004
ses-20120926,20121024,169,0.0655100159032713
ses-20120926,20121024,170,-0.14649448430438905
ses-20120926,20121024,171,0.10711276963033561
ses-20120926,20121024,172,-0.2287261073077562
ses-20120926,20121024,173,-0.048243504115459614
ses-20120926,20121024,174,0.12012693015099304
ses-20120926,20121024,175,0.0065003449565640675
ses-20120926,20121024,176,-0.09371890575826045
ses-20120926,20121024,177,-0.13998622985666956
ses-20120926,20121024,178,0.08633290741926865
ses-20120926,20121024,179,0.02228013043890957
ses-20120926,20121024,180,0.011247031034974308
ses-20120926,20121024,181,0.17017939965143167
ses-20120926,20121024,182,-0.15485094426527182
ses-20120926,20121024,183,-0.0012056908024579223
ses-20120926,20121024,184,-0.1854063527184293
ses-20120926,20121024,185,-0.07452962751578529
ses-20120926,20121024,186,-0.22830551117259068
ses-20120926,20121024,187,0.027208988645743795
ses-20120926,20121024,188,-0.1005609768559033
ses-20120926,20121024,189,0.04636296658788128
ses-20120926,20121024,190,-0.17467770329691065
ses-20120926,20121024,191,0.07666102078851314
ses-20120926,20121024,192,-0.06309738483385312
ses-20120926,20121024,193,0.11783237573312061
ses-20120926,20121024,194,-0.07401954016881615
ses-20120926,20121024,195,-0.17099658957463604
ses-20120926,20121024,196,0.15847791224489152
ses-20120926,20121024,197,-0.12525818167287217
ses-20120926,20121024,198,0.07461825369318736
ses-20120926,20121024,199,-0.12331593095511216
ses-20120927,ses-20120928,0,-0.11551785179653083
ses-20120927,ses-20120928,1,-0.06262987895433607
ses-20120927,ses-20120928,2,-0.14177295275926644
ses-20120927,ses-20120928,3,0.1046385617836587
ses-20120927,ses-20120928,4,-0.09063307319618871
ses-20120927,ses-20120928,5,0.16462580022559914
ses-20120927,ses-20120928,6,-0.07627352925876316
ses-20120927,ses-20120928,7,0.19157565326821188
ses-20120927,ses-20120928,8,-0.13669509952476733
ses-20120927,ses-20120928,9,0.0985425938393889
ses-20120927,ses-20120928,10,-0.01380794348502605
ses-20120927,ses-20120928,11,-0.04489518448243223
ses-20120927,ses-20120928,12,-0.0886551140096806
ses-20120927,ses-20120928,13,0.06470167120991441
ses-20120927,ses-20120928,14,0.11442730181699061
ses-20120927,ses-20120928,15,0.18899238959210898
ses-20120927,ses-20120928,16,0.2742500626937274
ses-20120927,ses-20120928,17,-0.0971456134104897
ses-20120927,ses-20120928,18,0.05203740964697131
ses-20120927,ses-20120928,19,-0.05501481234345956
ses-20120927,ses-20120928,20,-0.08481546557544109
ses-20120927,ses-20120928,21,-0.051595597445265484
ses-20120927,ses-20120928,22,-0.0417353799696912
ses-20120927,ses-20120928,23,0.13475787152605248
ses-20120927,ses-20120928,24,-0.15866744955354795
ses-20120927,ses-20120928,25,0.10682097729641551
ses-20120927,ses-20120928,26,0.08569894909999096
ses-20120927,ses-20120928,27,-0.0735750112063116
ses-20120927,ses-20120928,28,0.002994193649807109
ses-20120927,ses-20120928,29,-0.08462443321769665
ses-20120927,ses-20120928,30,0.04580103046877846
ses-20120927,ses-20120928,31,-0.0029112043125481906
ses-20120927,ses-20120928,32,0.16111066066210705
ses-20120927,ses-20120928,33,-0.07093770258173028
ses-20120927,ses-20120928,34,-0.05457043344994967
ses-20120927,ses-20120928,35,0.0841067492322484
ses-20120927,ses-20120928,36,0.006494344079486455
ses-20120927,ses-20120928,37,-0.0469048230822673
ses-20120927,ses-20120928,38,-0.04184231738661096
ses-20120927,ses-20120928,39,0.1274070850518918
ses-20120927,ses-20120928,40,-0.007459537487610471
ses-20120927,ses-20120928,41,0.0960120476727326
ses-20120927,ses-20120928,42,-0.06268100394969356
ses-20120927,ses-20120928,43,-0.13914156602229288
ses-20120927,ses-20120928,44,0.21850816308300205
ses-20120927,ses-20120928,45,0.02849123540621003
ses-20120927,ses-20120928,46,-0.012904252977528124
ses-20120927,ses-20120928,47,0.15096589558756204
ses-20120927,ses-20120928,48,-0.07285392230770192
ses-20120927,ses-20120928,49,0.06034162391137021
ses-20120927,ses-20120928,50,0.01090955905534013
ses-20120927,ses-20120928,51,0.11765679355117624
ses-20120927,ses-20120928,52,-0.10310140703495936
ses-20120927,ses-20120928,53,-0.09689347149489087
ses-20120927,ses-20120928,54,-0.09495184381750994
ses-20120927,ses-20120928,55,0.0945384606897296
ses-20120927,ses-20120928,56,-0.030946104664227952
ses-20120927,ses-20120928,57,-0.02533902561147639
ses-20120927,ses-20120928,58,-0.11187221951316842
ses-20120927,ses-20120928,59,-0.001279993122621329
ses-20120927,ses-20120928,60,0.06810740336389258
ses-20120927,ses-20120928,61,-0.07907462346917193
ses-20120927,ses-20120928,62,0.0899423553194434
ses-20120927,ses-20120928,63,0.03534703866631668
ses-20120927,ses-20120928,64,0.08109102787918537
ses-20120927,ses-20120928,65,0.1360308908385276
ses-20120927,ses-20120928,66,-0.32070399550574646
ses-20120927,ses-20120928,67,0.11962664846830037
ses-20120927,ses-20120928,68,-0.07337379443216421
ses-20120927,ses-20120928,69,0.20221784096454234
ses-20120927,ses-20120928,70,0.21266011306804994
ses-20120927,ses-20120928,71,-0.019131283476320104
ses-20120927,ses-20120928,72,0.050866552922648675
ses-20120927,ses-20120928,73,-0.05095703957069254
ses-20120927,ses-20120928,74,0.018452858318870457
ses-20120927,ses-20120928,75,-0.1173848278624332
ses-20120927,ses-20120928,76,0.165140907810444
ses-20120927,ses-20120928,77,0.016680530398299476
ses-20120927,ses-20120928,78,-0.0035640676470547255
ses-20120927,ses-20120928,79,-0.10116124182445127
ses-20120927,ses-20120928,80,-0.07287965871204065
ses-20120927,ses-20120928,81,-0.005416039504345251
ses-20120927,ses-20120928,82,-0.014818161962273686
ses-20120927,ses-20120928,83,0.10544037543535524
ses-20120927,ses-20120928,84,0.06658782173633362
ses-20120927,ses-20120928,85,-0.018281454255424944
ses-20120927,ses-20120928,86,-0.019306170130148986
ses-20120927,ses-20120928,87,0.11395206883446182
ses-20120927,ses-20120928,88,-0.03151420826372416
ses-20120927,ses-20120928,89,-0.04539838034853281
ses-20120927,ses-20120928,90,-0.003692262621335345
ses-20120927,ses-20120928,91,-0.003553730594848949
ses-20120927,ses-20120928,92,0.041905547666246136
ses-20120927,ses-20120928,93,0.09408122728857696
ses-20120927,ses-20120928,94,-0.08779039805661869
ses-20120927,ses-20120928,95,0.07350940903504011
ses-20120927,ses-20120928,96,0.1926045876204025
ses-20120927,ses-20120928,97,0.0018467597057024861
ses-20120927,ses-20120928,98,-0.17214025551227993
ses-20120927,ses-20120928,99,0.22670263376539804
ses-20120927,ses-20120928,100,0.25095339140443107
ses-20120927,ses-20120928,101,0.19430278338166998
ses-20120927,ses-20120928,102,0.05706706999248656
ses-20120927,ses-20120928,103,0.2126667015141308
ses-20120927,ses-20120928,104,0.04353668824418461
ses-20120927,ses-20120928,105,-0.0059527301472467875
ses-20120927,ses-20120928,106,-0.0927322601316436
ses-20120927,ses-20120928,107,-0.04927741846691603
ses-20120927,ses-20120928,108,-0.07841654880511426
ses-20120927,ses-20120928,109,0.07670300246935616
ses-20120927,ses-20120928,110,-0.020356476375171417
ses-20120927,ses-20120928,111,0.005092829731485735
ses-20120927,ses-20120928,112,0.027562365873142064
ses-20120927,ses-20120928,113,0.07995072424578724
ses-20120927,ses-20120928,114,0.12926476278165677
ses-20120927,ses-20120928,115,-0.09488420506000242
ses-20120927,ses-20120928,116,-0.16301985084306078
ses-20120927,ses-20120928,117,-0.024495183068516328
ses-20120927,ses-20120928,118,0.02888822238645477
ses-20120927,ses-20120928,119,0.007632579298049458
ses-20120927,ses-20120928,120,-0.055400240989017066
ses-20120927,ses-20120928,121,0.011142234109555114
ses-20120927,ses-20120928,122,0.038562810308093796
ses-20120927,ses-20120928,123,-0.06083056301557666
ses-20120927,ses-20120928,124,-0.10979586643624009
ses-20120927,ses-20120928,125,0.05427049673018279
ses-20120927,ses-20120928,126,0.051899423671688025
ses-20120927,ses-20120928,127,-0.09526952478589852
ses-20120927,ses-20120928,128,-0.17932562981693287
ses-20120927,ses-20120928,129,0.07235519764684545
ses-20120927,ses-20120928,130,-0.059692526722307904
ses-20120927,ses-20120928,131,-0.07738576070788634
ses-20120927,ses-20120928,132,0.023008959178723847
ses-20120927,ses-20120928,133,0.10471478886169344
ses-20120927,ses-20120928,134,0.1886436716799077
ses-20120927,ses-20120928,135,0.04576493774320113
ses-20120927,ses-20120928,136,0.03397765107429123
ses-20120927,ses-20120928,137,0.16483351618845155
ses-20120927,ses-20120928,138,0.057127477459628394
ses-20120927,ses-20120928,139,-0.2192327756953286
ses-20120927,ses-20120928,140,0.1682253480081271
ses-20120927,ses-20120928,141,0.0831047596615958
ses-20120927,ses-20120928,142,0.2808455449062569
ses-20120927,ses-20120928,143,0.15238539889707212
ses-20120927,ses-20120928,144,-0.0061076652886020814
ses-20120927,ses-20120928,145,-0.17954660386005486
ses-20120927,ses-20120928,146,0.2694401609715888
ses-20120927,ses-20120928,147,-0.005003524343071381
ses-20120927,ses-20120928,148,0.1117053151499767
ses-20120927,ses-20120928,149,-0.09237808274439135
ses-20120927,ses-20120928,150,0.08455694490894683
ses-20120927,ses-20120928,151,0.11851816095086776
ses-20120927,ses-20120928,152,-0.1362930300170459
ses-20120927,ses-20120928,153,0.03830417309544308
ses-20120927,ses-20120928,154,0.12067511702964143
ses-20120927,ses-20120928,155,-0.021870022003761053
ses-20120927,ses-20120928,156,0.23128140677520784
ses-20120927,ses-20120928,157,0.16132381167010804
ses-20120927,ses-20120928,158,0.13630789980163346
ses-20120927,ses-20120928,159,0.013795371170354278
ses-20120927,ses-20120928,160,0.16005398646712476
ses-20120927,ses-20120928,161,0.07475085625979967
ses-20120927,ses-20120928,162,-0.04786229305689988
ses-20120927,ses-20120928,163,0.1287665169005178
ses-20120927,ses-20120928,164,0.10314499221960499
ses-20120927,ses-20120928,165,-0.014551366796922972
ses-20120927,ses-20120928,166,-0.1761555280490304
ses-20120927,ses-20120928,167,-0.022498228290059364
ses-20120927,ses-20120928,168,0.043561860836349865
ses-20120927,ses-20120928,169,-0.17602018167085118
ses-20120927,ses-20120928,170,0.11472684945617778
ses-20120927,ses-20120928,171,-0.18492000288690819
ses-20120927,ses-20120928,172,0.08217674142081935
ses-20120927,ses-20120928,173,0.01623732524109674
ses-20120927,ses-20120928,174,-0.1447071684345045
ses-20120927,ses-20120928,175,0.0026903560158382037
ses-20120927,ses-20120928,176,-0.08139183161632896
ses-20120927,ses-20120928,177,-0.006647051513658794
ses-20120927,ses-20120928,178,0.0446617190780591
ses-20120927,ses-20120928,179,0.17765450090805304
ses-20120927,ses-20120928,180,0.0050630725771770545
ses-20120927,ses-20120928,181,-0.028229167149453116
ses-20120927,ses-20120928,182,-0.1361026653789549
ses-20120927,ses-20120928,183,-0.2516155128815843
ses-20120927,ses-20120928,184,-0.02809783819286468
ses-20120927,ses-20120928,185,-0.1880562302053352
ses-20120927,ses-20120928,186,0.0010681971938948417
ses-20120927,ses-20120928,187,0.07418881175829867
ses-20120927,ses-20120928,188,-0.1000761812262738
ses-20120927,ses-20120928,189,0.023422638715906514
ses-20120927,ses-20120928,190,-0.16908202216086907
ses-20120927,ses-20120928,191,-0.01419618418770383
ses-20120927,ses-20120928,192,0.05913768123121758
ses-20120927,ses-20120928,193,0.12223452193731732
ses-20120927,ses-20120928,194,0.027853102267368465
ses-20120927,ses-20120928,195,0.02409994215253242
ses-20120927,ses-20120928,196,-0.04653060954925123
ses-20120927,ses-20120928,197,-0.10193674014816956
ses-20120927,ses-20120928,198,-0.13572970615861482
ses-20120927,ses-20120928,199,-0.10563851314999902
ses-20120927,20121004,0,0.008016403661672503
ses-20120927,20121004,1,0.0382996089630938
ses-20120927,20121004,2,-0.05895223718277552
ses-20120927,20121004,3,-0.15944493694228218
ses-20120927,20121004,4,0.021714814864960262
ses-20120927,20121004,5,0.28898149057745537
ses-20120927,20121004,6,-0.04154477493142639
ses-20120927,20121004,7,-0.06680928417616144
ses-20120927,20121004,8,-0.07720470699356916
ses-20120927,20121004,9,0.09109881757606901
ses-20120927,20121004,10,0.06042608633102563
ses-20120927,20121004,11,0.07335299774099982
ses-20120927,20121004,12,0.23119447235532736
ses-20120927,20121004,13,0.055164248719474916
ses-20120927,20121004,14,-0.11277989202924199
ses-20120927,20121004,15,-0.03483862550839561
ses-20120927,20121004,16,0.11358037568557722
ses-20120927,20121004,17,-0.023956345937213176
ses-20120927,20121004,18,-0.17218021785042212
ses-20120927,20121004,19,-0.18698908969426153
ses-20120927,20121004,20,-0.12873901299248705
ses-20120927,20121004,21,-0.16439208334408192
ses-20120927,20121004,22,-0.03243070442945424
ses-20120927,20121004,23,-0.20852169665169648
ses-20120927,20121004,24,-0.09237415151631687
ses-20120927,20121004,25,0.04723255472025233
ses-20120927,20121004,26,-0.09121154279984782
ses-20120927,20121004,27,0.04082081312098992
ses-20120927,20121004,28,0.10316110029437003
ses-20120927,20121004,29,-0.054104233923683166
ses-20120927,20121004,30,0.09369280206494271
ses-20120927,20121004,31,0.011608997934991906
ses-20120927,20121004,32,0.04757799105458882
ses-20120927,20121004,33,0.114244084954864
ses-20120927,20121004,34,0.05657522840429945
ses-20120927,20121004,35,-0.023308256088066862
ses-20120927,20121004,36,-0.07093063185664975
ses-20120927,20121004,37,0.054878106535515496
ses-20120927,20121004,38,0.09012911271849222
ses-20120927,20121004,39,-0.038188649591786056
ses-20120927,20121004,40,0.0049282012067079954
ses-20120927,20121004,41,-0.13496268815059892
ses-20120927,20121004,42,-0.10797387141743407
ses-20120927,20121004,43,0.08625850136610849
ses-20120927,20121004,44,-0.011282278786611687
ses-20120927,20121004,45,-0.037516174684506576
ses-20120927,20121004,46,-0.08302848997455652
ses-20120927,20121004,47,-0.034037890403698805
ses-20120927,20121004,48,-0.04196346892552321
ses-20120927,20121004,49,-0.04703414003906069
ses-20120927,20121004,50,0.20942995622477065
ses-20120927,20121004,51,0.015100644444353791
ses-20120927,20121004,52,0.0028111132745165667
ses-20120927,20121004,53,0.22312368053731832
ses-20120927,20121004,54,0.08709866688495277
ses-20120927,20121004,55,0.009759183525059344
ses-20120927,20121004,56,0.01973438625179139
ses-20120927,20121004,57,0.07294195594017393
ses-20120927,20121004,58,-0.02890869487992748
ses-20120927,20121004,59,0.09075784745991662
ses-20120927,20121004,60,0.0059417101559887334
ses-20120927,20121004,61,-0.1679628475000444
ses-20120927,20121004,62,0.025378214823013875
ses-20120927,20121004,63,-0.05020644179308974
ses-20120927,20121004,64,0.14291075503114964
ses-20120927,20121004,65,0.006084920013258185
ses-20120927,20121004,66,0.10264484559105883
ses-20120927,20121004,67,-0.012650333123023697
ses-20120927,20121004,68,0.0951540605044732
ses-20120927,20121004,69,0.1038069175460602
ses-20120927,20121004,70,0.058938809644611345
ses-20120927,20121004,71,0.1536189357523082
ses-20120927,20121004,72,-0.04194671474522695
ses-20120927,20121004,73,0.11091717739236734
ses-20120927,20121004,74,-0.029401286540504893
ses-20120927,20121004,75,-0.18706195978006038
ses-20120927,20121004,76,0.13652175646210546
ses-20120927,20121004,77,-0.052647399066540645
ses-20120927,20121004,78,0.2894740301576559
ses-20120927,20121004,79,-0.030602003555810553
ses-20120927,20121004,80,0.00019833990055750093
ses-20120927,20121004,81,0.3333888519665218
ses-20120927,20121004,82,-0.17598155022917716
ses-20120927,20121004,83,-0.051730621883752916
ses-20120927,20121004,84,-0.06417294686029441
ses-20120927,20121004,85,-0.01596873738241008
ses-20120927,20121004,86,0.07128741950465665
ses-20120927,20121004,87,0.22634820337351863
ses-20120927,20121004,88,-0.17834298052532974
ses-20120927,20121004,89,0.15594143685289286
ses-20120927,20121004,90,0.0651901063099115
ses-20120927,20121004,91,-0.07971110244688473
ses-20120927,20121004,92,-0.08151872791302756
ses-20120927,20121004,93,-0.12868504481140403
ses-20120927,20121004,94,0.017355140381715758
ses-20120927,20121004,95,-0.0009909123064045396
ses-20120927,20121004,96,-0.0652219730873671
ses-20120927,20121004,97,-0.29374603904932867
ses-20120927,20121004,98,-0.12111839393549005
ses-20120927,20121004,99,0.21535959535258425
ses-20120927,20121004,100,-0.06527041859593903
ses-20120927,20121004,101,-0.1613852590049957
ses-20120927,20121004,102,0.24418407438760922
ses-20120927,20121004,103,-0.04297407692665095
ses-20120927,20121004,104,-0.16075568887856556
ses-20120927,20121004,105,-0.02846153815743268
ses-20120927,20121004,106,-0.023213354696094684
ses-20120927,20121004,107,0.010894174021366509
ses-20120927,20121004,108,-0.06812367739089069
ses-20120927,20121004,109,-0.07843753128163806
ses-20120927,20121004,110,0.015602061988494391
ses-20120927,20121004,111,-0.07452572282675718
ses-20120927,20121004,112,-0.12068409465550749
ses-20120927,20121004,113,0.01690641920633737
ses-20120927,20121004,114,-0.029352003214982915
ses-20120927,20121004,115,0.10482166120206655
ses-20120927,20121004,116,0.03894154372321439
ses-20120927,20121004,117,0.00207555266984891
ses-20120927,20121004,118,-0.13142853043275934
ses-20120927,20121004,119,-0.2707891909213184
ses-20120927,20121004,120,0.004703029218292741
ses-20120927,20121004,121,0.08816406888800951
ses-20120927,20121004,122,-0.21527609988020902
ses-20120927,20121004,123,0.1773265738574605
ses-20120927,20121004,124,-0.05692893387774156
ses-20120927,20121004,125,0.0927618918976353
ses-20120927,20121004,126,0.17830457361677765
ses-20120927,20121004,127,-0.003905271494468396
ses-20120927,20121004,128,0.052786248823576264
ses-20120927,20121004,129,-0.1921370460659704
ses-20120927,20121004,130,0.06418086787479976
ses-20120927,20121004,131,0.10240740221776648
ses-20120927,20121004,132,-0.05944540203955322
ses-20120927,20121004,133,0.03165058911523186
ses-20120927,20121004,134,0.23208789776223926
ses-20120927,20121004,135,0.02652645615323335
ses-20120927,20121004,136,-0.0306162497557937
ses-20120927,20121004,137,-0.09143701302052014
ses-20120927,20121004,138,0.03239154170586184
ses-20120927,20121004,139,0.001259675446847934
ses-20120927,20121004,140,0.1140122587037624
ses-20120927,20121004,141,-0.15064472020473754
ses-20120927,20121004,142,-0.1716198546954969
ses-20120927,20121004,143,-0.00516236631353393
ses-20120927,20121004,144,0.07575456025736876
ses-20120927,20121004,145,-0.15736479045911023
ses-20120927,20121004,146,-0.002511357040178648
ses-20120927,20121004,147,0.07241984891739317
ses-20120927,20121004,148,0.13083031420643643
ses-20120927,20121004,149,-0.08547010332393692
ses-20120927,20121004,150,0.06659760131983801
ses-20120927,20121004,151,0.06019759544360106
ses-20120927,20121004,152,0.0598414013732554
ses-20120927,20121004,153,0.0759394005789455
ses-20120927,20121004,154,-0.12710458735931132
ses-20120927,20121004,155,0.02168140812015418
ses-20120927,20121004,156,0.11049977581962123
ses-20120927,20121004,157,0.046795214686576006
ses-20120927,20121004,158,0.23060723581985906
ses-20120927,20121004,159,0.05032672537031561
ses-20120927,20121004,160,-0.02110457753169007
ses-20120927,20121004,161,-0.0020993111026789413
ses-20120927,20121004,162,-0.048893139626643115
ses-20120927,20121004,163,-0.0021991746376230645
ses-20120927,20121004,164,-0.1863525419152901
ses-20120927,20121004,165,-0.13553551050862822
ses-20120927,20121004,166,0.15844787473435773
ses-20120927,20121004,167,-0.11007105380254277
ses-20120927,20121004,168,0.041139484176266755
ses-20120927,20121004,169,-0.08336181126471737
ses-20120927,20121004,170,-0.22410035284315724
ses-20120927,20121004,171,0.03225357820672891
ses-20120927,20121004,172,0.045977398559313556
ses-20120927,20121004,173,0.0591586681350535
ses-20120927,20121004,174,-0.16204446659540722
ses-20120927,20121004,175,-0.054171297499772945
ses-20120927,20121004,176,0.1957819617935483
ses-20120927,20121004,177,-0.11197193072755991
ses-20120927,20121004,178,-0.03360813143959514
ses-20120927,20121004,179,-0.05980002200073564
ses-20120927,20121004,180,0.009923908201566741
ses-20120927,20121004,181,-0.03323841517949755
ses-20120927,20121004,182,0.19518711793606588
ses-20120927,20121004,183,-0.10595524398668346
ses-20120927,20121004,184,0.06216945766261796
ses-20120927,20121004,185,0.02734213432948187
ses-20120927,20121004,186,-0.07515192562298872
ses-20120927,20121004,187,0.004307760705278932
ses-20120927,20121004,188,-0.16846230685447147
ses-20120927,20121004,189,-0.02931246933471045
ses-20120927,20121004,190,0.07192214675546288
ses-20120927,20121004,191,0.04184073893989373
ses-20120927,20121004,192,0.0761678534803749
ses-20120927,20121004,193,0.048248647406037626
ses-20120927,20121004,194,0.03042002035101533
ses-20120927,20121004,195,-0.024341192904169504
ses-20120927,20121004,196,0.12931447301744609
ses-20120927,20121004,197,-0.022151363992541976
ses-20120927,20121004,198,-0.08628815212129422
ses-20120927,20121004,199,0.09599923516464637
ses-20120927,20121017,0,0.12325817764704425
ses-20120927,20121017,1,-0.07774213434414298
ses-20120927,20121017,2,0.043659618601400225
ses-20120927,20121017,3,-0.06059389384167682
ses-20120927,20121017,4,0.05336609804090721
ses-20120927,20121017,5,-0.1515459535596689
ses-20120927,20121017,6,0.0420669068149493
ses-20120927,20121017,7,-0.24538762794329078
ses-20120927,20121017,8,0.106269632144963
ses-20120927,20121017,9,0.111915152251592
ses-20120927,20121017,10,-0.02365916426987594
ses-20120927,20121017,11,0.09055445254676903
ses-20120927,20121017,12,-0.15391977506400067
ses-20120927,20121017,13,0.20601121504975112
ses-20120927,20121017,14,0.06403954942704851
ses-20120927,20121017,15,-0.04197859872398726
ses-20120927,20121017,16,-0.02634657717708807
ses-20120927,20121017,17,0.1603091734417985
ses-20120927,20121017,18,0.24097169958338183
ses-20120927,20121017,19,-0.24211328283882272
ses-20120927,20121017,20,-0.17935816349409134
ses-20120927,20121017,21,-0.07526028899360672
ses-20120927,20121017,22,-0.002388165556944834
ses-20120927,20121017,23,-0.16180328378540448
ses-20120927,20121017,24,-0.06885339906957826
ses-20120927,20121017,25,-0.19781372076972023
ses-20120927,20121017,26,0.17403739211643426
ses-20120927,20121017,27,-0.020645218671288348
ses-20120927,20121017,28,-0.031627636731505836
ses-20120927,20121017,29,-0.06651038320309752
ses-20120927,20121017,30,-0.07277013302702941
ses-20120927,20121017,31,-0.11453485722187377
ses-20120927,20121017,32,-0.05339752919248159
ses-20120927,20121017,33,-0.1908757590643655
ses-20120927,20121017,34,0.01020751040222672
ses-20120927,20121017,35,0.17888748387262937
ses-20120927,20121017,36,-0.06373454971774418
ses-20120927,20121017,37,0.08759659975454016
ses-20120927,20121017,38,0.15031613355510015
ses-20120927,20121017,39,-0.26054433776233854
ses-20120927,20121017,40,0.08306140097043128
ses-20120927,20121017,41,-0.11877609885215602
ses-20120927,20121017,42,-0.07209083610197435
ses-20120927,20121017,43,0.004572318742088967
ses-20120927,20121017,44,0.06687518278859296
ses-20120927,20121017,45,0.049976180045371264
ses-20120927,20121017,46,0.042525364693923345
ses-20120927,20121017,47,-0.06416785092992011
ses-20120927,20121017,48,-0.2953987022312202
ses-20120927,20121017,49,0.009638161462077672
ses-20120927,20121017,50,0.03545173800387956
ses-20120927,20121017,51,0.004660373587762653
ses-20120927,20121017,52,0.030018273455736235
ses-20120927,20121017,53,-0.010302124830015282
ses-20120927,20121017,54,0.13627900053406355
ses-20120927,20121017,55,0.04379059141060731
ses-20120927,20121017,56,0.015147313888319705
ses-20120927,20121017,57,-0.004376415870421406
ses-20120927,20121017,58,-0.0466568299874744
ses-20120927,20121017,59,-0.07570907932026001
ses-20120927,20121017,60,0.04216537075198746
ses-20120927,20121017,61,-0.05661869432381241
ses-20120927,20121017,62,0.058871510657790796
ses-20120927,20121017,63,-0.022851488050701297
ses-20120927,20121017,64,-0.07474803608328456
ses-20120927,20121017,65,-0.1434843804963747
ses-20120927,20121017,66,0.09715047001047752
ses-20120927,20121017,67,0.0059988479075420344
ses-20120927,20121017,68,-0.10391297571773214
ses-20120927,20121017,69,-0.0911739166180058
ses-20120927,20121017,70,0.055683046982990723
ses-20120927,20121017,71,-0.2744205322731095
ses-20120927,20121017,72,-0.12164382491683842
ses-20120927,20121017,73,0.3016263038780819
ses-20120927,20121017,74,0.033563732467191076
ses-20120927,20121017,75,0.10751720004982378
ses-20120927,20121017,76,0.2400328468976939
ses-20120927,20121017,77,-0.1676427851068009
ses-20120927,20121017,78,0.07036229506892286
ses-20120927,20121017,79,-0.11219897568109209
ses-20120927,20121017,80,-0.1473659074610194
ses-20120927,20121017,81,-0.10909527484461702
ses-20120927,20121017,82,0.03343875411425142
ses-20120927,20121017,83,0.026710640391587794
ses-20120927,20121017,84,0.11721049047883643
ses-20120927,20121017,85,-0.03642258846940957
ses-20120927,20121017,86,0.11958896904475814
ses-20120927,20121017,87,-0.10973068597634365
ses-20120927,20121017,88,-0.1714559387525498
ses-20120927,20121017,89,0.09419516468743265
ses-20120927,20121017,90,0.048203071628107406
ses-20120927,20121017,91,0.20428074932112186
ses-20120927,20121017,92,0.16314615539584512
ses-20120927,20121017,93,0.15190544044691584
ses-20120927,20121017,94,0.1304643510454592
ses-20120927,20121017,95,-0.004305233411680594
ses-20120927,20121017,96,0.05912222892985457
ses-20120927,20121017,97,-0.07733887260764247
ses-20120927,20121017,98,0.021890878840954784
ses-20120927,20121017,99,0.00965550523421407
ses-20120927,20121017,100,-0.032703364279766695
ses-20120927,20121017,101,0.14859577537327742
ses-20120927,20121017,102,0.058277139583704896
ses-20120927,20121017,103,-0.07839102462691967
ses-20120927,20121017,104,0.0397125703384994
ses-20120927,20121017,105,-0.03621212410641653
ses-20120927,20121017,106,-0.017118903900082343
ses-20120927,20121017,107,-0.11332282705785503
ses-20120927,20121017,108,-0.15917345611876563
ses-20120927,20121017,109,-0.14607592780926512
ses-20120927,20121017,110,-0.03894985403689263
ses-20120927,20121017,111,-0.051052916398680454
ses-20120927,20121017,112,0.09382152323974173
ses-20120927,20121017,113,0.12747424564038176
ses-20120927,20121017,114,0.15976071728726596
ses-20120927,20121017,115,0.022441879587809216
ses-20120927,20121017,116,0.034925968270338226
ses-20120927,20121017,117,-0.22153192025521287
ses-20120927,20121017,118,-0.006601651727711596
ses-20120927,20121017,119,0.05526578566414162
ses-20120927,20121017,120,-0.04693277183073462
ses-20120927,20121017,121,0.13296221007803397
ses-20120927,20121017,122,0.03711046343221427
ses-20120927,20121017,123,-0.10310950705106173
ses-20120927,20121017,124,0.02363382593138265
ses-20120927,20121017,125,-0.07284251530948764
ses-20120927,20121017,126,-0.0382791483949451
ses-20120927,20121017,127,-0.06622721584392688
ses-20120927,20121017,128,0.11498130122140109
ses-20120927,20121017,129,-0.20777789117060336
ses-20120927,20121017,130,-0.12510576999612327
ses-20120927,20121017,131,-0.21332106942708107
ses-20120927,20121017,132,-0.10782902982516443
ses-20120927,20121017,133,0.010876202266534206
ses-20120927,20121017,134,0.007563411909937859
ses-20120927,20121017,135,0.040374790367552704
ses-20120927,20121017,136,0.22175557491796433
ses-20120927,20121017,137,0.12361582193569737
ses-20120927,20121017,138,0.17835260204547335
ses-20120927,20121017,139,-0.06580142845413763
ses-20120927,20121017,140,0.09491822231437963
ses-20120927,20121017,141,0.18460860952387045
ses-20120927,20121017,142,-0.013124728869027292
ses-20120927,20121017,143,-0.0011619235952090557
ses-20120927,20121017,144,-0.04387531512579956
ses-20120927,20121017,145,0.11946013473522801
ses-20120927,20121017,146,0.25849235495703227
ses-20120927,20121017,147,-0.030174317324235235
ses-20120927,20121017,148,-0.15831955178502805
ses-20120927,20121017,149,0.007785150156922962
ses-20120927,20121017,150,0.008702710778196836
ses-20120927,20121017,151,0.005884457453720999
ses-20120927,20121017,152,-0.0605688695240227
ses-20120927,20121017,153,0.10212308248993161
ses-20120927,20121017,154,-0.19385347241483575
ses-20120927,20121017,155,-0.00511583908285833
ses-20120927,20121017,156,0.13183877014872677
ses-20120927,20121017,157,0.015574505223894291
ses-20120927,20121017,158,0.01319681036954277
ses-20120927,20121017,159,-0.03310577185498151
ses-20120927,20121017,160,-0.06326167071407506
ses-20120927,20121017,161,-0.04449014194459178
ses-20120927,20121017,162,-0.09539572470404209
ses-20120927,20121017,163,-0.15580716035665243
ses-20120927,20121017,164,-0.12985006607896218
ses-20120927,20121017,165,0.006661324800973143
ses-20120927,20121017,166,-0.1279651291669058
ses-20120927,20121017,167,-0.12935674117144627
ses-20120927,20121017,168,-0.12835899697311626
ses-20120927,20121017,169,-0.07767493769875303
ses-20120927,20121017,170,-0.14902537146681386
ses-20120927,20121017,171,-0.040760887576173466
ses-20120927,20121017,172,-0.2009855883519793
ses-20120927,20121017,173,0.0860055622707085
ses-20120927,20121017,174,-0.002729737139291838
ses-20120927,20121017,175,0.0983909886022542
ses-20120927,20121017,176,0.03824008511971917
ses-20120927,20121017,177,0.28095629103054115
ses-20120927,20121017,178,0.02374502156758515
ses-20120927,20121017,179,0.021410649291117877
ses-20120927,20121017,180,0.08468666740897594
ses-20120927,20121017,181,0.03325155390861679
ses-20120927,20121017,182,0.03815621781720908
ses-20120927,20121017,183,-0.00935526441214447
ses-20120927,20121017,184,-0.03475305322093414
ses-20120927,20121017,185,-0.08711423697230129
ses-20120927,20121017,186,0.04790917025538712
ses-20120927,20121017,187,0.0006626222193525699
ses-20120927,20121017,188,-0.004655186934146787
ses-20120927,20121017,189,-0.1393109276918621
ses-20120927,20121017,190,-0.2667197107178036
ses-20120927,20121017,191,0.12747003633124807
ses-20120927,20121017,192,-0.13070694323696255
ses-20120927,20121017,193,0.010629110096489008
ses-20120927,20121017,194,-0.10054289525006066
ses-20120927,20121017,195,-0.12096323488388769
ses-20120927,20121017,196,-0.039192585798652875
ses-20120927,20121017,197,-0.042174213667656515
ses-20120927,20121017,198,0.09063466508708153
ses-20120927,20121017,199,0.17111685584430586
ses-20120927,20121024,0,-0.032148350714515946
ses-20120927,20121024,1,-0.10346395688491276
ses-20120927,20121024,2,0.11469155664097479
ses-20120927,20121024,3,-0.1337270566178572
ses-20120927,20121024,4,-0.045521684142698464
ses-20120927,20121024,5,0.0772203311529663
ses-20120927,20121024,6,-0.026622979061178692
ses-20120927,20121024,7,-0.18876339693171326
ses-20120927,20121024,8,-0.054254460793455916
ses-20120927,20121024,9,-0.05637620802392118
ses-20120927,20121024,10,0.037187790969332314
ses-20120927,20121024,11,0.2719385099847352
ses-20120927,20121024,12,-0.1537394995501653
ses-20120927,20121024,13,0.19477782648322955
ses-20120927,20121024,14,0.1768740883768805
ses-20120927,20121024,15,0.06774885889486702
ses-20120927,20121024,16,0.04798552920248544
ses-20120927,20121024,17,0.07660457400449622
ses-20120927,20121024,18,0.1941568898304606
ses-20120927,20121024,19,0.07805505436330372
ses-20120927,20121024,20,-0.08314312698597047
ses-20120927,20121024,21,-0.07028344183601049
ses-20120927,20121024,22,0.03742961236100848
ses-20120927,20121024,23,0.03796654372927732
ses-20120927,20121024,24,0.09544163514377198
ses-20120927,20121024,25,-0.07387679419258661
ses-20120927,20121024,26,-0.14403897959693654
ses-20120927,20121024,27,0.0657483368843178
ses-20120927,20121024,28,0.13294344589363163
ses-20120927,20121024,29,-0.0034322085584431996
ses-20120927,20121024,30,-0.06163816772686206
ses-20120927,20121024,31,0.09802983232840716
ses-20120927,20121024,32,0.044464992253509666
ses-20120927,20121024,33,-0.17691774587991194
ses-20120927,20121024,34,0.060305475416220125
ses-20120927,20121024,35,-0.09833861060711988
ses-20120927,20121024,36,0.3361857478641216
ses-20120927,20121024,37,-0.13930390793396968
ses-20120927,20121024,38,0.01067803483423038
ses-20120927,20121024,39,-0.13914764476990185
ses-20120927,20121024,40,-0.22274309219557747
ses-20120927,20121024,41,0.020915694859037787
ses-20120927,20121024,42,-0.14981713138729
ses-20120927,20121024,43,-0.08320074244176603
ses-20120927,20121024,44,0.1713884020538554
ses-20120927,20121024,45,0.08602742974953367
ses-20120927,20121024,46,0.12681548617566618
ses-20120927,20121024,47,-0.12823053176413518
ses-20120927,20121024,48,-0.08745140985012424
ses-20120927,20121024,49,0.12420567702819177
ses-20120927,20121024,50,-0.208893295860393
ses-20120927,20121024,51,0.05735447680054802
ses-20120927,20121024,52,0.176650879966432
ses-20120927,20121024,53,-0.13676792710510066
ses-20120927,20121024,54,0.07408400775289156
ses-20120927,20121024,55,-0.003147694301856333
ses-20120927,20121024,56,0.15548227376836518
ses-20120927,20121024,57,-0.12506654595578923
ses-20120927,20121024,58,-0.009306024618162954
ses-20120927,20121024,59,-0.010118135700080706
ses-20120927,20121024,60,0.10806757882854415
ses-20120927,20121024,61,-0.08154321894915853
ses-20120927,20121024,62,-0.053744471403781406
ses-20120927,20121024,63,-0.05427006535664244
ses-20120927,20121024,64,-0.160394769863479
ses-20120927,20121024,65,-0.019568323140773832
ses-20120927,20121024,66,0.14285009575913188
ses-20120927,20121024,67,-0.06380349053653955
ses-20120927,20121024,68,-0.09778872359372663
ses-20120927,20121024,69,0.20303032699627763
ses-20120927,20121024,70,0.19858372545652703
ses-20120927,20121024,71,0.1446516312968946
ses-20120927,20121024,72,-0.12284133252308836
ses-20120927,20121024,73,0.03210785530059741
ses-20120927,20121024,74,-0.0762260208921264
ses-20120927,20121024,75,0.10308933283245642
ses-20120927,20121024,76,0.07964785269197434
ses-20120927,20121024,77,0.21076170369317074
ses-20120927,20121024,78,-0.06364840392774389
ses-20120927,20121024,79,0.009299999782357828
ses-20120927,20121024,80,0.20193869206217252
ses-20120927,20121024,81,0.018738246199790067
ses-20120927,20121024,82,-0.19933876898583988
ses-20120927,20121024,83,-0.13260568183798918
ses-20120927,20121024,84,0.004890999488669808
ses-20120927,20121024,85,-0.1905120828444303
ses-20120927,20121024,86,-0.11823877839838424
ses-20120927,20121024,87,-0.21844687561771198
ses-20120927,20121024,88,0.09821677910456555
ses-20120927,20121024,89,0.1616310213279676
ses-20120927,20121024,90,0.006899624478809801
ses-20120927,20121024,91,0.06878710127084182
ses-20120927,20121024,92,-0.1477466881516489
ses-20120927,20121024,93,-0.20165040306812904
ses-20120927,20121024,94,0.08438884131619806
ses-20120927,20121024,95,-0.049620842470075414
ses-20120927,20121024,96,-0.10218129532926049
ses-20120927,20121024,97,-0.05326753578395753
ses-20120927,20121024,98,0.09554486190241393
ses-20120927,20121024,99,-0.04652721804404184
ses-20120927,20121024,100,0.048820054903794666
ses-20120927,20121024,101,0.011116689279925023
ses-20120927,20121024,102,-0.12753248175116957
ses-20120927,20121024,103,0.18801601303733903
ses-20120927,20121024,104,-0.08360228653385199
ses-20120927,20121024,105,-0.054343023288282215
ses-20120927,20121024,106,0.09286606725587533
ses-20120927,20121024,107,0.21323518134140684
ses-20120927,20121024,108,-0.11099851306409673
ses-20120927,20121024,109,0.19320113489402033
ses-20120927,20121024,110,-0.05875022907280387
ses-20120927,20121024,111,0.16955150444699957
ses-20120927,20121024,112,-0.05351700032244567
ses-20120927,20121024,113,0.0889555955648196
ses-20120927,20121024,114,-0.007838288604684857
ses-20120927,20121024,115,0.13547962829815147
ses-20120927,20121024,116,-0.05384087475602986
ses-20120927,20121024,117,0.10540161963032385
ses-20120927,20121024,118,0.06822207530376545
ses-20120927,20121024,119,-0.12829499518359375
ses-20120927,20121024,120,0.11221818920655208
ses-20120927,20121024,121,0.055503391238114055
ses-20120927,20121024,122,0.09270293834812132
ses-20120927,20121024,123,0.07195412757488681
ses-20120927,20121024,124,-0.0306307784944756
ses-20120927,20121024,125,0.03879134915500762
ses-20120927,20121024,126,-0.16114114314845185
ses-20120927,20121024,127,-0.028184555206126546
ses-20120927,20121024,128,0.09074881498104899
ses-20120927,20121024,129,0.014263333197171567
ses-20120927,20121024,130,0.21176280134173253
ses-20120927,20121024,131,0.022451842432493846
ses-20120927,20121024,132,0.06651692559606652
ses-20120927,20121024,133,-0.03071613033427089
ses-20120927,20121024,134,-0.03391971684602506
ses-20120927,20121024,135,-0.09296874237858105
ses-20120927,20121024,136,-0.10425229733745554
ses-20120927,20121024,137,-0.21836079512136922
ses-20120927,20121024,138,-0.20551747844837692
ses-20120927,20121024,139,-0.04333289998844649
ses-20120927,20121024,140,0.03625605344619489
ses-20120927,20121024,141,0.03768290625095602
ses-20120927,20121024,142,-0.09765898948480148
ses-20120927,20121024,143,0.08406472250080964
ses-20120927,20121024,144,-0.14139277315130624
ses-20120927,20121024,145,-0.06861724603212106
ses-20120927,20121024,146,0.13886861987064059
ses-20120927,20121024,147,-0.12473787478331902
ses-20120927,20121024,148,-0.05586244081850131
ses-20120927,20121024,149,-0.08438220716329319
ses-20120927,20121024,150,-0.015931803598864258
ses-20120927,20121024,151,-0.03999740091964091
ses-20120927,20121024,152,-0.09205518228047407
ses-20120927,20121024,153,0.21133991139008335
ses-20120927,20121024,154,0.0428319217842812
ses-20120927,20121024,155,-0.10505999303961691
ses-20120927,20121024,156,0.032137448415979236
ses-20120927,20121024,157,0.06558667544538692
ses-20120927,20121024,158,0.01127271026965809
ses-20120927,20121024,159,0.11651044186942638
ses-20120927,20121024,160,0.05037447352982747
ses-20120927,20121024,161,0.15480353076549855
ses-20120927,20121024,162,0.2736529596299447
ses-20120927,20121024,163,0.010695417912180588
ses-20120927,20121024,164,0.07803050598642573
ses-20120927,20121024,165,0.10301409147155335
ses-20120927,20121024,166,-0.22488492784148134
ses-20120927,20121024,167,0.12336544031423542
ses-20120927,20121024,168,0.014867380606336555
ses-20120927,20121024,169,0.11254114423792407
ses-20120927,20121024,170,-0.16339756375645448
ses-20120927,20121024,171,-0.15004411558458303
ses-20120927,20121024,172,0.3470069488508561
ses-20120927,20121024,173,-0.026348762453581677
ses-20120927,20121024,174,0.24536400735118793
ses-20120927,20121024,175,-0.14942908509797165
ses-20120927,20121024,176,-0.06684586830761287
ses-20120927,20121024,177,-0.07758213992502914
ses-20120927,20121024,178,0.2417710590048735
ses-20120927,20121024,179,-0.17190377754299085
ses-20120927,20121024,180,0.05076303425410066
ses-20120927,20121024,181,0.18221857659215762
ses-20120927,20121024,182,0.1169549682978851
ses-20120927,20121024,183,0.010284076973362288
ses-20120927,20121024,184,-0.029781045116497838
ses-20120927,20121024,185,0.10767530163239465
ses-20120927,20121024,186,0.15934488361786125
ses-20120927,20121024,187,-0.1585548925174605
ses-20120927,20121024,188,-0.020956069912375988
ses-20120927,20121024,189,0.17245393897129402
ses-20120927,20121024,190,-0.11740698818310402
ses-20120927,20121024,191,0.12050036881586754
ses-20120927,20121024,192,-0.036483827282838534
ses-20120927,20121024,193,-0.030062409538710637
ses-20120927,20121024,194,0.06069735676129699
ses-20120927,20121024,195,0.006251850299001187
ses-20120927,20121024,196,0.2324027745943887
ses-20120927,20121024,197,0.0013856595264231976
ses-20120927,20121024,198,-0.0018650398289610517
ses-20120927,20121024,199,0.043391199924963327
ses-20120928,20121004,0,-0.10547149877151883
ses-20120928,20121004,1,-0.060004157579877156
ses-20120928,20121004,2,-0.0835335089759427
ses-20120928,20121004,3,-0.08470148302185654
ses-20120928,20121004,4,-0.08725541715434483
ses-20120928,20121004,5,-0.04399593414130536
ses-20120928,20121004,6,-0.10588324378711673
ses-20120928,20121004,7,-0.10047185928063897
ses-20120928,20121004,8,-0.21364759965929095
ses-20120928,20121004,9,-0.12254577965197791
ses-20120928,20121004,10,-0.06492344907437658
ses-20120928,20121004,11,-0.07523599956231007
ses-20120928,20121004,12,0.0531308565222675
ses-20120928,20121004,13,-0.15983079356174257
ses-20120928,20121004,14,0.2120381135829158
ses-20120928,20121004,15,-0.0004957987468494949
ses-20120928,20121004,16,-0.08360859081963308
ses-20120928,20121004,17,-0.06328327761251618
ses-20120928,20121004,18,0.18961176891513246
ses-20120928,20121004,19,-0.012589347210554722
ses-20120928,20121004,20,0.0323594241609225
ses-20120928,20121004,21,0.0017421943428108729
ses-20120928,20121004,22,-0.032326428336188984
ses-20120928,20121004,23,0.07927316275204825
ses-20120928,20121004,24,-0.06771590829598519
ses-20120928,20121004,25,0.15438125927466761
ses-20120928,20121004,26,0.007889737576922868
ses-20120928,20121004,27,-0.16041279761823352
ses-20120928,20121004,28,0.03798319912674356
ses-20120928,20121004,29,-0.03372007458745946
ses-20120928,20121004,30,-0.18871289226472046
ses-20120928,20121004,31,-0.043547488558625586
ses-20120928,20121004,32,-0.09515575132966937
ses-20120928,20121004,33,0.10553024163785217
ses-20120928,20121004,34,0.00759474762900605
ses-20120928,20121004,35,-0.11888632286197351
ses-20120928,20121004,36,0.04633838361054855
ses-20120928,20121004,37,0.04346655735822057
ses-20120928,20121004,38,-0.16424471614303374
ses-20120928,20121004,39,0.013832804430896269
ses-20120928,20121004,40,0.04801476938705145
ses-20120928,20121004,41,-0.0017147296431682208
ses-20120928,20121004,42,-0.019489048722561658
ses-20120928,20121004,43,-0.13087610913170744
ses-20120928,20121004,44,-0.04703791759269189
ses-20120928,20121004,45,-0.12695501150877117
ses-20120928,20121004,46,-0.032939617781623874
ses-20120928,20121004,47,-0.15458387080770014
ses-20120928,20121004,48,-0.10894403676120092
ses-20120928,20121004,49,-0.1176422375991767
ses-20120928,20121004,50,0.08352820021535728
ses-20120928,20121004,51,-0.14682299924702408
ses-20120928,20121004,52,0.03535365373517376
ses-20120928,20121004,53,0.0786052611733869
ses-20120928,20121004,54,0.0058456703885820735
ses-20120928,20121004,55,-0.02524808249455843
ses-20120928,20121004,56,-0.1252278765312211
ses-20120928,20121004,57,-0.225964645812736
ses-20120928,20121004,58,-0.10613311761091462
ses-20120928,20121004,59,-0.13539730024811747
ses-20120928,20121004,60,0.13512613374106844
ses-20120928,20121004,61,-0.0008784371962745774
ses-20120928,20121004,62,-0.09817942497450366
ses-20120928,20121004,63,-0.09917435782704834
ses-20120928,20121004,64,-0.22201360898290007
ses-20120928,20121004,65,0.03627929276436147
ses-20120928,20121004,66,-0.053773804334235724
ses-20120928,20121004,67,-0.018488563076349596
ses-20120928,20121004,68,0.014239479621470527
ses-20120928,20121004,69,-0.06939130609761682
ses-20120928,20121004,70,-0.01871013093922059
ses-20120928,20121004,71,-0.11493452680421429
ses-20120928,20121004,72,0.153054278693875
ses-20120928,20121004,73,-0.04410870970822228
ses-20120928,20121004,74,-0.17137585638042138
ses-20120928,20121004,75,0.11895766709161412
ses-20120928,20121004,76,-0.07357774640481687
ses-20120928,20121004,77,-0.12641452480579804
ses-20120928,20121004,78,-0.0001173193099763971
ses-20120928,20121004,79,-0.16467994497575006
ses-20120928,20121004,80,-0.08274700390081388
ses-20120928,20121004,81,-0.09046568262907757
ses-20120928,20121004,82,0.0013732140648607227
ses-20120928,20121004,83,0.035880448342991665
ses-20120928,20121004,84,-0.21911245069674234
ses-20120928,20121004,85,-0.16982644529956586
ses-20120928,20121004,86,-0.1321753760056387
ses-20120928,20121004,87,0.10698051940107012
ses-20120928,20121004,88,-0.08122677546516428
ses-20120928,20121004,89,-0.01947069497613503
ses-20120928,20121004,90,-0.06980791427726674
ses-20120928,20121004,91,-0.032034411259145745
ses-20120928,20121004,92,-0.08793008324851809
ses-20120928,20121004,93,-0.00088422230527322
ses-20120928,20121004,94,-0.06889267822242912
ses-20120928,20121004,95,0.08083893856121371
ses-20120928,20121004,96,0.08587735421739372
ses-20120928,20121004,97,0.02511062162628336
ses-20120928,20121004,98,-0.07958498817288982
ses-20120928,20121004,99,-0.050381360135574725
ses-20120928,20121004,100,-0.01938919868194411
ses-20120928,20121004,101,0.03242522362519257
ses-20120928,20121004,102,-0.15975988503224378
ses-20120928,20121004,103,0.19853528767809203
ses-20120928,20121004,104,-0.023496444077288126
ses-20120928,20121004,105,0.04492296376180772
ses-20120928,20121004,106,0.010410068959031654
ses-20120928,20121004,107,-0.1386361626293901
ses-20120928,20121004,108,0.0423146803965334
ses-20120928,20121004,109,-0.19966123661635773
ses-20120928,20121004,110,-0.1339238910591433
ses-20120928,20121004,111,-0.0406549185943668
ses-20120928,20121004,112,-0.01336951805923056
ses-20120928,20121004,113,-0.09691912321417849
ses-20120928,20121004,114,-0.03357047669923034
ses-20120928,20121004,115,-0.0808857354999483
ses-20120928,20121004,116,-0.009348011827862808
ses-20120928,20121004,117,-0.08303747342072341
ses-20120928,20121004,118,-0.12836988006121217
ses-20120928,20121004,119,-0.009092774199390127
ses-20120928,20121004,120,-0.04951696962623404
ses-20120928,20121004,121,-0.004650566504419782
ses-20120928,20121004,122,-0.07699530624768375
ses-20120928,20121004,123,-0.07924972614821842
ses-20120928,20121004,124,-0.11171130197451791
ses-20120928,20121004,125,-0.023113965128406275
ses-20120928,20121004,126,-0.10024140948537336
ses-20120928,20121004,127,0.09080475129568139
ses-20120928,20121004,128,-0.08639700449721756
ses-20120928,20121004,129,-0.04105493427401946
ses-20120928,20121004,130,-0.07618430727871724
ses-20120928,20121004,131,-0.13361035510178487
ses-20120928,20121004,132,-0.060381469166240286
ses-20120928,20121004,133,0.027623472046769463
ses-20120928,20121004,134,-0.07352033095441375
ses-20120928,20121004,135,0.0960235907299341
ses-20120928,20121004,136,0.029325336966889222
ses-20120928,20121004,137,0.06400034531816337
ses-20120928,20121004,138,-0.125411533255963
ses-20120928,20121004,139,0.048487455118894074
ses-20120928,20121004,140,-0.18695176101807656
ses-20120928,20121004,141,0.07542398293444426
ses-20120928,20121004,142,0.031139565070496786
ses-20120928,20121004,143,0.013104585846316366
ses-20120928,20121004,144,-0.03283386959012277
ses-20120928,20121004,145,-0.04168979087994745
ses-20120928,20121004,146,-0.11806201092651143
ses-20120928,20121004,147,0.17659084398155964
ses-20120928,20121004,148,-0.1767313986197958
ses-20120928,20121004,149,-0.0957894546128227
ses-20120928,20121004,150,-0.06442678204813763
ses-20120928,20121004,151,-0.03586143567216776
ses-20120928,20121004,152,-0.03064807930876973
ses-20120928,20121004,153,-0.15260899468791994
ses-20120928,20121004,154,-0.06449164445072599
ses-20120928,20121004,155,-0.08297164808575071
ses-20120928,20121004,156,-0.19841210485553584
ses-20120928,20121004,157,-0.05054637668982379
ses-20120928,20121004,158,0.05965757345929341
ses-20120928,20121004,159,-0.15974590009228895
ses-20120928,20121004,160,-0.04637944450038373
ses-20120928,20121004,161,0.04342869869439112
ses-20120928,20121004,162,-0.06919580854670888
ses-20120928,20121004,163,0.007645795396534146
ses-20120928,20121004,164,-0.23374013834039942
ses-20120928,20121004,165,-0.03373764893232578
ses-20120928,20121004,166,-0.08666134410753822
ses-20120928,20121004,167,0.009374045637562374
ses-20120928,20121004,168,-0.095272835691936
ses-20120928,20121004,169,0.039598779899133796
ses-20120928,20121004,170,0.0804546941617142
ses-20120928,20121004,171,-0.01713600951194555
ses-20120928,20121004,172,0.012392537958351893
ses-20120928,20121004,173,-0.02894602617098674
ses-20120928,20121004,174,0.03974026449911669
ses-20120928,20121004,175,0.19349585281417617
ses-20120928,20121004,176,-0.04276806157477221
ses-20120928,20121004,177,-0.16669116366331546
ses-20120928,20121004,178,-0.04442064840234507
ses-20120928,20121004,179,-0.046181987950045134
ses-20120928,20121004,180,-0.18506500637385695
ses-20120928,20121004,181,-0.1555153885397186
ses-20120928,20121004,182,-0.04689073203327906
ses-20120928,20121004,183,0.08202923347684199
ses-20120928,20121004,184,-0.10803976583254464
ses-20120928,20121004,185,-0.06748877114729605
ses-20120928,20121004,186,-0.03271324699801726
ses-20120928,20121004,187,-0.07700168442857097
ses-20120928,20121004,188,-0.16592911478923916
ses-20120928,20121004,189,-0.007981832723997535
ses-20120928,20121004,190,-0.14869248837967394
ses-20120928,20121004,191,0.06591559772084724
ses-20120928,20121004,192,-0.09037853306066038
ses-20120928,20121004,193,-0.0992740664432041
ses-20120928,20121004,194,-0.09573375085239857
ses-20120928,20121004,195,-0.15687706325130435
ses-20120928,20121004,196,-0.061961871471262676
ses-20120928,20121004,197,-0.04983237043909347
ses-20120928,20121004,198,-0.055962333581410034
ses-20120928,20121004,199,-0.18170896869400197
ses-20120928,20121017,0,-0.05571384768575533
ses-20120928,20121017,1,0.1377330034914072
ses-20120928,20121017,2,-0.06873285121555725
ses-20120928,20121017,3,-0.017072078921820364
ses-20120928,20121017,4,0.029283059524805293
ses-20120928,20121017,5,0.1783678667921191
ses-20120928,20121017,6,0.20730314600908684
ses-20120928,20121017,7,-0.07647405554706496
ses-20120928,20121017,8,0.15827321011286125
ses-20120928,20121017,9,0.026438505332101413
ses-20120928,20121017,10,0.0009160346605761077
ses-20120928,20121017,11,-0.0782247646592604
ses-20120928,20121017,12,0.0347180664870867
ses-20120928,20121017,13,0.11994642888012855
ses-20120928,20121017,14,0.06363725582956394
ses-20120928,20121017,15,0.19005216458115845
ses-20120928,20121017,16,-0.04635756087532427
ses-20120928,20121017,17,0.029989309442477963
ses-20120928,20121017,18,-0.10018741438038406
ses-20120928,20121017,19,-0.05041383706608183
ses-20120928,20121017,20,0.00636097268616139
ses-20120928,20121017,21,-0.05037182526944035
ses-20120928,20121017,22,0.04667009676076256
ses-20120928,20121017,23,0.09425426432148787
ses-20120928,20121017,24,-0.022950452420076452
ses-20120928,20121017,25,-0.07243426434353942
ses-20120928,20121017,26,-0.020386354499440793
ses-20120928,20121017,27,0.1741410764344228
ses-20120928,20121017,28,-0.08412870819305203
ses-20120928,20121017,29,0.0390529357850039
ses-20120928,20121017,30,0.0764702674165716
ses-20120928,20121017,31,-0.09189233210747752
ses-20120928,20121017,32,0.2798581030767279
ses-20120928,20121017,33,0.08533369045744303
ses-20120928,20121017,34,-0.011744498864270883
ses-20120928,20121017,35,0.029771224587759784
ses-20120928,20121017,36,-0.0654159587113606
ses-20120928,20121017,37,0.05869085568468587
ses-20120928,20121017,38,0.09524979962832571
ses-20120928,20121017,39,0.05167817295100837
ses-20120928,20121017,40,0.004312299029444339
ses-20120928,20121017,41,0.034838082905071045
ses-20120928,20121017,42,0.004362915573335899
ses-20120928,20121017,43,0.1996909951823423
ses-20120928,20121017,44,0.002403718770897578
ses-20120928,20121017,45,0.25838304291324976
ses-20120928,20121017,46,0.173403285910681
ses-20120928,20121017,47,0.00028841357359137704
ses-20120928,20121017,48,-0.09699679947626118
ses-20120928,20121017,49,-0.03765336368973209
ses-20120928,20121017,50,-0.042192057198245064
ses-20120928,20121017,51,-0.1337726559749463
ses-20120928,20121017,52,0.26968853908371837
ses-20120928,20121017,53,0.15577501206641475
ses-20120928,20121017,54,-0.0834880769895768
ses-20120928,20121017,55,-0.09166650099138754
ses-20120928,20121017,56,0.01673565639057893
ses-20120928,20121017,57,0.010498688774020087
ses-20120928,20121017,58,0.09658543533419463
ses-20120928,20121017,59,0.17017216884214464
ses-20120928,20121017,60,0.025594489560220268
ses-20120928,20121017,61,-0.012446019139437001
ses-20120928,20121017,62,0.04705341536009223
ses-20120928,20121017,63,0.1667578832845345
ses-20120928,20121017,64,-0.021140906063270404
ses-20120928,20121017,65,0.0023694070308522474
ses-20120928,20121017,66,0.06954655326161134
ses-20120928,20121017,67,0.20777365250205473
ses-20120928,20121017,68,0.18377393203063638
ses-20120928,20121017,69,-0.03377350231278204
ses-20120928,20121017,70,0.1431733918837385
ses-20120928,20121017,71,0.13160949420312562
ses-20120928,20121017,72,-0.06906619832529763
ses-20120928,20121017,73,-0.002890851246466114
ses-20120928,20121017,74,0.07065105170063789
ses-20120928,20121017,75,-0.08774549984233666
ses-20120928,20121017,76,-0.02311689598659731
ses-20120928,20121017,77,-0.05082278618699063
ses-20120928,20121017,78,-0.07129549203806773
ses-20120928,20121017,79,0.01137896199029052
ses-20120928,20121017,80,-0.09571423292640721
ses-20120928,20121017,81,0.1572302035873918
ses-20120928,20121017,82,0.009886809500037686
ses-20120928,20121017,83,0.08269487045681152
ses-20120928,20121017,84,0.1918597889583676
ses-20120928,20121017,85,0.11747504345667033
ses-20120928,20121017,86,-0.13678544144632365
ses-20120928,20121017,87,0.03655500448372914
ses-20120928,20121017,88,0.07025685706017155
ses-20120928,20121017,89,0.040534225378232126
ses-20120928,20121017,90,0.1152279737077442
ses-20120928,20121017,91,0.017500831243400093
ses-20120928,20121017,92,-0.12661682937553567
ses-20120928,20121017,93,0.0014160912140056148
ses-20120928,20121017,94,0.122479801010271
ses-20120928,20121017,95,0.07620272016882036
ses-20120928,20121017,96,0.20639142396616653
ses-20120928,20121017,97,0.18331268906594747
ses-20120928,20121017,98,-0.09503249171715916
ses-20120928,20121017,99,-0.0216438733039502
ses-20120928,20121017,100,-0.09271987717781678
ses-20120928,20121017,101,0.11038463335199673
ses-20120928,20121017,102,0.08551375672775133
ses-20120928,20121017,103,0.0272348193879673
ses-20120928,20121017,104,0.1571008835318412
ses-20120928,20121017,105,-0.03368557195120211
ses-20120928,20121017,106,-0.06517448991663237
ses-20120928,20121017,107,0.13206152146707983
ses-20120928,20121017,108,-0.054586095759485975
ses-20120928,20121017,109,0.05431510338467809
ses-20120928,20121017,110,-0.026441102928183084
ses-20120928,20121017,111,0.28094293193846975
ses-20120928,20121017,112,0.32955490940393045
ses-20120928,20121017,113,0.026005767696167203
ses-20120928,20121017,114,0.021568450826890084
ses-20120928,20121017,115,0.028945891129680216
ses-20120928,20121017,116,-0.10853929142439496
ses-20120928,20121017,117,0.1464470424086097
ses-20120928,20121017,118,0.04145699141028728
ses-20120928,20121017,119,0.01559253703785491
ses-20120928,20121017,120,0.17313419386537388
ses-20120928,20121017,121,-0.1388078080820527
ses-20120928,20121017,122,-0.1639254647622957
ses-20120928,20121017,123,-0.07036798152123473
ses-20120928,20121017,124,0.2032265116600081
ses-20120928,20121017,125,-0.04113282539962908
ses-20120928,20121017,126,0.12044151048937286
ses-20120928,20121017,127,-0.014044516249950666
ses-20120928,20121017,128,-0.05810232446504556
ses-20120928,20121017,129,0.1427909690837494
ses-20120928,20121017,130,-0.11891331824746162
ses-20120928,20121017,131,0.1230365969474127
ses-20120928,20121017,132,0.10631204144238555
ses-20120928,20121017,133,-0.20185718403029074
ses-20120928,20121017,134,0.007815490244293082
ses-20120928,20121017,135,0.030645652537205408
ses-20120928,20121017,136,0.21793445669239603
ses-20120928,20121017,137,0.06357135721469954
ses-20120928,20121017,138,0.19765584410189116
ses-20120928,20121017,139,0.11367279067403
ses-20120928,20121017,140,0.05500851852590193
ses-20120928,20121017,141,-0.03230290978610152
ses-20120928,20121017,142,0.12001301532166199
ses-20120928,20121017,143,-0.05564223299300614
ses-20120928,20121017,144,0.2031557550708302
ses-20120928,20121017,145,0.07133399902512996
ses-20120928,20121017,146,-0.009318194161686463
ses-20120928,20121017,147,0.10245089291733514
ses-20120928,20121017,148,-0.034067222804416965
ses-20120928,20121017,149,-0.14581451603215126
ses-20120928,20121017,150,-0.02239704934070862
ses-20120928,20121017,151,0.04308575341622494
ses-20120928,20121017,152,0.038133906339586694
ses-20120928,20121017,153,0.14352666888551677
ses-20120928,20121017,154,0.17590450960460308
ses-20120928,20121017,155,-0.15734442461574574
ses-20120928,20121017,156,0.09488578760399677
ses-20120928,20121017,157,0.08678617532467038
ses-20120928,20121017,158,-0.19545338738854023
ses-20120928,20121017,159,0.12065258139008718
ses-20120928,20121017,160,0.022435655607903372
ses-20120928,20121017,161,-0.0137695241343713
ses-20120928,20121017,162,0.18440207530684855
ses-20120928,20121017,163,0.009826134496663025
ses-20120928,20121017,164,0.17891219571286845
ses-20120928,20121017,165,0.14033795885090083
ses-20120928,20121017,166,0.16314751816091946
ses-20120928,20121017,167,0.023645387134907037
ses-20120928,20121017,168,-0.06085435280572617
ses-20120928,20121017,169,0.12113882141313335
ses-20120928,20121017,170,0.030202699569336227
ses-20120928,20121017,171,0.07337779700236803
ses-20120928,20121017,172,0.040137805896938474
ses-20120928,20121017,173,0.1049390011571091
ses-20120928,20121017,174,-0.00797876788518788
ses-20120928,20121017,175,0.16304508473225535
ses-20120928,20121017,176,0.19603883859592908
ses-20120928,20121017,177,0.06095093160113647
ses-20120928,20121017,178,0.001111145976156444
ses-20120928,20121017,179,-0.10668649750692273
ses-20120928,20121017,180,0.0907103184163616
ses-20120928,20121017,181,0.19378727795381298
ses-20120928,20121017,182,0.0035941395947181507
ses-20120928,20121017,183,0.033382433186427585
ses-20120928,20121017,184,-0.008976676340047224
ses-20120928,20121017,185,0.09301981411209947
ses-20120928,20121017,186,0.046414124692271984
ses-20120928,20121017,187,-0.01831276028528622
ses-20120928,20121017,188,-0.015933135102795322
ses-20120928,20121017,189,0.14231666594040138
ses-20120928,20121017,190,0.04293670068286232
ses-20120928,20121017,191,0.05047613462041236
ses-20120928,20121017,192,0.05857279772193993
ses-20120928,20121017,193,0.1556130671965503
ses-20120928,20121017,194,0.0032158779401988296
ses-20120928,20121017,195,0.1459794292226835
ses-20120928,20121017,196,-0.028191051658613176
ses-20120928,20121017,197,-0.14526205582871715
ses-20120928,20121017,198,0.07556225709401285
ses-20120928,20121017,199,-0.02121690826508706
ses-20120928,20121024,0,0.07639039566043138
ses-20120928,20121024,1,0.1942562470463944
ses-20120928,20121024,2,0.2637802532017857
ses-20120928,20121024,3,-0.05404711165898456
ses-20120928,20121024,4,0.019988505677527715
ses-20120928,20121024,5,0.007268897208738986
ses-20120928,20121024,6,0.11597985459118537
ses-20120928,20121024,7,-0.1010065399758896
ses-20120928,20121024,8,0.23644833386894282
ses-20120928,20121024,9,0.15402340627013553
ses-20120928,20121024,10,-0.06467414367001682
ses-20120928,20121024,11,-0.1021951529387418
ses-20120928,20121024,12,-0.033085138673941826
ses-20120928,20121024,13,0.03306617663218445
ses-20120928,20121024,14,-0.1313886259878451
ses-20120928,20121024,15,0.10733662121495198
ses-20120928,20121024,16,0.10954038250196543
ses-20120928,20121024,17,-0.03670180971432845
ses-20120928,20121024,18,0.05516973157774393
ses-20120928,20121024,19,0.09300077268888467
ses-20120928,20121024,20,0.1260127192862247
ses-20120928,20121024,21,0.0776203606196159
ses-20120928,20121024,22,-0.0819405424440675
ses-20120928,20121024,23,0.10403373501475699
ses-20120928,20121024,24,0.10666833046376545
ses-20120928,20121024,25,0.07769577886021689
ses-20120928,20121024,26,0.20964397903954585
ses-20120928,20121024,27,0.10736783192836853
ses-20120928,20121024,28,-0.11150289817598573
ses-20120928,20121024,29,0.11688614941524285
ses-20120928,20121024,30,-0.16304165480813326
ses-20120928,20121024,31,0.33807148043073704
ses-20120928,20121024,32,0.21659021769113343
ses-20120928,20121024,33,0.07677427986559254
ses-20120928,20121024,34,0.09449947198068419
ses-20120928,20121024,35,-0.11640805334656701
ses-20120928,20121024,36,0.107379185753724
ses-20120928,20121024,37,-0.09096064107723957
ses-20120928,20121024,38,0.028355384760088965
ses-20120928,20121024,39,0.2503070742112276
ses-20120928,20121024,40,0.07004027254431973
ses-20120928,20121024,41,0.008576964672463688
ses-20120928,20121024,42,-0.026287588139062592
ses-20120928,20121024,43,0.04520114643184803
ses-20120928,20121024,44,0.10167555618999079
ses-20120928,20121024,45,0.20543359279733742
ses-20120928,20121024,46,0.046313273082840174
ses-20120928,20121024,47,0.14445971118285414
ses-20120928,20121024,48,0.03623612776836562
ses-20120928,20121024,49,0.07782792439312633
ses-20120928,20121024,50,0.07491619560772562
ses-20120928,20121024,51,0.066236756864446
ses-20120928,20121024,52,0.14418483700837073
ses-20120928,20121024,53,0.28226579251430095
ses-20120928,20121024,54,-0.06778516255713622
ses-20120928,20121024,55,0.12127145237925267
ses-20120928,20121024,56,0.2586316781731306
ses-20120928,20121024,57,-0.09466471199882077
ses-20120928,20121024,58,-0.055942205906631993
ses-20120928,20121024,59,0.13764702484996805
ses-20120928,20121024,60,-0.0337036224250639
ses-20120928,20121024,61,0.17156120180990408
ses-20120928,20121024,62,0.23975563710246534
ses-20120928,20121024,63,0.13073616639470118
ses-20120928,20121024,64,-0.059630351602044745
ses-20120928,20121024,65,-0.04321127055636217
ses-20120928,20121024,66,-0.0015847508884599152
ses-20120928,20121024,67,-0.012081109308560866
ses-20120928,20121024,68,0.018382414818426913
ses-20120928,20121024,69,0.0677393950377868
ses-20120928,20121024,70,-0.02952024409871622
ses-20120928,20121024,71,0.02801901417250586
ses-20120928,20121024,72,0.05742716700045497
ses-20120928,20121024,73,0.08354467745585603
ses-20120928,20121024,74,0.12392245553833511
ses-20120928,20121024,75,0.05345117964004684
ses-20120928,20121024,76,0.06019827647140543
ses-20120928,20121024,77,-0.01594991246854952
ses-20120928,20121024,78,0.03144085802088277
ses-20120928,20121024,79,-0.07046804952605099
ses-20120928,20121024,80,-0.004533011382842943
ses-20120928,20121024,81,0.11347724746805452
ses-20120928,20121024,82,-0.07171389611611739
ses-20120928,20121024,83,0.049085708674297526
ses-20120928,20121024,84,0.15216831413181928
ses-20120928,20121024,85,0.06431832580440157
ses-20120928,20121024,86,0.0008590889771998244
ses-20120928,20121024,87,-0.1080406636374807
ses-20120928,20121024,88,0.2185084270460181
ses-20120928,20121024,89,0.13112685049415007
ses-20120928,20121024,90,0.006339061562561094
ses-20120928,20121024,91,-0.10351540247806099
ses-20120928,20121024,92,-0.0696842193237962
ses-20120928,20121024,93,0.06200999663524257
ses-20120928,20121024,94,0.05569717329896256
ses-20120928,20121024,95,0.006569005702175174
ses-20120928,20121024,96,0.09618367751039553
ses-20120928,20121024,97,-0.07266465795565093
ses-20120928,20121024,98,0.0883673826675314
ses-20120928,20121024,99,0.11921014582091202
ses-20120928,20121024,100,0.04578808635771724
ses-20120928,20121024,101,-0.0858247003587043
ses-20120928,20121024,102,-0.018666397599798733
ses-20120928,20121024,103,0.15334714658160897
ses-20120928,20121024,104,-0.026808432670122298
ses-20120928,20121024,105,0.10399849827682105
ses-20120928,20121024,106,0.04925630190288589
ses-20120928,20121024,107,0.09179283326567134
ses-20120928,20121024,108,-0.12138870724728462
ses-20120928,20121024,109,0.037326258369261935
ses-20120928,20121024,110,0.03905725041885627
ses-20120928,20121024,111,-0.07004598636277663
ses-20120928,20121024,112,0.03942229024201977
ses-20120928,20121024,113,-0.014301048279076514
ses-20120928,20121024,114,0.05314840821636081
ses-20120928,20121024,115,-0.02454659834444941
ses-20120928,20121024,116,-0.027431164358606226
ses-20120928,20121024,117,-0.06364764754433437
ses-20120928,20121024,118,0.007227291694001001
ses-20120928,20121024,119,0.09632631130847615
ses-20120928,20121024,120,0.11730491983035292
ses-20120928,20121024,121,0.08116090198484224
ses-20120928,20121024,122,0.058046020747583596
ses-20120928,20121024,123,-0.11009438618396244
ses-20120928,20121024,124,0.23526987092851034
ses-20120928,20121024,125,-0.09388174002956506
ses-20120928,20121024,126,0.08647704958903955
ses-20120928,20121024,127,0.03714220056149609
ses-20120928,20121024,128,0.03383781946614823
ses-20120928,20121024,129,-0.13634423456174438
ses-20120928,20121024,130,0.06824577167780208
ses-20120928,20121024,131,0.2304305934252626
ses-20120928,20121024,132,-0.12745936644508196
ses-20120928,20121024,133,-0.04493088958288326
ses-20120928,20121024,134,0.007388101168240459
ses-20120928,20121024,135,-0.09025283905501329
ses-20120928,20121024,136,0.011079666103144887
ses-20120928,20121024,137,-0.01017443992652459
ses-20120928,20121024,138,0.11287595508731116
ses-20120928,20121024,139,-0.0031974727561417354
ses-20120928,20121024,140,0.11737275351542795
ses-20120928,20121024,141,0.1760217394287232
ses-20120928,20121024,142,-0.034126636981312373
ses-20120928,20121024,143,0.308094875187286
ses-20120928,20121024,144,0.057033395723129744
ses-20120928,20121024,145,-0.049076877746520434
ses-20120928,20121024,146,0.02247503156490477
ses-20120928,20121024,147,-0.01656819378930281
ses-20120928,20121024,148,0.23603201946141245
ses-20120928,20121024,149,0.09478983879061849
ses-20120928,20121024,150,0.027457153237865378
ses-20120928,20121024,151,0.12758963366275863
ses-20120928,20121024,152,-0.028137034424810296
ses-20120928,20121024,153,0.09862854262785518
ses-20120928,20121024,154,0.2418332605383445
ses-20120928,20121024,155,0.2832974835794709
ses-20120928,20121024,156,0.05618607928693478
ses-20120928,20121024,157,0.07280632952326709
ses-20120928,20121024,158,0.06534244013515844
ses-20120928,20121024,159,0.22361363709118628
ses-20120928,20121024,160,0.07761302646426209
ses-20120928,20121024,161,-0.08193869109267626
ses-20120928,20121024,162,0.29572260667604683
ses-20120928,20121024,163,-0.06568112668645415
ses-20120928,20121024,164,0.08755924228490797
ses-20120928,20121024,165,0.023326170861079586
ses-20120928,20121024,166,0.22010151107701142
ses-20120928,20121024,167,0.03736198721874591
ses-20120928,20121024,168,0.3150953602303902
ses-20120928,20121024,169,0.014381692861046357
ses-20120928,20121024,170,-0.004167515575877879
ses-20120928,20121024,171,0.15837242863748696
ses-20120928,20121024,172,0.21977268576648634
ses-20120928,20121024,173,0.02573029485673377
ses-20120928,20121024,174,0.09937059897868229
ses-20120928,20121024,175,0.13545960035289484
ses-20120928,20121024,176,-0.11779708535529153
ses-20120928,20121024,177,0.041737499784170955
ses-20120928,20121024,178,0.0957949866960014
ses-20120928,20121024,179,0.0537697355486059
ses-20120928,20121024,180,0.08401748654193816
ses-20120928,20121024,181,0.14715059847356785
ses-20120928,20121024,182,-0.13881173362218555
ses-20120928,20121024,183,0.14118544795424576
ses-20120928,20121024,184,-0.09769841754470779
ses-20120928,20121024,185,0.18937092234910846
ses-20120928,20121024,186,-0.1124112638664227
ses-20120928,20121024,187,-0.048187594938794806
ses-20120928,20121024,188,-0.015322073430510908
ses-20120928,20121024,189,0.02448802679061288
ses-20120928,20121024,190,0.1429075245370049
ses-20120928,20121024,191,0.13186966216905968
ses-20120928,20121024,192,0.22764478599708707
ses-20120928,20121024,193,0.05341294256349417
ses-20120928,20121024,194,0.06221570846727139
ses-20120928,20121024,195,0.042544966759448195
ses-20120928,20121024,196,0.10408141568690477
ses-20120928,20121024,197,-0.022702699539247164
ses-20120928,20121024,198,-0.0023037961541377983
ses-20120928,20121024,199,0.043735665302101004
20121004,20121017,0,-0.06846567783208404
20121004,20121017,1,0.09682135499420311
20121004,20121017,2,-0.0616595673994113
20121004,20121017,3,0.15329350592132548
20121004,20121017,4,-0.16563783077654193
20121004,20121017,5,-0.15759868030790314
20121004,20121017,6,0.053847006442830046
20121004,20121017,7,-0.08256379578037691
20121004,20121017,8,0.2591709556125244
20121004,20121017,9,-0.0746339873152372
20121004,20121017,10,-0.1386190648124591
20121004,20121017,11,-0.16634598415521762
20121004,20121017,12,-0.06664389557190728
20121004,20121017,13,-0.10347901793934158
20121004,20121017,14,-0.12696929455164294
20121004,20121017,15,-0.10590308472242335
20121004,20121017,16,-0.06119914262574081
20121004,20121017,17,0.06084603401370744
20121004,20121017,18,0.06727006501542968
20121004,20121017,19,-0.018677332698421957
20121004,20121017,20,0.05128759596462276
20121004,20121017,21,-0.0235065123983203
20121004,20121017,22,0.015821241635225268
20121004,20121017,23,0.013038546992964167
20121004,20121017,24,0.09649122103264879
20121004,20121017,25,-0.07978463887095211
20121004,20121017,26,-0.11696996932104005
20121004,20121017,27,-0.1839030418475346
20121004,20121017,28,-0.11734284787604987
20121004,20121017,29,-0.037287540017752474
20121004,20121017,30,-0.14408280179533664
20121004,20121017,31,-0.1632930464564092
20121004,20121017,32,0.16229755031745094
20121004,20121017,33,-0.048026560263726925
20121004,20121017,34,0.056060178359348546
20121004,20121017,35,0.043558048374924926
20121004,20121017,36,-0.1452054873612317
20121004,20121017,37,0.05005200748199628
20121004,20121017,38,-0.06639859444259612
20121004,20121017,39,-0.03529265179264436
20121004,20121017,40,-0.028135237373086597
20121004,20121017,41,-0.19497221599472636
20121004,20121017,42,-0.13357023914536612
20121004,20121017,43,-0.11885992535242343
20121004,20121017,44,0.06845944366507606
20121004,20121017,45,-0.09032027592284461
20121004,20121017,46,0.061168230514230246
20121004,20121017,47,0.0016167582593934887
20121004,20121017,48,-0.02702970375298604
20121004,20121017,49,-0.04797548384012622
20121004,20121017,50,-0.023002380529777034
20121004,20121017,51,-0.19793437548372694
20121004,20121017,52,-0.07978172120683674
20121004,20121017,53,-0.27915232985058763
20121004,20121017,54,0.1627129875218466
20121004,20121017,55,-0.038190819234002145
20121004,20121017,56,0.0022086792321309398
20121004,20121017,57,0.1457058654471661
20121004,20121017,58,0.11776150278428743
20121004,20121017,59,-0.03944181987720624
20121004,20121017,60,-0.1795196966063621
20121004,20121017,61,0.0009249601498415852
20121004,20121017,62,-0.15346637149967227
20121004,20121017,63,-0.2579926612235311
20121004,20121017,64,0.24138604522989457
20121004,20121017,65,-0.09052189772075604
20121004,20121017,66,0.17378364099263435
20121004,20121017,67,-0.06104490658872405
20121004,20121017,68,0.15720856934703284
20121004,20121017,69,-0.11360525035051862
20121004,20121017,70,0.011596420806391181
20121004,20121017,71,-0.14951921343182792
20121004,20121017,72,0.04676362360161379
20121004,20121017,73,-0.11168008287627677
20121004,20121017,74,0.3446756144087881
20121004,20121017,75,0.0023542686878910094
20121004,20121017,76,0.01190222789894668
20121004,20121017,77,-0.11320498791912008
20121004,20121017,78,-0.005100039607625057
20121004,20121017,79,-0.07107528500039306
20121004,20121017,80,-0.0017837261972335997
20121004,20121017,81,-0.005515132923623609
20121004,20121017,82,0.012368548073542911
20121004,20121017,83,-0.04329930469617148
20121004,20121017,84,-0.17138651775020616
20121004,20121017,85,0.14918484669191076
20121004,20121017,86,0.04029393178446732
20121004,20121017,87,0.03449299689074691
20121004,20121017,88,-0.10031760900664373
20121004,20121017,89,-0.1873131137570941
20121004,20121017,90,0.008271972137461994
20121004,20121017,91,-0.061458905136605735
20121004,20121017,92,0.05063433469432236
20121004,20121017,93,-0.012851805282069332
20121004,20121017,94,0.075797978403952
20121004,20121017,95,0.11969631357995007
20121004,20121017,96,-0.10414838378622986
20121004,20121017,97,-0.13842270048630081
20121004,20121017,98,-0.008640139648146151
20121004,20121017,99,-0.033814829036807506
20121004,20121017,100,0.10657909218115523
20121004,20121017,101,-0.19302305867311575
20121004,20121017,102,-0.10671071819473321
20121004,20121017,103,-0.13773842931446184
20121004,20121017,104,-0.11443874801589214
20121004,20121017,105,0.0238273348351727
20121004,20121017,106,-0.08342766603146994
20121004,20121017,107,-0.04510213821617952
20121004,20121017,108,-0.035825895134309206
20121004,20121017,109,0.10104541180127377
20121004,20121017,110,0.02975216802188274
20121004,20121017,111,0.07139451968378768
20121004,20121017,112,-0.06813015030032632
20121004,20121017,113,-0.06823175520126594
20121004,20121017,114,-0.018598632727084955
20121004,20121017,115,-0.14600854387789972
20121004,20121017,116,-0.18128228925019582
20121004,20121017,117,0.2503334882477214
20121004,20121017,118,-0.16969130273851235
20121004,20121017,119,-0.08222120719187333
20121004,20121017,120,-0.027835821435924977
20121004,20121017,121,0.19157884497487118
20121004,20121017,122,0.10665406053144474
20121004,20121017,123,-0.01895602157347511
20121004,20121017,124,0.004376081927965188
20121004,20121017,125,-0.1938019294535387
20121004,20121017,126,0.0818110367141613
20121004,20121017,127,-0.15384529354916066
20121004,20121017,128,-0.07790631469157144
20121004,20121017,129,-0.05505801214881029
20121004,20121017,130,0.17971018536497493
20121004,20121017,131,-0.06018739842989582
20121004,20121017,132,-0.09676483441509537
20121004,20121017,133,0.1652697576232527
20121004,20121017,134,0.019167064159849378
20121004,20121017,135,0.06978629637128592
20121004,20121017,136,-0.06191217788801795
20121004,20121017,137,0.10692306926043764
20121004,20121017,138,0.05367525359802837
20121004,20121017,139,0.07727815490193297
20121004,20121017,140,0.04275980334055815
20121004,20121017,141,-0.11592901340159638
20121004,20121017,142,-0.08487847675670109
20121004,20121017,143,0.2047342306314458
20121004,20121017,144,0.05420902967942738
20121004,20121017,145,0.12011973875778106
20121004,20121017,146,0.07601748140714108
20121004,20121017,147,-0.15504753839439267
20121004,20121017,148,0.12991193705317938
20121004,20121017,149,-0.04825895271065863
20121004,20121017,150,-0.10100136719519884
20121004,20121017,151,-0.14860484512696853
20121004,20121017,152,-0.018712011263973226
20121004,20121017,153,0.11706255568952252
20121004,20121017,154,0.025548199593536845
20121004,20121017,155,0.10028556826168322
20121004,20121017,156,-0.06599637387068374
20121004,20121017,157,0.0485708153538551
20121004,20121017,158,0.14900660949165753
20121004,20121017,159,-0.030118017988666184
20121004,20121017,160,-0.037324073098784306
20121004,20121017,161,-0.07869533384256687
20121004,20121017,162,-0.1444356617271157
20121004,20121017,163,-0.1162089619121573
20121004,20121017,164,0.09275255528881363
20121004,20121017,165,0.15398926543630181
20121004,20121017,166,-0.04185817128907313
20121004,20121017,167,-0.0433965882794333
20121004,20121017,168,-0.10447918515156408
20121004,20121017,169,0.06562357526284447
20121004,20121017,170,-0.07390639739992383
20121004,20121017,171,-0.12965822489862097
20121004,20121017,172,-0.09575791627131444
20121004,20121017,173,0.005131447529252293
20121004,20121017,174,-0.1683671269013157
20121004,20121017,175,-0.0328107815484615
20121004,20121017,176,0.09178530504906654
20121004,20121017,177,0.20921261544034359
20121004,20121017,178,-0.004532255349627069
20121004,20121017,179,0.011838703768382126
20121004,20121017,180,0.04144821672967941
20121004,20121017,181,0.009537132384750185
20121004,20121017,182,-0.06085031320472923
20121004,20121017,183,0.12023240943837345
20121004,20121017,184,-0.030790261200186714
20121004,20121017,185,-0.12510110265499236
20121004,20121017,186,0.21542275089754415
20121004,20121017,187,0.05594908461823491
20121004,20121017,188,-0.0007466916863772215
20121004,20121017,189,0.17126771062558777
20121004,20121017,190,0.28835356466769535
20121004,20121017,191,0.11800806361891197
20121004,20121017,192,-0.08480126411672462
20121004,20121017,193,-0.01898649768031671
20121004,20121017,194,0.04445286927317949
20121004,20121017,195,0.08993700626799922
20121004,20121017,196,-0.07596827208806686
20121004,20121017,197,0.11870834257241983
20121004,20121017,198,-0.00851954789720311
20121004,20121017,199,0.25744464062088296
20121004,20121024,0,0.006537683020607931
20121004,20121024,1,-0.1173416188113875
20121004,20121024,2,0.02441683886841859
20121004,20121024,3,-0.13059834823920788
20121004,20121024,4,0.048366869726638985
20121004,20121024,5,0.15561700259450223
20121004,20121024,6,-0.1725969521223238
20121004,20121024,7,-0.14780040008008355
20121004,20121024,8,0.120012646696529
20121004,20121024,9,-0.08320928823326955
20121004,20121024,10,0.1596515991612335
20121004,20121024,11,-0.14381015212454654
20121004,20121024,12,-0.0051149400143271654
20121004,20121024,13,0.0009814143424115103
20121004,20121024,14,0.11474158576831227
20121004,20121024,15,-0.008209372616846376
20121004,20121024,16,-0.24550479051125315
20121004,20121024,17,-0.07791157822943269
20121004,20121024,18,-0.13008181060882637
20121004,20121024,19,-0.015071821761632005
20121004,20121024,20,0.11379913334821692
20121004,20121024,21,-0.03327475574418607
20121004,20121024,22,-0.20218548109862614
20121004,20121024,23,0.1293697281405285
20121004,20121024,24,0.09394909599669991
20121004,20121024,25,-0.1334431718660086
20121004,20121024,26,0.21929227031568038
20121004,20121024,27,0.09736470273922934
20121004,20121024,28,0.0751256553106096
20121004,20121024,29,-0.01967211817707326
20121004,20121024,30,-0.09890798772779333
20121004,20121024,31,-0.12164512543451346
20121004,20121024,32,0.3235192496796328
20121004,20121024,33,0.06766179538235984
20121004,20121024,34,-0.039339458178073376
20121004,20121024,35,0.2526579662576356
20121004,20121024,36,-0.04696062372337769
20121004,20121024,37,-0.07337315224637297
20121004,20121024,38,-0.04476909579401257
20121004,20121024,39,-0.13957162235971968
20121004,20121024,40,-0.0916033554660051
20121004,20121024,41,-0.039673805962918945
20121004,20121024,42,0.10577264084950214
20121004,20121024,43,0.10504808420453457
20121004,20121024,44,0.17020176945743964
20121004,20121024,45,0.1297942771488421
20121004,20121024,46,0.08128248297830076
20121004,20121024,47,0.15681871465392302
20121004,20121024,48,-0.006228976104310592
20121004,20121024,49,0.14449686735045808
20121004,20121024,50,0.11227911442671734
20121004,20121024,51,-0.004278567608705829
20121004,20121024,52,-0.12073258070214576
20121004,20121024,53,-0.04533124514936438
20121004,20121024,54,0.11120133475936224
20121004,20121024,55,-0.007857371136551489
20121004,20121024,56,-0.08883415848958581
20121004,20121024,57,-0.0990717628099167
20121004,20121024,58,-0.13656789063609212
20121004,20121024,59,-0.03197797372022088
20121004,20121024,60,-0.007765881331729577
20121004,20121024,61,-0.06587194991490108
20121004,20121024,62,-0.21420541991157507
20121004,20121024,63,-0.08691384837054109
20121004,20121024,64,-0.07549501013559001
20121004,20121024,65,0.053505556529952335
20121004,20121024,66,-0.11886409628326189
20121004,20121024,67,-0.10984179699877902
20121004,20121024,68,-0.0691170016473086
20121004,20121024,69,0.02026782005807268
20121004,20121024,70,-0.02654533144997018
20121004,20121024,71,-0.160115134269229
20121004,20121024,72,0.07953311227830343
20121004,20121024,73,0.011651284482828195
20121004,20121024,74,0.002485967891823352
20121004,20121024,75,0.0390362591635693
20121004,20121024,76,-0.08804724352862313
20121004,20121024,77,-0.23141233045827078
20121004,20121024,78,0.05297921122621801
20121004,20121024,79,0.08376150208472204
20121004,20121024,80,-0.16481240187356583
20121004,20121024,81,-0.0970488123964951
20121004,20121024,82,-0.17395901902706137
20121004,20121024,83,0.09332947316703895
20121004,20121024,84,-0.06354514529776825
20121004,20121024,85,-0.060593433826104916
20121004,20121024,86,0.044184746979127075
20121004,20121024,87,-0.0462407778717975
20121004,20121024,88,0.09284539810954036
20121004,20121024,89,-0.07051862372245776
20121004,20121024,90,0.08398601384303271
20121004,20121024,91,-0.08788955400325803
20121004,20121024,92,-0.023999129078514172
20121004,20121024,93,0.2284894825742019
20121004,20121024,94,-0.12319161249264181
20121004,20121024,95,-0.17799810288332302
20121004,20121024,96,-0.10483265857810675
20121004,20121024,97,-0.02746318241135512
20121004,20121024,98,0.10713395655855774
20121004,20121024,99,-0.013954044764596881
20121004,20121024,100,0.06602572883272122
20121004,20121024,101,9.018253658857915e-05
20121004,20121024,102,0.04471569661424798
20121004,20121024,103,0.006738346878885086
20121004,20121024,104,0.01792928901414658
20121004,20121024,105,0.03894488449475793
20121004,20121024,106,0.13252719350796807
20121004,20121024,107,-0.11709858226713656
20121004,20121024,108,0.08007332524158056
20121004,20121024,109,0.002482589232512525
20121004,20121024,110,-0.16143308582604357
20121004,20121024,111,-0.12435467191071091
20121004,20121024,112,-0.1538126108673736
20121004,20121024,113,-0.010126175650713502
20121004,20121024,114,0.08986983281104419
20121004,20121024,115,0.03223387192774491
20121004,20121024,116,0.02129151664591286
20121004,20121024,117,-0.15258553655178145
20121004,20121024,118,-0.12206745019489278
20121004,20121024,119,0.09330567865453845
20121004,20121024,120,0.007746777025808497
20121004,20121024,121,0.0822281636181541
20121004,20121024,122,0.09407129998686324
20121004,20121024,123,-0.1474441350530354
20121004,20121024,124,-0.025108666818120157
20121004,20121024,125,-0.041659072226912876
20121004,20121024,126,0.1433422945151541
20121004,20121024,127,-0.06514299161772077
20121004,20121024,128,-0.10214947814440317
20121004,20121024,129,0.13043330213811474
20121004,20121024,130,-0.10206055483660098
20121004,20121024,131,-0.12280799046155554
20121004,20121024,132,-0.0652705522086664
20121004,20121024,133,-0.10648300224810495
20121004,20121024,134,0.05674382599204715
20121004,20121024,135,-0.20730778205096154
20121004,20121024,136,0.01825580672416639
20121004,20121024,137,-0.14394037970378315
20121004,20121024,138,-0.1147470814331799
20121004,20121024,139,-0.19802017557135546
20121004,20121024,140,0.14401636624680178
20121004,20121024,141,-0.01936769678297409
20121004,20121024,142,-0.07956669064158875
20121004,20121024,143,-0.09750698653807018
20121004,20121024,144,-0.08300077900719655
20121004,20121024,145,-0.06420490085135414
20121004,20121024,146,-0.14382538847077045
20121004,20121024,147,0.05381257531568865
20121004,20121024,148,-0.0963305591784227
20121004,20121024,149,-0.04724765460757914
20121004,20121024,150,-0.09158505166462946
20121004,20121024,151,-0.07199980956224315
20121004,20121024,152,-0.0336998822509519
20121004,20121024,153,-0.1004869646568019
20121004,20121024,154,-0.24842787759237298
20121004,20121024,155,-0.016686427344311937
20121004,20121024,156,-0.10118057189572581
20121004,20121024,157,0.034243212153992744
20121004,20121024,158,-0.09233459396872812
20121004,20121024,159,0.0036285507890400567
20121004,20121024,160,-0.16894323811811995
20121004,20121024,161,-0.06698597239738706
20121004,20121024,162,0.058536426226708405
20121004,20121024,163,0.16329868696122224
20121004,20121024,164,-0.04611870539952912
20121004,20121024,165,0.07461693237902464
20121004,20121024,166,-0.008640553389538128
20121004,20121024,167,-0.08025672434513936
20121004,20121024,168,-0.0833237040278352
20121004,20121024,169,-0.0745985518164037
20121004,20121024,170,-0.00034818363447867344
20121004,20121024,171,0.10571142057007159
20121004,20121024,172,-0.182227434570073
20121004,20121024,173,-0.0035260182351159832
20121004,20121024,174,-0.08914140495841916
20121004,20121024,175,-0.07159695778382878
20121004,20121024,176,0.03817309343010224
20121004,20121024,177,-0.07605875675966678
20121004,20121024,178,-0.0929012305688659
20121004,20121024,179,-0.012065446886716458
20121004,20121024,180,0.15282804465798933
20121004,20121024,181,-0.005067020631334172
20121004,20121024,182,-0.04112864212475279
20121004,20121024,183,-0.03827090698874433
20121004,20121024,184,-0.0506524210067107
20121004,20121024,185,0.03287344133461651
20121004,20121024,186,-0.03349173867056876
20121004,20121024,187,0.06665145055423019
20121004,20121024,188,-0.07103423119524717
20121004,20121024,189,-0.06413272209824092
20121004,20121024,190,-0.12790127810464977
20121004,20121024,191,-0.07717043344643518
20121004,20121024,192,0.23533597952729782
20121004,20121024,193,0.04826701208874903
20121004,20121024,194,-0.049372532976378856
20121004,20121024,195,-0.012092932090785666
20121004,20121024,196,-0.192773387047395
20121004,20121024,197,-0.03965394722552265
20121004,20121024,198,-0.015678441647536286
20121004,20121024,199,0.00557072389349974
20121017,20121024,0,-0.04504967201707297
20121017,20121024,1,0.11156639423155199
20121017,20121024,2,0.07689031560274855
20121017,20121024,3,0.2052159107993203
20121017,20121024,4,-0.1842602663699987
20121017,20121024,5,0.06297634409706336
20121017,20121024,6,-0.002668072006137876
20121017,20121024,7,0.07192690439653537
20121017,20121024,8,-0.053435252736502535
20121017,20121024,9,0.1611217609635081
20121017,20121024,10,-0.058092581055667544
20121017,20121024,11,0.017658782575934773
20121017,20121024,12,-0.0011189714123285017
20121017,20121024,13,0.02226187508737018
20121017,20121024,14,-0.08764698967053683
20121017,20121024,15,-0.08022451655653114
20121017,20121024,16,-0.0666639538655
20121017,20121024,17,0.07022266245321222
20121017,20121024,18,0.1496829842337215
20121017,20121024,19,-0.057471343182916114
20121017,20121024,20,-0.008271063958956737
20121017,20121024,21,-0.0889820825092217
20121017,20121024,22,-0.15974565890887057
20121017,20121024,23,-0.1494109280872257
20121017,20121024,24,-0.05558934117776424
20121017,20121024,25,-0.14576589187242375
20121017,20121024,26,-0.07013965200355984
20121017,20121024,27,-0.16547930504839087
20121017,20121024,28,-0.11088594867821772
20121017,20121024,29,0.008288855692556113
20121017,20121024,30,0.07960518309468124
20121017,20121024,31,0.09245628483998468
20121017,20121024,32,-0.023859352451824092
20121017,20121024,33,-0.14093606975921302
20121017,20121024,34,0.1574278672853337
20121017,20121024,35,0.04232469343678146
20121017,20121024,36,0.11083427047174207
20121017,20121024,37,-0.08729712976299472
20121017,20121024,38,-0.1741022852488286
20121017,20121024,39,-0.07154345049784405
20121017,20121024,40,-0.027026102989053835
20121017,20121024,41,0.00947689615580808
20121017,20121024,42,0.3243829784108962
20121017,20121024,43,0.06541353364584207
20121017,20121024,44,0.07415364818644202
20121017,20121024,45,-0.10684331103978963
20121017,20121024,46,-0.07687839057614686
20121017,20121024,47,-0.011659946165347136
20121017,20121024,48,0.04077931280747025
20121017,20121024,49,0.16918499580407842
20121017,20121024,50,0.1332885420367243
20121017,20121024,51,0.08325339743089095
20121017,20121024,52,-0.18348403308703343
20121017,20121024,53,0.12490215850164037
20121017,20121024,54,-0.06415077350987565
20121017,20121024,55,-0.021872360843510647
20121017,20121024,56,-0.009688687045282128
20121017,20121024,57,-0.13366767817547762
20121017,20121024,58,0.04186840759019823
20121017,20121024,59,0.12775318659023668
20121017,20121024,60,-0.11410659905631856
20121017,20121024,61,-0.19951873227153127
20121017,20121024,62,0.014377853433057145
20121017,20121024,63,0.10339655823182416
20121017,20121024,64,-0.041014090709862804
20121017,20121024,65,0.16243711081054402
20121017,20121024,66,0.08363946732219314
20121017,20121024,67,-0.09680901481840168
20121017,20121024,68,0.014797763014191875
20121017,20121024,69,0.08883744659475167
20121017,20121024,70,-0.17827554648097563
20121017,20121024,71,0.01002437096794658
20121017,20121024,72,-0.10767282714955873
20121017,20121024,73,0.014619508855551027
20121017,20121024,74,0.0015865592965591763
20121017,20121024,75,0.030194195765060657
20121017,20121024,76,-0.06422642147423273
20121017,20121024,77,0.09959582678933827
20121017,20121024,78,-0.0697136368647146
20121017,20121024,79,-0.09585389277926445
20121017,20121024,80,-0.11951513685391127
20121017,20121024,81,-0.1467265720990301
20121017,20121024,82,0.00843323086080032
20121017,20121024,83,-0.1120074262969906
20121017,20121024,84,-0.07106228970259411
20121017,20121024,85,-0.19114419163168248
20121017,20121024,86,-0.11107157251553201
20121017,20121024,87,0.07536862519333473
20121017,20121024,88,0.12256299058131916
20121017,20121024,89,-0.03240817198940383
20121017,20121024,90,-0.11645447498286046
20121017,20121024,91,-0.02558119348227197
20121017,20121024,92,-0.11387505961338386
20121017,20121024,93,0.05500499758002942
20121017,20121024,94,-0.05416226651799082
20121017,20121024,95,0.032790568060688086
20121017,20121024,96,0.053986417433786286
20121017,20121024,97,-0.3242113698246363
20121017,20121024,98,-0.004730718327730497
20121017,20121024,99,-0.15608203123679604
20121017,20121024,100,-0.14903764025942845
20121017,20121024,101,0.2019726077390358
20121017,20121024,102,-0.06225515802566829
20121017,20121024,103,-0.25157113274068804
20121017,20121024,104,0.10981016523497536
20121017,20121024,105,0.044345703458011046
20121017,20121024,106,0.18713110325842122
20121017,20121024,107,0.010767572373919346
20121017,20121024,108,-0.058151119671092336
20121017,20121024,109,-0.044318811038474494
20121017,20121024,110,-0.017746326636094427
20121017,20121024,111,-0.04725260574230596
20121017,20121024,112,-0.07430835818943028
20121017,20121024,113,-0.13381902045727856
20121017,20121024,114,-0.0044549432389201175
20121017,20121024,115,-0.060099468080821186
20121017,20121024,116,0.011192737957408098
20121017,20121024,117,0.0069285160725512124
20121017,20121024,118,0.17733499371231956
20121017,20121024,119,0.036209589152008774
20121017,20121024,120,-0.06605202504554515
20121017,20121024,121,-0.07540257761270026
20121017,20121024,122,-0.2016992207199395
20121017,20121024,123,0.055932158972590074
20121017,20121024,124,0.09981241567284901
20121017,20121024,125,0.014146599025795707
20121017,20121024,126,0.06467905418410438
20121017,20121024,127,0.006918634064549573
20121017,20121024,128,-0.08128446341373213
20121017,20121024,129,0.07805559284739058
20121017,20121024,130,-0.0011115359317507851
20121017,20121024,131,0.09249371449582519
20121017,20121024,132,0.13818982096206786
20121017,20121024,133,-0.21765803103970333
20121017,20121024,134,-0.06864881337484688
20121017,20121024,135,0.09708147372824555
20121017,20121024,136,-0.04163041688675592
20121017,20121024,137,-0.031820369973086925
20121017,20121024,138,0.14851115695940095
20121017,20121024,139,0.11055566728827235
20121017,20121024,140,-0.10893622346440973
20121017,20121024,141,-0.0743246793598777
20121017,20121024,142,0.03936588523637453
20121017,20121024,143,0.0365032749765636
20121017,20121024,144,0.0049673939445235085
20121017,20121024,145,-0.005276854339576623
20121017,20121024,146,0.2109986604969234
20121017,20121024,147,-0.10756087307027463
20121017,20121024,148,0.02376364932096297
20121017,20121024,149,0.05569563640771172
20121017,20121024,150,0.046416123000615775
20121017,20121024,151,0.23077006889649723
20121017,20121024,152,0.07206931390957941
20121017,20121024,153,0.022729001099325123
20121017,20121024,154,-0.09631779145645035
20121017,20121024,155,0.011264102785311748
20121017,20121024,156,0.01038837696302758
20121017,20121024,157,0.14923351395790121
20121017,20121024,158,0.35664949779547567
20121017,20121024,159,-0.0534066830707532
20121017,20121024,160,0.18860483279202855
20121017,20121024,161,0.21038223568909958
20121017,20121024,162,0.01751982422970251
20121017,20121024,163,0.038029274169623956
20121017,20121024,164,0.10350005855909196
20121017,20121024,165,0.05186734874138771
20121017,20121024,166,0.0907003692883121
20121017,20121024,167,0.042077476817495366
20121017,20121024,168,-0.1837894818764458
20121017,20121024,169,0.05055240136595597
20121017,20121024,170,0.13280283900000753
20121017,20121024,171,0.06307416550789527
20121017,20121024,172,0.15730057345577042
20121017,20121024,173,0.09078422109921308
20121017,20121024,174,-0.19216802069356367
20121017,20121024,175,-0.07616607360903126
20121017,20121024,176,-0.11506859000316438
20121017,20121024,177,-0.015957109918578304
20121017,20121024,178,-0.10289754259870848
20121017,20121024,179,0.035502362267618784
20121017,20121024,180,-0.10953357556805612
20121017,20121024,181,-0.09381439130830595
20121017,20121024,182,0.24467233040435102
20121017,20121024,183,0.0493101719688407
20121017,20121024,184,0.01800261070728861
20121017,20121024,185,-0.2225201587472639
20121017,20121024,186,-0.2232734896350894
20121017,20121024,187,0.23806147452108822
20121017,20121024,188,-0.08211840509440957
20121017,20121024,189,0.027682826663913588
20121017,20121024,190,0.26308045869462937
20121017,20121024,191,0.13609696442410682
20121017,20121024,192,-0.08736214486233468
20121017,20121024,193,0.10120803719596612
20121017,20121024,194,-0.05682153582717503
20121017,20121024,195,-0.2734978426787824
20121017,20121024,196,0.006775670191468651
20121017,20121024,197,-0.007465262163802048
20121017,20121024,198,0.0014708295463746874
20121017,20121024,199,0.06153059550351252
